seed,family,m,N,tail_lexpr,tail_lexpr1,tail_asf1,tail_asfk,tail_mmrk,tail_raw,agree_lexpr_asfk,agree_lexpr_mmrk,tied_lexpr,tied_lexpr1,flip_lexpr_0.05,flip_lexpr_0.10,flip_lexpr_0.20,flip_lexpr1_0.05,flip_lexpr1_0.10,flip_lexpr1_0.20,flip_asf1_0.05,flip_asf1_0.10,flip_asf1_0.20,flip_asfk_0.05,flip_asfk_0.10,flip_asfk_0.20,flip_mmrk_0.05,flip_mmrk_0.10,flip_mmrk_0.20,flip_raw_0.05,flip_raw_0.10,flip_raw_0.20,classflip_lexpr_0.05,classflip_lexpr_0.10,classflip_lexpr_0.20,classflip_lexpr1_0.05,classflip_lexpr1_0.10,classflip_lexpr1_0.20
20260628,Knapsack,3,86,0.871764904758249,0.8224932548374245,0.8224932548374245,0.871764904758249,0.871764904758249,0.8224932548374245,1,1,0,0,0.4333333333333333,0.3166666666666666,0.5,0.0,0.0,0.0,0.0,0.0,0.0,0.4333333333333333,0.3166666666666666,0.5,0.4333333333333333,0.3166666666666666,0.5,0.5,0.7166666666666667,0.9166666666666666,0.4333333333333333,0.3166666666666666,0.5,0.0,0.0,0.0
20260628,Knapsack,3,108,0.9048028038002228,0.8144780458816617,0.8144780458816617,0.9048028038002228,0.9048028038002228,0.8144780458816617,1,1,0,0,0.7666666666666667,0.7166666666666667,0.9,0.0,0.0,0.0,0.0,0.0,0.0,0.7666666666666667,0.7166666666666667,0.9,0.7666666666666667,0.7166666666666667,0.9,0.6333333333333333,0.8166666666666667,0.95,0.7666666666666667,0.7166666666666667,0.9,0.0,0.0,0.0
20260628,Knapsack,4,208,0.8472532314990355,0.7724925676215604,0.7724925676215604,0.8472532314990355,0.8472532314990355,0.7724925676215604,1,1,0,0,0.0833333333333333,0.4166666666666667,0.7166666666666667,0.0,0.0,0.0,0.0,0.0,0.0,0.0833333333333333,0.4166666666666667,0.7166666666666667,0.0833333333333333,0.4166666666666667,0.7166666666666667,0.65,0.85,0.95,0.0833333333333333,0.4166666666666667,0.7166666666666667,0.0,0.0,0.0
20260628,Knapsack,4,159,0.8303456297414724,0.8014385112562713,0.8014385112562713,0.8303456297414724,0.8303456297414724,0.8014385112562713,1,1,0,0,0.0,0.0333333333333333,0.2166666666666666,0.0,0.0,0.0,0.0,0.0,0.0,0.0,0.0333333333333333,0.2166666666666666,0.0,0.0333333333333333,0.2166666666666666,0.8166666666666667,0.8666666666666667,0.9833333333333332,0.0,0.0333333333333333,0.2166666666666666,0.0,0.0,0.0
20260628,Knapsack,3,130,0.9467069538744556,0.8231029943463462,0.8231029943463462,0.9467069538744556,0.9467069538744556,0.8231029943463462,1,1,0,0,0.35,0.7,0.85,0.0,0.0,0.0,0.0,0.0,0.0,0.35,0.7,0.85,0.35,0.7,0.85,0.65,0.7666666666666667,0.95,0.35,0.7,0.85,0.0,0.0,0.0
20260628,Knapsack,3,129,0.9031943947593324,0.8182578369548809,0.8182578369548809,0.9031943947593324,0.9031943947593324,0.8182578369548809,1,1,0,0,0.1166666666666666,0.3,0.6833333333333333,0.0,0.0,0.0,0.0,0.0,0.0,0.1166666666666666,0.3,0.6833333333333333,0.1166666666666666,0.3,0.6833333333333333,0.8666666666666667,0.8666666666666667,0.9666666666666668,0.1166666666666666,0.3,0.6833333333333333,0.0,0.0,0.0
20260628,Knapsack,3,91,0.878359713961882,0.8058187942056847,0.8058187942056847,0.878359713961882,0.878359713961882,0.8058187942056847,1,1,0,0,0.7,0.8333333333333334,0.9333333333333332,0.0,0.0,0.0,0.0,0.0,0.0,0.7,0.8333333333333334,0.9333333333333332,0.7,0.8333333333333334,0.9333333333333332,0.5166666666666667,0.8166666666666667,0.95,0.7,0.8333333333333334,0.9333333333333332,0.0,0.0,0.0
20260628,Knapsack,3,98,0.9125950695979193,0.8354997775661396,0.8170634118347745,0.9125950695979193,0.9125950695979193,0.8170634118347745,1,1,0,0,0.0,0.0833333333333333,0.35,0.0,0.0,0.0,0.0,0.0,0.0,0.0,0.0833333333333333,0.35,0.0,0.0833333333333333,0.35,0.7666666666666667,0.9,0.9,0.0,0.0833333333333333,0.35,0.0,0.0,0.0
20260628,Knapsack,3,274,0.900172432885626,0.8457823354552432,0.8457823354552432,0.900172432885626,0.900172432885626,0.8457823354552432,1,1,0,0,0.05,0.3333333333333333,0.7,0.0,0.0,0.0,0.0,0.0,0.0,0.1,0.3666666666666666,0.6833333333333333,0.05,0.2833333333333333,0.7,0.8166666666666667,0.9666666666666668,0.9833333333333332,0.05,0.3333333333333333,0.7,0.0,0.0,0.0
20260628,Knapsack,4,273,0.8289378581362354,0.7955817038389357,0.7955817038389357,0.8289378581362354,0.8289378581362354,0.7955817038389357,1,1,0,0,0.3166666666666666,0.4333333333333333,0.7,0.0,0.0,0.0,0.0,0.0,0.0,0.3166666666666666,0.4333333333333333,0.7,0.3166666666666666,0.4333333333333333,0.7,0.6166666666666667,0.9166666666666666,1.0,0.3166666666666666,0.4333333333333333,0.7,0.0,0.0,0.0
20260628,Knapsack,5,63,0.8179841135911865,0.7351221752727992,0.7351221752727992,0.8179841135911865,0.8179841135911865,0.7351221752727992,1,1,0,0,0.0,0.1833333333333333,0.65,0.0,0.0,0.0,0.0,0.0,0.0,0.0,0.1833333333333333,0.65,0.0,0.1833333333333333,0.65,0.2166666666666666,0.4833333333333333,0.7666666666666667,0.0,0.1833333333333333,0.65,0.0,0.0,0.0
20260628,Knapsack,4,265,0.8728990737423226,0.7995897052443242,0.7749761867476658,0.8728990737423226,0.8728990737423226,0.7749761867476658,1,1,0,0,0.0,0.1666666666666666,0.5,0.0,0.0,0.0,0.0,0.0,0.0,0.0,0.1666666666666666,0.5,0.0,0.1666666666666666,0.5,0.8666666666666667,0.8166666666666667,0.9833333333333332,0.0,0.1666666666666666,0.5,0.0,0.0,0.0
20260628,Knapsack,4,172,0.8710257262283657,0.7858708288900554,0.7858708288900554,0.8710257262283657,0.8710257262283657,0.7858708288900554,1,1,0,0,0.0333333333333333,0.1833333333333333,0.3166666666666666,0.0,0.0,0.0,0.0,0.0,0.0,0.0333333333333333,0.1833333333333333,0.3166666666666666,0.0333333333333333,0.1833333333333333,0.3833333333333333,0.4166666666666667,0.7166666666666667,0.85,0.0333333333333333,0.1833333333333333,0.3166666666666666,0.0,0.0,0.0
20260628,Knapsack,5,157,0.8096284248873051,0.7315068056377912,0.7315068056377912,0.8096284248873051,0.8096284248873051,0.7315068056377912,1,1,0,0,0.0666666666666666,0.2666666666666666,0.4666666666666667,0.0,0.0,0.0,0.0,0.0,0.0,0.0666666666666666,0.2666666666666666,0.4666666666666667,0.0666666666666666,0.2666666666666666,0.4666666666666667,0.6,0.7,0.9833333333333332,0.0666666666666666,0.2666666666666666,0.4666666666666667,0.0,0.0,0.0
20260628,Knapsack,3,168,0.909768833176452,0.8342771818460574,0.8342771818460574,0.909768833176452,0.909768833176452,0.8342771818460574,1,1,0,0,0.0,0.0166666666666666,0.2,0.0,0.0,0.0,0.0,0.0,0.0,0.0,0.0166666666666666,0.2,0.0,0.0166666666666666,0.2,0.4666666666666667,0.8166666666666667,0.9166666666666666,0.0,0.0166666666666666,0.2,0.0,0.0,0.0
20260628,Knapsack,5,77,0.9227694315748376,0.7876332682813165,0.7876332682813165,0.9227694315748376,0.9227694315748376,0.7876332682813165,1,1,0,0,0.2666666666666666,0.4,0.4833333333333333,0.0,0.0,0.0,0.0,0.0,0.0,0.2666666666666666,0.4,0.4833333333333333,0.2666666666666666,0.4,0.4833333333333333,0.65,0.8666666666666667,0.9333333333333332,0.2666666666666666,0.4,0.4833333333333333,0.0,0.0,0.0
20260628,Knapsack,3,131,0.9007943400805776,0.8375265008239385,0.8375265008239385,0.9007943400805776,0.9007943400805776,0.8375265008239385,1,1,0,0,0.5166666666666667,0.65,0.85,0.0,0.0,0.0,0.0,0.0,0.0,0.5166666666666667,0.6333333333333333,0.8333333333333334,0.5166666666666667,0.6666666666666666,0.8666666666666667,0.6,0.9333333333333332,0.9833333333333332,0.5166666666666667,0.65,0.85,0.0,0.0,0.0
20260628,Knapsack,4,94,0.8433385429542356,0.8062583279764683,0.8062583279764683,0.8433385429542356,0.8433385429542356,0.8062583279764683,1,1,0,0,0.5,0.6333333333333333,0.7833333333333333,0.0,0.0,0.0,0.0,0.0,0.0,0.5,0.6333333333333333,0.7833333333333333,0.5,0.6333333333333333,0.7833333333333333,0.35,0.6666666666666666,0.8333333333333334,0.5,0.6333333333333333,0.7833333333333333,0.0,0.0,0.0
20260628,Knapsack,5,139,0.7337581644956902,0.7415752989037402,0.7415752989037402,0.7337581644956902,0.7337581644956902,0.7415752989037402,1,1,0,0,0.65,0.8,0.7833333333333333,0.0,0.0,0.0,0.0,0.0,0.0,0.65,0.8,0.7833333333333333,0.65,0.8,0.7833333333333333,0.4166666666666667,0.7166666666666667,0.9666666666666668,0.65,0.8,0.7833333333333333,0.0,0.0,0.0
20260628,Knapsack,5,242,0.8011190792025733,0.7508450795318298,0.7508450795318298,0.8011190792025733,0.8011190792025733,0.7508450795318298,1,1,0,0,0.5333333333333333,0.5666666666666667,0.7333333333333333,0.0,0.0,0.0,0.0,0.0,0.0,0.5333333333333333,0.5666666666666667,0.7333333333333333,0.5333333333333333,0.5666666666666667,0.7333333333333333,0.1166666666666666,0.7,0.8833333333333333,0.5333333333333333,0.5666666666666667,0.7333333333333333,0.0,0.0,0.0
20260628,Knapsack,4,99,0.8050747974953566,0.773325396278444,0.773325396278444,0.8050747974953566,0.8050747974953566,0.773325396278444,1,1,0,0,0.0666666666666666,0.2666666666666666,0.4833333333333333,0.0,0.0,0.0,0.0,0.0,0.0,0.0666666666666666,0.2666666666666666,0.4833333333333333,0.0666666666666666,0.2666666666666666,0.4833333333333333,0.2166666666666666,0.5,0.8666666666666667,0.0666666666666666,0.2666666666666666,0.4833333333333333,0.0,0.0,0.0
20260628,Knapsack,3,136,0.9412770533077502,0.8415630778282032,0.8415630778282032,0.9412770533077502,0.9412770533077502,0.8415630778282032,1,1,0,0,0.0,0.0,0.3166666666666666,0.0,0.0,0.0,0.0,0.0,0.0,0.0,0.0,0.3166666666666666,0.0,0.0,0.3166666666666666,0.6833333333333333,0.7833333333333333,0.9,0.0,0.0,0.3166666666666666,0.0,0.0,0.0
20260628,Knapsack,3,243,0.9051924635204236,0.8624206056192434,0.8624206056192434,0.9539948806254956,0.9261629637816244,0.8624206056192434,0,0,0,0,0.3166666666666666,0.6,0.8166666666666667,0.0,0.0,0.0,0.0,0.0,0.0,0.4166666666666667,0.6,0.8333333333333334,0.3166666666666666,0.5666666666666667,0.8166666666666667,0.85,0.9,0.9666666666666668,0.3166666666666666,0.6,0.8166666666666667,0.0,0.0,0.0
20260628,Knapsack,5,93,0.7965333733816696,0.7556208395934445,0.7556208395934445,0.7965333733816696,0.7965333733816696,0.7556208395934445,1,1,0,0,0.0833333333333333,0.2333333333333333,0.3833333333333333,0.0,0.0,0.0,0.0,0.0,0.0,0.0833333333333333,0.2333333333333333,0.3833333333333333,0.0833333333333333,0.2333333333333333,0.3833333333333333,0.4166666666666667,0.7333333333333333,0.8,0.0833333333333333,0.2333333333333333,0.3833333333333333,0.0,0.0,0.0
20260628,Knapsack,5,211,0.8571791547410503,0.7397576999316257,0.7397576999316257,0.8571791547410503,0.8571791547410503,0.7397576999316257,1,1,0,0,0.0,0.0833333333333333,0.3333333333333333,0.0,0.0,0.0,0.0,0.0,0.0,0.0,0.0333333333333333,0.25,0.0,0.0166666666666666,0.2166666666666666,0.15,0.65,0.9166666666666666,0.0,0.0833333333333333,0.3333333333333333,0.0,0.0,0.0
20260628,Knapsack,5,250,0.7817226739768427,0.7572945766029366,0.7572945766029366,0.7817226739768427,0.7817226739768427,0.7572945766029366,1,1,0,0,0.0,0.0333333333333333,0.45,0.0,0.0,0.0,0.0,0.0,0.0,0.0,0.0333333333333333,0.45,0.0,0.0333333333333333,0.45,0.9666666666666668,0.95,0.9833333333333332,0.0,0.0333333333333333,0.45,0.0,0.0,0.0
20260628,Knapsack,5,226,0.781355161096671,0.755442533375021,0.755442533375021,0.781355161096671,0.781355161096671,0.755442533375021,1,1,0,0,0.0,0.0166666666666666,0.1833333333333333,0.0,0.0,0.0,0.0,0.0,0.0,0.0,0.0166666666666666,0.1833333333333333,0.0,0.0166666666666666,0.1833333333333333,0.6333333333333333,0.85,0.9833333333333332,0.0,0.0166666666666666,0.1833333333333333,0.0,0.0,0.0
20260628,Knapsack,4,147,0.8520638502557697,0.7943475550141427,0.7943475550141427,0.8520638502557697,0.8520638502557697,0.7943475550141427,1,1,0,0,0.05,0.4,0.5166666666666667,0.0,0.0,0.0,0.0,0.0,0.0,0.05,0.4,0.5166666666666667,0.05,0.4,0.5166666666666667,0.3833333333333333,0.8166666666666667,0.9666666666666668,0.05,0.4,0.5166666666666667,0.0,0.0,0.0
20260628,Knapsack,5,279,0.8553271351855087,0.7485060715030456,0.7485060715030456,0.8553271351855087,0.8553271351855087,0.7485060715030456,1,1,0,0,0.5,0.7333333333333333,0.8333333333333334,0.0,0.0,0.0,0.0,0.0,0.0,0.5,0.7333333333333333,0.8333333333333334,0.5,0.7333333333333333,0.8333333333333334,0.6,0.8666666666666667,0.9666666666666668,0.5,0.7333333333333333,0.8333333333333334,0.0,0.0,0.0
20260628,Knapsack,3,105,0.886138462987284,0.8501677111661721,0.8501677111661721,0.886138462987284,0.886138462987284,0.8501677111661721,1,1,0,0,0.45,0.65,0.8666666666666667,0.0,0.0,0.0,0.0,0.0,0.0,0.45,0.65,0.8666666666666667,0.45,0.65,0.8666666666666667,0.6166666666666667,0.85,1.0,0.45,0.65,0.8666666666666667,0.0,0.0,0.0
20260628,Knapsack,4,73,0.8230676639076354,0.7683358344586044,0.7683358344586044,0.8230676639076354,0.8230676639076354,0.7683358344586044,1,1,0,0,0.35,0.6833333333333333,0.9,0.0,0.0,0.0,0.0,0.0,0.0,0.35,0.6833333333333333,0.9,0.35,0.6833333333333333,0.9,0.8333333333333334,0.95,1.0,0.35,0.6833333333333333,0.9,0.0,0.0,0.0
20260628,Knapsack,3,149,0.91299776822203,0.8240973619037882,0.8240973619037882,0.91299776822203,0.91299776822203,0.8240973619037882,1,1,0,0,0.25,0.3833333333333333,0.65,0.0,0.0,0.0,0.0,0.0,0.0,0.25,0.3833333333333333,0.6833333333333333,0.25,0.3833333333333333,0.65,0.75,0.9166666666666666,0.9833333333333332,0.25,0.3833333333333333,0.65,0.0,0.0,0.0
20260628,Knapsack,5,145,0.8056396197923782,0.74997923234996,0.74997923234996,0.8056396197923782,0.8056396197923782,0.74997923234996,1,1,0,0,0.4833333333333333,0.5333333333333333,0.5,0.0,0.0,0.0,0.0,0.0,0.0,0.4833333333333333,0.5333333333333333,0.5666666666666667,0.4833333333333333,0.5333333333333333,0.5,0.4333333333333333,0.6833333333333333,0.9333333333333332,0.4833333333333333,0.5333333333333333,0.5,0.0,0.0,0.0
20260628,Knapsack,3,252,0.8902257108069144,0.8491390934834241,0.8491390934834241,0.8902257108069144,0.8902257108069144,0.8491390934834241,1,1,0,0,0.35,0.5166666666666667,0.7166666666666667,0.0,0.0,0.0,0.0,0.0,0.0,0.3833333333333333,0.5333333333333333,0.7166666666666667,0.4166666666666667,0.5666666666666667,0.7333333333333333,0.95,0.9666666666666668,1.0,0.35,0.5166666666666667,0.7166666666666667,0.0,0.0,0.0
20260628,Knapsack,3,174,0.8893407887720118,0.8452787105371539,0.8452787105371539,0.8893407887720118,0.8893407887720118,0.8452787105371539,1,1,0,0,0.1666666666666666,0.4,0.75,0.0,0.0,0.0,0.0,0.0,0.0,0.1666666666666666,0.4,0.75,0.1666666666666666,0.4,0.75,0.7,0.9,0.9833333333333332,0.1666666666666666,0.4,0.75,0.0,0.0,0.0
20260628,Knapsack,4,129,0.8547565528822848,0.7955917364861977,0.7955917364861977,0.8547565528822848,0.8547565528822848,0.7955917364861977,1,1,0,0,0.0666666666666666,0.3333333333333333,0.5,0.0,0.0,0.0,0.0,0.0,0.0,0.0666666666666666,0.3333333333333333,0.5,0.0666666666666666,0.3333333333333333,0.5,0.6166666666666667,0.8166666666666667,0.85,0.0666666666666666,0.3333333333333333,0.5,0.0,0.0,0.0
20260628,Knapsack,5,112,0.8158753859799454,0.7519482085262115,0.7519482085262115,0.8158753859799454,0.8158753859799454,0.7519482085262115,1,1,0,0,0.3833333333333333,0.4833333333333333,0.5,0.0,0.0,0.0,0.0,0.0,0.0,0.3833333333333333,0.5333333333333333,0.6333333333333333,0.3833333333333333,0.4833333333333333,0.5,0.5166666666666667,0.8333333333333334,0.9,0.3833333333333333,0.4833333333333333,0.5,0.0,0.0,0.0
20260628,Knapsack,3,116,0.9049382004825394,0.8282819565556321,0.8282819565556321,0.9049382004825394,0.9049382004825394,0.8282819565556321,1,1,0,0,0.15,0.3333333333333333,0.7,0.0,0.0,0.0,0.0,0.0,0.0,0.15,0.3333333333333333,0.7,0.15,0.3333333333333333,0.7,0.5666666666666667,0.8666666666666667,0.9333333333333332,0.15,0.3333333333333333,0.7,0.0,0.0,0.0
20260628,Knapsack,5,96,0.8054081747219376,0.741548266952684,0.741548266952684,0.8054081747219376,0.8054081747219376,0.741548266952684,1,1,0,0,0.1333333333333333,0.5833333333333334,0.9666666666666668,0.0,0.0,0.0,0.0,0.0,0.0,0.1,0.5666666666666667,0.9666666666666668,0.1333333333333333,0.5833333333333334,0.9666666666666668,0.3666666666666666,0.6166666666666667,0.9666666666666668,0.1333333333333333,0.5833333333333334,0.9666666666666668,0.0,0.0,0.0
20260628,Knapsack,4,225,0.8199864123135543,0.7817037535920871,0.7817037535920871,0.8199864123135543,0.8199864123135543,0.7817037535920871,1,1,0,0,0.0666666666666666,0.4,0.5833333333333334,0.0,0.0,0.0,0.0,0.0,0.0,0.0666666666666666,0.35,0.4166666666666667,0.0666666666666666,0.35,0.4,0.6833333333333333,0.9,0.9333333333333332,0.0666666666666666,0.4,0.5833333333333334,0.0,0.0,0.0
20260628,Knapsack,3,275,0.9047652574522724,0.8372267465167345,0.8372267465167345,0.9047652574522724,0.9047652574522724,0.8372267465167345,1,1,0,0,0.2333333333333333,0.5666666666666667,0.8,0.0,0.0,0.0,0.0,0.0,0.0,0.1833333333333333,0.4,0.75,0.1833333333333333,0.4,0.75,0.8666666666666667,0.95,0.9833333333333332,0.2333333333333333,0.5666666666666667,0.8,0.0,0.0,0.0
20260628,Knapsack,3,296,0.8839582028856476,0.8470401465252837,0.8470401465252837,0.8839582028856476,0.8839582028856476,0.8470401465252837,1,1,0,0,0.0,0.2,0.55,0.0,0.0,0.0,0.0,0.0,0.0,0.0,0.2,0.55,0.0,0.2,0.55,0.6833333333333333,0.8833333333333333,1.0,0.0,0.2,0.55,0.0,0.0,0.0
20260628,Knapsack,5,256,0.8014341420171883,0.7556814772978517,0.7556814772978517,0.8014341420171883,0.8014341420171883,0.7556814772978517,1,1,0,0,0.1,0.3,0.6833333333333333,0.0,0.0,0.0,0.0,0.0,0.0,0.1,0.3333333333333333,0.6833333333333333,0.1,0.3,0.6833333333333333,0.65,0.75,0.9,0.1,0.3,0.6833333333333333,0.0,0.0,0.0
20260628,Knapsack,5,219,0.8347834142291061,0.7583433998420713,0.7583433998420713,0.8347834142291061,0.8347834142291061,0.7583433998420713,1,1,0,0,0.2,0.4833333333333333,0.7166666666666667,0.0,0.0,0.0,0.0,0.0,0.0,0.2,0.4833333333333333,0.7166666666666667,0.2,0.4833333333333333,0.7166666666666667,0.5166666666666667,0.8166666666666667,1.0,0.2,0.4833333333333333,0.7166666666666667,0.0,0.0,0.0
20260628,Knapsack,3,298,0.8857898499906557,0.8423984372199598,0.8423984372199598,0.9071823093047672,0.8857898499906557,0.8423984372199598,0,1,0,0,0.3166666666666666,0.3166666666666666,0.8,0.0,0.0,0.0,0.0,0.0,0.0,0.75,0.8,0.9833333333333332,0.3166666666666666,0.3166666666666666,0.8,0.8166666666666667,0.9833333333333332,0.9833333333333332,0.3166666666666666,0.3166666666666666,0.8,0.0,0.0,0.0
20260628,Knapsack,3,193,0.9639697961872092,0.8442737148885907,0.8442737148885907,0.9639697961872092,0.9639697961872092,0.8442737148885907,1,1,0,0,0.3833333333333333,0.6333333333333333,0.95,0.0,0.0,0.0,0.0,0.0,0.0,0.3833333333333333,0.6333333333333333,0.95,0.3833333333333333,0.6333333333333333,0.95,0.9,0.9166666666666666,1.0,0.3833333333333333,0.6333333333333333,0.95,0.0,0.0,0.0
20260628,Knapsack,3,138,0.806265826922994,0.7705205202958597,0.7705205202958597,0.806265826922994,0.806265826922994,0.7705205202958597,1,1,0,0,0.25,0.7,0.75,0.0,0.0,0.0,0.0,0.0,0.0,0.25,0.7,0.75,0.25,0.7,0.75,0.6833333333333333,0.7666666666666667,0.9166666666666666,0.25,0.7,0.75,0.0,0.0,0.0
20260628,Knapsack,4,164,0.8072903885129373,0.7588273317146462,0.7588273317146462,0.8072903885129373,0.8072903885129373,0.7588273317146462,1,1,0,0,0.0,0.0,0.0333333333333333,0.0,0.0,0.0,0.0,0.0,0.0,0.0,0.0,0.0333333333333333,0.0,0.0,0.0333333333333333,0.6333333333333333,0.7333333333333333,0.85,0.0,0.0,0.0333333333333333,0.0,0.0,0.0
20260628,Knapsack,3,86,0.8701485834603102,0.8054095114606894,0.8054095114606894,0.8701485834603102,0.8701485834603102,0.8054095114606894,1,1,0,0,0.0333333333333333,0.2666666666666666,0.5833333333333334,0.0,0.0,0.0,0.0,0.0,0.0,0.0333333333333333,0.2666666666666666,0.5833333333333334,0.0333333333333333,0.2666666666666666,0.5833333333333334,0.7166666666666667,0.8,0.9,0.0333333333333333,0.2666666666666666,0.5833333333333334,0.0,0.0,0.0
20260628,Knapsack,4,189,0.8313985027815713,0.7956862439683877,0.7956862439683877,0.8313985027815713,0.8313985027815713,0.7956862439683877,1,1,0,0,0.0,0.2,0.45,0.0,0.0,0.0,0.0,0.0,0.0,0.0,0.2,0.45,0.0,0.2,0.4666666666666667,0.6833333333333333,0.8333333333333334,0.95,0.0,0.2,0.45,0.0,0.0,0.0
20260628,Knapsack,5,216,0.8392242726949222,0.7463914454454564,0.7463914454454564,0.8392242726949222,0.8392242726949222,0.7463914454454564,1,1,0,0,0.0666666666666666,0.3166666666666666,0.6833333333333333,0.0,0.0,0.0,0.0,0.0,0.0,0.0666666666666666,0.3166666666666666,0.6833333333333333,0.0666666666666666,0.3166666666666666,0.6833333333333333,0.8333333333333334,0.85,1.0,0.0666666666666666,0.3166666666666666,0.6833333333333333,0.0,0.0,0.0
20260628,Knapsack,4,149,0.8592498454389116,0.7582129041452789,0.7582129041452789,0.8592498454389116,0.8592498454389116,0.7582129041452789,1,1,0,0,0.4,0.4166666666666667,0.6,0.0,0.0,0.0,0.0,0.0,0.0,0.0166666666666666,0.2,0.5333333333333333,0.0166666666666666,0.1833333333333333,0.5,0.8666666666666667,0.9166666666666666,0.9833333333333332,0.4,0.4166666666666667,0.6,0.0,0.0,0.0
20260628,Knapsack,4,135,0.7872434541299859,0.7681670466716777,0.7681670466716777,0.7872434541299859,0.7872434541299859,0.7681670466716777,1,1,0,0,0.0333333333333333,0.2,0.4666666666666667,0.0,0.0,0.0,0.0,0.0,0.0,0.0333333333333333,0.2,0.4666666666666667,0.0333333333333333,0.2,0.4666666666666667,0.55,0.8333333333333334,0.9333333333333332,0.0333333333333333,0.2,0.4666666666666667,0.0,0.0,0.0
20260628,Knapsack,5,296,0.8007719912847837,0.7424716877818632,0.7424716877818632,0.8007719912847837,0.8007719912847837,0.7424716877818632,1,1,0,0,0.0166666666666666,0.2,0.4333333333333333,0.0,0.0,0.0,0.0,0.0,0.0,0.0166666666666666,0.2,0.45,0.0166666666666666,0.2,0.45,0.4666666666666667,0.7333333333333333,1.0,0.0166666666666666,0.2,0.4333333333333333,0.0,0.0,0.0
20260628,Knapsack,4,64,0.8420688036677604,0.7829527860799812,0.7829527860799812,0.8420688036677604,0.8420688036677604,0.7829527860799812,1,1,0,0,0.0166666666666666,0.1333333333333333,0.3833333333333333,0.0,0.0,0.0,0.0,0.0,0.0,0.1,0.3666666666666666,0.5833333333333334,0.0166666666666666,0.1333333333333333,0.3833333333333333,0.35,0.6833333333333333,0.8166666666666667,0.0166666666666666,0.1333333333333333,0.3833333333333333,0.0,0.0,0.0
20260628,Knapsack,4,207,0.8271821598255059,0.7702775968095139,0.7702775968095139,0.8271821598255059,0.8271821598255059,0.7702775968095139,1,1,0,0,0.2666666666666666,0.2833333333333333,0.55,0.0,0.0,0.0,0.0,0.0,0.0,0.2833333333333333,0.2833333333333333,0.5333333333333333,0.2666666666666666,0.2833333333333333,0.55,0.4333333333333333,0.7666666666666667,0.9666666666666668,0.2666666666666666,0.2833333333333333,0.55,0.0,0.0,0.0
20260628,Knapsack,4,93,0.8488839878816559,0.798371801843942,0.798371801843942,0.8488839878816559,0.8488839878816559,0.798371801843942,1,1,0,0,0.0,0.0333333333333333,0.5166666666666667,0.0,0.0,0.0,0.0,0.0,0.0,0.0,0.0333333333333333,0.5166666666666667,0.0,0.0333333333333333,0.5166666666666667,0.3833333333333333,0.7666666666666667,0.9,0.0,0.0333333333333333,0.5166666666666667,0.0,0.0,0.0
20260628,Knapsack,5,103,0.8594655222751741,0.7348871498339822,0.7348871498339822,0.8594655222751741,0.8594655222751741,0.7348871498339822,1,1,0,0,0.2833333333333333,0.5833333333333334,0.75,0.0,0.0,0.0,0.0,0.0,0.0,0.2833333333333333,0.5833333333333334,0.75,0.2833333333333333,0.5833333333333334,0.75,0.3666666666666666,0.7833333333333333,0.95,0.2833333333333333,0.5833333333333334,0.75,0.0,0.0,0.0
20260628,Knapsack,5,251,0.7696042404369051,0.7495381734319859,0.7495381734319859,0.7533580199965845,0.7696042404369051,0.7495381734319859,0,1,0,0,0.0,0.3166666666666666,0.5666666666666667,0.0,0.0,0.0,0.0,0.0,0.0,0.0666666666666666,0.5166666666666667,0.8833333333333333,0.0,0.2666666666666666,0.5333333333333333,0.5,0.7,0.9333333333333332,0.0,0.3166666666666666,0.5666666666666667,0.0,0.0,0.0
20260628,Knapsack,5,93,0.8520200079189891,0.7473830755013289,0.7529163884343715,0.8520200079189891,0.8520200079189891,0.7529163884343715,1,1,0,0,0.2166666666666666,0.4333333333333333,0.5833333333333334,0.0,0.0,0.0,0.0,0.0,0.0,0.2166666666666666,0.4333333333333333,0.5833333333333334,0.2166666666666666,0.4333333333333333,0.5833333333333334,0.5,0.8666666666666667,0.95,0.2166666666666666,0.4333333333333333,0.5833333333333334,0.0,0.0,0.0
20260628,Knapsack,4,235,0.8382897104373941,0.7697352454174544,0.7697352454174544,0.8382897104373941,0.8382897104373941,0.7697352454174544,1,1,0,0,0.5,0.55,0.7666666666666667,0.0,0.0,0.0,0.0,0.0,0.0,0.5,0.55,0.7666666666666667,0.5,0.55,0.7666666666666667,0.5666666666666667,0.7333333333333333,0.9833333333333332,0.5,0.55,0.7666666666666667,0.0,0.0,0.0
20260628,Knapsack,3,157,0.8542826269750132,0.8337995981650025,0.8337995981650025,0.8542826269750132,0.8542826269750132,0.8337995981650025,1,1,0,0,0.45,0.6,0.8,0.0,0.0,0.0,0.0,0.0,0.0,0.45,0.6,0.8,0.45,0.6,0.8,0.6666666666666666,0.8333333333333334,0.9,0.45,0.6,0.8,0.0,0.0,0.0
20260628,Knapsack,4,237,0.8523375579984082,0.7855634765612846,0.7855634765612846,0.8523375579984082,0.8523375579984082,0.7855634765612846,1,1,0,0,0.2666666666666666,0.4,0.5666666666666667,0.0,0.0,0.0,0.0,0.0,0.0,0.2666666666666666,0.4,0.5666666666666667,0.2666666666666666,0.4,0.5666666666666667,0.4833333333333333,0.8,0.9666666666666668,0.2666666666666666,0.4,0.5666666666666667,0.0,0.0,0.0
20260628,Knapsack,5,70,0.7854920610267335,0.7451004714049482,0.7451004714049482,0.7854920610267335,0.7959501601575454,0.7451004714049482,1,0,0,0,0.0,0.0,0.1666666666666666,0.0,0.0,0.0,0.0,0.0,0.0,0.0,0.0,0.1166666666666666,0.0666666666666666,0.1833333333333333,0.4,0.1333333333333333,0.5833333333333334,0.9,0.0,0.0,0.1666666666666666,0.0,0.0,0.0
20260628,Knapsack,3,113,0.9067712221722264,0.8171619269939264,0.8171619269939264,0.9067712221722264,0.9067712221722264,0.8171619269939264,1,1,0,0,0.3,0.45,0.5333333333333333,0.0,0.0,0.0,0.0,0.0,0.0,0.3,0.45,0.55,0.3,0.45,0.55,0.2666666666666666,0.4666666666666667,0.9,0.3,0.45,0.5333333333333333,0.0,0.0,0.0
20260628,Knapsack,4,240,0.8907528569579355,0.793751974532011,0.793751974532011,0.8907528569579355,0.8907528569579355,0.793751974532011,1,1,0,0,0.0,0.1333333333333333,0.3,0.0,0.0,0.0,0.0,0.0,0.0,0.0,0.1333333333333333,0.3,0.0,0.1333333333333333,0.3,0.4666666666666667,0.7833333333333333,1.0,0.0,0.1333333333333333,0.3,0.0,0.0,0.0
20260628,Knapsack,3,183,0.859746857760641,0.8227790170237387,0.8227790170237387,0.859746857760641,0.859746857760641,0.8227790170237387,1,1,0,0,0.0166666666666666,0.3,0.6,0.0,0.0,0.0,0.0,0.0,0.0,0.0166666666666666,0.3,0.6,0.0166666666666666,0.3,0.6,0.6,0.85,0.9833333333333332,0.0166666666666666,0.3,0.6,0.0,0.0,0.0
20260628,Knapsack,3,284,0.901670073773576,0.8374221784211401,0.8374221784211401,0.901670073773576,0.901670073773576,0.8374221784211401,1,1,0,0,0.2166666666666666,0.4,0.7666666666666667,0.0,0.0,0.0,0.0,0.0,0.0,0.2166666666666666,0.4,0.7666666666666667,0.2166666666666666,0.4,0.7666666666666667,0.8166666666666667,0.9333333333333332,0.95,0.2166666666666666,0.4,0.7666666666666667,0.0,0.0,0.0
20260628,Knapsack,5,123,0.7909760924611094,0.7562837850427429,0.7562837850427429,0.7909760924611094,0.7909760924611094,0.7562837850427429,1,1,0,0,0.0,0.1666666666666666,0.3333333333333333,0.0,0.0,0.0,0.0,0.0,0.0,0.0,0.1666666666666666,0.3333333333333333,0.0,0.1666666666666666,0.3333333333333333,0.6833333333333333,0.8166666666666667,0.95,0.0,0.1666666666666666,0.3333333333333333,0.0,0.0,0.0
20260628,Knapsack,5,88,0.8349229771186392,0.759109675818997,0.757438459082587,0.8349229771186392,0.8349229771186392,0.757438459082587,1,1,0,0,0.1,0.5166666666666667,0.5166666666666667,0.0,0.0,0.0,0.0,0.0,0.0,0.1,0.5166666666666667,0.5166666666666667,0.1,0.5166666666666667,0.5166666666666667,0.7166666666666667,0.7833333333333333,0.95,0.1,0.5166666666666667,0.5166666666666667,0.0,0.0,0.0
20260628,Knapsack,4,289,0.8426766208454521,0.7626194790117835,0.7626194790117835,0.8426766208454521,0.8426766208454521,0.7626194790117835,1,1,0,0,0.3833333333333333,0.4333333333333333,0.7833333333333333,0.0,0.0,0.0,0.0,0.0,0.0,0.0,0.1166666666666666,0.4833333333333333,0.45,0.4666666666666667,0.7833333333333333,0.7166666666666667,0.8666666666666667,1.0,0.3833333333333333,0.4333333333333333,0.7833333333333333,0.0,0.0,0.0
20260628,Knapsack,5,115,0.8103340860985884,0.7422852054527788,0.7422852054527788,0.8103340860985884,0.8103340860985884,0.7422852054527788,1,1,0,0,0.3333333333333333,0.4333333333333333,0.5333333333333333,0.0,0.0,0.0,0.0,0.0,0.0,0.3333333333333333,0.4333333333333333,0.5333333333333333,0.3333333333333333,0.4333333333333333,0.5333333333333333,0.6833333333333333,0.7833333333333333,0.85,0.3333333333333333,0.4333333333333333,0.5333333333333333,0.0,0.0,0.0
20260628,Knapsack,4,204,0.8991907560127054,0.75956034306224,0.7641499058102909,0.8991907560127054,0.8991907560127054,0.7641499058102909,1,1,0,0,0.6666666666666666,0.8333333333333334,0.9666666666666668,0.0,0.0,0.0,0.0,0.0,0.0,0.6666666666666666,0.8333333333333334,0.9666666666666668,0.6666666666666666,0.8333333333333334,0.9666666666666668,0.6833333333333333,0.8833333333333333,0.95,0.6666666666666666,0.8333333333333334,0.9666666666666668,0.0,0.0,0.0
20260628,Knapsack,4,217,0.8242082139791458,0.7533549388347559,0.7533549388347559,0.8242082139791458,0.8242082139791458,0.7533549388347559,1,1,0,0,0.1333333333333333,0.7,0.7333333333333333,0.0,0.0,0.0,0.0,0.0,0.0,0.1333333333333333,0.7,0.75,0.1333333333333333,0.7,0.7333333333333333,0.2833333333333333,0.75,1.0,0.1333333333333333,0.7,0.7333333333333333,0.0,0.0,0.0
20260628,Knapsack,5,146,0.8069604365777909,0.7385866854609022,0.7385866854609022,0.8069604365777909,0.8069604365777909,0.7385866854609022,1,1,0,0,0.2666666666666666,0.3833333333333333,0.5666666666666667,0.0,0.0,0.0,0.0,0.0,0.0,0.2666666666666666,0.3833333333333333,0.5666666666666667,0.2666666666666666,0.3833333333333333,0.5666666666666667,0.45,0.6166666666666667,0.9666666666666668,0.2666666666666666,0.3833333333333333,0.5666666666666667,0.0,0.0,0.0
20260628,Knapsack,4,246,0.8558680324177532,0.7741280503554149,0.7741280503554149,0.8558680324177532,0.8558680324177532,0.7741280503554149,1,1,0,0,0.0,0.0166666666666666,0.3333333333333333,0.0,0.0,0.0,0.0,0.0,0.0,0.0,0.0166666666666666,0.3333333333333333,0.0,0.0166666666666666,0.3333333333333333,0.7166666666666667,0.9,0.9666666666666668,0.0,0.0166666666666666,0.3333333333333333,0.0,0.0,0.0
20260628,Knapsack,4,297,0.8292139033825883,0.7842179770520479,0.7842179770520479,0.8292139033825883,0.8292139033825883,0.7842179770520479,1,1,0,0,0.0,0.1333333333333333,0.3,0.0,0.0,0.0,0.0,0.0,0.0,0.0,0.1333333333333333,0.3,0.0,0.1333333333333333,0.3,0.5,0.8166666666666667,1.0,0.0,0.1333333333333333,0.3,0.0,0.0,0.0
20260628,Knapsack,3,190,0.9241087095735416,0.836088309678631,0.836088309678631,0.9241087095735416,0.9241087095735416,0.836088309678631,1,1,0,0,0.0166666666666666,0.3,0.6333333333333333,0.0,0.0,0.0,0.0,0.0,0.0,0.0166666666666666,0.3,0.6333333333333333,0.0166666666666666,0.3,0.6333333333333333,0.8833333333333333,0.95,0.9666666666666668,0.0166666666666666,0.3,0.6333333333333333,0.0,0.0,0.0
20260628,Knapsack,4,195,0.791429883264765,0.7816672600590782,0.7851942352248716,0.791429883264765,0.791429883264765,0.7851942352248716,1,1,0,0,0.1166666666666666,0.4,0.5833333333333334,0.0,0.0,0.0,0.0,0.0,0.0,0.1166666666666666,0.4,0.5833333333333334,0.1166666666666666,0.4,0.5833333333333334,0.6166666666666667,0.8833333333333333,0.95,0.1166666666666666,0.4,0.5833333333333334,0.0,0.0,0.0
20260628,Knapsack,5,87,0.8177750567177644,0.7722318459202167,0.7722318459202167,0.8177750567177644,0.8177750567177644,0.7722318459202167,1,1,0,0,0.0,0.0833333333333333,0.55,0.0,0.0,0.0,0.0,0.0,0.0,0.0,0.0833333333333333,0.55,0.0,0.0833333333333333,0.55,0.45,0.8333333333333334,0.95,0.0,0.0833333333333333,0.55,0.0,0.0,0.0
20260628,Knapsack,4,64,0.7750175585992255,0.7476467384597162,0.7476467384597162,0.7750175585992255,0.7750175585992255,0.7476467384597162,1,1,0,0,0.1,0.5,0.7166666666666667,0.0,0.0,0.0,0.0,0.0,0.0,0.1,0.5333333333333333,0.75,0.1,0.5666666666666667,0.8,0.3666666666666666,0.4166666666666667,0.85,0.1,0.5,0.7166666666666667,0.0,0.0,0.0
20260628,Knapsack,3,164,0.8754908061755572,0.7858787742546821,0.7858787742546821,0.8754908061755572,0.8754908061755572,0.7858787742546821,1,1,0,0,0.5166666666666667,0.8,0.9,0.0,0.0,0.0,0.0,0.0,0.0,0.3333333333333333,0.6,0.8333333333333334,0.2,0.4333333333333333,0.7166666666666667,0.6166666666666667,0.8666666666666667,0.9666666666666668,0.5166666666666667,0.8,0.9,0.0,0.0,0.0
20260628,Knapsack,3,287,0.8881464537726007,0.8383819396418973,0.8383819396418973,0.8914302580565237,0.8914302580565237,0.8383819396418973,0,0,0,0,0.2666666666666666,0.5666666666666667,0.7333333333333333,0.0,0.0,0.0,0.0,0.0,0.0,0.1833333333333333,0.2666666666666666,0.3666666666666666,0.1833333333333333,0.2666666666666666,0.3666666666666666,0.9,0.9,0.9833333333333332,0.2666666666666666,0.5666666666666667,0.7333333333333333,0.0,0.0,0.0
20260628,Knapsack,4,135,0.8663933808199654,0.7849448160633581,0.7843200420742261,0.8663933808199654,0.8663933808199654,0.7843200420742261,1,1,0,0,0.0666666666666666,0.2833333333333333,0.4666666666666667,0.0,0.0,0.0,0.0,0.0,0.0,0.0666666666666666,0.2833333333333333,0.4666666666666667,0.0666666666666666,0.2833333333333333,0.4666666666666667,0.8166666666666667,0.95,0.9666666666666668,0.0666666666666666,0.2833333333333333,0.4666666666666667,0.0,0.0,0.0
20260628,Knapsack,4,185,0.8537729114687866,0.7839070041663506,0.7839070041663506,0.8537729114687866,0.8537729114687866,0.7839070041663506,1,1,0,0,0.0,0.1,0.2333333333333333,0.0,0.0,0.0,0.0,0.0,0.0,0.0,0.1,0.2333333333333333,0.0,0.1,0.2333333333333333,0.45,0.7833333333333333,0.8666666666666667,0.0,0.1,0.2333333333333333,0.0,0.0,0.0
20260628,Knapsack,5,184,0.7889595373951869,0.7531825561665583,0.7531825561665583,0.7889595373951869,0.7889595373951869,0.7531825561665583,1,1,0,0,0.0,0.0333333333333333,0.15,0.0,0.0,0.0,0.0,0.0,0.0,0.0,0.0333333333333333,0.15,0.0,0.0333333333333333,0.15,0.6833333333333333,0.8333333333333334,0.9333333333333332,0.0,0.0333333333333333,0.15,0.0,0.0,0.0
20260628,Knapsack,4,153,0.7961320388759983,0.7754873092304073,0.7608183206524023,0.7961320388759983,0.7961320388759983,0.7608183206524023,1,1,0,0,0.0333333333333333,0.25,0.3833333333333333,0.0,0.0,0.0,0.0,0.0,0.0,0.0333333333333333,0.25,0.3833333333333333,0.0333333333333333,0.25,0.3833333333333333,0.9,0.95,0.95,0.0333333333333333,0.25,0.3833333333333333,0.0,0.0,0.0
20260628,Knapsack,4,98,0.8502216603147867,0.7728311007905139,0.7728311007905139,0.8502216603147867,0.8502216603147867,0.7728311007905139,1,1,0,0,0.0,0.15,0.4666666666666667,0.0,0.0,0.0,0.0,0.0,0.0,0.0,0.15,0.4666666666666667,0.0,0.15,0.4666666666666667,0.7166666666666667,0.8833333333333333,0.9,0.0,0.15,0.4666666666666667,0.0,0.0,0.0
20260628,Knapsack,5,159,0.805116499245062,0.7461051543668046,0.7461051543668046,0.805116499245062,0.805116499245062,0.7461051543668046,1,1,0,0,0.0,0.0833333333333333,0.3333333333333333,0.0,0.0,0.0,0.0,0.0,0.0,0.0,0.0833333333333333,0.3333333333333333,0.0,0.0833333333333333,0.3333333333333333,0.3833333333333333,0.7833333333333333,0.9666666666666668,0.0,0.0833333333333333,0.3333333333333333,0.0,0.0,0.0
20260628,Knapsack,4,81,0.9201690879782798,0.7762086227699352,0.7762086227699352,0.9201690879782798,0.9201690879782798,0.7762086227699352,1,1,0,0,0.35,0.3833333333333333,0.7333333333333333,0.0,0.0,0.0,0.0,0.0,0.0,0.35,0.3833333333333333,0.7333333333333333,0.35,0.3833333333333333,0.7333333333333333,0.4666666666666667,0.65,0.8166666666666667,0.35,0.3833333333333333,0.7333333333333333,0.0,0.0,0.0
20260628,Knapsack,3,219,0.9138956132648718,0.8527321119689385,0.8535204025981787,0.9138956132648718,0.9138956132648718,0.8535204025981787,1,1,0,0,0.45,0.55,0.5666666666666667,0.0,0.0,0.0,0.0,0.0,0.0,0.45,0.55,0.5666666666666667,0.45,0.55,0.5666666666666667,0.7833333333333333,0.95,1.0,0.45,0.55,0.5666666666666667,0.0,0.0,0.0
20260628,Knapsack,3,204,0.92798264604418,0.8531718540845646,0.8531718540845646,0.92798264604418,0.92798264604418,0.8531718540845646,1,1,0,0,0.2333333333333333,0.5,0.85,0.0,0.0,0.0,0.0,0.0,0.0,0.0333333333333333,0.1666666666666666,0.45,0.0666666666666666,0.3666666666666666,0.5666666666666667,0.75,0.9666666666666668,1.0,0.2333333333333333,0.5,0.85,0.0,0.0,0.0
20260628,Knapsack,4,221,0.8711529575386074,0.7987902190554178,0.7987902190554178,0.8711529575386074,0.8711529575386074,0.7987902190554178,1,1,0,0,0.0,0.05,0.5333333333333333,0.0,0.0,0.0,0.0,0.0,0.0,0.0,0.05,0.5333333333333333,0.0,0.05,0.5333333333333333,0.7166666666666667,0.9333333333333332,0.95,0.0,0.05,0.5333333333333333,0.0,0.0,0.0
20260628,Knapsack,3,264,0.9392148507744108,0.8613916929404638,0.8613916929404638,0.9392148507744108,0.9392148507744108,0.8613916929404638,1,1,0,0,0.15,0.35,0.55,0.0,0.0,0.0,0.0,0.0,0.0,0.15,0.35,0.55,0.15,0.35,0.55,0.6833333333333333,0.8833333333333333,0.9166666666666666,0.15,0.35,0.55,0.0,0.0,0.0
20260628,Knapsack,5,103,0.7602048824347498,0.6993312489218646,0.6993312489218646,0.7602048824347498,0.7602048824347498,0.6993312489218646,1,1,0,0,0.0,0.1166666666666666,0.4,0.0,0.0,0.0,0.0,0.0,0.0,0.0,0.1166666666666666,0.4,0.0,0.1166666666666666,0.4,0.2,0.6166666666666667,0.9166666666666666,0.0,0.1166666666666666,0.4,0.0,0.0,0.0
20260628,Knapsack,3,233,0.9236199623819528,0.8542155831136085,0.8542155831136085,0.9236199623819528,0.9236199623819528,0.8542155831136085,1,1,0,0,0.6666666666666666,0.8,0.8333333333333334,0.0,0.0,0.0,0.0,0.0,0.0,0.6666666666666666,0.8,0.8333333333333334,0.6666666666666666,0.8,0.8333333333333334,0.7666666666666667,0.9833333333333332,0.9833333333333332,0.6666666666666666,0.8,0.8333333333333334,0.0,0.0,0.0
20260628,Knapsack,4,282,0.8291026499039675,0.7984510829764838,0.7984510829764838,0.8291026499039675,0.8291026499039675,0.7984510829764838,1,1,0,0,0.5,0.5333333333333333,0.7,0.0,0.0,0.0,0.0,0.0,0.0,0.5,0.5333333333333333,0.7,0.5,0.5333333333333333,0.7,0.65,0.8333333333333334,0.9833333333333332,0.5,0.5333333333333333,0.7,0.0,0.0,0.0
20260628,Knapsack,5,223,0.8364134725541429,0.7631908357673051,0.7631908357673051,0.8364134725541429,0.8364134725541429,0.7631908357673051,1,1,0,0,0.4833333333333333,0.5666666666666667,0.75,0.0,0.0,0.0,0.0,0.0,0.0,0.4833333333333333,0.5666666666666667,0.75,0.4833333333333333,0.5666666666666667,0.75,0.8166666666666667,0.9,0.9,0.4833333333333333,0.5666666666666667,0.75,0.0,0.0,0.0
20260628,Knapsack,4,191,0.8442712577720247,0.7686977296150942,0.7686977296150942,0.8442712577720247,0.8442712577720247,0.7686977296150942,1,1,0,0,0.0,0.0666666666666666,0.1833333333333333,0.0,0.0,0.0,0.0,0.0,0.0,0.0,0.0666666666666666,0.1833333333333333,0.0,0.0666666666666666,0.1833333333333333,0.8,0.8333333333333334,0.9666666666666668,0.0,0.0666666666666666,0.1833333333333333,0.0,0.0,0.0
20260628,Knapsack,4,70,0.8734054216069386,0.7727975907988995,0.7727975907988995,0.9043169805187428,0.9043169805187428,0.7727975907988995,0,0,0,0,0.15,0.45,0.6,0.0,0.0,0.0,0.0,0.0,0.0,0.0333333333333333,0.1333333333333333,0.4666666666666667,0.1333333333333333,0.2,0.5666666666666667,0.6166666666666667,0.7666666666666667,0.9166666666666666,0.15,0.45,0.6,0.0,0.0,0.0
20260628,Job-shop,4,144,0.5001144460257085,0.5043668577957253,0.5043668577957253,0.5001144460257085,0.5001144460257085,0.5043668577957253,1,1,0,0,0.2,0.5833333333333334,0.7166666666666667,0.0,0.0,0.0,0.0,0.0,0.0,0.15,0.35,0.6,0.2,0.5333333333333333,0.7,0.0,0.0666666666666666,0.4,0.2,0.5833333333333334,0.7166666666666667,0.0,0.0,0.0
20260628,Job-shop,3,98,0.5379799162512813,0.5256552535382275,0.5256552535382275,0.5379799162512813,0.5379799162512813,0.5256552535382275,1,1,0,0,0.65,0.8,0.9166666666666666,0.0,0.0,0.0,0.0,0.0,0.0,0.5333333333333333,0.6333333333333333,0.9333333333333332,0.5333333333333333,0.6333333333333333,0.9,0.0,0.0666666666666666,0.4666666666666667,0.65,0.8,0.9166666666666666,0.0,0.0,0.0
20260628,Job-shop,5,119,0.4894452971816355,0.4894452971816355,0.4894452971816355,0.4894452971816355,0.4894452971816355,0.4894452971816355,1,1,0,0,0.4,0.6166666666666667,0.75,0.0,0.0,0.0,0.0,0.0,0.0,0.4,0.6166666666666667,0.75,0.4,0.6166666666666667,0.75,0.0,0.0,0.2666666666666666,0.4,0.6166666666666667,0.75,0.0,0.0,0.0
20260628,Job-shop,4,253,0.4866445873082672,0.4933967583133699,0.4933967583133699,0.4866445873082672,0.4866445873082672,0.4933967583133699,1,1,0,0,0.3666666666666666,0.4166666666666667,0.6833333333333333,0.0,0.0,0.0,0.0,0.0,0.0,0.2166666666666666,0.4,0.6833333333333333,0.3666666666666666,0.4,0.6666666666666666,0.3166666666666666,0.35,0.7333333333333333,0.3666666666666666,0.4166666666666667,0.6833333333333333,0.0,0.0,0.0
20260628,Job-shop,5,223,0.5077585236589354,0.5077585236589354,0.5077585236589354,0.5077585236589354,0.5077585236589354,0.5077585236589354,1,1,0,0,0.0666666666666666,0.3833333333333333,0.5833333333333334,0.0,0.0,0.0,0.0,0.0,0.0,0.0666666666666666,0.3833333333333333,0.5833333333333334,0.0666666666666666,0.3833333333333333,0.5833333333333334,0.1666666666666666,0.5833333333333334,0.8333333333333334,0.0666666666666666,0.3833333333333333,0.5833333333333334,0.0,0.0,0.0
20260628,Job-shop,3,209,0.5311283267762542,0.5224748263022485,0.5224748263022485,0.5311283267762542,0.5311283267762542,0.5224748263022485,1,1,1,0,0.65,0.9166666666666666,0.9333333333333332,0.0,0.0,0.0,0.0,0.0,0.0,0.6166666666666667,0.8833333333333333,0.9,0.6333333333333333,0.9,0.9333333333333332,0.1166666666666666,0.45,0.75,0.65,0.9166666666666666,0.9333333333333332,0.0,0.0,0.0
20260628,Job-shop,4,284,0.4701667698673646,0.4701667698673646,0.4701667698673646,0.4701667698673646,0.4701667698673646,0.4701667698673646,1,1,0,0,0.0,0.1833333333333333,0.5166666666666667,0.0,0.0,0.0,0.0,0.0,0.0,0.0,0.1833333333333333,0.5166666666666667,0.0,0.1833333333333333,0.5166666666666667,0.0166666666666666,0.15,0.4333333333333333,0.0,0.1833333333333333,0.5166666666666667,0.0,0.0,0.0
20260628,Job-shop,3,188,0.5094113141172867,0.5094113141172867,0.5094113141172867,0.5094113141172867,0.5094113141172867,0.5094113141172867,1,1,0,0,0.0333333333333333,0.2,0.3333333333333333,0.0,0.0,0.0,0.0,0.0,0.0,0.0333333333333333,0.2,0.3333333333333333,0.0333333333333333,0.2,0.4333333333333333,0.4333333333333333,0.5833333333333334,0.6,0.0333333333333333,0.2,0.3333333333333333,0.0,0.0,0.0
20260628,Job-shop,4,65,0.5231561106030357,0.5231561106030357,0.5231561106030357,0.5231561106030357,0.5231561106030357,0.5231561106030357,1,1,0,0,0.05,0.4,0.4,0.0,0.0,0.0,0.0,0.0,0.0,0.0833333333333333,0.4,0.4833333333333333,0.05,0.4,0.4,0.4,0.8,0.8333333333333334,0.05,0.4,0.4,0.0,0.0,0.0
20260628,Job-shop,3,69,0.4810353695065446,0.4810353695065446,0.4810353695065446,0.4810353695065446,0.4810353695065446,0.4810353695065446,1,1,0,0,0.0,0.0,0.0166666666666666,0.0,0.0,0.0,0.0,0.0,0.0,0.0,0.0,0.0166666666666666,0.0,0.0,0.0166666666666666,0.3,0.35,0.65,0.0,0.0,0.0166666666666666,0.0,0.0,0.0
20260628,Job-shop,3,79,0.5061376871390594,0.5061376871390594,0.5061376871390594,0.5061376871390594,0.5061376871390594,0.5061376871390594,1,1,0,0,0.0,0.3,0.5,0.0,0.0,0.0,0.0,0.0,0.0,0.0,0.3,0.5,0.0,0.3,0.5,0.0,0.25,0.4333333333333333,0.0,0.3,0.5,0.0,0.0,0.0
20260628,Job-shop,3,120,0.512172282219342,0.4979265445445542,0.4979265445445542,0.512172282219342,0.512172282219342,0.4979265445445542,1,1,0,0,0.3,0.5166666666666667,0.7,0.0,0.0,0.0,0.0,0.0,0.0,0.3,0.5166666666666667,0.7,0.3,0.5166666666666667,0.7,0.2166666666666666,0.5333333333333333,0.7,0.3,0.5166666666666667,0.7,0.0,0.0,0.0
20260628,Job-shop,4,118,0.5045933544607029,0.5123300518442093,0.5123300518442093,0.5045933544607029,0.5045933544607029,0.5123300518442093,1,1,0,0,0.6,0.6666666666666666,0.5333333333333333,0.0,0.0,0.0,0.0,0.0,0.0,0.6,0.6666666666666666,0.5333333333333333,0.6,0.6666666666666666,0.5333333333333333,0.0166666666666666,0.1333333333333333,0.2,0.6,0.6666666666666666,0.5333333333333333,0.0,0.0,0.0
20260628,Job-shop,5,279,0.4982863141806369,0.4987235135497201,0.4987235135497201,0.4982863141806369,0.4982863141806369,0.4987235135497201,1,1,0,0,0.0833333333333333,0.3666666666666666,0.3833333333333333,0.0,0.0,0.0,0.0,0.0,0.0,0.0833333333333333,0.3666666666666666,0.3833333333333333,0.0833333333333333,0.3666666666666666,0.3833333333333333,0.6666666666666666,0.75,0.9166666666666666,0.0833333333333333,0.3666666666666666,0.3833333333333333,0.0,0.0,0.0
20260628,Job-shop,5,105,0.4819423641461181,0.4819423641461181,0.4819423641461181,0.4819423641461181,0.4819423641461181,0.4819423641461181,1,1,0,0,0.0,0.0,0.1166666666666666,0.0,0.0,0.0,0.0,0.0,0.0,0.0,0.0,0.1166666666666666,0.0,0.0,0.1166666666666666,0.4166666666666667,0.55,0.5833333333333334,0.0,0.0,0.1166666666666666,0.0,0.0,0.0
20260628,Job-shop,4,261,0.4570840723909521,0.4786419603811617,0.4786419603811617,0.4570840723909521,0.4570840723909521,0.4786419603811617,1,1,0,0,0.2833333333333333,0.55,0.7833333333333333,0.0,0.0,0.0,0.0,0.0,0.0,0.2833333333333333,0.55,0.7833333333333333,0.2833333333333333,0.55,0.7833333333333333,0.0333333333333333,0.3,0.6333333333333333,0.2833333333333333,0.55,0.7833333333333333,0.0,0.0,0.0
20260628,Job-shop,4,236,0.4736910092175885,0.4736910092175885,0.4736910092175885,0.4736910092175885,0.4736910092175885,0.4736910092175885,1,1,0,0,0.0,0.0833333333333333,0.2333333333333333,0.0,0.0,0.0,0.0,0.0,0.0,0.0,0.0833333333333333,0.2333333333333333,0.0,0.0833333333333333,0.2333333333333333,0.2,0.3666666666666666,0.7166666666666667,0.0,0.0833333333333333,0.2333333333333333,0.0,0.0,0.0
20260628,Job-shop,5,240,0.4398886749604145,0.4398886749604145,0.4398886749604145,0.4398886749604145,0.4398886749604145,0.4398886749604145,1,1,0,0,0.0333333333333333,0.1833333333333333,0.3333333333333333,0.0,0.0,0.0,0.0,0.0,0.0,0.0333333333333333,0.1833333333333333,0.3333333333333333,0.0333333333333333,0.1833333333333333,0.3333333333333333,0.2166666666666666,0.3666666666666666,0.4166666666666667,0.0333333333333333,0.1833333333333333,0.3333333333333333,0.0,0.0,0.0
20260628,Job-shop,4,203,0.5004834593459339,0.5004834593459339,0.5004834593459339,0.5004834593459339,0.5004834593459339,0.5004834593459339,1,1,0,0,0.0,0.1166666666666666,0.3666666666666666,0.0,0.0,0.0,0.0,0.0,0.0,0.0,0.1166666666666666,0.3666666666666666,0.0,0.1166666666666666,0.3666666666666666,0.3333333333333333,0.5333333333333333,0.6833333333333333,0.0,0.1166666666666666,0.3666666666666666,0.0,0.0,0.0
20260628,Job-shop,5,83,0.4849164597444346,0.4865054422552675,0.4865054422552675,0.4849164597444346,0.4849164597444346,0.4865054422552675,1,1,0,0,0.6,0.9333333333333332,0.85,0.0,0.0,0.0,0.0,0.0,0.0,0.6,0.9333333333333332,0.85,0.6,0.9333333333333332,0.85,0.2666666666666666,0.5666666666666667,0.5333333333333333,0.6,0.9333333333333332,0.85,0.0,0.0,0.0
20260628,Job-shop,5,247,0.4651149385623,0.4651149385623,0.4651149385623,0.4651149385623,0.4651149385623,0.4651149385623,1,1,0,0,0.0666666666666666,0.3,0.3833333333333333,0.0,0.0,0.0,0.0,0.0,0.0,0.0666666666666666,0.3,0.3833333333333333,0.0666666666666666,0.3,0.3833333333333333,0.0,0.0666666666666666,0.2,0.0666666666666666,0.3,0.3833333333333333,0.0,0.0,0.0
20260628,Job-shop,3,115,0.4916829764274771,0.4916829764274771,0.4916829764274771,0.4916829764274771,0.4916829764274771,0.4916829764274771,1,1,0,0,0.0,0.0166666666666666,0.1166666666666666,0.0,0.0,0.0,0.0,0.0,0.0,0.0,0.0166666666666666,0.1166666666666666,0.0,0.0166666666666666,0.1166666666666666,0.2833333333333333,0.2333333333333333,0.5666666666666667,0.0,0.0166666666666666,0.1166666666666666,0.0,0.0,0.0
20260628,Job-shop,5,129,0.4964037244246355,0.4960055991077718,0.4960055991077718,0.4964037244246355,0.4964037244246355,0.4960055991077718,1,1,0,0,0.3666666666666666,0.6833333333333333,0.7,0.0,0.0,0.0,0.0,0.0,0.0,0.3666666666666666,0.6833333333333333,0.7,0.3666666666666666,0.6833333333333333,0.7,0.4333333333333333,0.5,0.65,0.3666666666666666,0.6833333333333333,0.7,0.0,0.0,0.0
20260628,Job-shop,5,179,0.4559248284605071,0.4559248284605071,0.4559248284605071,0.4559248284605071,0.4559248284605071,0.4559248284605071,1,1,0,0,0.0,0.25,0.4666666666666667,0.0,0.0,0.0,0.0,0.0,0.0,0.0,0.25,0.4666666666666667,0.0,0.25,0.4666666666666667,0.0,0.1,0.25,0.0,0.25,0.4666666666666667,0.0,0.0,0.0
20260628,Job-shop,4,192,0.5002635286971032,0.4959879867415023,0.4959879867415023,0.5002635286971032,0.5002635286971032,0.4959879867415023,1,1,0,0,0.4,0.45,0.5833333333333334,0.0,0.0,0.0,0.0,0.0,0.0,0.4,0.45,0.5833333333333334,0.4,0.45,0.5833333333333334,0.0,0.15,0.4666666666666667,0.4,0.45,0.5833333333333334,0.0,0.0,0.0
20260628,Job-shop,4,283,0.485045532537418,0.485045532537418,0.485045532537418,0.485045532537418,0.485045532537418,0.485045532537418,1,1,0,0,0.0333333333333333,0.2166666666666666,0.4833333333333333,0.0,0.0,0.0,0.0,0.0,0.0,0.0333333333333333,0.2166666666666666,0.4833333333333333,0.0333333333333333,0.2166666666666666,0.4833333333333333,0.0,0.1,0.5,0.0333333333333333,0.2166666666666666,0.4833333333333333,0.0,0.0,0.0
20260628,Job-shop,3,146,0.4802048043975913,0.4802048043975913,0.4802048043975913,0.4802048043975913,0.4802048043975913,0.4802048043975913,1,1,0,0,0.0,0.05,0.3166666666666666,0.0,0.0,0.0,0.0,0.0,0.0,0.0,0.05,0.3166666666666666,0.0,0.05,0.3166666666666666,0.3166666666666666,0.4166666666666667,0.6166666666666667,0.0,0.05,0.3166666666666666,0.0,0.0,0.0
20260628,Job-shop,4,82,0.4779631361571175,0.4779631361571175,0.4779631361571175,0.4779631361571175,0.4779631361571175,0.4779631361571175,1,1,0,0,0.0,0.0,0.05,0.0,0.0,0.0,0.0,0.0,0.0,0.0,0.0,0.05,0.0,0.0,0.05,0.0,0.0,0.3333333333333333,0.0,0.0,0.05,0.0,0.0,0.0
20260628,Job-shop,5,82,0.4793011003212428,0.5045069520956991,0.5045069520956991,0.4793011003212428,0.4793011003212428,0.5045069520956991,1,1,0,0,0.1166666666666666,0.25,0.3833333333333333,0.0,0.0,0.0,0.0,0.0,0.0,0.1166666666666666,0.25,0.3833333333333333,0.1166666666666666,0.25,0.3833333333333333,0.05,0.25,0.4333333333333333,0.1166666666666666,0.25,0.3833333333333333,0.0,0.0,0.0
20260628,Job-shop,5,275,0.4509779853979227,0.4509779853979227,0.4509779853979227,0.4509779853979227,0.4509779853979227,0.4509779853979227,1,1,0,0,0.6,0.6666666666666666,0.75,0.0,0.0,0.0,0.0,0.0,0.0,0.6,0.6666666666666666,0.75,0.6,0.6666666666666666,0.75,0.0,0.0,0.2166666666666666,0.6,0.6666666666666666,0.75,0.0,0.0,0.0
20260628,Job-shop,3,159,0.5343514333352056,0.5101032333585319,0.5101032333585319,0.5343514333352056,0.5343514333352056,0.5101032333585319,1,1,0,0,0.85,0.9,0.95,0.0,0.0,0.0,0.0,0.0,0.0,0.85,0.9,0.95,0.85,0.9,0.95,0.4333333333333333,0.5166666666666667,0.6333333333333333,0.85,0.9,0.95,0.0,0.0,0.0
20260628,Job-shop,5,92,0.4834547671030114,0.4834547671030114,0.4834547671030114,0.4834547671030114,0.4834547671030114,0.4834547671030114,1,1,0,0,0.1833333333333333,0.3333333333333333,0.4333333333333333,0.0,0.0,0.0,0.0,0.0,0.0,0.1833333333333333,0.3333333333333333,0.4333333333333333,0.1833333333333333,0.3333333333333333,0.4333333333333333,0.1833333333333333,0.4,0.7333333333333333,0.1833333333333333,0.3333333333333333,0.4333333333333333,0.0,0.0,0.0
20260628,Job-shop,4,110,0.4768937968102703,0.4768937968102703,0.4768937968102703,0.4768937968102703,0.4768937968102703,0.4768937968102703,1,1,0,0,0.0,0.0,0.1166666666666666,0.0,0.0,0.0,0.0,0.0,0.0,0.0,0.0,0.1166666666666666,0.0,0.0,0.1166666666666666,0.25,0.2666666666666666,0.5666666666666667,0.0,0.0,0.1166666666666666,0.0,0.0,0.0
20260628,Job-shop,4,242,0.4866457476796899,0.4866457476796899,0.4866457476796899,0.4866457476796899,0.4866457476796899,0.4866457476796899,1,1,0,0,0.1833333333333333,0.2833333333333333,0.6,0.0,0.0,0.0,0.0,0.0,0.0,0.1833333333333333,0.2833333333333333,0.6,0.1833333333333333,0.2833333333333333,0.6,0.0333333333333333,0.5333333333333333,0.7333333333333333,0.1833333333333333,0.2833333333333333,0.6,0.0,0.0,0.0
20260628,Job-shop,3,234,0.5134414876383948,0.514220112868124,0.5134414876383948,0.5134414876383948,0.5134414876383948,0.5134414876383948,1,1,0,0,0.85,0.8,0.7833333333333333,0.0,0.0,0.0,0.0,0.0,0.0,0.85,0.8,0.7833333333333333,0.85,0.8166666666666667,0.8,0.5,0.45,0.65,0.85,0.8,0.7833333333333333,0.0,0.0,0.0
20260628,Job-shop,3,149,0.5313728067055361,0.5313728067055361,0.5331765848884743,0.5331765848884743,0.5313728067055361,0.5331765848884743,0,1,0,0,0.65,0.6833333333333333,0.75,0.0,0.0,0.0,0.0,0.0,0.0,0.35,0.4333333333333333,0.6666666666666666,0.9,0.8333333333333334,0.8833333333333333,0.5166666666666667,0.7333333333333333,0.7833333333333333,0.65,0.6833333333333333,0.75,0.0,0.0,0.0
20260628,Job-shop,4,89,0.4902269171394183,0.5055891733742236,0.5055891733742236,0.4902269171394183,0.4902269171394183,0.5055891733742236,1,1,0,0,0.3666666666666666,0.5666666666666667,0.7166666666666667,0.0,0.0,0.0,0.0,0.0,0.0,0.3666666666666666,0.5666666666666667,0.7166666666666667,0.3666666666666666,0.5666666666666667,0.7166666666666667,0.1833333333333333,0.3333333333333333,0.75,0.3666666666666666,0.5666666666666667,0.7166666666666667,0.0,0.0,0.0
20260628,Job-shop,3,181,0.4898153488855651,0.505690717516265,0.505690717516265,0.4898153488855651,0.4898153488855651,0.505690717516265,1,1,0,0,0.0666666666666666,0.2,0.4,0.0,0.0,0.0,0.0,0.0,0.0,0.0666666666666666,0.2,0.4,0.0666666666666666,0.2,0.4,0.1666666666666666,0.55,0.7666666666666667,0.0666666666666666,0.2,0.4,0.0,0.0,0.0
20260628,Job-shop,4,123,0.4782387954770041,0.4885024608408115,0.4782387954770041,0.4782387954770041,0.4782387954770041,0.4782387954770041,1,1,0,0,0.25,0.5,0.65,0.0,0.0,0.0,0.0,0.0,0.0,0.0,0.3333333333333333,0.5666666666666667,0.4166666666666667,0.5166666666666667,0.7,0.3166666666666666,0.7,0.75,0.25,0.5,0.65,0.0,0.0,0.0
20260628,Job-shop,4,208,0.4880776157527292,0.4939974206143462,0.4936950028416016,0.4880776157527292,0.4880776157527292,0.4936950028416016,1,1,0,0,0.0166666666666666,0.1666666666666666,0.3,0.0,0.0,0.0,0.0,0.0,0.0,0.0166666666666666,0.1666666666666666,0.3,0.0166666666666666,0.1666666666666666,0.3,0.45,0.6666666666666666,0.7166666666666667,0.0166666666666666,0.1666666666666666,0.3,0.0,0.0,0.0
20260628,Job-shop,5,64,0.4883166740577878,0.4883166740577878,0.4883166740577878,0.4883166740577878,0.4883166740577878,0.4883166740577878,1,1,0,0,0.0,0.0,0.1,0.0,0.0,0.0,0.0,0.0,0.0,0.0,0.0,0.1,0.0,0.0,0.1,0.0,0.1166666666666666,0.45,0.0,0.0,0.1,0.0,0.0,0.0
20260628,Job-shop,5,171,0.4880390282250396,0.4871449760385273,0.4871449760385273,0.4880390282250396,0.4880390282250396,0.4871449760385273,1,1,0,0,0.15,0.55,0.7833333333333333,0.0,0.0,0.0,0.0,0.0,0.0,0.1166666666666666,0.5666666666666667,0.7833333333333333,0.15,0.55,0.7833333333333333,0.2333333333333333,0.4666666666666667,0.6,0.15,0.55,0.7833333333333333,0.0,0.0,0.0
20260628,Job-shop,3,130,0.5786077977101057,0.5196952494999209,0.5196952494999209,0.5786077977101057,0.5538222755281446,0.5196952494999209,1,0,0,0,0.9,0.9666666666666668,1.0,0.0,0.0,0.0,0.0,0.0,0.0,0.9166666666666666,0.9833333333333332,1.0,0.8333333333333334,0.8333333333333334,0.9333333333333332,0.1833333333333333,0.3,0.65,0.9,0.9666666666666668,1.0,0.0,0.0,0.0
20260628,Job-shop,4,228,0.4657754337536752,0.4657754337536752,0.4657754337536752,0.4657754337536752,0.4657754337536752,0.4657754337536752,1,1,0,0,0.15,0.2166666666666666,0.35,0.0,0.0,0.0,0.0,0.0,0.0,0.1666666666666666,0.2666666666666666,0.4333333333333333,0.1,0.1166666666666666,0.3333333333333333,0.6166666666666667,0.5166666666666667,0.55,0.15,0.2166666666666666,0.35,0.0,0.0,0.0
20260628,Job-shop,5,196,0.4632628005220791,0.4856167293382858,0.4856167293382858,0.4632628005220791,0.4632628005220791,0.4856167293382858,1,1,0,0,0.3166666666666666,0.3666666666666666,0.55,0.0,0.0,0.0,0.0,0.0,0.0,0.3166666666666666,0.3666666666666666,0.55,0.3166666666666666,0.3666666666666666,0.55,0.25,0.4166666666666667,0.75,0.3166666666666666,0.3666666666666666,0.55,0.0,0.0,0.0
20260628,Job-shop,3,186,0.505690841738532,0.5111425136607901,0.5111425136607901,0.505690841738532,0.505690841738532,0.5111425136607901,1,1,0,0,0.6166666666666667,0.7666666666666667,0.8333333333333334,0.0,0.0,0.0,0.0,0.0,0.0,0.6166666666666667,0.7666666666666667,0.8333333333333334,0.6166666666666667,0.7666666666666667,0.8333333333333334,0.4166666666666667,0.45,0.7333333333333333,0.6166666666666667,0.7666666666666667,0.8333333333333334,0.0,0.0,0.0
20260628,Job-shop,3,90,0.5328663088454006,0.5218725745433802,0.5218725745433802,0.5328663088454006,0.5328663088454006,0.5218725745433802,1,1,1,0,0.0166666666666666,0.15,0.4833333333333333,0.0,0.0,0.0,0.0,0.0,0.0,0.0,0.1,0.4833333333333333,0.0166666666666666,0.15,0.4833333333333333,0.2666666666666666,0.35,0.55,0.0166666666666666,0.15,0.4833333333333333,0.0,0.0,0.0
20260628,Job-shop,3,170,0.5008704704795393,0.519174568308762,0.519174568308762,0.5008704704795393,0.5008704704795393,0.519174568308762,1,1,0,0,0.0333333333333333,0.0833333333333333,0.45,0.0,0.0,0.0,0.0,0.0,0.0,0.0333333333333333,0.0833333333333333,0.45,0.0333333333333333,0.0833333333333333,0.45,0.15,0.5666666666666667,0.8833333333333333,0.0333333333333333,0.0833333333333333,0.45,0.0,0.0,0.0
20260628,Job-shop,5,292,0.4595813560836957,0.4946439210400665,0.4946439210400665,0.4595813560836957,0.5122902888232875,0.4946439210400665,1,0,0,0,0.5333333333333333,0.6,0.6166666666666667,0.0,0.0,0.0,0.0,0.0,0.0,0.6333333333333333,0.6166666666666667,0.6666666666666666,0.5166666666666667,0.6666666666666666,0.7833333333333333,0.2666666666666666,0.4666666666666667,0.8333333333333334,0.5333333333333333,0.6,0.6166666666666667,0.0,0.0,0.0
20260628,Job-shop,4,231,0.4774595260711262,0.5112953739587492,0.5112953739587492,0.4774595260711262,0.4774595260711262,0.5112953739587492,1,1,0,0,0.75,0.8,0.8666666666666667,0.0,0.0,0.0,0.0,0.0,0.0,0.75,0.8,0.8666666666666667,0.75,0.8,0.8666666666666667,0.1833333333333333,0.5166666666666667,0.8166666666666667,0.75,0.8,0.8666666666666667,0.0,0.0,0.0
20260628,Job-shop,5,219,0.4952020113952327,0.4705826482977525,0.4705826482977525,0.4952020113952327,0.5088745368702605,0.4705826482977525,1,0,0,0,0.8666666666666667,0.8833333333333333,0.9166666666666666,0.0,0.0,0.0,0.0,0.0,0.0,0.85,0.8833333333333333,0.9166666666666666,0.7666666666666667,0.9,0.9166666666666666,0.3333333333333333,0.4833333333333333,0.65,0.8666666666666667,0.8833333333333333,0.9166666666666666,0.0,0.0,0.0
20260628,Job-shop,3,200,0.4896428053650246,0.4896428053650246,0.4896428053650246,0.4896428053650246,0.4896428053650246,0.4896428053650246,1,1,0,0,0.0,0.0333333333333333,0.1166666666666666,0.0,0.0,0.0,0.0,0.0,0.0,0.0,0.0333333333333333,0.1166666666666666,0.0,0.0333333333333333,0.1166666666666666,0.1333333333333333,0.4666666666666667,0.3833333333333333,0.0,0.0333333333333333,0.1166666666666666,0.0,0.0,0.0
20260628,Job-shop,5,208,0.4652520554373496,0.4652520554373496,0.4652520554373496,0.4652520554373496,0.4652520554373496,0.4652520554373496,1,1,0,0,0.2666666666666666,0.6,0.9166666666666666,0.0,0.0,0.0,0.0,0.0,0.0,0.2666666666666666,0.6,0.9166666666666666,0.2666666666666666,0.6,0.9166666666666666,0.0,0.0333333333333333,0.4833333333333333,0.2666666666666666,0.6,0.9166666666666666,0.0,0.0,0.0
20260628,Job-shop,3,193,0.5076587845220569,0.5250300649428649,0.5274236494462311,0.5076587845220569,0.5076587845220569,0.5274236494462311,1,1,0,0,0.1166666666666666,0.1,0.5166666666666667,0.0,0.0,0.0,0.0,0.0,0.0,0.1166666666666666,0.1,0.5166666666666667,0.1166666666666666,0.1,0.5166666666666667,0.6833333333333333,0.6666666666666666,0.7833333333333333,0.1166666666666666,0.1,0.5166666666666667,0.0,0.0,0.0
20260628,Job-shop,4,265,0.4833736019538625,0.4786624893804023,0.4821886776891615,0.4833736019538625,0.4923532941377331,0.4821886776891615,1,0,0,0,0.4166666666666667,0.4333333333333333,0.6666666666666666,0.0,0.0,0.0,0.0,0.0,0.0,0.4166666666666667,0.4333333333333333,0.6166666666666667,0.6,0.6833333333333333,0.8833333333333333,0.55,0.7333333333333333,0.95,0.4166666666666667,0.4333333333333333,0.6666666666666666,0.0,0.0,0.0
20260628,Job-shop,4,172,0.4591801006297477,0.4591801006297477,0.4591801006297477,0.4591801006297477,0.4591801006297477,0.4591801006297477,1,1,0,0,0.0,0.0166666666666666,0.1166666666666666,0.0,0.0,0.0,0.0,0.0,0.0,0.0,0.0166666666666666,0.1166666666666666,0.0,0.0166666666666666,0.1166666666666666,0.0,0.1166666666666666,0.5166666666666667,0.0,0.0166666666666666,0.1166666666666666,0.0,0.0,0.0
20260628,Job-shop,4,268,0.4915264655283564,0.4891735080926049,0.4891735080926049,0.4915264655283564,0.4915264655283564,0.4891735080926049,1,1,0,0,0.3,0.6333333333333333,0.7833333333333333,0.0,0.0,0.0,0.0,0.0,0.0,0.3,0.6333333333333333,0.7833333333333333,0.3,0.6333333333333333,0.7833333333333333,0.0,0.15,0.55,0.3,0.6333333333333333,0.7833333333333333,0.0,0.0,0.0
20260628,Job-shop,5,146,0.4941158981109342,0.5306056913822892,0.5306056913822892,0.4941158981109342,0.4941158981109342,0.5306056913822892,1,1,0,0,0.4833333333333333,0.4333333333333333,0.65,0.0,0.0,0.0,0.0,0.0,0.0,0.4833333333333333,0.4333333333333333,0.65,0.4833333333333333,0.4333333333333333,0.65,0.2666666666666666,0.25,0.6333333333333333,0.4833333333333333,0.4333333333333333,0.65,0.0,0.0,0.0
20260628,Job-shop,4,75,0.5064132328194649,0.5064132328194649,0.5064132328194649,0.5064132328194649,0.5064132328194649,0.5064132328194649,1,1,0,0,0.05,0.1333333333333333,0.3833333333333333,0.0,0.0,0.0,0.0,0.0,0.0,0.05,0.1333333333333333,0.3833333333333333,0.05,0.1333333333333333,0.3833333333333333,0.45,0.6333333333333333,0.85,0.05,0.1333333333333333,0.3833333333333333,0.0,0.0,0.0
20260628,Job-shop,5,294,0.4818187133729879,0.4776788544192258,0.4776788544192258,0.4818187133729879,0.4818187133729879,0.4776788544192258,1,1,0,0,0.3166666666666666,0.5333333333333333,0.75,0.0,0.0,0.0,0.0,0.0,0.0,0.3166666666666666,0.5333333333333333,0.75,0.3166666666666666,0.5333333333333333,0.75,0.0,0.1333333333333333,0.5666666666666667,0.3166666666666666,0.5333333333333333,0.75,0.0,0.0,0.0
20260628,Job-shop,5,296,0.4677242305320508,0.4677242305320508,0.4677242305320508,0.4677242305320508,0.4677242305320508,0.4677242305320508,1,1,0,0,0.0833333333333333,0.35,0.3833333333333333,0.0,0.0,0.0,0.0,0.0,0.0,0.0833333333333333,0.35,0.3833333333333333,0.0833333333333333,0.35,0.3833333333333333,0.05,0.15,0.65,0.0833333333333333,0.35,0.3833333333333333,0.0,0.0,0.0
20260628,Job-shop,5,66,0.5092209238522272,0.5088455695027408,0.5092209238522272,0.5092209238522272,0.5092209238522272,0.5092209238522272,1,1,0,0,0.4333333333333333,0.6166666666666667,0.6833333333333333,0.0,0.0,0.0,0.0,0.0,0.0,0.3833333333333333,0.5666666666666667,0.5833333333333334,0.35,0.4,0.4166666666666667,0.3666666666666666,0.6333333333333333,0.85,0.4333333333333333,0.6166666666666667,0.6833333333333333,0.0,0.0,0.0
20260628,Job-shop,5,154,0.4656658962403551,0.4656658962403551,0.4656658962403551,0.4656658962403551,0.4656658962403551,0.4656658962403551,1,1,0,0,0.0166666666666666,0.2,0.55,0.0,0.0,0.0,0.0,0.0,0.0,0.0166666666666666,0.2,0.55,0.0166666666666666,0.2,0.55,0.15,0.5,0.7,0.0166666666666666,0.2,0.55,0.0,0.0,0.0
20260628,Job-shop,5,158,0.4899714231650607,0.4899714231650607,0.4899714231650607,0.4899714231650607,0.4899714231650607,0.4899714231650607,1,1,0,0,0.05,0.2833333333333333,0.5166666666666667,0.0,0.0,0.0,0.0,0.0,0.0,0.05,0.2833333333333333,0.5166666666666667,0.05,0.2833333333333333,0.5166666666666667,0.4333333333333333,0.55,0.8166666666666667,0.05,0.2833333333333333,0.5166666666666667,0.0,0.0,0.0
20260628,Job-shop,5,294,0.4710737194772251,0.4934877723655536,0.4934877723655536,0.4710737194772251,0.4710737194772251,0.4934877723655536,1,1,0,0,0.8,0.9,0.8666666666666667,0.0,0.0,0.0,0.0,0.0,0.0,0.8,0.9,0.8666666666666667,0.8,0.9,0.8666666666666667,0.15,0.4166666666666667,0.65,0.8,0.9,0.8666666666666667,0.0,0.0,0.0
20260628,Job-shop,5,199,0.4687726311109993,0.5088946865692988,0.5088946865692988,0.4687726311109993,0.4687726311109993,0.5088946865692988,1,1,0,0,0.5666666666666667,0.7166666666666667,0.8333333333333334,0.0,0.0,0.0,0.0,0.0,0.0,0.5666666666666667,0.7166666666666667,0.8166666666666667,0.5666666666666667,0.7166666666666667,0.8333333333333334,0.6166666666666667,0.8,0.9333333333333332,0.5666666666666667,0.7166666666666667,0.8333333333333334,0.0,0.0,0.0
20260628,Job-shop,3,247,0.5065927372074406,0.5282085642835593,0.5282085642835593,0.5065927372074406,0.5065927372074406,0.5282085642835593,1,1,0,0,0.0,0.1833333333333333,0.3333333333333333,0.0,0.0,0.0,0.0,0.0,0.0,0.0,0.1833333333333333,0.3333333333333333,0.0,0.1833333333333333,0.3333333333333333,0.5333333333333333,0.45,0.6833333333333333,0.0,0.1833333333333333,0.3333333333333333,0.0,0.0,0.0
20260628,Job-shop,4,95,0.4918531602045232,0.50277272341843,0.50277272341843,0.4918531602045232,0.4918531602045232,0.50277272341843,1,1,0,0,0.3333333333333333,0.2666666666666666,0.3166666666666666,0.0,0.0,0.0,0.0,0.0,0.0,0.3333333333333333,0.2666666666666666,0.3333333333333333,0.4333333333333333,0.6333333333333333,0.5666666666666667,0.35,0.4333333333333333,0.5666666666666667,0.3333333333333333,0.2666666666666666,0.3166666666666666,0.0,0.0,0.0
20260628,Job-shop,3,189,0.5019702048569699,0.5130489580400284,0.5130489580400284,0.5019702048569699,0.5019702048569699,0.5130489580400284,1,1,0,0,0.1833333333333333,0.1833333333333333,0.4166666666666667,0.0,0.0,0.0,0.0,0.0,0.0,0.1833333333333333,0.1833333333333333,0.4166666666666667,0.1833333333333333,0.1833333333333333,0.4166666666666667,0.2833333333333333,0.3666666666666666,0.7,0.1833333333333333,0.1833333333333333,0.4166666666666667,0.0,0.0,0.0
20260628,Job-shop,4,65,0.5078683549126615,0.5078683549126615,0.5078683549126615,0.5078683549126615,0.5078683549126615,0.5078683549126615,1,1,0,0,0.0,0.0666666666666666,0.2833333333333333,0.0,0.0,0.0,0.0,0.0,0.0,0.0,0.0666666666666666,0.3,0.0,0.0666666666666666,0.2833333333333333,0.3333333333333333,0.3833333333333333,0.65,0.0,0.0666666666666666,0.2833333333333333,0.0,0.0,0.0
20260628,Job-shop,3,175,0.4922586663910787,0.4922586663910787,0.4922586663910787,0.4922586663910787,0.4922586663910787,0.4922586663910787,1,1,0,0,0.0,0.0333333333333333,0.1833333333333333,0.0,0.0,0.0,0.0,0.0,0.0,0.0,0.0333333333333333,0.2,0.0166666666666666,0.05,0.2666666666666666,0.2666666666666666,0.4833333333333333,0.55,0.0,0.0333333333333333,0.1833333333333333,0.0,0.0,0.0
20260628,Job-shop,4,164,0.4927119284581374,0.4970742640254111,0.4970742640254111,0.4927119284581374,0.4927119284581374,0.4970742640254111,1,1,0,0,0.2,0.3666666666666666,0.6833333333333333,0.0,0.0,0.0,0.0,0.0,0.0,0.2,0.3666666666666666,0.6833333333333333,0.2,0.3666666666666666,0.6833333333333333,0.0333333333333333,0.1666666666666666,0.2666666666666666,0.2,0.3666666666666666,0.6833333333333333,0.0,0.0,0.0
20260628,Job-shop,5,220,0.472065034780699,0.472065034780699,0.472065034780699,0.472065034780699,0.472065034780699,0.472065034780699,1,1,0,0,0.2166666666666666,0.5,0.6333333333333333,0.0,0.0,0.0,0.0,0.0,0.0,0.2166666666666666,0.5,0.6333333333333333,0.2166666666666666,0.5,0.6333333333333333,0.5333333333333333,0.75,0.6833333333333333,0.2166666666666666,0.5,0.6333333333333333,0.0,0.0,0.0
20260628,Job-shop,3,234,0.4846475881474448,0.4846475881474448,0.4846475881474448,0.4846475881474448,0.4846475881474448,0.4846475881474448,1,1,0,0,0.1666666666666666,0.2833333333333333,0.4333333333333333,0.0,0.0,0.0,0.0,0.0,0.0,0.1666666666666666,0.2833333333333333,0.4333333333333333,0.1666666666666666,0.2833333333333333,0.4333333333333333,0.3,0.3,0.7666666666666667,0.1666666666666666,0.2833333333333333,0.4333333333333333,0.0,0.0,0.0
20260628,Job-shop,4,109,0.5092983432124788,0.5183733660453821,0.5183733660453821,0.5092983432124788,0.5092983432124788,0.5183733660453821,1,1,0,0,0.7666666666666667,0.7833333333333333,0.85,0.0,0.0,0.0,0.0,0.0,0.0,0.7666666666666667,0.7833333333333333,0.85,0.7666666666666667,0.7833333333333333,0.85,0.3333333333333333,0.6,0.8333333333333334,0.7666666666666667,0.7833333333333333,0.85,0.0,0.0,0.0
20260628,Job-shop,3,254,0.4924081851926389,0.4924081851926389,0.4924081851926389,0.4924081851926389,0.4924081851926389,0.4924081851926389,1,1,0,0,0.0,0.1166666666666666,0.3333333333333333,0.0,0.0,0.0,0.0,0.0,0.0,0.0,0.1166666666666666,0.3333333333333333,0.0,0.1166666666666666,0.3333333333333333,0.0,0.1,0.5833333333333334,0.0,0.1166666666666666,0.3333333333333333,0.0,0.0,0.0
20260628,Job-shop,4,273,0.4796419841054569,0.4889135040059648,0.4889135040059648,0.4796419841054569,0.4796419841054569,0.4889135040059648,1,1,0,0,0.0333333333333333,0.3,0.7333333333333333,0.0,0.0,0.0,0.0,0.0,0.0,0.0333333333333333,0.2666666666666666,0.6666666666666666,0.0333333333333333,0.2666666666666666,0.6166666666666667,0.55,0.8,0.8166666666666667,0.0333333333333333,0.3,0.7333333333333333,0.0,0.0,0.0
20260628,Job-shop,3,167,0.5187134045482887,0.5164022346571776,0.5164022346571776,0.5187134045482887,0.5187134045482887,0.5164022346571776,1,1,0,0,0.1166666666666666,0.3833333333333333,0.6333333333333333,0.0,0.0,0.0,0.0,0.0,0.0,0.1166666666666666,0.3833333333333333,0.6333333333333333,0.1166666666666666,0.3833333333333333,0.6333333333333333,0.2833333333333333,0.6666666666666666,0.6833333333333333,0.1166666666666666,0.3833333333333333,0.6333333333333333,0.0,0.0,0.0
20260628,Job-shop,5,277,0.4697528607724223,0.4498659503160169,0.4498659503160169,0.4697528607724223,0.4697528607724223,0.4498659503160169,1,1,0,0,0.05,0.25,0.4166666666666667,0.0,0.0,0.0,0.0,0.0,0.0,0.05,0.25,0.4166666666666667,0.05,0.25,0.4166666666666667,0.1166666666666666,0.4333333333333333,0.5666666666666667,0.05,0.25,0.4166666666666667,0.0,0.0,0.0
20260628,Job-shop,4,294,0.4941744014391984,0.4941744014391984,0.4941744014391984,0.4941744014391984,0.4941744014391984,0.4941744014391984,1,1,0,0,0.4666666666666667,0.5166666666666667,0.7166666666666667,0.0,0.0,0.0,0.0,0.0,0.0,0.4666666666666667,0.5166666666666667,0.7166666666666667,0.4666666666666667,0.5166666666666667,0.7,0.35,0.4333333333333333,0.65,0.4666666666666667,0.5166666666666667,0.7166666666666667,0.0,0.0,0.0
20260628,Job-shop,3,290,0.5103226071199828,0.526807524442922,0.526807524442922,0.5103226071199828,0.5103226071199828,0.526807524442922,1,1,0,0,0.0833333333333333,0.1666666666666666,0.45,0.0,0.0,0.0,0.0,0.0,0.0,0.05,0.15,0.4166666666666667,0.0833333333333333,0.1666666666666666,0.45,0.0,0.2333333333333333,0.6666666666666666,0.0833333333333333,0.1666666666666666,0.45,0.0,0.0,0.0
20260628,Job-shop,5,240,0.5001123059648793,0.4775386010599739,0.4775386010599739,0.5001123059648793,0.5001123059648793,0.4775386010599739,1,1,0,0,0.6833333333333333,0.8833333333333333,0.9333333333333332,0.0,0.0,0.0,0.0,0.0,0.0,0.6833333333333333,0.8833333333333333,0.9333333333333332,0.6833333333333333,0.8833333333333333,0.9333333333333332,0.0,0.1833333333333333,0.4166666666666667,0.6833333333333333,0.8833333333333333,0.9333333333333332,0.0,0.0,0.0
20260628,Job-shop,3,202,0.4928543247636624,0.4928543247636624,0.4928543247636624,0.4928543247636624,0.4928543247636624,0.4928543247636624,1,1,0,0,0.0833333333333333,0.3,0.5333333333333333,0.0,0.0,0.0,0.0,0.0,0.0,0.4,0.5166666666666667,0.7166666666666667,0.0166666666666666,0.1833333333333333,0.4,0.5333333333333333,0.7333333333333333,0.85,0.0833333333333333,0.3,0.5333333333333333,0.0,0.0,0.0
20260628,Job-shop,3,94,0.5345043218518666,0.5193958358636053,0.5193958358636053,0.5345043218518666,0.5345043218518666,0.5193958358636053,1,1,0,0,0.0833333333333333,0.1666666666666666,0.5333333333333333,0.0,0.0,0.0,0.0,0.0,0.0,0.0833333333333333,0.1666666666666666,0.5333333333333333,0.0833333333333333,0.1666666666666666,0.5333333333333333,0.0,0.0666666666666666,0.4333333333333333,0.0833333333333333,0.1666666666666666,0.5333333333333333,0.0,0.0,0.0
20260628,Job-shop,5,128,0.4967556590670609,0.5342419563569685,0.5342419563569685,0.4967556590670609,0.4967556590670609,0.5342419563569685,1,1,0,0,0.0333333333333333,0.1833333333333333,0.4833333333333333,0.0,0.0,0.0,0.0,0.0,0.0,0.0,0.1333333333333333,0.4666666666666667,0.1,0.35,0.5,0.3666666666666666,0.5833333333333334,0.8833333333333333,0.0333333333333333,0.1833333333333333,0.4833333333333333,0.0,0.0,0.0
20260628,Job-shop,5,175,0.4863012355612165,0.467319315864825,0.4487581747067866,0.4863012355612165,0.4863012355612165,0.4487581747067866,1,1,0,0,0.1333333333333333,0.5333333333333333,0.7833333333333333,0.0,0.0,0.0,0.0,0.0,0.0,0.1333333333333333,0.5333333333333333,0.7833333333333333,0.1333333333333333,0.5333333333333333,0.7833333333333333,0.0833333333333333,0.3833333333333333,0.6333333333333333,0.1333333333333333,0.5333333333333333,0.7833333333333333,0.0,0.0,0.0
20260628,Job-shop,3,143,0.5009037275834965,0.5227776214998425,0.5227776214998425,0.5009037275834965,0.5009037275834965,0.5227776214998425,1,1,0,0,0.0333333333333333,0.25,0.4666666666666667,0.0,0.0,0.0,0.0,0.0,0.0,0.0333333333333333,0.25,0.4666666666666667,0.0333333333333333,0.25,0.4666666666666667,0.3333333333333333,0.4833333333333333,0.6333333333333333,0.0333333333333333,0.25,0.4666666666666667,0.0,0.0,0.0
20260628,Job-shop,3,87,0.5306944689349803,0.531704120150164,0.5306944689349803,0.5306944689349803,0.5306944689349803,0.5306944689349803,1,1,0,0,0.1833333333333333,0.2833333333333333,0.35,0.0,0.0,0.0,0.0,0.0,0.0,0.0166666666666666,0.2,0.3,0.1833333333333333,0.2833333333333333,0.35,0.5,0.7166666666666667,0.8333333333333334,0.1833333333333333,0.2833333333333333,0.35,0.0,0.0,0.0
20260628,Job-shop,3,216,0.5092879512221752,0.5195963278635626,0.5195963278635626,0.5092879512221752,0.5092879512221752,0.5195963278635626,1,1,0,0,0.4166666666666667,0.3833333333333333,0.3666666666666666,0.0,0.0,0.0,0.0,0.0,0.0,0.4166666666666667,0.3833333333333333,0.3666666666666666,0.4166666666666667,0.3833333333333333,0.3666666666666666,0.1,0.35,0.6666666666666666,0.4166666666666667,0.3833333333333333,0.3666666666666666,0.0,0.0,0.0
20260628,Job-shop,5,100,0.5273690076286714,0.5273690076286714,0.5273690076286714,0.5273690076286714,0.5273690076286714,0.5273690076286714,1,1,0,0,0.0333333333333333,0.4,0.7,0.0,0.0,0.0,0.0,0.0,0.0,0.0333333333333333,0.4,0.7,0.0333333333333333,0.4,0.7,0.2166666666666666,0.6,0.8166666666666667,0.0333333333333333,0.4,0.7,0.0,0.0,0.0
20260628,Job-shop,4,74,0.4760035446587876,0.5366889491204297,0.5366889491204297,0.4760035446587876,0.4760035446587876,0.5366889491204297,1,1,0,0,0.0,0.0,0.15,0.0,0.0,0.0,0.0,0.0,0.0,0.0,0.0,0.15,0.0,0.0,0.15,0.6,0.6333333333333333,0.8,0.0,0.0,0.15,0.0,0.0,0.0
20260628,Job-shop,5,152,0.4609264294068112,0.4609264294068112,0.4609264294068112,0.4609264294068112,0.4609264294068112,0.4609264294068112,1,1,0,0,0.0,0.0666666666666666,0.35,0.0,0.0,0.0,0.0,0.0,0.0,0.0,0.0666666666666666,0.35,0.0,0.0666666666666666,0.35,0.0,0.0,0.2333333333333333,0.0,0.0666666666666666,0.35,0.0,0.0,0.0
20260628,Job-shop,5,243,0.4886956498830266,0.4886956498830266,0.4886956498830266,0.4886956498830266,0.4886956498830266,0.4886956498830266,1,1,0,0,0.4,0.8,0.8166666666666667,0.0,0.0,0.0,0.0,0.0,0.0,0.25,0.7666666666666667,0.7833333333333333,0.4,0.8,0.8166666666666667,0.5666666666666667,0.65,0.55,0.4,0.8,0.8166666666666667,0.0,0.0,0.0
20260628,Job-shop,4,198,0.496996084787102,0.4985686872163359,0.4985686872163359,0.496996084787102,0.496996084787102,0.4985686872163359,1,1,0,0,0.7166666666666667,0.7666666666666667,0.8333333333333334,0.0,0.0,0.0,0.0,0.0,0.0,0.7,0.7666666666666667,0.8166666666666667,0.7166666666666667,0.8,0.8333333333333334,0.2666666666666666,0.4,0.5,0.7166666666666667,0.7666666666666667,0.8333333333333334,0.0,0.0,0.0
20260628,Job-shop,5,147,0.5069748452087048,0.4890147955697196,0.472936147668742,0.5069748452087048,0.5069748452087048,0.472936147668742,1,1,0,0,0.7333333333333333,0.8833333333333333,0.9166666666666666,0.0,0.0,0.0,0.0,0.0,0.0,0.7333333333333333,0.8833333333333333,0.9166666666666666,0.7333333333333333,0.8833333333333333,0.9166666666666666,0.4333333333333333,0.65,0.6833333333333333,0.7333333333333333,0.8833333333333333,0.9166666666666666,0.0,0.0,0.0
20260628,Job-shop,5,161,0.4665898059443636,0.4758925110869725,0.4758925110869725,0.4665898059443636,0.4665898059443636,0.4758925110869725,1,1,0,0,0.0833333333333333,0.2833333333333333,0.6166666666666667,0.0,0.0,0.0,0.0,0.0,0.0,0.0833333333333333,0.2833333333333333,0.5833333333333334,0.0833333333333333,0.2833333333333333,0.5833333333333334,0.2,0.2833333333333333,0.5833333333333334,0.0833333333333333,0.2833333333333333,0.6166666666666667,0.0,0.0,0.0
20260628,Job-shop,3,138,0.4952587867379334,0.4952587867379334,0.4952587867379334,0.4952587867379334,0.4952587867379334,0.4952587867379334,1,1,0,0,0.0,0.0166666666666666,0.2333333333333333,0.0,0.0,0.0,0.0,0.0,0.0,0.0,0.0166666666666666,0.2333333333333333,0.0,0.0166666666666666,0.2333333333333333,0.45,0.4166666666666667,0.75,0.0,0.0166666666666666,0.2333333333333333,0.0,0.0,0.0
20260628,Job-shop,4,275,0.4739812323794237,0.4739812323794237,0.4739812323794237,0.4739812323794237,0.4739812323794237,0.4739812323794237,1,1,0,0,0.0,0.2,0.35,0.0,0.0,0.0,0.0,0.0,0.0,0.0,0.2,0.35,0.0,0.2,0.35,0.0,0.3166666666666666,0.7333333333333333,0.0,0.2,0.35,0.0,0.0,0.0
20260628,Job-shop,3,177,0.5412662922766027,0.5324964948369908,0.5324964948369908,0.5412662922766027,0.5412662922766027,0.5324964948369908,1,1,0,0,0.7,0.8,0.8166666666666667,0.0,0.0,0.0,0.0,0.0,0.0,0.7,0.8,0.8166666666666667,0.7666666666666667,0.8333333333333334,0.8333333333333334,0.0666666666666666,0.2666666666666666,0.6166666666666667,0.7,0.8,0.8166666666666667,0.0,0.0,0.0
20260628,Job-shop,3,272,0.5194259215710336,0.5397401200400757,0.5397401200400757,0.5194259215710336,0.5194259215710336,0.5397401200400757,1,1,0,0,0.7,0.65,0.7,0.0,0.0,0.0,0.0,0.0,0.0,0.7,0.65,0.7,0.7,0.65,0.7,0.3,0.5,0.6666666666666666,0.7,0.65,0.7,0.0,0.0,0.0
20260628,WFG2,3,72,0.131560551065937,0.131560551065937,0.131560551065937,0.131560551065937,0.131560551065937,0.131560551065937,1,1,0,0,0.0,0.0,0.0,0.0,0.0,0.0,0.0,0.0,0.0,0.0,0.0,0.0,0.0,0.0,0.0,0.0,0.0,0.0166666666666666,0.0,0.0,0.0,0.0,0.0,0.0
20260628,WFG2,3,152,0.1144651194917344,0.1144651194917344,0.1144651194917344,0.1144651194917344,0.1144651194917344,0.1144651194917344,1,1,0,0,0.0,0.0,0.0,0.0,0.0,0.0,0.0,0.0,0.0,0.0,0.0,0.0,0.0,0.0,0.0,0.0,0.0,0.0333333333333333,0.0,0.0,0.0,0.0,0.0,0.0
20260628,WFG2,6,168,0.283848751919414,0.4567030808288656,0.4567030808288656,0.283848751919414,0.283848751919414,0.4567030808288656,1,1,0,0,0.0,0.0,0.0,0.0,0.0,0.0,0.0,0.0,0.0,0.0,0.0,0.0,0.0,0.0,0.0,0.4,0.4833333333333333,0.7,0.0,0.0,0.0,0.0,0.0,0.0
20260628,WFG2,8,208,0.4950673999160217,0.4950673999160217,0.4950673999160217,0.4950673999160217,0.4950673999160217,0.4950673999160217,1,1,0,0,0.0,0.0,0.0166666666666666,0.0,0.0,0.0,0.0,0.0,0.0,0.0,0.0,0.0166666666666666,0.0,0.0,0.0166666666666666,0.3333333333333333,0.7,0.9,0.0,0.0,0.0166666666666666,0.0,0.0,0.0
20260628,WFG2,14,192,0.6031871320181158,0.6031871320181158,0.6031871320181158,0.6031871320181158,0.6031871320181158,0.6031871320181158,1,1,0,0,0.1333333333333333,0.15,0.2,0.0,0.0,0.0,0.0,0.0,0.0,0.1333333333333333,0.15,0.2,0.1333333333333333,0.15,0.2,0.5166666666666667,0.8166666666666667,0.9666666666666668,0.1333333333333333,0.15,0.2,0.0,0.0,0.0
20260628,WFG2,4,149,0.1868372681958536,0.1868372681958536,0.1868372681958536,0.1868372681958536,0.1868372681958536,0.1868372681958536,1,1,0,0,0.0,0.0,0.0,0.0,0.0,0.0,0.0,0.0,0.0,0.0,0.0,0.0,0.0,0.0,0.0,0.2333333333333333,0.3333333333333333,0.3833333333333333,0.0,0.0,0.0,0.0,0.0,0.0
20260628,WFG2,5,218,0.3524875662396484,0.3524875662396484,0.3524875662396484,0.3524875662396484,0.3524875662396484,0.3524875662396484,1,1,0,0,0.0,0.0,0.0,0.0,0.0,0.0,0.0,0.0,0.0,0.0,0.0,0.0,0.0,0.0,0.0,0.2,0.45,0.6166666666666667,0.0,0.0,0.0,0.0,0.0,0.0
20260628,WFG2,6,410,0.2540618631421969,0.2540618631421969,0.2540618631421969,0.2540618631421969,0.2540618631421969,0.2540618631421969,1,1,0,0,0.0,0.0,0.0,0.0,0.0,0.0,0.0,0.0,0.0,0.0,0.0,0.0,0.0,0.0,0.0,0.05,0.2,0.2666666666666666,0.0,0.0,0.0,0.0,0.0,0.0
20260628,WFG2,12,142,0.4831752482238031,0.4831752482238031,0.4831752482238031,0.4831752482238031,0.4831752482238031,0.4831752482238031,1,1,0,0,0.0,0.0,0.0,0.0,0.0,0.0,0.0,0.0,0.0,0.0,0.0,0.0,0.0,0.0,0.0,0.3333333333333333,0.6666666666666666,0.7333333333333333,0.0,0.0,0.0,0.0,0.0,0.0
20260628,WFG2,4,118,0.2964665583949977,0.2964665583949977,0.2964665583949977,0.2964665583949977,0.2964665583949977,0.2964665583949977,1,1,0,0,0.0,0.0,0.0,0.0,0.0,0.0,0.0,0.0,0.0,0.0,0.0,0.0,0.0,0.0,0.0,0.0,0.0,0.0166666666666666,0.0,0.0,0.0,0.0,0.0,0.0
20260628,WFG2,13,282,0.5298963068872653,0.5298963068872653,0.5298963068872653,0.5298963068872653,0.5298963068872653,0.5298963068872653,1,1,0,0,0.0,0.0,0.0166666666666666,0.0,0.0,0.0,0.0,0.0,0.0,0.0,0.0,0.0166666666666666,0.0,0.0,0.0166666666666666,0.4666666666666667,0.7166666666666667,0.9666666666666668,0.0,0.0,0.0166666666666666,0.0,0.0,0.0
20260628,WFG2,11,476,0.4252448018318002,0.6030181357559471,0.6030181357559471,0.4252448018318002,0.4252448018318002,0.6030181357559471,1,1,0,0,0.0,0.0,0.0,0.0,0.0,0.0,0.0,0.0,0.0,0.0,0.0,0.0,0.0,0.0,0.0,0.6833333333333333,0.8833333333333333,0.95,0.0,0.0,0.0,0.0,0.0,0.0
20260628,WFG2,11,78,0.5083865883319559,0.5083865883319559,0.5083865883319559,0.5083865883319559,0.5083865883319559,0.5083865883319559,1,1,0,0,0.0,0.0,0.0,0.0,0.0,0.0,0.0,0.0,0.0,0.0,0.0,0.0,0.0,0.0,0.0,0.0666666666666666,0.3166666666666666,0.6,0.0,0.0,0.0,0.0,0.0,0.0
20260628,WFG2,9,167,0.4814000186540346,0.4814000186540346,0.4814000186540346,0.4814000186540346,0.4814000186540346,0.4814000186540346,1,1,0,0,0.0,0.0,0.0,0.0,0.0,0.0,0.0,0.0,0.0,0.0,0.0,0.0,0.0,0.0,0.0,0.2166666666666666,0.5333333333333333,0.8333333333333334,0.0,0.0,0.0,0.0,0.0,0.0
20260628,WFG2,7,292,0.3788648654059945,0.3788648654059945,0.3788648654059945,0.3788648654059945,0.3788648654059945,0.3788648654059945,1,1,0,0,0.0,0.0,0.0,0.0,0.0,0.0,0.0,0.0,0.0,0.0,0.0,0.0,0.0,0.0,0.0,0.0166666666666666,0.3,0.7,0.0,0.0,0.0,0.0,0.0,0.0
20260628,WFG2,10,327,0.5011158838147994,0.5011158838147994,0.5011158838147994,0.5011158838147994,0.5011158838147994,0.5011158838147994,1,1,0,0,0.0166666666666666,0.1833333333333333,0.2333333333333333,0.0,0.0,0.0,0.0,0.0,0.0,0.0166666666666666,0.1833333333333333,0.2333333333333333,0.0166666666666666,0.1833333333333333,0.2333333333333333,0.3333333333333333,0.5,0.7333333333333333,0.0166666666666666,0.1833333333333333,0.2333333333333333,0.0,0.0,0.0
20260628,WFG2,13,141,0.5548587405295689,0.5548587405295689,0.5548587405295689,0.5548587405295689,0.5548587405295689,0.5548587405295689,1,1,0,0,0.0,0.0,0.0,0.0,0.0,0.0,0.0,0.0,0.0,0.0,0.0,0.0,0.0,0.0,0.0,0.1166666666666666,0.3333333333333333,0.7166666666666667,0.0,0.0,0.0,0.0,0.0,0.0
20260628,WFG2,3,107,0.105149913694806,0.105149913694806,0.105149913694806,0.105149913694806,0.105149913694806,0.105149913694806,1,1,0,0,0.0,0.0,0.0,0.0,0.0,0.0,0.0,0.0,0.0,0.0,0.0,0.0,0.0,0.0,0.0,0.0,0.0,0.0166666666666666,0.0,0.0,0.0,0.0,0.0,0.0
20260628,WFG2,13,392,0.5314466058805754,0.5314466058805754,0.5314466058805754,0.5314466058805754,0.5314466058805754,0.5314466058805754,1,1,0,0,0.0,0.0,0.0,0.0,0.0,0.0,0.0,0.0,0.0,0.0,0.0,0.0,0.0,0.0,0.0,0.4166666666666667,0.65,0.95,0.0,0.0,0.0,0.0,0.0,0.0
20260628,WFG2,9,249,0.3685217533624572,0.3685217533624572,0.3685217533624572,0.3685217533624572,0.3685217533624572,0.3685217533624572,1,1,0,0,0.0,0.0,0.0,0.0,0.0,0.0,0.0,0.0,0.0,0.0,0.0,0.0,0.0,0.0,0.0,0.1,0.2833333333333333,0.5,0.0,0.0,0.0,0.0,0.0,0.0
20260628,WFG2,7,262,0.4668305823954249,0.4668305823954249,0.4668305823954249,0.4668305823954249,0.4668305823954249,0.4668305823954249,1,1,0,0,0.0,0.0,0.0,0.0,0.0,0.0,0.0,0.0,0.0,0.0,0.0,0.0,0.0,0.0,0.0,0.1833333333333333,0.4166666666666667,0.7833333333333333,0.0,0.0,0.0,0.0,0.0,0.0
20260628,WFG2,8,285,0.444284831264828,0.444284831264828,0.444284831264828,0.444284831264828,0.444284831264828,0.444284831264828,1,1,0,0,0.0,0.0,0.0,0.0,0.0,0.0,0.0,0.0,0.0,0.0,0.0,0.0,0.0,0.0,0.0,0.0,0.1666666666666666,0.7166666666666667,0.0,0.0,0.0,0.0,0.0,0.0
20260628,WFG2,15,211,0.5438266729406318,0.5438266729406318,0.5438266729406318,0.5438266729406318,0.5438266729406318,0.5438266729406318,1,1,0,0,0.0,0.0,0.0,0.0,0.0,0.0,0.0,0.0,0.0,0.0,0.0,0.0,0.0,0.0,0.0,0.4,0.7166666666666667,0.9166666666666666,0.0,0.0,0.0,0.0,0.0,0.0
20260628,WFG2,13,98,0.5467425458076972,0.5467425458076972,0.5467425458076972,0.5467425458076972,0.5467425458076972,0.5467425458076972,1,1,0,0,0.0,0.0,0.0,0.0,0.0,0.0,0.0,0.0,0.0,0.0,0.0,0.0,0.0,0.0,0.0,0.0833333333333333,0.4166666666666667,0.7333333333333333,0.0,0.0,0.0,0.0,0.0,0.0
20260628,WFG2,8,151,0.4343218901084006,0.4343218901084006,0.4343218901084006,0.4343218901084006,0.4343218901084006,0.4343218901084006,1,1,0,0,0.0,0.0,0.0,0.0,0.0,0.0,0.0,0.0,0.0,0.0,0.0,0.0,0.0,0.0,0.0,0.35,0.5833333333333334,0.8666666666666667,0.0,0.0,0.0,0.0,0.0,0.0
20260628,WFG2,9,217,0.289590570152905,0.289590570152905,0.289590570152905,0.289590570152905,0.289590570152905,0.289590570152905,1,1,0,0,0.0,0.0,0.0,0.0,0.0,0.0,0.0,0.0,0.0,0.0,0.0,0.0,0.0,0.0,0.0,0.0,0.0,0.1166666666666666,0.0,0.0,0.0,0.0,0.0,0.0
20260628,WFG2,6,78,0.4839328353093173,0.4839328353093173,0.4839328353093173,0.4839328353093173,0.4839328353093173,0.4839328353093173,1,1,0,0,0.0,0.0,0.0,0.0,0.0,0.0,0.0,0.0,0.0,0.0,0.0,0.0,0.0,0.0,0.0,0.0,0.3833333333333333,0.7666666666666667,0.0,0.0,0.0,0.0,0.0,0.0
20260628,WFG2,8,286,0.4798971941810114,0.4798971941810114,0.4798971941810114,0.4798971941810114,0.4798971941810114,0.4798971941810114,1,1,0,0,0.0,0.0,0.0,0.0,0.0,0.0,0.0,0.0,0.0,0.0,0.0,0.0,0.0,0.0,0.0,0.3166666666666666,0.6666666666666666,0.8666666666666667,0.0,0.0,0.0,0.0,0.0,0.0
20260628,WFG2,9,404,0.4315880930777648,0.5121260242690912,0.5121260242690912,0.4315880930777648,0.4315880930777648,0.5121260242690912,1,1,0,0,0.0,0.0,0.0166666666666666,0.0,0.0,0.0,0.0,0.0,0.0,0.0,0.0,0.0166666666666666,0.0,0.0,0.0166666666666666,0.05,0.4,0.7,0.0,0.0,0.0166666666666666,0.0,0.0,0.0
20260628,WFG2,11,494,0.486966679066721,0.486966679066721,0.486966679066721,0.486966679066721,0.486966679066721,0.486966679066721,1,1,0,0,0.0,0.0,0.0,0.0,0.0,0.0,0.0,0.0,0.0,0.0,0.0,0.0,0.0,0.0,0.0,0.35,0.4833333333333333,0.8333333333333334,0.0,0.0,0.0,0.0,0.0,0.0
20260628,WFG2,8,219,0.4922804714166095,0.4922804714166095,0.4922804714166095,0.4922804714166095,0.4922804714166095,0.4922804714166095,1,1,0,0,0.0,0.0,0.0,0.0,0.0,0.0,0.0,0.0,0.0,0.0,0.0,0.0,0.0,0.0,0.0,0.4333333333333333,0.8166666666666667,0.9666666666666668,0.0,0.0,0.0,0.0,0.0,0.0
20260628,WFG2,10,449,0.422789104755328,0.422789104755328,0.422789104755328,0.422789104755328,0.422789104755328,0.422789104755328,1,1,0,0,0.0,0.0,0.0,0.0,0.0,0.0,0.0,0.0,0.0,0.0,0.0,0.0,0.0,0.0,0.0,0.4,0.5833333333333334,0.65,0.0,0.0,0.0,0.0,0.0,0.0
20260628,WFG2,7,134,0.5029184471994965,0.5029184471994965,0.5029184471994965,0.5029184471994965,0.5029184471994965,0.5029184471994965,1,1,0,0,0.0,0.0,0.0,0.0,0.0,0.0,0.0,0.0,0.0,0.0,0.0,0.0,0.0,0.0,0.0,0.7833333333333333,0.9166666666666666,0.95,0.0,0.0,0.0,0.0,0.0,0.0
20260628,WFG2,15,386,0.4933905860905476,0.4933905860905476,0.4933905860905476,0.4933905860905476,0.4933905860905476,0.4933905860905476,1,1,0,0,0.0,0.0,0.0,0.0,0.0,0.0,0.0,0.0,0.0,0.0,0.0,0.0,0.0,0.0,0.0,0.2166666666666666,0.55,0.75,0.0,0.0,0.0,0.0,0.0,0.0
20260628,WFG2,13,131,0.4966458770552838,0.4966458770552838,0.4966458770552838,0.4966458770552838,0.4966458770552838,0.4966458770552838,1,1,0,0,0.0,0.0,0.0,0.0,0.0,0.0,0.0,0.0,0.0,0.0,0.0,0.0,0.0,0.0,0.0,0.0,0.0166666666666666,0.25,0.0,0.0,0.0,0.0,0.0,0.0
20260628,WFG2,14,95,0.5463794387555031,0.5463794387555031,0.5463794387555031,0.5463794387555031,0.5463794387555031,0.5463794387555031,1,1,0,0,0.0,0.0,0.0,0.0,0.0,0.0,0.0,0.0,0.0,0.0,0.0,0.0,0.0,0.0,0.0,0.0,0.2,0.7666666666666667,0.0,0.0,0.0,0.0,0.0,0.0
20260628,WFG2,3,114,0.1496095295094491,0.1496095295094491,0.1496095295094491,0.1496095295094491,0.1496095295094491,0.1496095295094491,1,1,0,0,0.0,0.0,0.0,0.0,0.0,0.0,0.0,0.0,0.0,0.0,0.0,0.0,0.0,0.0,0.0,0.0,0.0,0.1666666666666666,0.0,0.0,0.0,0.0,0.0,0.0
20260628,WFG2,3,153,0.1171850204860131,0.1171850204860131,0.1171850204860131,0.1171850204860131,0.1171850204860131,0.1171850204860131,1,1,0,0,0.0,0.0,0.0,0.0,0.0,0.0,0.0,0.0,0.0,0.0,0.0,0.0,0.0,0.0,0.0,0.0,0.0,0.0,0.0,0.0,0.0,0.0,0.0,0.0
20260628,WFG2,15,497,0.5168580022252147,0.5168580022252147,0.5168580022252147,0.5168580022252147,0.5168580022252147,0.5168580022252147,1,1,0,0,0.0,0.0,0.0,0.0,0.0,0.0,0.0,0.0,0.0,0.0,0.0,0.0,0.0,0.0,0.0,0.15,0.55,0.8833333333333333,0.0,0.0,0.0,0.0,0.0,0.0
20260628,WFG2,9,84,0.4203992698481715,0.4203992698481715,0.4203992698481715,0.4203992698481715,0.4203992698481715,0.4203992698481715,1,1,0,0,0.0,0.0,0.0,0.0,0.0,0.0,0.0,0.0,0.0,0.0,0.0,0.0,0.0,0.0,0.0,0.0,0.0666666666666666,0.4833333333333333,0.0,0.0,0.0,0.0,0.0,0.0
20260628,WFG2,5,279,0.2557420920095593,0.2557420920095593,0.2557420920095593,0.2557420920095593,0.2557420920095593,0.2557420920095593,1,1,0,0,0.0,0.0,0.0,0.0,0.0,0.0,0.0,0.0,0.0,0.0,0.0,0.0,0.0,0.0,0.0,0.0,0.0666666666666666,0.3666666666666666,0.0,0.0,0.0,0.0,0.0,0.0
20260628,WFG2,7,131,0.4685763500875416,0.4685763500875416,0.4685763500875416,0.4685763500875416,0.4685763500875416,0.4685763500875416,1,1,0,0,0.0,0.0,0.0,0.0,0.0,0.0,0.0,0.0,0.0,0.0,0.0,0.0,0.0,0.0,0.0,0.4166666666666667,0.6,0.7166666666666667,0.0,0.0,0.0,0.0,0.0,0.0
20260628,WFG2,14,299,0.4702954362892826,0.4702954362892826,0.4702954362892826,0.4702954362892826,0.4702954362892826,0.4702954362892826,1,1,0,0,0.0,0.0,0.0,0.0,0.0,0.0,0.0,0.0,0.0,0.0,0.0,0.0,0.0,0.0,0.0,0.35,0.4333333333333333,0.7666666666666667,0.0,0.0,0.0,0.0,0.0,0.0
20260628,WFG2,9,219,0.4814084622053237,0.4814084622053237,0.4814084622053237,0.4814084622053237,0.4814084622053237,0.4814084622053237,1,1,0,0,0.0,0.0333333333333333,0.1666666666666666,0.0,0.0,0.0,0.0,0.0,0.0,0.0,0.0333333333333333,0.1666666666666666,0.0,0.0333333333333333,0.1666666666666666,0.2833333333333333,0.5666666666666667,0.7833333333333333,0.0,0.0333333333333333,0.1666666666666666,0.0,0.0,0.0
20260628,WFG2,5,366,0.2056329653310359,0.2056329653310359,0.2056329653310359,0.2056329653310359,0.2056329653310359,0.2056329653310359,1,1,0,0,0.0,0.0,0.0,0.0,0.0,0.0,0.0,0.0,0.0,0.0,0.0,0.0,0.0,0.0,0.0,0.0,0.0,0.0833333333333333,0.0,0.0,0.0,0.0,0.0,0.0
20260628,WFG2,11,133,0.4968248025655019,0.4968248025655019,0.4968248025655019,0.4968248025655019,0.4968248025655019,0.4968248025655019,1,1,0,0,0.0,0.0,0.0,0.0,0.0,0.0,0.0,0.0,0.0,0.0,0.0,0.0,0.0,0.0,0.0,0.8333333333333334,0.8333333333333334,0.8666666666666667,0.0,0.0,0.0,0.0,0.0,0.0
20260628,WFG2,14,399,0.4852445892960648,0.4852445892960648,0.4852445892960648,0.4852445892960648,0.4852445892960648,0.4852445892960648,1,1,0,0,0.0,0.0,0.0,0.0,0.0,0.0,0.0,0.0,0.0,0.0,0.0,0.0,0.0,0.0,0.0,0.1333333333333333,0.3333333333333333,0.6666666666666666,0.0,0.0,0.0,0.0,0.0,0.0
20260628,WFG2,9,308,0.4308840692159217,0.6110114046900292,0.6110114046900292,0.4308840692159217,0.4308840692159217,0.6110114046900292,1,1,0,0,0.0,0.0,0.0,0.0,0.0,0.0,0.0,0.0,0.0,0.0,0.0,0.0,0.0,0.0,0.0,0.3333333333333333,0.6166666666666667,0.8833333333333333,0.0,0.0,0.0,0.0,0.0,0.0
20260628,WFG2,15,445,0.538505425954921,0.538505425954921,0.538505425954921,0.538505425954921,0.538505425954921,0.538505425954921,1,1,0,0,0.0,0.0,0.0,0.0,0.0,0.0,0.0,0.0,0.0,0.0,0.0,0.0,0.0,0.0,0.0,0.55,0.7333333333333333,0.8833333333333333,0.0,0.0,0.0,0.0,0.0,0.0
20260628,WFG2,14,93,0.4871614936588975,0.4871614936588975,0.4871614936588975,0.4871614936588975,0.4871614936588975,0.4871614936588975,1,1,0,0,0.0,0.0,0.0,0.0,0.0,0.0,0.0,0.0,0.0,0.0,0.0,0.0,0.0,0.0,0.0,0.0,0.2,0.7333333333333333,0.0,0.0,0.0,0.0,0.0,0.0
20260628,WFG2,6,218,0.3694391039464008,0.3694391039464008,0.3694391039464008,0.3694391039464008,0.3694391039464008,0.3694391039464008,1,1,0,0,0.0,0.0,0.0,0.0,0.0,0.0,0.0,0.0,0.0,0.0,0.0,0.0,0.0,0.0,0.0,0.0,0.0333333333333333,0.4,0.0,0.0,0.0,0.0,0.0,0.0
20260628,WFG2,3,103,0.1462040007180305,0.1462040007180305,0.1462040007180305,0.1462040007180305,0.1462040007180305,0.1462040007180305,1,1,0,0,0.0,0.0,0.0,0.0,0.0,0.0,0.0,0.0,0.0,0.0,0.0,0.0,0.0,0.0,0.0,0.0,0.0,0.1833333333333333,0.0,0.0,0.0,0.0,0.0,0.0
20260628,WFG2,5,119,0.3046950146356096,0.3046950146356096,0.3046950146356096,0.3046950146356096,0.3046950146356096,0.3046950146356096,1,1,0,0,0.0,0.0,0.0,0.0,0.0,0.0,0.0,0.0,0.0,0.0,0.0,0.0,0.0,0.0,0.0,0.0,0.0,0.0,0.0,0.0,0.0,0.0,0.0,0.0
20260628,WFG2,3,153,0.056993415525062,0.056993415525062,0.056993415525062,0.056993415525062,0.056993415525062,0.056993415525062,1,1,0,0,0.0,0.0,0.0,0.0,0.0,0.0,0.0,0.0,0.0,0.0,0.0,0.0,0.0,0.0,0.0,0.0,0.0,0.3,0.0,0.0,0.0,0.0,0.0,0.0
20260628,WFG2,15,68,0.57736148866452,0.57736148866452,0.57736148866452,0.57736148866452,0.57736148866452,0.57736148866452,1,1,0,0,0.0,0.0,0.0,0.0,0.0,0.0,0.0,0.0,0.0,0.0,0.0,0.0,0.0,0.0,0.0,0.25,0.5666666666666667,0.85,0.0,0.0,0.0,0.0,0.0,0.0
20260628,WFG2,3,50,0.2688964879370735,0.2688964879370735,0.2688964879370735,0.2688964879370735,0.2688964879370735,0.2688964879370735,1,1,0,0,0.0,0.0,0.0,0.0,0.0,0.0,0.0,0.0,0.0,0.0,0.0,0.0,0.0,0.0,0.0,0.0,0.2,0.4833333333333333,0.0,0.0,0.0,0.0,0.0,0.0
20260628,WFG2,6,92,0.4251779887157386,0.4450587052235364,0.4450587052235364,0.4251779887157386,0.4251779887157386,0.4450587052235364,1,1,0,0,0.0,0.0,0.0666666666666666,0.0,0.0,0.0,0.0,0.0,0.0,0.0,0.0,0.0666666666666666,0.0,0.0,0.0666666666666666,0.1166666666666666,0.2333333333333333,0.65,0.0,0.0,0.0666666666666666,0.0,0.0,0.0
20260628,WFG2,3,174,0.1129716838760016,0.1129716838760016,0.1129716838760016,0.1129716838760016,0.1129716838760016,0.1129716838760016,1,1,0,0,0.0,0.0,0.0,0.0,0.0,0.0,0.0,0.0,0.0,0.0,0.0,0.0,0.0,0.0,0.0,0.0,0.0,0.0,0.0,0.0,0.0,0.0,0.0,0.0
20260628,WFG2,4,68,0.1912429202552413,0.1912429202552413,0.1912429202552413,0.1912429202552413,0.1912429202552413,0.1912429202552413,1,1,0,0,0.0,0.0,0.0,0.0,0.0,0.0,0.0,0.0,0.0,0.0,0.0,0.0,0.0,0.0,0.0,0.0,0.2166666666666666,0.2333333333333333,0.0,0.0,0.0,0.0,0.0,0.0
20260628,WFG2,8,366,0.4439539352000455,0.4439539352000455,0.4439539352000455,0.4439539352000455,0.4439539352000455,0.4439539352000455,1,1,0,0,0.0,0.0,0.0,0.0,0.0,0.0,0.0,0.0,0.0,0.0,0.0,0.0,0.0,0.0,0.0,0.3833333333333333,0.5833333333333334,0.6166666666666667,0.0,0.0,0.0,0.0,0.0,0.0
20260628,WFG2,9,308,0.4506025153525134,0.4506025153525134,0.4506025153525134,0.4506025153525134,0.4506025153525134,0.4506025153525134,1,1,0,0,0.0,0.0,0.0,0.0,0.0,0.0,0.0,0.0,0.0,0.0,0.0,0.0,0.0,0.0,0.0,0.0166666666666666,0.2833333333333333,0.7666666666666667,0.0,0.0,0.0,0.0,0.0,0.0
20260628,WFG2,14,496,0.4568583684161637,0.5195959780663999,0.5195959780663999,0.4568583684161637,0.4568583684161637,0.5195959780663999,1,1,0,0,0.3166666666666666,0.65,0.6166666666666667,0.0,0.0,0.0,0.0,0.0,0.0,0.3166666666666666,0.65,0.6166666666666667,0.3166666666666666,0.65,0.6166666666666667,0.8166666666666667,0.8833333333333333,0.9833333333333332,0.3166666666666666,0.65,0.6166666666666667,0.0,0.0,0.0
20260628,WFG2,4,98,0.3054960327888366,0.3054960327888366,0.3054960327888366,0.3054960327888366,0.3054960327888366,0.3054960327888366,1,1,0,0,0.0,0.0,0.0,0.0,0.0,0.0,0.0,0.0,0.0,0.0,0.0,0.0,0.0,0.0,0.0,0.0,0.0,0.2333333333333333,0.0,0.0,0.0,0.0,0.0,0.0
20260628,WFG2,8,163,0.5158082787332278,0.5158082787332278,0.5158082787332278,0.5158082787332278,0.5158082787332278,0.5158082787332278,1,1,0,0,0.0,0.0,0.0,0.0,0.0,0.0,0.0,0.0,0.0,0.0,0.0,0.0,0.0,0.0,0.0,0.3333333333333333,0.45,0.7166666666666667,0.0,0.0,0.0,0.0,0.0,0.0
20260628,WFG2,12,276,0.4821087931068062,0.4821087931068062,0.4821087931068062,0.4821087931068062,0.4821087931068062,0.4821087931068062,1,1,0,0,0.0,0.0,0.0,0.0,0.0,0.0,0.0,0.0,0.0,0.0,0.0,0.0,0.0,0.0,0.0,0.2,0.5333333333333333,0.8,0.0,0.0,0.0,0.0,0.0,0.0
20260628,WFG2,10,363,0.4428294966699558,0.4428294966699558,0.4428294966699558,0.4428294966699558,0.4428294966699558,0.4428294966699558,1,1,0,0,0.0,0.0,0.0,0.0,0.0,0.0,0.0,0.0,0.0,0.0,0.0,0.0,0.0,0.0,0.0,0.3166666666666666,0.6666666666666666,0.85,0.0,0.0,0.0,0.0,0.0,0.0
20260628,WFG2,13,186,0.5836075091225972,0.5836075091225972,0.5836075091225972,0.5836075091225972,0.5836075091225972,0.5836075091225972,1,1,0,0,0.0,0.0166666666666666,0.05,0.0,0.0,0.0,0.0,0.0,0.0,0.0,0.0166666666666666,0.05,0.0,0.0166666666666666,0.05,0.05,0.3833333333333333,0.7833333333333333,0.0,0.0166666666666666,0.05,0.0,0.0,0.0
20260628,WFG2,8,250,0.3909910165557381,0.3909910165557381,0.3909910165557381,0.3909910165557381,0.3909910165557381,0.3909910165557381,1,1,0,0,0.0,0.0,0.0,0.0,0.0,0.0,0.0,0.0,0.0,0.0,0.0,0.0,0.0,0.0,0.0,0.0,0.0,0.25,0.0,0.0,0.0,0.0,0.0,0.0
20260628,WFG2,8,70,0.5001384170646269,0.5001384170646269,0.5001384170646269,0.5001384170646269,0.5001384170646269,0.5001384170646269,1,1,0,0,0.0,0.0,0.0,0.0,0.0,0.0,0.0,0.0,0.0,0.0,0.0,0.0,0.0,0.0,0.0,0.0166666666666666,0.3,0.6833333333333333,0.0,0.0,0.0,0.0,0.0,0.0
20260628,WFG2,14,115,0.5484070349792501,0.5484070349792501,0.5484070349792501,0.5484070349792501,0.5484070349792501,0.5484070349792501,1,1,0,0,0.0,0.0,0.0,0.0,0.0,0.0,0.0,0.0,0.0,0.0,0.0,0.0,0.0,0.0,0.0,0.6166666666666667,0.7,0.8,0.0,0.0,0.0,0.0,0.0,0.0
20260628,WFG2,12,306,0.3788424956067473,0.3788424956067473,0.3788424956067473,0.3788424956067473,0.3788424956067473,0.3788424956067473,1,1,0,0,0.0,0.0,0.0,0.0,0.0,0.0,0.0,0.0,0.0,0.0,0.0,0.0,0.0,0.0,0.0,0.2,0.3833333333333333,0.5,0.0,0.0,0.0,0.0,0.0,0.0
20260628,WFG2,5,82,0.4949848649024885,0.4949848649024885,0.4949848649024885,0.4949848649024885,0.4949848649024885,0.4949848649024885,1,1,0,0,0.0,0.0,0.0,0.0,0.0,0.0,0.0,0.0,0.0,0.0,0.0,0.0,0.0,0.0,0.0,0.2666666666666666,0.4666666666666667,0.8333333333333334,0.0,0.0,0.0,0.0,0.0,0.0
20260628,WFG2,11,282,0.4482467774452605,0.4482467774452605,0.4482467774452605,0.4482467774452605,0.4482467774452605,0.4482467774452605,1,1,0,0,0.0,0.0,0.0,0.0,0.0,0.0,0.0,0.0,0.0,0.0,0.0,0.0,0.0,0.0,0.0,0.0,0.0833333333333333,0.7333333333333333,0.0,0.0,0.0,0.0,0.0,0.0
20260628,WFG2,12,194,0.5030731884939866,0.6018301831866638,0.6018301831866638,0.5030731884939866,0.5030731884939866,0.6018301831866638,1,1,0,0,0.0,0.0,0.0,0.0,0.0,0.0,0.0,0.0,0.0,0.0,0.0,0.0,0.0,0.0,0.0,0.1166666666666666,0.5333333333333333,0.8166666666666667,0.0,0.0,0.0,0.0,0.0,0.0
20260628,WFG2,10,344,0.4636386819464128,0.6156197231595697,0.6156197231595697,0.4636386819464128,0.4636386819464128,0.6156197231595697,1,1,0,0,0.0,0.0,0.0,0.0,0.0,0.0,0.0,0.0,0.0,0.0,0.0,0.0,0.0,0.0,0.0,0.7,0.7666666666666667,0.9166666666666666,0.0,0.0,0.0,0.0,0.0,0.0
20260628,WFG2,3,32,0.1800080614149918,0.1800080614149918,0.1800080614149918,0.1800080614149918,0.1800080614149918,0.1800080614149918,1,1,0,0,0.0,0.0,0.0,0.0,0.0,0.0,0.0,0.0,0.0,0.0,0.0,0.0,0.0,0.0,0.0,0.0,0.0,0.0,0.0,0.0,0.0,0.0,0.0,0.0
20260628,WFG2,14,192,0.5204769649967774,0.5204769649967774,0.5204769649967774,0.5204769649967774,0.5204769649967774,0.5204769649967774,1,1,0,0,0.0,0.0,0.0,0.0,0.0,0.0,0.0,0.0,0.0,0.0,0.0,0.0,0.0,0.0,0.0,0.6333333333333333,0.85,0.85,0.0,0.0,0.0,0.0,0.0,0.0
20260628,WFG2,5,237,0.2026974881908764,0.2026974881908764,0.2026974881908764,0.2026974881908764,0.2026974881908764,0.2026974881908764,1,1,0,0,0.0,0.0,0.0,0.0,0.0,0.0,0.0,0.0,0.0,0.0,0.0,0.0,0.0,0.0,0.0,0.0,0.0,0.0,0.0,0.0,0.0,0.0,0.0,0.0
20260628,WFG2,4,213,0.215624285414292,0.215624285414292,0.215624285414292,0.215624285414292,0.215624285414292,0.215624285414292,1,1,0,0,0.0,0.0,0.0,0.0,0.0,0.0,0.0,0.0,0.0,0.0,0.0,0.0,0.0,0.0,0.0,0.0,0.0,0.3,0.0,0.0,0.0,0.0,0.0,0.0
20260628,WFG2,8,409,0.4874002711579562,0.4874002711579562,0.4874002711579562,0.4874002711579562,0.4874002711579562,0.4874002711579562,1,1,0,0,0.0,0.0666666666666666,0.2666666666666666,0.0,0.0,0.0,0.0,0.0,0.0,0.0,0.0666666666666666,0.2666666666666666,0.0,0.0666666666666666,0.2666666666666666,0.8,0.95,0.9666666666666668,0.0,0.0666666666666666,0.2666666666666666,0.0,0.0,0.0
20260628,WFG2,6,308,0.2168817836064983,0.2168817836064983,0.2168817836064983,0.2168817836064983,0.2168817836064983,0.2168817836064983,1,1,0,0,0.0,0.0,0.0,0.0,0.0,0.0,0.0,0.0,0.0,0.0,0.0,0.0,0.0,0.0,0.0,0.0,0.0333333333333333,0.1833333333333333,0.0,0.0,0.0,0.0,0.0,0.0
20260628,WFG2,13,435,0.5042370760038608,0.5605640621839183,0.5605640621839183,0.5042370760038608,0.5042370760038608,0.5605640621839183,1,1,0,0,0.0,0.0,0.0166666666666666,0.0,0.0,0.0,0.0,0.0,0.0,0.0,0.0,0.0166666666666666,0.0,0.0,0.0166666666666666,0.5,0.6,0.9,0.0,0.0,0.0166666666666666,0.0,0.0,0.0
20260628,WFG2,5,107,0.1560384240337262,0.1560384240337262,0.1560384240337262,0.1560384240337262,0.1560384240337262,0.1560384240337262,1,1,0,0,0.0,0.0,0.0,0.0,0.0,0.0,0.0,0.0,0.0,0.0,0.0,0.0,0.0,0.0,0.0,0.0,0.0,0.0833333333333333,0.0,0.0,0.0,0.0,0.0,0.0
20260628,WFG2,11,440,0.4529732967392563,0.4529732967392563,0.4529732967392563,0.4529732967392563,0.4529732967392563,0.4529732967392563,1,1,0,0,0.0,0.0,0.0,0.0,0.0,0.0,0.0,0.0,0.0,0.0,0.0,0.0,0.0,0.0,0.0,0.6666666666666666,0.8,0.95,0.0,0.0,0.0,0.0,0.0,0.0
20260628,WFG2,12,381,0.5153593977696552,0.5153593977696552,0.5153593977696552,0.5153593977696552,0.5153593977696552,0.5153593977696552,1,1,0,0,0.0,0.0,0.0,0.0,0.0,0.0,0.0,0.0,0.0,0.0,0.0,0.0,0.0,0.0,0.0,0.2666666666666666,0.6166666666666667,0.7166666666666667,0.0,0.0,0.0,0.0,0.0,0.0
20260628,WFG2,6,105,0.4041814092888194,0.4041814092888194,0.4041814092888194,0.4041814092888194,0.4041814092888194,0.4041814092888194,1,1,0,0,0.0,0.0,0.0,0.0,0.0,0.0,0.0,0.0,0.0,0.0,0.0,0.0,0.0,0.0,0.0,0.0,0.1166666666666666,0.45,0.0,0.0,0.0,0.0,0.0,0.0
20260628,WFG2,15,474,0.4477017661874188,0.4477017661874188,0.4477017661874188,0.4477017661874188,0.4477017661874188,0.4477017661874188,1,1,0,0,0.0,0.0,0.0,0.0,0.0,0.0,0.0,0.0,0.0,0.0,0.0,0.0,0.0,0.0,0.0,0.2333333333333333,0.45,0.8,0.0,0.0,0.0,0.0,0.0,0.0
20260628,WFG2,8,488,0.4514127289945563,0.4514127289945563,0.4514127289945563,0.4514127289945563,0.4514127289945563,0.4514127289945563,1,1,0,0,0.0,0.1,0.2666666666666666,0.0,0.0,0.0,0.0,0.0,0.0,0.0,0.1,0.2666666666666666,0.0,0.1,0.2666666666666666,0.0,0.2,0.4833333333333333,0.0,0.1,0.2666666666666666,0.0,0.0,0.0
20260628,WFG2,14,169,0.4908118515667088,0.4908118515667088,0.4908118515667088,0.4908118515667088,0.4908118515667088,0.4908118515667088,1,1,0,0,0.0,0.0,0.0,0.0,0.0,0.0,0.0,0.0,0.0,0.0,0.0,0.0,0.0,0.0,0.0,0.0,0.2333333333333333,0.75,0.0,0.0,0.0,0.0,0.0,0.0
20260628,WFG2,9,249,0.4194188639284745,0.4194188639284745,0.4194188639284745,0.4194188639284745,0.4194188639284745,0.4194188639284745,1,1,0,0,0.0,0.0,0.0,0.0,0.0,0.0,0.0,0.0,0.0,0.0,0.0,0.0,0.0,0.0,0.0,0.0,0.0166666666666666,0.3333333333333333,0.0,0.0,0.0,0.0,0.0,0.0
20260628,WFG2,14,299,0.5010277518691176,0.5010277518691176,0.5010277518691176,0.5010277518691176,0.5010277518691176,0.5010277518691176,1,1,0,0,0.0,0.0,0.0,0.0,0.0,0.0,0.0,0.0,0.0,0.0,0.0,0.0,0.0,0.0,0.0,0.5166666666666667,0.6,0.8333333333333334,0.0,0.0,0.0,0.0,0.0,0.0
20260628,WFG2,14,342,0.5184177699239714,0.5184177699239714,0.5184177699239714,0.5184177699239714,0.5184177699239714,0.5184177699239714,1,1,0,0,0.0,0.0,0.0,0.0,0.0,0.0,0.0,0.0,0.0,0.0,0.0,0.0,0.0,0.0,0.0,0.0,0.0166666666666666,0.5,0.0,0.0,0.0,0.0,0.0,0.0
20260628,WFG2,14,432,0.5049244341075887,0.5049244341075887,0.5049244341075887,0.5049244341075887,0.5049244341075887,0.5049244341075887,1,1,0,0,0.0,0.0,0.0,0.0,0.0,0.0,0.0,0.0,0.0,0.0,0.0,0.0,0.0,0.0,0.0,0.7333333333333333,0.8166666666666667,0.9333333333333332,0.0,0.0,0.0,0.0,0.0,0.0
20260628,WFG2,3,30,0.0628067269371149,0.0628067269371149,0.0628067269371149,0.0628067269371149,0.0628067269371149,0.0628067269371149,1,1,0,0,0.0,0.0,0.0,0.0,0.0,0.0,0.0,0.0,0.0,0.0,0.0,0.0,0.0,0.0,0.0,0.0,0.0,0.0,0.0,0.0,0.0,0.0,0.0,0.0
20260628,WFG2,11,297,0.4489855505276973,0.4489855505276973,0.4489855505276973,0.4489855505276973,0.4489855505276973,0.4489855505276973,1,1,0,0,0.0,0.0,0.0,0.0,0.0,0.0,0.0,0.0,0.0,0.0,0.0,0.0,0.0,0.0,0.0,0.0833333333333333,0.6333333333333333,0.7666666666666667,0.0,0.0,0.0,0.0,0.0,0.0
20260628,WFG2,8,194,0.3360741714481893,0.3360741714481893,0.3360741714481893,0.3360741714481893,0.3360741714481893,0.3360741714481893,1,1,0,0,0.0,0.0,0.0,0.0,0.0,0.0,0.0,0.0,0.0,0.0,0.0,0.0,0.0,0.0,0.0,0.05,0.0833333333333333,0.3333333333333333,0.0,0.0,0.0,0.0,0.0,0.0
20260628,WFG2,15,214,0.5571075196506977,0.5571075196506977,0.5571075196506977,0.5571075196506977,0.5571075196506977,0.5571075196506977,1,1,0,0,0.0,0.0,0.0,0.0,0.0,0.0,0.0,0.0,0.0,0.0,0.0,0.0,0.0,0.0,0.0,0.85,1.0,0.95,0.0,0.0,0.0,0.0,0.0,0.0
20260628,WFG2,13,345,0.5025950543120553,0.5025950543120553,0.5025950543120553,0.5025950543120553,0.5025950543120553,0.5025950543120553,1,1,0,0,0.0,0.0,0.0,0.0,0.0,0.0,0.0,0.0,0.0,0.0,0.0,0.0,0.0,0.0,0.0,0.7833333333333333,0.9166666666666666,0.9666666666666668,0.0,0.0,0.0,0.0,0.0,0.0
20260628,WFG2,14,175,0.5388141454483635,0.5388141454483635,0.5388141454483635,0.5388141454483635,0.5388141454483635,0.5388141454483635,1,1,0,0,0.0,0.0,0.0,0.0,0.0,0.0,0.0,0.0,0.0,0.0,0.0,0.0,0.0,0.0,0.0,0.2166666666666666,0.5666666666666667,0.9166666666666666,0.0,0.0,0.0,0.0,0.0,0.0
20260628,WFG2,13,130,0.546559624019377,0.546559624019377,0.546559624019377,0.546559624019377,0.546559624019377,0.546559624019377,1,1,0,0,0.0,0.0,0.0,0.0,0.0,0.0,0.0,0.0,0.0,0.0,0.0,0.0,0.0,0.0,0.0,0.2333333333333333,0.3833333333333333,0.65,0.0,0.0,0.0,0.0,0.0,0.0
20260628,DTLZ,12,452,0.7561597028475305,0.7428973705326107,0.7428973705326107,0.7561597028475305,0.7561597028475305,0.7428973705326107,1,1,0,0,0.2,0.45,0.5666666666666667,0.0,0.0,0.0,0.0,0.0,0.0,0.2,0.45,0.5666666666666667,0.2,0.45,0.5666666666666667,0.7333333333333333,0.9333333333333332,0.95,0.2,0.45,0.5666666666666667,0.0,0.0,0.0
20260628,DTLZ,7,125,0.7898604318999308,0.7355196910084665,0.7355196910084665,0.7898604318999308,0.7898604318999308,0.7355196910084665,1,1,0,0,0.0,0.0,0.0,0.0,0.0,0.0,0.0,0.0,0.0,0.0,0.0,0.0,0.0,0.0,0.0,0.3666666666666666,0.6666666666666666,0.9,0.0,0.0,0.0,0.0,0.0,0.0
20260628,DTLZ,4,317,0.8876739499590455,0.8159838290919266,0.8159838290919266,0.8876739499590455,0.8876739499590455,0.8159838290919266,1,1,0,0,0.2166666666666666,0.6,0.95,0.0,0.0,0.0,0.0,0.0,0.0,0.2166666666666666,0.6,0.95,0.2166666666666666,0.6,0.95,0.6333333333333333,0.8333333333333334,0.95,0.2166666666666666,0.6,0.95,0.0,0.0,0.0
20260628,DTLZ,8,492,0.749453246088963,0.7311354590223638,0.7311354590223638,0.749453246088963,0.749453246088963,0.7311354590223638,1,1,0,0,0.55,0.6333333333333333,0.8833333333333333,0.0,0.0,0.0,0.0,0.0,0.0,0.55,0.6333333333333333,0.8833333333333333,0.55,0.6333333333333333,0.8833333333333333,0.4833333333333333,0.7333333333333333,0.9166666666666666,0.55,0.6333333333333333,0.8833333333333333,0.0,0.0,0.0
20260628,DTLZ,10,146,0.7870439784357559,0.7422648752637542,0.7422648752637542,0.7870439784357559,0.7870439784357559,0.7422648752637542,1,1,0,0,0.05,0.2666666666666666,0.6833333333333333,0.0,0.0,0.0,0.0,0.0,0.0,0.05,0.2666666666666666,0.6833333333333333,0.05,0.2666666666666666,0.6833333333333333,0.5,0.75,0.9333333333333332,0.05,0.2666666666666666,0.6833333333333333,0.0,0.0,0.0
20260628,DTLZ,8,224,0.7713752780949567,0.7413181583469408,0.7413181583469408,0.7713752780949567,0.7713752780949567,0.7413181583469408,1,1,0,0,0.0,0.0,0.25,0.0,0.0,0.0,0.0,0.0,0.0,0.0,0.0,0.25,0.0,0.0,0.25,0.25,0.65,0.95,0.0,0.0,0.25,0.0,0.0,0.0
20260628,DTLZ,4,214,0.8252633884328682,0.7913890310528314,0.7913890310528314,0.8252633884328682,0.8252633884328682,0.7913890310528314,1,1,0,0,0.0,0.0833333333333333,0.4833333333333333,0.0,0.0,0.0,0.0,0.0,0.0,0.0,0.0833333333333333,0.4833333333333333,0.0,0.0833333333333333,0.4833333333333333,0.6333333333333333,0.85,0.9666666666666668,0.0,0.0833333333333333,0.4833333333333333,0.0,0.0,0.0
20260628,DTLZ,6,249,0.7752869814470984,0.7433994210351015,0.7433994210351015,0.7752869814470984,0.7752869814470984,0.7433994210351015,1,1,0,0,0.0,0.0,0.0666666666666666,0.0,0.0,0.0,0.0,0.0,0.0,0.0,0.0,0.0666666666666666,0.0,0.0,0.0666666666666666,0.5666666666666667,0.8,0.9,0.0,0.0,0.0666666666666666,0.0,0.0,0.0
20260628,DTLZ,14,428,0.7461152036752954,0.7371518793106303,0.7371518793106303,0.7461152036752954,0.7461152036752954,0.7371518793106303,1,1,0,0,0.0,0.0333333333333333,0.4333333333333333,0.0,0.0,0.0,0.0,0.0,0.0,0.0,0.0333333333333333,0.4333333333333333,0.0,0.0333333333333333,0.4333333333333333,0.65,0.8166666666666667,0.95,0.0,0.0333333333333333,0.4333333333333333,0.0,0.0,0.0
20260628,DTLZ,14,277,0.781522576463114,0.7576977962061863,0.7576977962061863,0.781522576463114,0.781522576463114,0.7576977962061863,1,1,0,0,0.0,0.0166666666666666,0.2166666666666666,0.0,0.0,0.0,0.0,0.0,0.0,0.0,0.0166666666666666,0.2166666666666666,0.0,0.0166666666666666,0.2166666666666666,0.7333333333333333,0.95,0.95,0.0,0.0166666666666666,0.2166666666666666,0.0,0.0,0.0
20260628,DTLZ,14,133,0.7799879938064722,0.7555987211203007,0.7555987211203007,0.7799879938064722,0.7799879938064722,0.7555987211203007,1,1,0,0,0.2166666666666666,0.2833333333333333,0.5666666666666667,0.0,0.0,0.0,0.0,0.0,0.0,0.2166666666666666,0.3,0.5666666666666667,0.2166666666666666,0.2833333333333333,0.5666666666666667,0.7666666666666667,0.9333333333333332,0.9833333333333332,0.2166666666666666,0.2833333333333333,0.5666666666666667,0.0,0.0,0.0
20260628,DTLZ,10,249,0.7295251313417971,0.7285244782206137,0.7285244782206137,0.7295251313417971,0.7295251313417971,0.7285244782206137,1,1,0,0,0.5,0.5,0.55,0.0,0.0,0.0,0.0,0.0,0.0,0.5,0.5,0.55,0.5,0.5,0.55,0.3,0.6333333333333333,0.8666666666666667,0.5,0.5,0.55,0.0,0.0,0.0
20260628,DTLZ,12,234,0.7754474024693488,0.737832689364249,0.737832689364249,0.7754474024693488,0.7754474024693488,0.737832689364249,1,1,0,0,0.0333333333333333,0.3166666666666666,0.4166666666666667,0.0,0.0,0.0,0.0,0.0,0.0,0.0333333333333333,0.3166666666666666,0.4166666666666667,0.0333333333333333,0.3166666666666666,0.4166666666666667,0.4,0.7833333333333333,0.9,0.0333333333333333,0.3166666666666666,0.4166666666666667,0.0,0.0,0.0
20260628,DTLZ,13,380,0.7397874706636365,0.74240044786733,0.74240044786733,0.7397874706636365,0.7397874706636365,0.74240044786733,1,1,0,0,0.7,0.8333333333333334,0.8166666666666667,0.0,0.0,0.0,0.0,0.0,0.0,0.7,0.8333333333333334,0.8166666666666667,0.7,0.8333333333333334,0.8166666666666667,0.65,0.8833333333333333,0.95,0.7,0.8333333333333334,0.8166666666666667,0.0,0.0,0.0
20260628,DTLZ,12,488,0.7515201309859258,0.7374833883973462,0.7374833883973462,0.7515201309859258,0.7515201309859258,0.7374833883973462,1,1,0,0,0.0166666666666666,0.0833333333333333,0.4166666666666667,0.0,0.0,0.0,0.0,0.0,0.0,0.0166666666666666,0.0833333333333333,0.4166666666666667,0.0166666666666666,0.0833333333333333,0.4166666666666667,0.5,0.7666666666666667,0.9166666666666666,0.0166666666666666,0.0833333333333333,0.4166666666666667,0.0,0.0,0.0
20260628,DTLZ,11,441,0.7419115699295968,0.731075164092102,0.731075164092102,0.7419115699295968,0.7419115699295968,0.731075164092102,1,1,0,0,0.0333333333333333,0.1,0.3666666666666666,0.0,0.0,0.0,0.0,0.0,0.0,0.0333333333333333,0.1,0.3666666666666666,0.0333333333333333,0.1,0.3666666666666666,0.9,1.0,0.9833333333333332,0.0333333333333333,0.1,0.3666666666666666,0.0,0.0,0.0
20260628,DTLZ,15,468,0.7996070021084395,0.7420901432758714,0.7420901432758714,0.7996070021084395,0.7996070021084395,0.7420901432758714,1,1,0,0,0.2833333333333333,0.55,0.9833333333333332,0.0,0.0,0.0,0.0,0.0,0.0,0.2833333333333333,0.55,0.9833333333333332,0.2833333333333333,0.55,0.9833333333333332,0.3833333333333333,0.8333333333333334,0.9833333333333332,0.2833333333333333,0.55,0.9833333333333332,0.0,0.0,0.0
20260628,DTLZ,4,210,0.8626494809953091,0.7897383056207888,0.7897383056207888,0.8626494809953091,0.8626494809953091,0.7897383056207888,1,1,0,0,0.0,0.1666666666666666,0.3833333333333333,0.0,0.0,0.0,0.0,0.0,0.0,0.0,0.1666666666666666,0.3833333333333333,0.0,0.1666666666666666,0.3833333333333333,0.75,0.85,0.95,0.0,0.1666666666666666,0.3833333333333333,0.0,0.0,0.0
20260628,DTLZ,10,435,0.7651241014734451,0.7332706348603061,0.7332706348603061,0.7651241014734451,0.7651241014734451,0.7332706348603061,1,1,0,0,0.0833333333333333,0.1333333333333333,0.5166666666666667,0.0,0.0,0.0,0.0,0.0,0.0,0.0833333333333333,0.1333333333333333,0.5166666666666667,0.0833333333333333,0.1333333333333333,0.5166666666666667,0.4666666666666667,0.8,0.9666666666666668,0.0833333333333333,0.1333333333333333,0.5166666666666667,0.0,0.0,0.0
20260628,DTLZ,10,200,0.7665981555274024,0.7295170906940877,0.7295170906940877,0.7665981555274024,0.7665981555274024,0.7295170906940877,1,1,0,0,0.35,0.5166666666666667,0.6833333333333333,0.0,0.0,0.0,0.0,0.0,0.0,0.35,0.5166666666666667,0.6833333333333333,0.35,0.5166666666666667,0.6833333333333333,0.8666666666666667,0.9666666666666668,0.9833333333333332,0.35,0.5166666666666667,0.6833333333333333,0.0,0.0,0.0
20260628,DTLZ,11,255,0.7341437319752459,0.7461770527404503,0.7461770527404503,0.7341437319752459,0.7341437319752459,0.7461770527404503,1,1,0,0,0.0,0.0666666666666666,0.2666666666666666,0.0,0.0,0.0,0.0,0.0,0.0,0.0,0.0666666666666666,0.2666666666666666,0.0,0.0666666666666666,0.2666666666666666,0.3833333333333333,0.6833333333333333,0.9166666666666666,0.0,0.0666666666666666,0.2666666666666666,0.0,0.0,0.0
20260628,DTLZ,11,380,0.7703414839492725,0.7495196538324016,0.7495196538324016,0.7703414839492725,0.7703414839492725,0.7495196538324016,1,1,0,0,0.0666666666666666,0.3166666666666666,0.5833333333333334,0.0,0.0,0.0,0.0,0.0,0.0,0.0666666666666666,0.3166666666666666,0.5833333333333334,0.0666666666666666,0.3166666666666666,0.5833333333333334,0.2833333333333333,0.75,0.95,0.0666666666666666,0.3166666666666666,0.5833333333333334,0.0,0.0,0.0
20260628,DTLZ,6,256,0.7814827288835541,0.7466697631705551,0.7466697631705551,0.7814827288835541,0.7814827288835541,0.7466697631705551,1,1,0,0,0.2333333333333333,0.4,0.6833333333333333,0.0,0.0,0.0,0.0,0.0,0.0,0.2333333333333333,0.4,0.6833333333333333,0.2333333333333333,0.4,0.6833333333333333,0.3833333333333333,0.7,0.95,0.2333333333333333,0.4,0.6833333333333333,0.0,0.0,0.0
20260628,DTLZ,7,431,0.7209995405032932,0.7329809478455089,0.7329809478455089,0.7209995405032932,0.7209995405032932,0.7329809478455089,1,1,0,0,0.0,0.1666666666666666,0.2833333333333333,0.0,0.0,0.0,0.0,0.0,0.0,0.0,0.1666666666666666,0.2833333333333333,0.0,0.1666666666666666,0.2833333333333333,0.8166666666666667,0.9333333333333332,0.9833333333333332,0.0,0.1666666666666666,0.2833333333333333,0.0,0.0,0.0
20260628,DTLZ,3,273,0.9567676142470152,0.8664017018972802,0.8664017018972802,0.9567676142470152,0.9567676142470152,0.8664017018972802,1,1,0,0,0.7333333333333333,0.7833333333333333,0.9333333333333332,0.0,0.0,0.0,0.0,0.0,0.0,0.7333333333333333,0.7833333333333333,0.9333333333333332,0.7333333333333333,0.7833333333333333,0.9333333333333332,0.6166666666666667,0.9833333333333332,0.9666666666666668,0.7333333333333333,0.7833333333333333,0.9333333333333332,0.0,0.0,0.0
20260628,DTLZ,6,226,0.8109524120950187,0.7451361471702155,0.7451361471702155,0.8109524120950187,0.8109524120950187,0.7451361471702155,1,1,0,0,0.4333333333333333,0.65,0.8333333333333334,0.0,0.0,0.0,0.0,0.0,0.0,0.4333333333333333,0.65,0.8333333333333334,0.4333333333333333,0.65,0.8333333333333334,0.4333333333333333,0.7333333333333333,0.9666666666666668,0.4333333333333333,0.65,0.8333333333333334,0.0,0.0,0.0
20260628,DTLZ,13,477,0.7123952050183203,0.7456082143465407,0.7456082143465407,0.7123952050183203,0.7123952050183203,0.7456082143465407,1,1,0,0,0.0,0.0333333333333333,0.3166666666666666,0.0,0.0,0.0,0.0,0.0,0.0,0.0,0.0333333333333333,0.3166666666666666,0.0,0.0333333333333333,0.3166666666666666,0.8666666666666667,0.8333333333333334,0.95,0.0,0.0333333333333333,0.3166666666666666,0.0,0.0,0.0
20260628,DTLZ,3,291,0.8844907731108157,0.8425660376102025,0.8425660376102025,0.8844907731108157,0.8844907731108157,0.8425660376102025,1,1,0,0,0.1333333333333333,0.2833333333333333,0.6833333333333333,0.0,0.0,0.0,0.0,0.0,0.0,0.1333333333333333,0.2833333333333333,0.6833333333333333,0.1333333333333333,0.2833333333333333,0.6833333333333333,0.7833333333333333,0.8833333333333333,0.9833333333333332,0.1333333333333333,0.2833333333333333,0.6833333333333333,0.0,0.0,0.0
20260628,DTLZ,8,429,0.7917775954568538,0.7424883692704348,0.7424883692704348,0.7917775954568538,0.7917775954568538,0.7424883692704348,1,1,0,0,0.65,0.7166666666666667,0.9666666666666668,0.0,0.0,0.0,0.0,0.0,0.0,0.65,0.7166666666666667,0.9666666666666668,0.65,0.7166666666666667,0.9666666666666668,0.6333333333333333,0.8666666666666667,0.9833333333333332,0.65,0.7166666666666667,0.9666666666666668,0.0,0.0,0.0
20260628,DTLZ,3,362,0.9273113171218968,0.8584934166434992,0.8584934166434992,0.9273113171218968,0.9273113171218968,0.8584934166434992,1,1,0,0,0.2833333333333333,0.5833333333333334,0.7166666666666667,0.0,0.0,0.0,0.0,0.0,0.0,0.2833333333333333,0.5833333333333334,0.7166666666666667,0.2833333333333333,0.5833333333333334,0.7166666666666667,0.5666666666666667,0.8333333333333334,0.9666666666666668,0.2833333333333333,0.5833333333333334,0.7166666666666667,0.0,0.0,0.0
20260628,DTLZ,9,115,0.7578421259409348,0.7525391685018288,0.7525391685018288,0.7578421259409348,0.7578421259409348,0.7525391685018288,1,1,0,0,0.4333333333333333,0.45,0.45,0.0,0.0,0.0,0.0,0.0,0.0,0.4333333333333333,0.45,0.45,0.4333333333333333,0.45,0.45,0.45,0.7,0.9,0.4333333333333333,0.45,0.45,0.0,0.0,0.0
20260628,DTLZ,9,318,0.7623879472133285,0.7461835486071363,0.7461835486071363,0.7623879472133285,0.7623879472133285,0.7461835486071363,1,1,0,0,0.25,0.3666666666666666,0.6333333333333333,0.0,0.0,0.0,0.0,0.0,0.0,0.25,0.3666666666666666,0.6333333333333333,0.25,0.3666666666666666,0.6333333333333333,0.3333333333333333,0.65,0.8833333333333333,0.25,0.3666666666666666,0.6333333333333333,0.0,0.0,0.0
20260628,DTLZ,13,446,0.7470996067619489,0.7646277124487088,0.7646277124487088,0.7470996067619489,0.7470996067619489,0.7646277124487088,1,1,0,0,0.0,0.0,0.1166666666666666,0.0,0.0,0.0,0.0,0.0,0.0,0.0,0.0,0.1166666666666666,0.0,0.0,0.1166666666666666,0.7666666666666667,0.9333333333333332,0.9833333333333332,0.0,0.0,0.1166666666666666,0.0,0.0,0.0
20260628,DTLZ,6,123,0.7650006413874436,0.7437601279648955,0.7437601279648955,0.7650006413874436,0.7650006413874436,0.7437601279648955,1,1,0,0,0.0,0.0,0.3333333333333333,0.0,0.0,0.0,0.0,0.0,0.0,0.0,0.0,0.3333333333333333,0.0,0.0,0.3333333333333333,0.5166666666666667,0.5833333333333334,0.8666666666666667,0.0,0.0,0.3333333333333333,0.0,0.0,0.0
20260628,DTLZ,5,171,0.8034356952725954,0.7688078772793763,0.7688078772793763,0.8034356952725954,0.8034356952725954,0.7688078772793763,1,1,0,0,0.1333333333333333,0.4166666666666667,0.8,0.0,0.0,0.0,0.0,0.0,0.0,0.1333333333333333,0.4166666666666667,0.8,0.1333333333333333,0.4166666666666667,0.8,0.85,0.8666666666666667,0.9833333333333332,0.1333333333333333,0.4166666666666667,0.8,0.0,0.0,0.0
20260628,DTLZ,13,337,0.7791039322739296,0.7573812175056368,0.7573812175056368,0.7791039322739296,0.7791039322739296,0.7573812175056368,1,1,0,0,0.6166666666666667,0.8166666666666667,0.9333333333333332,0.0,0.0,0.0,0.0,0.0,0.0,0.6166666666666667,0.8166666666666667,0.9333333333333332,0.6166666666666667,0.8166666666666667,0.9333333333333332,0.6166666666666667,0.75,0.95,0.6166666666666667,0.8166666666666667,0.9333333333333332,0.0,0.0,0.0
20260628,DTLZ,11,300,0.7558388353152341,0.7536485991022202,0.7536485991022202,0.7558388353152341,0.7558388353152341,0.7536485991022202,1,1,0,0,0.6,0.9166666666666666,0.95,0.0,0.0,0.0,0.0,0.0,0.0,0.6,0.9166666666666666,0.95,0.6,0.9166666666666666,0.95,0.8166666666666667,0.9,1.0,0.6,0.9166666666666666,0.95,0.0,0.0,0.0
20260628,DTLZ,7,194,0.772213650003111,0.7510587869345291,0.7510587869345291,0.772213650003111,0.772213650003111,0.7510587869345291,1,1,0,0,0.3666666666666666,0.2333333333333333,0.35,0.0,0.0,0.0,0.0,0.0,0.0,0.3666666666666666,0.2333333333333333,0.35,0.3666666666666666,0.2333333333333333,0.35,0.3666666666666666,0.7333333333333333,0.9833333333333332,0.3666666666666666,0.2333333333333333,0.35,0.0,0.0,0.0
20260628,DTLZ,4,120,0.855206794438882,0.785875869327294,0.785875869327294,0.855206794438882,0.855206794438882,0.785875869327294,1,1,0,0,0.0,0.1333333333333333,0.5166666666666667,0.0,0.0,0.0,0.0,0.0,0.0,0.0,0.1333333333333333,0.5166666666666667,0.0,0.1333333333333333,0.5166666666666667,0.5166666666666667,0.9,0.9833333333333332,0.0,0.1333333333333333,0.5166666666666667,0.0,0.0,0.0
20260628,DTLZ,15,457,0.7516289014128315,0.7348936339924282,0.7348936339924282,0.7516289014128315,0.7516289014128315,0.7348936339924282,1,1,0,0,0.0833333333333333,0.1666666666666666,0.2833333333333333,0.0,0.0,0.0,0.0,0.0,0.0,0.0833333333333333,0.1666666666666666,0.2833333333333333,0.0833333333333333,0.1666666666666666,0.2833333333333333,0.4833333333333333,0.8166666666666667,0.95,0.0833333333333333,0.1666666666666666,0.2833333333333333,0.0,0.0,0.0
20260628,DTLZ,7,498,0.7584645179474215,0.7437491120491033,0.7437491120491033,0.7584645179474215,0.7584645179474215,0.7437491120491033,1,1,0,0,0.0833333333333333,0.25,0.7666666666666667,0.0,0.0,0.0,0.0,0.0,0.0,0.0833333333333333,0.25,0.7666666666666667,0.0833333333333333,0.25,0.7666666666666667,0.2666666666666666,0.6166666666666667,0.8833333333333333,0.0833333333333333,0.25,0.7666666666666667,0.0,0.0,0.0
20260628,DTLZ,6,341,0.8165956288308517,0.7440006846298824,0.7440006846298824,0.8165956288308517,0.8165956288308517,0.7440006846298824,1,1,0,0,0.0,0.0333333333333333,0.3166666666666666,0.0,0.0,0.0,0.0,0.0,0.0,0.0,0.0333333333333333,0.3166666666666666,0.0,0.0333333333333333,0.3166666666666666,0.4833333333333333,0.7166666666666667,0.9666666666666668,0.0,0.0333333333333333,0.3166666666666666,0.0,0.0,0.0
20260628,DTLZ,14,186,0.7958651970190935,0.7958651970190935,0.7958651970190935,0.7958651970190935,0.7958651970190935,0.7958651970190935,1,1,0,0,0.0,0.0,0.05,0.0,0.0,0.0,0.0,0.0,0.0,0.0,0.0,0.05,0.0,0.0,0.05,0.3833333333333333,0.7,0.9,0.0,0.0,0.05,0.0,0.0,0.0
20260628,DTLZ,6,102,0.7845172530513091,0.7457649547887669,0.7457649547887669,0.7845172530513091,0.7845172530513091,0.7457649547887669,1,1,0,0,0.5,0.5166666666666667,0.7166666666666667,0.0,0.0,0.0,0.0,0.0,0.0,0.5,0.5166666666666667,0.7166666666666667,0.5,0.5166666666666667,0.7166666666666667,0.1166666666666666,0.5333333333333333,0.9,0.5,0.5166666666666667,0.7166666666666667,0.0,0.0,0.0
20260628,DTLZ,15,373,0.774910213686402,0.733144076539726,0.733144076539726,0.774910213686402,0.774910213686402,0.733144076539726,1,1,0,0,0.0,0.0166666666666666,0.4333333333333333,0.0,0.0,0.0,0.0,0.0,0.0,0.0,0.0166666666666666,0.4333333333333333,0.0,0.0166666666666666,0.4333333333333333,0.4,0.6333333333333333,0.9,0.0,0.0166666666666666,0.4333333333333333,0.0,0.0,0.0
20260628,DTLZ,13,162,0.7299249514206676,0.7639300429587895,0.7639300429587895,0.7299249514206676,0.7299249514206676,0.7639300429587895,1,1,0,0,0.5833333333333334,0.6,0.8,0.0,0.0,0.0,0.0,0.0,0.0,0.5833333333333334,0.6,0.8,0.5833333333333334,0.6,0.8,0.4166666666666667,0.5833333333333334,0.8666666666666667,0.5833333333333334,0.6,0.8,0.0,0.0,0.0
20260628,DTLZ,3,72,0.923795778060678,0.863309371400377,0.863309371400377,0.923795778060678,0.923795778060678,0.863309371400377,1,1,0,0,0.0833333333333333,0.3166666666666666,0.55,0.0,0.0,0.0,0.0,0.0,0.0,0.0833333333333333,0.3166666666666666,0.55,0.0833333333333333,0.3166666666666666,0.55,0.8333333333333334,0.85,0.9833333333333332,0.0833333333333333,0.3166666666666666,0.55,0.0,0.0,0.0
20260628,DTLZ,13,98,0.7841718804823475,0.7816176412893738,0.7816176412893738,0.7841718804823475,0.7841718804823475,0.7816176412893738,1,1,0,0,0.0,0.15,0.2333333333333333,0.0,0.0,0.0,0.0,0.0,0.0,0.0,0.15,0.2333333333333333,0.0,0.15,0.2333333333333333,0.2166666666666666,0.6833333333333333,0.8833333333333333,0.0,0.15,0.2333333333333333,0.0,0.0,0.0
20260628,DTLZ,9,196,0.725601167925387,0.7529001401232293,0.7529001401232293,0.725601167925387,0.725601167925387,0.7529001401232293,1,1,0,0,0.0,0.0833333333333333,0.2833333333333333,0.0,0.0,0.0,0.0,0.0,0.0,0.0,0.0833333333333333,0.2833333333333333,0.0,0.0833333333333333,0.2833333333333333,0.1833333333333333,0.6833333333333333,0.9666666666666668,0.0,0.0833333333333333,0.2833333333333333,0.0,0.0,0.0
20260628,DTLZ,12,94,0.7395447485808601,0.7395447485808601,0.7395447485808601,0.7395447485808601,0.7395447485808601,0.7395447485808601,1,1,0,0,0.0,0.0,0.0666666666666666,0.0,0.0,0.0,0.0,0.0,0.0,0.0,0.0,0.0666666666666666,0.0,0.0,0.0666666666666666,0.5666666666666667,0.8166666666666667,0.9166666666666666,0.0,0.0,0.0666666666666666,0.0,0.0,0.0
20260628,DTLZ,5,109,0.8350157552776984,0.7585797042434161,0.7585797042434161,0.8350157552776984,0.8350157552776984,0.7585797042434161,1,1,0,0,0.0,0.1166666666666666,0.45,0.0,0.0,0.0,0.0,0.0,0.0,0.0,0.1166666666666666,0.45,0.0,0.1166666666666666,0.45,0.65,0.6166666666666667,0.8833333333333333,0.0,0.1166666666666666,0.45,0.0,0.0,0.0
20260628,DTLZ,13,118,0.7654564578739859,0.7822574044821997,0.7822574044821997,0.7654564578739859,0.7654564578739859,0.7822574044821997,1,1,0,0,0.1,0.4333333333333333,0.55,0.0,0.0,0.0,0.0,0.0,0.0,0.1,0.4333333333333333,0.55,0.1,0.4333333333333333,0.55,0.2,0.65,0.8833333333333333,0.1,0.4333333333333333,0.55,0.0,0.0,0.0
20260628,DTLZ,13,491,0.718960297011246,0.7403514995579469,0.7403514995579469,0.718960297011246,0.718960297011246,0.7403514995579469,1,1,0,0,0.0833333333333333,0.1666666666666666,0.4333333333333333,0.0,0.0,0.0,0.0,0.0,0.0,0.0833333333333333,0.1666666666666666,0.4333333333333333,0.0833333333333333,0.1666666666666666,0.4333333333333333,0.65,0.8666666666666667,0.9833333333333332,0.0833333333333333,0.1666666666666666,0.4333333333333333,0.0,0.0,0.0
20260628,DTLZ,13,188,0.7964996098955702,0.7391203322335849,0.7391203322335849,0.7964996098955702,0.7964996098955702,0.7391203322335849,1,1,0,0,0.25,0.3833333333333333,0.6333333333333333,0.0,0.0,0.0,0.0,0.0,0.0,0.25,0.3833333333333333,0.6333333333333333,0.25,0.3833333333333333,0.6333333333333333,0.0333333333333333,0.25,0.9166666666666666,0.25,0.3833333333333333,0.6333333333333333,0.0,0.0,0.0
20260628,DTLZ,8,123,0.807572572749825,0.7519174861300446,0.7519174861300446,0.807572572749825,0.807572572749825,0.7519174861300446,1,1,0,0,0.0166666666666666,0.1333333333333333,0.2666666666666666,0.0,0.0,0.0,0.0,0.0,0.0,0.0166666666666666,0.1333333333333333,0.2666666666666666,0.0166666666666666,0.1333333333333333,0.2666666666666666,0.7,0.8666666666666667,0.9,0.0166666666666666,0.1333333333333333,0.2666666666666666,0.0,0.0,0.0
20260628,DTLZ,8,456,0.778416085006672,0.7538329595333716,0.7538329595333716,0.778416085006672,0.778416085006672,0.7538329595333716,1,1,0,0,0.2833333333333333,0.4666666666666667,0.75,0.0,0.0,0.0,0.0,0.0,0.0,0.2833333333333333,0.4666666666666667,0.75,0.2833333333333333,0.4666666666666667,0.75,0.75,0.9,0.9666666666666668,0.2833333333333333,0.4666666666666667,0.75,0.0,0.0,0.0
20260628,DTLZ,13,164,0.7599863230474917,0.7642058425851022,0.7642058425851022,0.7599863230474917,0.7599863230474917,0.7642058425851022,1,1,0,0,0.2,0.5166666666666667,0.6833333333333333,0.0,0.0,0.0,0.0,0.0,0.0,0.2,0.5166666666666667,0.6833333333333333,0.2,0.5166666666666667,0.6833333333333333,0.7166666666666667,0.85,0.9833333333333332,0.2,0.5166666666666667,0.6833333333333333,0.0,0.0,0.0
20260628,DTLZ,7,161,0.7471411401248188,0.7266700044794803,0.7266700044794803,0.7471411401248188,0.7471411401248188,0.7266700044794803,1,1,0,0,0.0333333333333333,0.1333333333333333,0.2,0.0,0.0,0.0,0.0,0.0,0.0,0.0333333333333333,0.1333333333333333,0.2,0.0333333333333333,0.1333333333333333,0.2,0.7666666666666667,0.8833333333333333,0.9333333333333332,0.0333333333333333,0.1333333333333333,0.2,0.0,0.0,0.0
20260628,DTLZ,3,366,0.9367028970979364,0.8618926024740425,0.8618926024740425,0.9367028970979364,0.9367028970979364,0.8618926024740425,1,1,0,0,0.3333333333333333,0.5833333333333334,0.7333333333333333,0.0,0.0,0.0,0.0,0.0,0.0,0.3333333333333333,0.5833333333333334,0.7333333333333333,0.3333333333333333,0.5833333333333334,0.7333333333333333,0.95,0.9833333333333332,1.0,0.3333333333333333,0.5833333333333334,0.7333333333333333,0.0,0.0,0.0
20260628,DTLZ,8,412,0.7391650278975272,0.7354264163858838,0.7354264163858838,0.7391650278975272,0.7391650278975272,0.7354264163858838,1,1,0,0,0.1333333333333333,0.4666666666666667,0.5666666666666667,0.0,0.0,0.0,0.0,0.0,0.0,0.1333333333333333,0.4666666666666667,0.5666666666666667,0.1333333333333333,0.4666666666666667,0.5666666666666667,0.5833333333333334,0.7333333333333333,0.9333333333333332,0.1333333333333333,0.4666666666666667,0.5666666666666667,0.0,0.0,0.0
20260628,DTLZ,10,322,0.7883170399299172,0.7498035447467738,0.7498035447467738,0.7883170399299172,0.7883170399299172,0.7498035447467738,1,1,0,0,0.3,0.6333333333333333,0.9333333333333332,0.0,0.0,0.0,0.0,0.0,0.0,0.3,0.6333333333333333,0.9333333333333332,0.3,0.6333333333333333,0.9333333333333332,0.5166666666666667,0.8333333333333334,0.95,0.3,0.6333333333333333,0.9333333333333332,0.0,0.0,0.0
20260628,DTLZ,6,477,0.7671178625682563,0.7382218535168169,0.7382218535168169,0.7671178625682563,0.7671178625682563,0.7382218535168169,1,1,0,0,0.7666666666666667,0.7666666666666667,0.9333333333333332,0.0,0.0,0.0,0.0,0.0,0.0,0.7666666666666667,0.7666666666666667,0.9333333333333332,0.7666666666666667,0.7666666666666667,0.9333333333333332,0.9,0.9166666666666666,0.9833333333333332,0.7666666666666667,0.7666666666666667,0.9333333333333332,0.0,0.0,0.0
20260628,DTLZ,15,112,0.766890684267776,0.7423400407274262,0.7423400407274262,0.766890684267776,0.766890684267776,0.7423400407274262,1,1,0,0,0.0,0.0,0.1166666666666666,0.0,0.0,0.0,0.0,0.0,0.0,0.0,0.0,0.1166666666666666,0.0,0.0,0.1166666666666666,0.7,0.8666666666666667,0.9333333333333332,0.0,0.0,0.1166666666666666,0.0,0.0,0.0
20260628,DTLZ,7,170,0.7530753543271479,0.7341866237828766,0.7341866237828766,0.7530753543271479,0.7530753543271479,0.7341866237828766,1,1,0,0,0.4833333333333333,0.4666666666666667,0.55,0.0,0.0,0.0,0.0,0.0,0.0,0.4833333333333333,0.4666666666666667,0.55,0.4833333333333333,0.4666666666666667,0.55,0.0,0.25,0.8333333333333334,0.4833333333333333,0.4666666666666667,0.55,0.0,0.0,0.0
20260628,DTLZ,12,485,0.7426514736018174,0.7162954576820668,0.7162954576820668,0.7426514736018174,0.7426514736018174,0.7162954576820668,1,1,0,0,0.45,0.6666666666666666,0.95,0.0,0.0,0.0,0.0,0.0,0.0,0.45,0.6666666666666666,0.95,0.45,0.6666666666666666,0.95,0.8166666666666667,0.8833333333333333,0.9666666666666668,0.45,0.6666666666666666,0.95,0.0,0.0,0.0
20260628,DTLZ,10,192,0.7574638507580193,0.7388817996151025,0.7388817996151025,0.7574638507580193,0.7574638507580193,0.7388817996151025,1,1,0,0,0.5833333333333334,0.65,0.85,0.0,0.0,0.0,0.0,0.0,0.0,0.5833333333333334,0.65,0.85,0.5833333333333334,0.65,0.85,0.2666666666666666,0.6,0.85,0.5833333333333334,0.65,0.85,0.0,0.0,0.0
20260628,DTLZ,10,479,0.7923872491796569,0.710587073537794,0.710587073537794,0.7923872491796569,0.7923872491796569,0.710587073537794,1,1,0,0,0.05,0.4833333333333333,0.9333333333333332,0.0,0.0,0.0,0.0,0.0,0.0,0.05,0.4833333333333333,0.9333333333333332,0.05,0.4833333333333333,0.9333333333333332,0.0333333333333333,0.3833333333333333,0.8333333333333334,0.05,0.4833333333333333,0.9333333333333332,0.0,0.0,0.0
20260628,DTLZ,11,153,0.7849241799109031,0.7351209185738903,0.7351209185738903,0.7849241799109031,0.7849241799109031,0.7351209185738903,1,1,0,0,0.1666666666666666,0.5,0.7666666666666667,0.0,0.0,0.0,0.0,0.0,0.0,0.1666666666666666,0.5,0.7666666666666667,0.1666666666666666,0.5,0.7666666666666667,0.7166666666666667,0.7,0.9166666666666666,0.1666666666666666,0.5,0.7666666666666667,0.0,0.0,0.0
20260628,DTLZ,4,224,0.8279470998672287,0.7862396618501074,0.7862396618501074,0.8279470998672287,0.8279470998672287,0.7862396618501074,1,1,0,0,0.0,0.0,0.1166666666666666,0.0,0.0,0.0,0.0,0.0,0.0,0.0,0.0,0.1166666666666666,0.0,0.0,0.1166666666666666,0.55,0.7666666666666667,0.95,0.0,0.0,0.1166666666666666,0.0,0.0,0.0
20260628,DTLZ,10,493,0.7387767325796359,0.7407192118454872,0.7407192118454872,0.7387767325796359,0.7387767325796359,0.7407192118454872,1,1,0,0,0.0166666666666666,0.1333333333333333,0.4333333333333333,0.0,0.0,0.0,0.0,0.0,0.0,0.0166666666666666,0.1333333333333333,0.4333333333333333,0.0166666666666666,0.1333333333333333,0.4333333333333333,0.55,0.7666666666666667,1.0,0.0166666666666666,0.1333333333333333,0.4333333333333333,0.0,0.0,0.0
20260628,DTLZ,8,277,0.8452412791019431,0.7330804530411725,0.7330804530411725,0.8452412791019431,0.8452412791019431,0.7330804530411725,1,1,0,0,0.1833333333333333,0.25,0.3666666666666666,0.0,0.0,0.0,0.0,0.0,0.0,0.1833333333333333,0.25,0.3666666666666666,0.1833333333333333,0.25,0.3666666666666666,0.4333333333333333,0.8833333333333333,0.9833333333333332,0.1833333333333333,0.25,0.3666666666666666,0.0,0.0,0.0
20260628,DTLZ,7,153,0.7790836841785617,0.7368220493718087,0.7368220493718087,0.7790836841785617,0.7790836841785617,0.7368220493718087,1,1,0,0,0.0,0.0333333333333333,0.2833333333333333,0.0,0.0,0.0,0.0,0.0,0.0,0.0,0.0333333333333333,0.2833333333333333,0.0,0.0333333333333333,0.2833333333333333,0.0,0.2666666666666666,0.8,0.0,0.0333333333333333,0.2833333333333333,0.0,0.0,0.0
20260628,DTLZ,9,464,0.7914057850714631,0.7221132850709574,0.7221132850709574,0.7914057850714631,0.7914057850714631,0.7221132850709574,1,1,0,0,0.1666666666666666,0.3833333333333333,0.6,0.0,0.0,0.0,0.0,0.0,0.0,0.1666666666666666,0.3833333333333333,0.6,0.1666666666666666,0.3833333333333333,0.6,0.4833333333333333,0.8166666666666667,0.9333333333333332,0.1666666666666666,0.3833333333333333,0.6,0.0,0.0,0.0
20260628,DTLZ,8,436,0.7457027594516558,0.7385569511009452,0.7385569511009452,0.7457027594516558,0.7457027594516558,0.7385569511009452,1,1,0,0,0.3166666666666666,0.6166666666666667,0.7166666666666667,0.0,0.0,0.0,0.0,0.0,0.0,0.3166666666666666,0.6166666666666667,0.7166666666666667,0.3166666666666666,0.6166666666666667,0.7166666666666667,0.8,0.85,0.8833333333333333,0.3166666666666666,0.6166666666666667,0.7166666666666667,0.0,0.0,0.0
20260628,DTLZ,11,318,0.7083252641536946,0.7506237193063108,0.7506237193063108,0.7083252641536946,0.7083252641536946,0.7506237193063108,1,1,0,0,0.0,0.0166666666666666,0.25,0.0,0.0,0.0,0.0,0.0,0.0,0.0,0.0166666666666666,0.25,0.0,0.0166666666666666,0.25,0.7666666666666667,0.8833333333333333,0.9666666666666668,0.0,0.0166666666666666,0.25,0.0,0.0,0.0
20260628,DTLZ,3,298,0.8851442355791964,0.8557667062177826,0.8557667062177826,0.8851442355791964,0.8851442355791964,0.8557667062177826,1,1,0,0,0.2833333333333333,0.6833333333333333,0.8666666666666667,0.0,0.0,0.0,0.0,0.0,0.0,0.2833333333333333,0.6833333333333333,0.8666666666666667,0.2833333333333333,0.6833333333333333,0.8666666666666667,0.5666666666666667,0.8833333333333333,0.9833333333333332,0.2833333333333333,0.6833333333333333,0.8666666666666667,0.0,0.0,0.0
20260628,DTLZ,9,337,0.7184537253961738,0.7180586758211327,0.7180586758211327,0.7184537253961738,0.7184537253961738,0.7180586758211327,1,1,0,0,0.35,0.3666666666666666,0.4833333333333333,0.0,0.0,0.0,0.0,0.0,0.0,0.35,0.3666666666666666,0.4833333333333333,0.35,0.3666666666666666,0.4833333333333333,0.1166666666666666,0.4333333333333333,0.85,0.35,0.3666666666666666,0.4833333333333333,0.0,0.0,0.0
20260628,DTLZ,14,169,0.7883107780611955,0.7741301918853627,0.7741301918853627,0.7883107780611955,0.7883107780611955,0.7741301918853627,1,1,0,0,0.4833333333333333,0.5333333333333333,0.6333333333333333,0.0,0.0,0.0,0.0,0.0,0.0,0.5,0.5333333333333333,0.6333333333333333,0.4833333333333333,0.5333333333333333,0.6333333333333333,0.8833333333333333,0.9833333333333332,0.9166666666666666,0.4833333333333333,0.5333333333333333,0.6333333333333333,0.0,0.0,0.0
20260628,DTLZ,9,400,0.7323771532141528,0.7485092722510527,0.7485092722510527,0.7323771532141528,0.7323771532141528,0.7485092722510527,1,1,0,0,0.0166666666666666,0.1,0.45,0.0,0.0,0.0,0.0,0.0,0.0,0.0166666666666666,0.1,0.45,0.0166666666666666,0.1,0.45,0.8166666666666667,0.8833333333333333,0.9666666666666668,0.0166666666666666,0.1,0.45,0.0,0.0,0.0
20260628,DTLZ,11,285,0.7431610393424953,0.7346442119243501,0.7346442119243501,0.7431610393424953,0.7431610393424953,0.7346442119243501,1,1,0,0,0.5,0.7666666666666667,0.95,0.0,0.0,0.0,0.0,0.0,0.0,0.5,0.7666666666666667,0.95,0.5,0.7666666666666667,0.95,0.7333333333333333,0.8833333333333333,0.9166666666666666,0.5,0.7666666666666667,0.95,0.0,0.0,0.0
20260628,DTLZ,12,445,0.7056703697657966,0.7418702139417944,0.7418702139417944,0.7056703697657966,0.7056703697657966,0.7418702139417944,1,1,0,0,0.0,0.0166666666666666,0.1166666666666666,0.0,0.0,0.0,0.0,0.0,0.0,0.0,0.0166666666666666,0.1166666666666666,0.0,0.0166666666666666,0.1166666666666666,0.0,0.5166666666666667,0.9166666666666666,0.0,0.0166666666666666,0.1166666666666666,0.0,0.0,0.0
20260628,DTLZ,15,357,0.7082717101933586,0.7082717101933586,0.7082717101933586,0.7082717101933586,0.7082717101933586,0.7082717101933586,1,1,0,0,0.0,0.2166666666666666,0.2333333333333333,0.0,0.0,0.0,0.0,0.0,0.0,0.0,0.2166666666666666,0.2333333333333333,0.0,0.2166666666666666,0.2333333333333333,0.3166666666666666,0.75,0.9833333333333332,0.0,0.2166666666666666,0.2333333333333333,0.0,0.0,0.0
20260628,DTLZ,6,239,0.7723605412888754,0.7583723994316406,0.7583723994316406,0.7723605412888754,0.7723605412888754,0.7583723994316406,1,1,0,0,0.05,0.3333333333333333,0.65,0.0,0.0,0.0,0.0,0.0,0.0,0.05,0.3333333333333333,0.65,0.05,0.3333333333333333,0.65,0.0833333333333333,0.6666666666666666,0.9333333333333332,0.05,0.3333333333333333,0.65,0.0,0.0,0.0
20260628,DTLZ,14,270,0.7660126644568834,0.7471169650874748,0.7471169650874748,0.7660126644568834,0.7660126644568834,0.7471169650874748,1,1,0,0,0.2833333333333333,0.55,0.8,0.0,0.0,0.0,0.0,0.0,0.0,0.2833333333333333,0.5666666666666667,0.8,0.2833333333333333,0.55,0.8,0.3333333333333333,0.6666666666666666,0.9333333333333332,0.2833333333333333,0.55,0.8,0.0,0.0,0.0
20260628,DTLZ,6,418,0.7807415064813856,0.7519153986416247,0.7519153986416247,0.7807415064813856,0.7807415064813856,0.7519153986416247,1,1,0,0,0.1833333333333333,0.4166666666666667,0.5666666666666667,0.0,0.0,0.0,0.0,0.0,0.0,0.1833333333333333,0.4166666666666667,0.5666666666666667,0.1833333333333333,0.4166666666666667,0.5666666666666667,0.2666666666666666,0.7166666666666667,1.0,0.1833333333333333,0.4166666666666667,0.5666666666666667,0.0,0.0,0.0
20260628,DTLZ,9,389,0.7455394143064678,0.7387775173152381,0.7387775173152381,0.7455394143064678,0.7455394143064678,0.7387775173152381,1,1,0,0,0.1333333333333333,0.3166666666666666,0.5166666666666667,0.0,0.0,0.0,0.0,0.0,0.0,0.1333333333333333,0.3166666666666666,0.5166666666666667,0.1333333333333333,0.3166666666666666,0.5166666666666667,0.6333333333333333,0.7833333333333333,0.9833333333333332,0.1333333333333333,0.3166666666666666,0.5166666666666667,0.0,0.0,0.0
20260628,DTLZ,7,108,0.7490599463352827,0.7352267941741236,0.7352267941741236,0.7490599463352827,0.7490599463352827,0.7352267941741236,1,1,0,0,0.0833333333333333,0.5,0.4,0.0,0.0,0.0,0.0,0.0,0.0,0.0833333333333333,0.5,0.4,0.0833333333333333,0.5,0.4,0.75,0.9,0.9666666666666668,0.0833333333333333,0.5,0.4,0.0,0.0,0.0
20260628,DTLZ,8,252,0.750387437060106,0.7272659343533431,0.7272659343533431,0.750387437060106,0.750387437060106,0.7272659343533431,1,1,0,0,0.3666666666666666,0.5,0.7166666666666667,0.0,0.0,0.0,0.0,0.0,0.0,0.3666666666666666,0.5,0.7,0.3666666666666666,0.5,0.7166666666666667,0.5833333333333334,0.8333333333333334,0.9666666666666668,0.3666666666666666,0.5,0.7166666666666667,0.0,0.0,0.0
20260628,DTLZ,7,101,0.7658821495488541,0.747420426634155,0.747420426634155,0.7658821495488541,0.7658821495488541,0.747420426634155,1,1,0,0,0.2666666666666666,0.4,0.5833333333333334,0.0,0.0,0.0,0.0,0.0,0.0,0.2666666666666666,0.4,0.5833333333333334,0.2666666666666666,0.4,0.5833333333333334,0.3666666666666666,0.75,0.95,0.2666666666666666,0.4,0.5833333333333334,0.0,0.0,0.0
20260628,DTLZ,13,86,0.7671321935792802,0.7454301543209532,0.7454301543209532,0.7671321935792802,0.7671321935792802,0.7454301543209532,1,1,0,0,0.0166666666666666,0.3166666666666666,0.5833333333333334,0.0,0.0,0.0,0.0,0.0,0.0,0.0166666666666666,0.3166666666666666,0.6,0.0166666666666666,0.3166666666666666,0.5833333333333334,0.1333333333333333,0.65,0.9,0.0166666666666666,0.3166666666666666,0.5833333333333334,0.0,0.0,0.0
20260628,DTLZ,14,449,0.7337704075393946,0.7481947335346402,0.7481947335346402,0.7337704075393946,0.7337704075393946,0.7481947335346402,1,1,0,0,0.25,0.4666666666666667,0.4666666666666667,0.0,0.0,0.0,0.0,0.0,0.0,0.25,0.4666666666666667,0.4666666666666667,0.25,0.4666666666666667,0.4666666666666667,0.3666666666666666,0.6833333333333333,0.9666666666666668,0.25,0.4666666666666667,0.4666666666666667,0.0,0.0,0.0
20260628,DTLZ,7,96,0.7614772026179133,0.7402101001229906,0.7402101001229906,0.7614772026179133,0.7614772026179133,0.7402101001229906,1,1,0,0,0.0166666666666666,0.0833333333333333,0.3333333333333333,0.0,0.0,0.0,0.0,0.0,0.0,0.0166666666666666,0.0833333333333333,0.3333333333333333,0.0166666666666666,0.0833333333333333,0.3333333333333333,0.2,0.5166666666666667,0.8833333333333333,0.0166666666666666,0.0833333333333333,0.3333333333333333,0.0,0.0,0.0
20260628,DTLZ,13,421,0.7705124594816138,0.7457910861353916,0.7457910861353916,0.7705124594816138,0.7705124594816138,0.7457910861353916,1,1,0,0,0.0833333333333333,0.1833333333333333,0.5,0.0,0.0,0.0,0.0,0.0,0.0,0.0833333333333333,0.1833333333333333,0.5,0.0833333333333333,0.1833333333333333,0.5,0.75,0.8666666666666667,0.9166666666666666,0.0833333333333333,0.1833333333333333,0.5,0.0,0.0,0.0
20260628,DTLZ,3,495,0.9442013757913492,0.8687645750345704,0.8687645750345704,0.9442013757913492,0.9442013757913492,0.8687645750345704,1,1,0,0,0.15,0.3166666666666666,0.4666666666666667,0.0,0.0,0.0,0.0,0.0,0.0,0.15,0.3166666666666666,0.45,0.15,0.3166666666666666,0.4666666666666667,0.9,0.9333333333333332,1.0,0.15,0.3166666666666666,0.4666666666666667,0.0,0.0,0.0
20260628,DTLZ,12,492,0.754165064525045,0.7453711252468302,0.7453711252468302,0.754165064525045,0.754165064525045,0.7453711252468302,1,1,0,0,0.4,0.5333333333333333,0.5333333333333333,0.0,0.0,0.0,0.0,0.0,0.0,0.4,0.5333333333333333,0.5333333333333333,0.4,0.5333333333333333,0.5333333333333333,0.3666666666666666,0.8,0.9666666666666668,0.4,0.5333333333333333,0.5333333333333333,0.0,0.0,0.0
20260628,DTLZ,11,246,0.7455024746530321,0.7479500410383356,0.7479500410383356,0.7455024746530321,0.7455024746530321,0.7479500410383356,1,1,0,0,0.0,0.0,0.1166666666666666,0.0,0.0,0.0,0.0,0.0,0.0,0.0,0.0,0.1166666666666666,0.0,0.0,0.1166666666666666,0.65,0.8,0.95,0.0,0.0,0.1166666666666666,0.0,0.0,0.0
20260628,DTLZ,14,191,0.7500314222947991,0.7490201111262093,0.7490201111262093,0.7500314222947991,0.7500314222947991,0.7490201111262093,1,1,0,0,0.0333333333333333,0.2833333333333333,0.5166666666666667,0.0,0.0,0.0,0.0,0.0,0.0,0.0333333333333333,0.2833333333333333,0.5166666666666667,0.0333333333333333,0.2833333333333333,0.5166666666666667,0.8,0.8833333333333333,0.95,0.0333333333333333,0.2833333333333333,0.5166666666666667,0.0,0.0,0.0
20260628,DTLZ,5,135,0.7700936191652068,0.7615416414332096,0.7615416414332096,0.7700936191652068,0.7700936191652068,0.7615416414332096,1,1,0,0,0.4333333333333333,0.7166666666666667,0.9666666666666668,0.0,0.0,0.0,0.0,0.0,0.0,0.4333333333333333,0.7166666666666667,0.9666666666666668,0.4333333333333333,0.7166666666666667,0.9666666666666668,0.4166666666666667,0.65,0.9,0.4333333333333333,0.7166666666666667,0.9666666666666668,0.0,0.0,0.0
20260628,DTLZ,7,397,0.7759770331537813,0.7381184969044211,0.7381184969044211,0.7759770331537813,0.7759770331537813,0.7381184969044211,1,1,0,0,0.0,0.1,0.4,0.0,0.0,0.0,0.0,0.0,0.0,0.0,0.1,0.4,0.0,0.1,0.4,0.1166666666666666,0.6166666666666667,0.9666666666666668,0.0,0.1,0.4,0.0,0.0,0.0
20260628,DTLZ,10,252,0.727594677086762,0.7382131015321528,0.7382131015321528,0.727594677086762,0.727594677086762,0.7382131015321528,1,1,0,0,0.1,0.2666666666666666,0.35,0.0,0.0,0.0,0.0,0.0,0.0,0.1,0.2666666666666666,0.35,0.1,0.2666666666666666,0.35,0.45,0.7166666666666667,0.9833333333333332,0.1,0.2666666666666666,0.35,0.0,0.0,0.0
20260628,Energy,7,158,0.500500914491039,0.48668574630007283,0.48668574630007283,0.500500914491039,0.500500914491039,0.48668574630007283,1,1,0,0,0.06666666666666667,0.25,0.38333333333333336,0.0,0.0,0.0,0.0,0.0,0.0,0.06666666666666667,0.25,0.38333333333333336,0.06666666666666667,0.25,0.38333333333333336,0.25,0.21666666666666667,0.6833333333333333,0.06666666666666667,0.25,0.38333333333333336,0.0,0.0,0.0
20260628,Energy,8,103,0.43719748118369794,0.43719748118369794,0.43719748118369794,0.43719748118369794,0.43719748118369794,0.43719748118369794,1,1,0,0,0.18333333333333332,0.35,0.3333333333333333,0.0,0.0,0.0,0.0,0.0,0.0,0.18333333333333332,0.35,0.3333333333333333,0.18333333333333332,0.35,0.3333333333333333,0.0,0.016666666666666666,0.3,0.18333333333333332,0.35,0.3333333333333333,0.0,0.0,0.0
20260628,Energy,5,102,0.5005741208332122,0.5005741208332122,0.5005741208332122,0.5005741208332122,0.5005741208332122,0.5005741208332122,1,1,0,0,0.0,0.05,0.1,0.0,0.0,0.0,0.0,0.0,0.0,0.0,0.05,0.1,0.0,0.05,0.1,0.16666666666666666,0.3,0.7833333333333333,0.0,0.05,0.1,0.0,0.0,0.0
20260628,Energy,8,302,0.4427580732498766,0.4596922371085773,0.4596922371085773,0.4427580732498766,0.4427580732498766,0.4596922371085773,1,1,0,0,0.4666666666666667,0.5833333333333334,0.7333333333333333,0.0,0.0,0.0,0.0,0.0,0.0,0.4666666666666667,0.5833333333333334,0.7333333333333333,0.4666666666666667,0.5833333333333334,0.7333333333333333,0.0,0.05,0.6166666666666667,0.4666666666666667,0.5833333333333334,0.7333333333333333,0.0,0.0,0.0
20260628,Energy,6,161,0.45795458094580205,0.4517285815900472,0.4517285815900472,0.45795458094580205,0.45795458094580205,0.4517285815900472,1,1,0,0,0.21666666666666667,0.5,0.7,0.0,0.0,0.0,0.0,0.0,0.0,0.21666666666666667,0.5,0.7,0.21666666666666667,0.5,0.7,0.23333333333333334,0.55,0.6666666666666666,0.21666666666666667,0.5,0.7,0.0,0.0,0.0
20260628,Energy,5,491,0.4395738254957506,0.4404252748382885,0.4404252748382885,0.4395738254957506,0.4395738254957506,0.4404252748382885,1,1,0,0,0.36666666666666664,0.7,0.7666666666666667,0.0,0.0,0.0,0.0,0.0,0.0,0.36666666666666664,0.7,0.7666666666666667,0.36666666666666664,0.7,0.7666666666666667,0.45,0.6333333333333333,0.65,0.36666666666666664,0.7,0.7666666666666667,0.0,0.0,0.0
20260628,Energy,6,385,0.477895001445035,0.477895001445035,0.477895001445035,0.477895001445035,0.477895001445035,0.477895001445035,1,1,0,0,0.2833333333333333,0.36666666666666664,0.6333333333333333,0.0,0.0,0.0,0.0,0.0,0.0,0.2833333333333333,0.36666666666666664,0.6333333333333333,0.2833333333333333,0.36666666666666664,0.6333333333333333,0.8666666666666667,0.8666666666666667,0.9333333333333333,0.2833333333333333,0.36666666666666664,0.6333333333333333,0.0,0.0,0.0
20260628,Energy,7,257,0.4368065690207555,0.4286879923530152,0.4286879923530152,0.4368065690207555,0.4368065690207555,0.4286879923530152,1,1,0,0,0.26666666666666666,0.6333333333333333,0.6166666666666667,0.0,0.0,0.0,0.0,0.0,0.0,0.26666666666666666,0.6333333333333333,0.6166666666666667,0.26666666666666666,0.6333333333333333,0.6166666666666667,0.11666666666666667,0.5166666666666667,0.65,0.26666666666666666,0.6333333333333333,0.6166666666666667,0.0,0.0,0.0
20260628,Energy,7,332,0.47051394029082433,0.45076392779962765,0.45076392779962765,0.47051394029082433,0.47051394029082433,0.45076392779962765,1,1,0,0,0.4,0.5833333333333334,0.75,0.0,0.0,0.0,0.0,0.0,0.0,0.4,0.5833333333333334,0.75,0.4,0.5833333333333334,0.75,0.0,0.05,0.21666666666666667,0.4,0.5833333333333334,0.75,0.0,0.0,0.0
20260628,Energy,5,456,0.4447699737114294,0.46200970962697746,0.46200970962697746,0.4447699737114294,0.4447699737114294,0.46200970962697746,1,1,0,0,0.18333333333333332,0.4666666666666667,0.6166666666666667,0.0,0.0,0.0,0.0,0.0,0.0,0.18333333333333332,0.4666666666666667,0.6166666666666667,0.18333333333333332,0.4666666666666667,0.6166666666666667,0.3,0.36666666666666664,0.6666666666666666,0.18333333333333332,0.4666666666666667,0.6166666666666667,0.0,0.0,0.0
20260628,Energy,8,447,0.4278469091652537,0.44500993695582003,0.44500993695582003,0.4278469091652537,0.4278469091652537,0.44500993695582003,1,1,0,0,0.48333333333333334,0.55,0.7833333333333333,0.0,0.0,0.0,0.0,0.0,0.0,0.48333333333333334,0.55,0.7833333333333333,0.48333333333333334,0.55,0.7833333333333333,0.13333333333333333,0.6166666666666667,0.8833333333333333,0.48333333333333334,0.55,0.7833333333333333,0.0,0.0,0.0
20260628,Energy,5,196,0.43239547179572296,0.4518443183940097,0.4518443183940097,0.43239547179572296,0.43239547179572296,0.4518443183940097,1,1,0,0,0.38333333333333336,0.6333333333333333,0.8166666666666667,0.0,0.0,0.0,0.0,0.0,0.0,0.38333333333333336,0.6333333333333333,0.8166666666666667,0.38333333333333336,0.6333333333333333,0.8166666666666667,0.31666666666666665,0.55,0.7166666666666667,0.38333333333333336,0.6333333333333333,0.8166666666666667,0.0,0.0,0.0
20260628,Energy,5,294,0.4485868313967124,0.4485868313967124,0.4485868313967124,0.4485868313967124,0.4485868313967124,0.4485868313967124,1,1,0,0,0.0,0.15,0.6166666666666667,0.0,0.0,0.0,0.0,0.0,0.0,0.0,0.15,0.6166666666666667,0.0,0.15,0.6166666666666667,0.0,0.16666666666666666,0.7,0.0,0.15,0.6166666666666667,0.0,0.0,0.0
20260628,Energy,4,147,0.443202569279639,0.4795944480987237,0.4795944480987237,0.443202569279639,0.443202569279639,0.4795944480987237,1,1,0,0,0.3333333333333333,0.3333333333333333,0.31666666666666665,0.0,0.0,0.0,0.0,0.0,0.0,0.3333333333333333,0.3333333333333333,0.31666666666666665,0.3333333333333333,0.3333333333333333,0.31666666666666665,0.35,0.4166666666666667,0.6,0.3333333333333333,0.3333333333333333,0.31666666666666665,0.0,0.0,0.0
20260628,Energy,7,478,0.41579579718703374,0.44158997238904746,0.44158997238904746,0.41579579718703374,0.41579579718703374,0.44158997238904746,1,1,0,0,0.16666666666666666,0.2833333333333333,0.5833333333333334,0.0,0.0,0.0,0.0,0.0,0.0,0.16666666666666666,0.2833333333333333,0.5833333333333334,0.16666666666666666,0.2833333333333333,0.5833333333333334,0.15,0.5333333333333333,0.8333333333333334,0.16666666666666666,0.2833333333333333,0.5833333333333334,0.0,0.0,0.0
20260628,Energy,4,167,0.44289553948966154,0.44289553948966154,0.44289553948966154,0.44289553948966154,0.44289553948966154,0.44289553948966154,1,1,0,0,0.0,0.0,0.1,0.0,0.0,0.0,0.0,0.0,0.0,0.0,0.0,0.1,0.0,0.0,0.1,0.16666666666666666,0.23333333333333334,0.5166666666666667,0.0,0.0,0.1,0.0,0.0,0.0
20260628,Energy,5,122,0.4681459589660078,0.4681459589660078,0.4681459589660078,0.4681459589660078,0.4681459589660078,0.4681459589660078,1,1,0,0,0.0,0.0,0.11666666666666667,0.0,0.0,0.0,0.0,0.0,0.0,0.0,0.0,0.11666666666666667,0.0,0.0,0.11666666666666667,0.08333333333333333,0.3333333333333333,0.5,0.0,0.0,0.11666666666666667,0.0,0.0,0.0
20260628,Energy,5,391,0.45411056913835496,0.43342057892106756,0.43342057892106756,0.45411056913835496,0.45411056913835496,0.43342057892106756,1,1,0,0,0.016666666666666666,0.18333333333333332,0.5666666666666667,0.0,0.0,0.0,0.0,0.0,0.0,0.016666666666666666,0.18333333333333332,0.5666666666666667,0.016666666666666666,0.18333333333333332,0.5666666666666667,0.05,0.31666666666666665,0.5,0.016666666666666666,0.18333333333333332,0.5666666666666667,0.0,0.0,0.0
20260628,Energy,4,474,0.4605162571368779,0.49723511255024044,0.49723511255024044,0.4605162571368779,0.4605162571368779,0.49723511255024044,1,1,0,0,0.0,0.16666666666666666,0.3,0.0,0.0,0.0,0.0,0.0,0.0,0.0,0.16666666666666666,0.3,0.0,0.16666666666666666,0.3,0.43333333333333335,0.5333333333333333,0.9,0.0,0.16666666666666666,0.3,0.0,0.0,0.0
20260628,Energy,8,360,0.41660183481307533,0.47951237686786297,0.47951237686786297,0.41660183481307533,0.41660183481307533,0.47951237686786297,1,1,0,0,0.0,0.05,0.36666666666666664,0.0,0.0,0.0,0.0,0.0,0.0,0.0,0.05,0.36666666666666664,0.0,0.05,0.36666666666666664,0.3333333333333333,0.7,0.8833333333333333,0.0,0.05,0.36666666666666664,0.0,0.0,0.0
20260628,Energy,4,187,0.47039614263617796,0.49204917142531684,0.49204917142531684,0.47039614263617796,0.47039614263617796,0.49204917142531684,1,1,0,0,0.4,0.3333333333333333,0.5333333333333333,0.0,0.0,0.0,0.0,0.0,0.0,0.4,0.3333333333333333,0.5333333333333333,0.4,0.3333333333333333,0.5333333333333333,0.18333333333333332,0.48333333333333334,0.85,0.4,0.3333333333333333,0.5333333333333333,0.0,0.0,0.0
20260628,Energy,8,342,0.45819482816215085,0.4491020065027217,0.4491020065027217,0.45819482816215085,0.45819482816215085,0.4491020065027217,1,1,0,0,0.38333333333333336,0.5333333333333333,0.6333333333333333,0.0,0.0,0.0,0.0,0.0,0.0,0.38333333333333336,0.5333333333333333,0.6333333333333333,0.38333333333333336,0.5333333333333333,0.6333333333333333,0.0,0.36666666666666664,0.8833333333333333,0.38333333333333336,0.5333333333333333,0.6333333333333333,0.0,0.0,0.0
20260628,Energy,5,253,0.46464451185808564,0.46464451185808564,0.46464451185808564,0.46464451185808564,0.46464451185808564,0.46464451185808564,1,1,0,0,0.0,0.0,0.05,0.0,0.0,0.0,0.0,0.0,0.0,0.0,0.0,0.05,0.0,0.0,0.05,0.6,0.8333333333333334,0.9166666666666666,0.0,0.0,0.05,0.0,0.0,0.0
20260628,Energy,8,269,0.4569682284245728,0.4356733268225375,0.4356733268225375,0.4569682284245728,0.4569682284245728,0.4356733268225375,1,1,0,0,0.13333333333333333,0.4166666666666667,0.5666666666666667,0.0,0.0,0.0,0.0,0.0,0.0,0.13333333333333333,0.4166666666666667,0.5666666666666667,0.13333333333333333,0.4166666666666667,0.5666666666666667,0.0,0.16666666666666666,0.5166666666666667,0.13333333333333333,0.4166666666666667,0.5666666666666667,0.0,0.0,0.0
20260628,Energy,6,313,0.4631105634895861,0.484129003997115,0.484129003997115,0.4631105634895861,0.4631105634895861,0.484129003997115,1,1,0,0,0.21666666666666667,0.43333333333333335,0.7,0.0,0.0,0.0,0.0,0.0,0.0,0.21666666666666667,0.43333333333333335,0.7,0.21666666666666667,0.43333333333333335,0.7,0.7,0.8666666666666667,0.95,0.21666666666666667,0.43333333333333335,0.7,0.0,0.0,0.0
20260628,Energy,6,115,0.494303384172708,0.5272270194315622,0.5272270194315622,0.494303384172708,0.494303384172708,0.5272270194315622,1,1,0,0,0.03333333333333333,0.21666666666666667,0.5666666666666667,0.0,0.0,0.0,0.0,0.0,0.0,0.03333333333333333,0.21666666666666667,0.5666666666666667,0.03333333333333333,0.21666666666666667,0.5666666666666667,0.016666666666666666,0.3,0.7,0.03333333333333333,0.21666666666666667,0.5666666666666667,0.0,0.0,0.0
20260628,Energy,5,174,0.4379794448401864,0.49183696129657906,0.49183696129657906,0.4379794448401864,0.4379794448401864,0.49183696129657906,1,1,0,0,0.0,0.1,0.2,0.0,0.0,0.0,0.0,0.0,0.0,0.0,0.1,0.2,0.0,0.1,0.2,0.23333333333333334,0.5833333333333334,0.7333333333333333,0.0,0.1,0.2,0.0,0.0,0.0
20260628,Energy,8,206,0.4125197086929474,0.46449280634862367,0.46449280634862367,0.4125197086929474,0.4125197086929474,0.46449280634862367,1,1,0,0,0.3,0.48333333333333334,0.5666666666666667,0.0,0.0,0.0,0.0,0.0,0.0,0.3,0.48333333333333334,0.5666666666666667,0.3,0.48333333333333334,0.5666666666666667,0.3,0.48333333333333334,0.48333333333333334,0.3,0.48333333333333334,0.5666666666666667,0.0,0.0,0.0
20260628,Energy,6,436,0.4533030248983085,0.4734694189467091,0.4734694189467091,0.4533030248983085,0.4533030248983085,0.4734694189467091,1,1,0,0,0.1,0.38333333333333336,0.6333333333333333,0.0,0.0,0.0,0.0,0.0,0.0,0.1,0.38333333333333336,0.6333333333333333,0.1,0.38333333333333336,0.6333333333333333,0.3,0.4666666666666667,0.7,0.1,0.38333333333333336,0.6333333333333333,0.0,0.0,0.0
20260628,Energy,4,400,0.46673882205821476,0.46673882205821476,0.46673882205821476,0.46673882205821476,0.46673882205821476,0.46673882205821476,1,1,0,0,0.05,0.25,0.45,0.0,0.0,0.0,0.0,0.0,0.0,0.05,0.25,0.45,0.05,0.25,0.45,0.48333333333333334,0.8,0.75,0.05,0.25,0.45,0.0,0.0,0.0
20260628,Energy,4,115,0.47854164109305586,0.49385265645813387,0.49385265645813387,0.47854164109305586,0.47854164109305586,0.49385265645813387,1,1,0,0,0.016666666666666666,0.15,0.6333333333333333,0.0,0.0,0.0,0.0,0.0,0.0,0.016666666666666666,0.15,0.6333333333333333,0.016666666666666666,0.15,0.6333333333333333,0.0,0.0,0.31666666666666665,0.016666666666666666,0.15,0.6333333333333333,0.0,0.0,0.0
20260628,Energy,4,188,0.45586598169503034,0.45586598169503034,0.45586598169503034,0.45586598169503034,0.45586598169503034,0.45586598169503034,1,1,0,0,0.0,0.03333333333333333,0.15,0.0,0.0,0.0,0.0,0.0,0.0,0.0,0.03333333333333333,0.15,0.0,0.03333333333333333,0.15,0.16666666666666666,0.4166666666666667,0.65,0.0,0.03333333333333333,0.15,0.0,0.0,0.0
20260628,Energy,4,144,0.4692681860420104,0.4692681860420104,0.4692681860420104,0.4692681860420104,0.4692681860420104,0.4692681860420104,1,1,0,0,0.0,0.15,0.5333333333333333,0.0,0.0,0.0,0.0,0.0,0.0,0.0,0.15,0.5333333333333333,0.0,0.15,0.5333333333333333,0.0,0.03333333333333333,0.4666666666666667,0.0,0.15,0.5333333333333333,0.0,0.0,0.0
20260628,Energy,7,310,0.46773697291466665,0.4457991501484183,0.4457991501484183,0.46773697291466665,0.46773697291466665,0.4457991501484183,1,1,0,0,0.3333333333333333,0.5,0.7166666666666667,0.0,0.0,0.0,0.0,0.0,0.0,0.3333333333333333,0.5,0.7166666666666667,0.3333333333333333,0.5,0.7166666666666667,0.016666666666666666,0.35,0.6833333333333333,0.3333333333333333,0.5,0.7166666666666667,0.0,0.0,0.0
20260628,Energy,5,87,0.4790455153764273,0.4790455153764273,0.4790455153764273,0.4790455153764273,0.4790455153764273,0.4790455153764273,1,1,0,0,0.5333333333333333,0.6166666666666667,0.95,0.0,0.0,0.0,0.0,0.0,0.0,0.5333333333333333,0.6166666666666667,0.95,0.5333333333333333,0.6166666666666667,0.95,0.2,0.6166666666666667,0.8333333333333334,0.5333333333333333,0.6166666666666667,0.95,0.0,0.0,0.0
20260628,Energy,7,422,0.426830161715678,0.45810977374703726,0.45810977374703726,0.426830161715678,0.426830161715678,0.45810977374703726,1,1,0,0,0.0,0.05,0.2833333333333333,0.0,0.0,0.0,0.0,0.0,0.0,0.0,0.05,0.2833333333333333,0.0,0.05,0.2833333333333333,0.0,0.15,0.65,0.0,0.05,0.2833333333333333,0.0,0.0,0.0
20260628,Energy,5,154,0.4605018752958426,0.487107420005856,0.487107420005856,0.4605018752958426,0.4605018752958426,0.487107420005856,1,1,0,0,0.0,0.016666666666666666,0.1,0.0,0.0,0.0,0.0,0.0,0.0,0.0,0.016666666666666666,0.1,0.0,0.016666666666666666,0.1,0.3,0.5666666666666667,0.7833333333333333,0.0,0.016666666666666666,0.1,0.0,0.0,0.0
20260628,Energy,6,306,0.42295780822044926,0.4300922208916911,0.4300922208916911,0.42295780822044926,0.42295780822044926,0.4300922208916911,1,1,0,0,0.06666666666666667,0.21666666666666667,0.35,0.0,0.0,0.0,0.0,0.0,0.0,0.06666666666666667,0.21666666666666667,0.35,0.06666666666666667,0.21666666666666667,0.35,0.0,0.06666666666666667,0.4166666666666667,0.06666666666666667,0.21666666666666667,0.35,0.0,0.0,0.0
20260628,Energy,6,202,0.4239305844532673,0.48263193138369886,0.48263193138369886,0.4239305844532673,0.4239305844532673,0.48263193138369886,1,1,0,0,0.0,0.016666666666666666,0.13333333333333333,0.0,0.0,0.0,0.0,0.0,0.0,0.0,0.016666666666666666,0.13333333333333333,0.0,0.016666666666666666,0.13333333333333333,0.4,0.8,0.8666666666666667,0.0,0.016666666666666666,0.13333333333333333,0.0,0.0,0.0
20260628,Energy,4,232,0.4625064192296025,0.4939268129842846,0.4939268129842846,0.4625064192296025,0.4625064192296025,0.4939268129842846,1,1,0,0,0.7833333333333333,0.85,0.8833333333333333,0.0,0.0,0.0,0.0,0.0,0.0,0.7833333333333333,0.85,0.8833333333333333,0.7833333333333333,0.85,0.8833333333333333,0.3,0.5833333333333334,0.7666666666666667,0.7833333333333333,0.85,0.8833333333333333,0.0,0.0,0.0
20260628,Energy,8,302,0.4473825174904236,0.4434796651415912,0.4434796651415912,0.4473825174904236,0.4473825174904236,0.4434796651415912,1,1,0,0,0.5166666666666667,0.5666666666666667,0.6166666666666667,0.0,0.0,0.0,0.0,0.0,0.0,0.5166666666666667,0.5666666666666667,0.6166666666666667,0.5166666666666667,0.5666666666666667,0.6166666666666667,0.2833333333333333,0.36666666666666664,0.48333333333333334,0.5166666666666667,0.5666666666666667,0.6166666666666667,0.0,0.0,0.0
20260628,Energy,6,311,0.4374639537929642,0.4676003424843725,0.4676003424843725,0.4374639537929642,0.4374639537929642,0.4676003424843725,1,1,0,0,0.23333333333333334,0.3333333333333333,0.5666666666666667,0.0,0.0,0.0,0.0,0.0,0.0,0.23333333333333334,0.3333333333333333,0.5666666666666667,0.23333333333333334,0.3333333333333333,0.5666666666666667,0.0,0.23333333333333334,0.6,0.23333333333333334,0.3333333333333333,0.5666666666666667,0.0,0.0,0.0
20260628,Energy,4,149,0.4453181119824862,0.5001928625734763,0.5001928625734763,0.4453181119824862,0.4453181119824862,0.5001928625734763,1,1,0,0,0.18333333333333332,0.2,0.4666666666666667,0.0,0.0,0.0,0.0,0.0,0.0,0.18333333333333332,0.2,0.4666666666666667,0.18333333333333332,0.2,0.4666666666666667,0.65,0.6666666666666666,0.7833333333333333,0.18333333333333332,0.2,0.4666666666666667,0.0,0.0,0.0
20260628,Energy,4,490,0.44569024419391085,0.44912535390981734,0.44912535390981734,0.44569024419391085,0.44569024419391085,0.44912535390981734,1,1,0,0,0.08333333333333333,0.26666666666666666,0.6166666666666667,0.0,0.0,0.0,0.0,0.0,0.0,0.08333333333333333,0.26666666666666666,0.6166666666666667,0.08333333333333333,0.26666666666666666,0.6166666666666667,0.3333333333333333,0.6,0.7333333333333333,0.08333333333333333,0.26666666666666666,0.6166666666666667,0.0,0.0,0.0
20260628,Energy,8,400,0.45205128225796815,0.4511635920198088,0.4511635920198088,0.45205128225796815,0.45205128225796815,0.4511635920198088,1,1,0,0,0.31666666666666665,0.55,0.7333333333333333,0.0,0.0,0.0,0.0,0.0,0.0,0.31666666666666665,0.55,0.7333333333333333,0.31666666666666665,0.55,0.7333333333333333,0.6833333333333333,0.85,0.8833333333333333,0.31666666666666665,0.55,0.7333333333333333,0.0,0.0,0.0
20260628,Energy,4,384,0.47374880243255485,0.5027654970388666,0.5027654970388666,0.47374880243255485,0.47374880243255485,0.5027654970388666,1,1,0,0,0.2833333333333333,0.5666666666666667,0.6166666666666667,0.0,0.0,0.0,0.0,0.0,0.0,0.2833333333333333,0.5666666666666667,0.6166666666666667,0.2833333333333333,0.5666666666666667,0.6166666666666667,0.21666666666666667,0.6333333333333333,0.7666666666666667,0.2833333333333333,0.5666666666666667,0.6166666666666667,0.0,0.0,0.0
20260628,Energy,5,293,0.4685853629305003,0.45895376585715986,0.45895376585715986,0.4685853629305003,0.4685853629305003,0.45895376585715986,1,1,0,0,0.5166666666666667,0.4666666666666667,0.6166666666666667,0.0,0.0,0.0,0.0,0.0,0.0,0.5166666666666667,0.4666666666666667,0.6166666666666667,0.5166666666666667,0.4666666666666667,0.6166666666666667,0.0,0.23333333333333334,0.55,0.5166666666666667,0.4666666666666667,0.6166666666666667,0.0,0.0,0.0
20260628,Energy,7,465,0.43710165446865346,0.458386870157307,0.458386870157307,0.43710165446865346,0.43710165446865346,0.458386870157307,1,1,0,0,0.45,0.6166666666666667,0.8,0.0,0.0,0.0,0.0,0.0,0.0,0.45,0.6166666666666667,0.8,0.45,0.6166666666666667,0.8,0.85,0.9166666666666666,0.85,0.45,0.6166666666666667,0.8,0.0,0.0,0.0
20260628,Energy,6,446,0.4314623820378475,0.45432798833922367,0.45432798833922367,0.4314623820378475,0.4314623820378475,0.45432798833922367,1,1,0,0,0.0,0.08333333333333333,0.26666666666666666,0.0,0.0,0.0,0.0,0.0,0.0,0.0,0.08333333333333333,0.26666666666666666,0.0,0.08333333333333333,0.26666666666666666,0.3333333333333333,0.5666666666666667,0.75,0.0,0.08333333333333333,0.26666666666666666,0.0,0.0,0.0
20260628,Energy,5,265,0.4639069426943026,0.5074618213420372,0.5074618213420372,0.4639069426943026,0.4639069426943026,0.5074618213420372,1,1,0,0,0.3333333333333333,0.6166666666666667,0.7166666666666667,0.0,0.0,0.0,0.0,0.0,0.0,0.3333333333333333,0.6166666666666667,0.7166666666666667,0.3333333333333333,0.6166666666666667,0.7166666666666667,0.4666666666666667,0.65,0.9166666666666666,0.3333333333333333,0.6166666666666667,0.7166666666666667,0.0,0.0,0.0
20260628,Concrete,4,295,0.465281231403238,0.474017633094457,0.474017633094457,0.465281231403238,0.465281231403238,0.474017633094457,1,1,0,0,0.03333333333333333,0.18333333333333332,0.55,0.0,0.0,0.0,0.0,0.0,0.0,0.03333333333333333,0.18333333333333332,0.55,0.03333333333333333,0.18333333333333332,0.55,0.23333333333333334,0.3333333333333333,0.5333333333333333,0.03333333333333333,0.18333333333333332,0.55,0.0,0.0,0.0
20260628,Concrete,5,261,0.44332357515210563,0.44332357515210563,0.44332357515210563,0.44332357515210563,0.44332357515210563,0.44332357515210563,1,1,0,0,0.35,0.6333333333333333,0.7166666666666667,0.0,0.0,0.0,0.0,0.0,0.0,0.35,0.6333333333333333,0.7166666666666667,0.35,0.6333333333333333,0.7166666666666667,0.0,0.016666666666666666,0.23333333333333334,0.35,0.6333333333333333,0.7166666666666667,0.0,0.0,0.0
20260628,Concrete,7,251,0.45643623452163073,0.42885862816180687,0.42885862816180687,0.45643623452163073,0.45643623452163073,0.42885862816180687,1,1,0,0,0.6333333333333333,0.7333333333333333,0.8666666666666667,0.0,0.0,0.0,0.0,0.0,0.0,0.6333333333333333,0.7333333333333333,0.8666666666666667,0.6333333333333333,0.7333333333333333,0.8666666666666667,0.0,0.016666666666666666,0.36666666666666664,0.6333333333333333,0.7333333333333333,0.8666666666666667,0.0,0.0,0.0
20260628,Concrete,6,284,0.39613371159971644,0.39613371159971644,0.39613371159971644,0.39613371159971644,0.39613371159971644,0.39613371159971644,1,1,0,0,0.0,0.0,0.3,0.0,0.0,0.0,0.0,0.0,0.0,0.0,0.0,0.3,0.0,0.0,0.3,0.0,0.0,0.18333333333333332,0.0,0.0,0.3,0.0,0.0,0.0
20260628,Concrete,8,424,0.4260158535870909,0.4180630783004987,0.4180630783004987,0.4260158535870909,0.4260158535870909,0.4180630783004987,1,1,0,0,0.25,0.55,0.7,0.0,0.0,0.0,0.0,0.0,0.0,0.25,0.55,0.7,0.25,0.55,0.7,0.2,0.4166666666666667,0.6333333333333333,0.25,0.55,0.7,0.0,0.0,0.0
20260628,Concrete,6,167,0.463005550259347,0.47448650597699105,0.47448650597699105,0.463005550259347,0.463005550259347,0.47448650597699105,1,1,0,0,0.03333333333333333,0.21666666666666667,0.5,0.0,0.0,0.0,0.0,0.0,0.0,0.03333333333333333,0.21666666666666667,0.5,0.03333333333333333,0.21666666666666667,0.5,0.26666666666666666,0.65,0.7333333333333333,0.03333333333333333,0.21666666666666667,0.5,0.0,0.0,0.0
20260628,Concrete,8,245,0.43312249747376036,0.43312249747376036,0.43312249747376036,0.43312249747376036,0.43312249747376036,0.43312249747376036,1,1,0,0,0.5166666666666667,0.48333333333333334,0.5666666666666667,0.0,0.0,0.0,0.0,0.0,0.0,0.5166666666666667,0.48333333333333334,0.5666666666666667,0.5166666666666667,0.48333333333333334,0.5666666666666667,0.0,0.0,0.45,0.5166666666666667,0.48333333333333334,0.5666666666666667,0.0,0.0,0.0
20260628,Concrete,7,328,0.43994009979277104,0.511198422447006,0.511198422447006,0.43994009979277104,0.43994009979277104,0.511198422447006,1,1,0,0,0.18333333333333332,0.4166666666666667,0.7333333333333333,0.0,0.0,0.0,0.0,0.0,0.0,0.18333333333333332,0.4166666666666667,0.7333333333333333,0.18333333333333332,0.4166666666666667,0.7333333333333333,0.3333333333333333,0.55,0.85,0.18333333333333332,0.4166666666666667,0.7333333333333333,0.0,0.0,0.0
20260628,Concrete,8,307,0.4465476514205657,0.45711158048437567,0.45711158048437567,0.4465476514205657,0.4465476514205657,0.45711158048437567,1,1,0,0,0.0,0.06666666666666667,0.2,0.0,0.0,0.0,0.0,0.0,0.0,0.0,0.06666666666666667,0.2,0.0,0.06666666666666667,0.2,0.4666666666666667,0.6666666666666666,0.75,0.0,0.06666666666666667,0.2,0.0,0.0,0.0
20260628,Concrete,6,163,0.46892209492585557,0.506636924514038,0.506636924514038,0.46892209492585557,0.46892209492585557,0.506636924514038,1,1,0,0,0.45,0.6333333333333333,0.65,0.0,0.0,0.0,0.0,0.0,0.0,0.45,0.6333333333333333,0.65,0.45,0.6333333333333333,0.65,0.16666666666666666,0.3,0.6166666666666667,0.45,0.6333333333333333,0.65,0.0,0.0,0.0
20260628,Concrete,6,125,0.45796422750452676,0.45796422750452676,0.45796422750452676,0.45796422750452676,0.45796422750452676,0.45796422750452676,1,1,0,0,0.0,0.03333333333333333,0.3,0.0,0.0,0.0,0.0,0.0,0.0,0.0,0.03333333333333333,0.3,0.0,0.03333333333333333,0.3,0.6333333333333333,0.9166666666666666,0.9,0.0,0.03333333333333333,0.3,0.0,0.0,0.0
20260628,Concrete,5,440,0.44304891800881935,0.45776892712295386,0.45776892712295386,0.44304891800881935,0.44304891800881935,0.45776892712295386,1,1,0,0,0.26666666666666666,0.5166666666666667,0.5,0.0,0.0,0.0,0.0,0.0,0.0,0.26666666666666666,0.5166666666666667,0.5,0.26666666666666666,0.5166666666666667,0.5,0.2833333333333333,0.5166666666666667,0.7833333333333333,0.26666666666666666,0.5166666666666667,0.5,0.0,0.0,0.0
20260628,Concrete,7,269,0.4305564733092062,0.4305564733092062,0.4305564733092062,0.4305564733092062,0.4305564733092062,0.4305564733092062,1,1,0,0,0.0,0.016666666666666666,0.18333333333333332,0.0,0.0,0.0,0.0,0.0,0.0,0.0,0.016666666666666666,0.18333333333333332,0.0,0.016666666666666666,0.18333333333333332,0.0,0.2833333333333333,0.7666666666666667,0.0,0.016666666666666666,0.18333333333333332,0.0,0.0,0.0
20260628,Concrete,7,80,0.4624734943988781,0.46155294866924307,0.46155294866924307,0.4624734943988781,0.4624734943988781,0.46155294866924307,1,1,0,0,0.5166666666666667,0.8166666666666667,0.8,0.0,0.0,0.0,0.0,0.0,0.0,0.5166666666666667,0.8166666666666667,0.8,0.5166666666666667,0.8166666666666667,0.8,0.43333333333333335,0.5,0.6666666666666666,0.5166666666666667,0.8166666666666667,0.8,0.0,0.0,0.0
20260628,Concrete,7,274,0.4334294956789628,0.4334294956789628,0.4334294956789628,0.4334294956789628,0.4334294956789628,0.4334294956789628,1,1,0,0,0.0,0.1,0.5,0.0,0.0,0.0,0.0,0.0,0.0,0.0,0.1,0.5,0.0,0.1,0.5,0.016666666666666666,0.3,0.65,0.0,0.1,0.5,0.0,0.0,0.0
20260628,Concrete,4,93,0.47946377749776353,0.49111226897613613,0.49111226897613613,0.47946377749776353,0.47946377749776353,0.49111226897613613,1,1,0,0,0.0,0.06666666666666667,0.36666666666666664,0.0,0.0,0.0,0.0,0.0,0.0,0.0,0.06666666666666667,0.36666666666666664,0.0,0.06666666666666667,0.36666666666666664,0.06666666666666667,0.26666666666666666,0.5166666666666667,0.0,0.06666666666666667,0.36666666666666664,0.0,0.0,0.0
20260628,Concrete,7,232,0.44862893945372556,0.44862893945372556,0.44862893945372556,0.44862893945372556,0.44862893945372556,0.44862893945372556,1,1,0,0,0.05,0.36666666666666664,0.5833333333333334,0.0,0.0,0.0,0.0,0.0,0.0,0.05,0.36666666666666664,0.5833333333333334,0.05,0.36666666666666664,0.5833333333333334,0.3333333333333333,0.7333333333333333,0.8333333333333334,0.05,0.36666666666666664,0.5833333333333334,0.0,0.0,0.0
20260628,Concrete,6,112,0.422654413511253,0.422654413511253,0.422654413511253,0.422654413511253,0.422654413511253,0.422654413511253,1,1,0,0,0.0,0.0,0.0,0.0,0.0,0.0,0.0,0.0,0.0,0.0,0.0,0.0,0.0,0.0,0.0,0.0,0.03333333333333333,0.5,0.0,0.0,0.0,0.0,0.0,0.0
20260628,Concrete,6,142,0.4303327674717426,0.4303327674717426,0.4303327674717426,0.4303327674717426,0.4303327674717426,0.4303327674717426,1,1,0,0,0.0,0.05,0.23333333333333334,0.0,0.0,0.0,0.0,0.0,0.0,0.0,0.05,0.23333333333333334,0.0,0.05,0.23333333333333334,0.03333333333333333,0.38333333333333336,0.48333333333333334,0.0,0.05,0.23333333333333334,0.0,0.0,0.0
20260628,Concrete,7,454,0.4863433526070147,0.4567125716397975,0.4567125716397975,0.4863433526070147,0.4863433526070147,0.4567125716397975,1,1,0,0,0.5166666666666667,0.6,0.8166666666666667,0.0,0.0,0.0,0.0,0.0,0.0,0.5166666666666667,0.6,0.8166666666666667,0.5166666666666667,0.6,0.8166666666666667,0.0,0.15,0.3,0.5166666666666667,0.6,0.8166666666666667,0.0,0.0,0.0
20260628,Concrete,5,124,0.4855850634805627,0.4773913839353622,0.4773913839353622,0.4855850634805627,0.4855850634805627,0.4773913839353622,1,1,0,0,0.8166666666666667,0.8833333333333333,0.9166666666666666,0.0,0.0,0.0,0.0,0.0,0.0,0.8166666666666667,0.8833333333333333,0.9166666666666666,0.8166666666666667,0.8833333333333333,0.9166666666666666,0.0,0.0,0.25,0.8166666666666667,0.8833333333333333,0.9166666666666666,0.0,0.0,0.0
20260628,Concrete,8,405,0.41625695962640646,0.45536824455343317,0.45536824455343317,0.41625695962640646,0.41625695962640646,0.45536824455343317,1,1,0,0,0.03333333333333333,0.18333333333333332,0.45,0.0,0.0,0.0,0.0,0.0,0.0,0.03333333333333333,0.18333333333333332,0.45,0.03333333333333333,0.18333333333333332,0.45,0.5,0.7333333333333333,0.75,0.03333333333333333,0.18333333333333332,0.45,0.0,0.0,0.0
20260628,Concrete,6,149,0.4748844738323889,0.48592355218172933,0.48592355218172933,0.4748844738323889,0.4748844738323889,0.48592355218172933,1,1,0,0,0.43333333333333335,0.6833333333333333,0.8,0.0,0.0,0.0,0.0,0.0,0.0,0.43333333333333335,0.6833333333333333,0.8,0.43333333333333335,0.6833333333333333,0.8,0.3333333333333333,0.4666666666666667,0.6333333333333333,0.43333333333333335,0.6833333333333333,0.8,0.0,0.0,0.0
20260628,Concrete,6,111,0.414625671444601,0.4810705022374601,0.4810705022374601,0.414625671444601,0.414625671444601,0.4810705022374601,1,1,0,0,0.0,0.016666666666666666,0.11666666666666667,0.0,0.0,0.0,0.0,0.0,0.0,0.0,0.016666666666666666,0.11666666666666667,0.0,0.016666666666666666,0.11666666666666667,0.3,0.4,0.7666666666666667,0.0,0.016666666666666666,0.11666666666666667,0.0,0.0,0.0
20260628,Concrete,8,315,0.4598738044403094,0.47146061032825715,0.47146061032825715,0.4598738044403094,0.4598738044403094,0.47146061032825715,1,1,0,0,0.13333333333333333,0.55,0.7,0.0,0.0,0.0,0.0,0.0,0.0,0.13333333333333333,0.55,0.7,0.13333333333333333,0.55,0.7,0.4166666666666667,0.5833333333333334,0.7333333333333333,0.13333333333333333,0.55,0.7,0.0,0.0,0.0
20260628,Concrete,4,232,0.44841947296872675,0.44841947296872675,0.44841947296872675,0.44841947296872675,0.44841947296872675,0.44841947296872675,1,1,0,0,0.3333333333333333,0.26666666666666666,0.3,0.0,0.0,0.0,0.0,0.0,0.0,0.3333333333333333,0.26666666666666666,0.3,0.3333333333333333,0.26666666666666666,0.3,0.0,0.05,0.5,0.3333333333333333,0.26666666666666666,0.3,0.0,0.0,0.0
20260628,Concrete,5,160,0.4615251708961875,0.4547807352231189,0.4547807352231189,0.4615251708961875,0.4615251708961875,0.4547807352231189,1,1,0,0,0.23333333333333334,0.5333333333333333,0.7166666666666667,0.0,0.0,0.0,0.0,0.0,0.0,0.23333333333333334,0.5333333333333333,0.7166666666666667,0.23333333333333334,0.5333333333333333,0.7166666666666667,0.0,0.0,0.15,0.23333333333333334,0.5333333333333333,0.7166666666666667,0.0,0.0,0.0
20260628,Concrete,5,385,0.48919316802690566,0.4859868390678513,0.4859868390678513,0.48919316802690566,0.48919316802690566,0.4859868390678513,1,1,0,0,0.31666666666666665,0.4666666666666667,0.6166666666666667,0.0,0.0,0.0,0.0,0.0,0.0,0.31666666666666665,0.4666666666666667,0.6166666666666667,0.31666666666666665,0.4666666666666667,0.6166666666666667,0.6166666666666667,0.7833333333333333,0.8166666666666667,0.31666666666666665,0.4666666666666667,0.6166666666666667,0.0,0.0,0.0
20260628,Concrete,6,434,0.4539958388004274,0.47505631550335065,0.47505631550335065,0.4539958388004274,0.4539958388004274,0.47505631550335065,1,1,0,0,0.1,0.43333333333333335,0.7333333333333333,0.0,0.0,0.0,0.0,0.0,0.0,0.1,0.43333333333333335,0.7333333333333333,0.1,0.43333333333333335,0.7333333333333333,0.0,0.0,0.48333333333333334,0.1,0.43333333333333335,0.7333333333333333,0.0,0.0,0.0
20260628,Concrete,4,82,0.4599801998705126,0.4599801998705126,0.4599801998705126,0.4599801998705126,0.4599801998705126,0.4599801998705126,1,1,0,0,0.0,0.03333333333333333,0.18333333333333332,0.0,0.0,0.0,0.0,0.0,0.0,0.0,0.03333333333333333,0.18333333333333332,0.0,0.03333333333333333,0.18333333333333332,0.08333333333333333,0.3333333333333333,0.5666666666666667,0.0,0.03333333333333333,0.18333333333333332,0.0,0.0,0.0
20260628,Concrete,7,460,0.4317031425910037,0.42714153957327367,0.42714153957327367,0.4317031425910037,0.4317031425910037,0.42714153957327367,1,1,0,0,0.5166666666666667,0.75,0.9166666666666666,0.0,0.0,0.0,0.0,0.0,0.0,0.5166666666666667,0.75,0.9166666666666666,0.5166666666666667,0.75,0.9166666666666666,0.3,0.5166666666666667,0.85,0.5166666666666667,0.75,0.9166666666666666,0.0,0.0,0.0
20260628,Concrete,8,298,0.42586636247905946,0.4316538742636974,0.4316538742636974,0.42586636247905946,0.42586636247905946,0.4316538742636974,1,1,0,0,0.5166666666666667,0.45,0.6333333333333333,0.0,0.0,0.0,0.0,0.0,0.0,0.5166666666666667,0.45,0.6333333333333333,0.5166666666666667,0.45,0.6333333333333333,0.0,0.016666666666666666,0.5666666666666667,0.5166666666666667,0.45,0.6333333333333333,0.0,0.0,0.0
20260628,Concrete,4,480,0.42638415743508157,0.4441072270951437,0.4441072270951437,0.42638415743508157,0.42638415743508157,0.4441072270951437,1,1,0,0,0.0,0.16666666666666666,0.38333333333333336,0.0,0.0,0.0,0.0,0.0,0.0,0.0,0.16666666666666666,0.38333333333333336,0.0,0.16666666666666666,0.38333333333333336,0.38333333333333336,0.48333333333333334,0.5333333333333333,0.0,0.16666666666666666,0.38333333333333336,0.0,0.0,0.0
20260628,Concrete,8,78,0.47947029316210144,0.47947029316210144,0.47947029316210144,0.47947029316210144,0.47947029316210144,0.47947029316210144,1,1,0,0,0.25,0.36666666666666664,0.6,0.0,0.0,0.0,0.0,0.0,0.0,0.25,0.36666666666666664,0.6,0.25,0.36666666666666664,0.6,0.0,0.0,0.43333333333333335,0.25,0.36666666666666664,0.6,0.0,0.0,0.0
20260628,Concrete,4,179,0.4473504412154807,0.4473504412154807,0.4473504412154807,0.4473504412154807,0.4473504412154807,0.4473504412154807,1,1,0,0,0.11666666666666667,0.43333333333333335,0.48333333333333334,0.0,0.0,0.0,0.0,0.0,0.0,0.11666666666666667,0.43333333333333335,0.48333333333333334,0.11666666666666667,0.43333333333333335,0.48333333333333334,0.0,0.0,0.13333333333333333,0.11666666666666667,0.43333333333333335,0.48333333333333334,0.0,0.0,0.0
20260628,Concrete,6,191,0.4612261052027315,0.5052666385452232,0.5052666385452232,0.4612261052027315,0.4612261052027315,0.5052666385452232,1,1,0,0,0.18333333333333332,0.3,0.5166666666666667,0.0,0.0,0.0,0.0,0.0,0.0,0.18333333333333332,0.3,0.5333333333333333,0.18333333333333332,0.3,0.5166666666666667,0.15,0.6333333333333333,0.8166666666666667,0.18333333333333332,0.3,0.5166666666666667,0.0,0.0,0.0
20260628,Concrete,8,297,0.47434669441326077,0.4678186388419665,0.4678186388419665,0.47434669441326077,0.47434669441326077,0.4678186388419665,1,1,0,0,0.3,0.7166666666666667,0.6333333333333333,0.0,0.0,0.0,0.0,0.0,0.0,0.3,0.7166666666666667,0.6333333333333333,0.3,0.7166666666666667,0.6333333333333333,0.26666666666666666,0.5,0.7833333333333333,0.3,0.7166666666666667,0.6333333333333333,0.0,0.0,0.0
20260628,Concrete,7,117,0.4516054882543526,0.4516054882543526,0.4516054882543526,0.4516054882543526,0.4516054882543526,0.4516054882543526,1,1,0,0,0.0,0.016666666666666666,0.13333333333333333,0.0,0.0,0.0,0.0,0.0,0.0,0.0,0.016666666666666666,0.13333333333333333,0.0,0.016666666666666666,0.13333333333333333,0.3,0.6333333333333333,0.6666666666666666,0.0,0.016666666666666666,0.13333333333333333,0.0,0.0,0.0
20260628,Concrete,5,471,0.44345383055376997,0.45329884917930413,0.45329884917930413,0.44345383055376997,0.44345383055376997,0.45329884917930413,1,1,0,0,0.26666666666666666,0.5,0.45,0.0,0.0,0.0,0.0,0.0,0.0,0.26666666666666666,0.5,0.45,0.26666666666666666,0.5,0.45,0.06666666666666667,0.2833333333333333,0.6666666666666666,0.26666666666666666,0.5,0.45,0.0,0.0,0.0
20260628,Concrete,8,496,0.4366218218357348,0.4511678349504648,0.4511678349504648,0.4366218218357348,0.4366218218357348,0.4511678349504648,1,1,0,0,0.13333333333333333,0.3333333333333333,0.48333333333333334,0.0,0.0,0.0,0.0,0.0,0.0,0.13333333333333333,0.3333333333333333,0.48333333333333334,0.13333333333333333,0.3333333333333333,0.48333333333333334,0.15,0.5833333333333334,0.85,0.13333333333333333,0.3333333333333333,0.48333333333333334,0.0,0.0,0.0
20260628,Concrete,6,73,0.4863594745512312,0.4863594745512312,0.4863594745512312,0.4863594745512312,0.4863594745512312,0.4863594745512312,1,1,0,0,0.0,0.13333333333333333,0.21666666666666667,0.0,0.0,0.0,0.0,0.0,0.0,0.0,0.13333333333333333,0.21666666666666667,0.0,0.13333333333333333,0.21666666666666667,0.4166666666666667,0.5333333333333333,0.6833333333333333,0.0,0.13333333333333333,0.21666666666666667,0.0,0.0,0.0
20260628,Concrete,8,270,0.45121878690632067,0.4677887068846671,0.4677887068846671,0.45121878690632067,0.45121878690632067,0.4677887068846671,1,1,0,0,0.31666666666666665,0.36666666666666664,0.6833333333333333,0.0,0.0,0.0,0.0,0.0,0.0,0.31666666666666665,0.36666666666666664,0.6833333333333333,0.31666666666666665,0.36666666666666664,0.6833333333333333,0.18333333333333332,0.3333333333333333,0.6333333333333333,0.31666666666666665,0.36666666666666664,0.6833333333333333,0.0,0.0,0.0
20260628,Concrete,8,119,0.4369228531516691,0.4727055990275974,0.4727055990275974,0.4369228531516691,0.4369228531516691,0.4727055990275974,1,1,0,0,0.03333333333333333,0.21666666666666667,0.4166666666666667,0.0,0.0,0.0,0.0,0.0,0.0,0.03333333333333333,0.21666666666666667,0.4166666666666667,0.03333333333333333,0.21666666666666667,0.4166666666666667,0.03333333333333333,0.23333333333333334,0.7666666666666667,0.03333333333333333,0.21666666666666667,0.4166666666666667,0.0,0.0,0.0
20260628,Concrete,7,267,0.45968604239597055,0.47977389872002035,0.47977389872002035,0.45968604239597055,0.45968604239597055,0.47977389872002035,1,1,0,0,0.06666666666666667,0.16666666666666666,0.3333333333333333,0.0,0.0,0.0,0.0,0.0,0.0,0.06666666666666667,0.16666666666666666,0.3333333333333333,0.06666666666666667,0.16666666666666666,0.3333333333333333,0.5833333333333334,0.7833333333333333,0.8833333333333333,0.06666666666666667,0.16666666666666666,0.3333333333333333,0.0,0.0,0.0
20260628,Concrete,6,408,0.4460466442934557,0.4460466442934557,0.4460466442934557,0.4460466442934557,0.4460466442934557,0.4460466442934557,1,1,0,0,0.016666666666666666,0.18333333333333332,0.36666666666666664,0.0,0.0,0.0,0.0,0.0,0.0,0.016666666666666666,0.2,0.36666666666666664,0.016666666666666666,0.18333333333333332,0.36666666666666664,0.2,0.6166666666666667,0.6833333333333333,0.016666666666666666,0.18333333333333332,0.36666666666666664,0.0,0.0,0.0
20260628,Concrete,6,174,0.45716774087439294,0.45716774087439294,0.45716774087439294,0.45716774087439294,0.45716774087439294,0.45716774087439294,1,1,0,0,0.0,0.0,0.08333333333333333,0.0,0.0,0.0,0.0,0.0,0.0,0.0,0.0,0.08333333333333333,0.0,0.0,0.08333333333333333,0.5833333333333334,0.75,0.8,0.0,0.0,0.08333333333333333,0.0,0.0,0.0
20260628,Concrete,4,237,0.4703018801355748,0.49152072013667397,0.49152072013667397,0.4703018801355748,0.4703018801355748,0.49152072013667397,1,1,0,0,0.03333333333333333,0.18333333333333332,0.5333333333333333,0.0,0.0,0.0,0.0,0.0,0.0,0.03333333333333333,0.18333333333333332,0.5333333333333333,0.03333333333333333,0.18333333333333332,0.5333333333333333,0.05,0.3,0.6166666666666667,0.03333333333333333,0.18333333333333332,0.5333333333333333,0.0,0.0,0.0
20260628,Concrete,6,339,0.4568522130089331,0.46141006502181,0.46141006502181,0.4568522130089331,0.4568522130089331,0.46141006502181,1,1,0,0,0.23333333333333334,0.35,0.75,0.0,0.0,0.0,0.0,0.0,0.0,0.23333333333333334,0.35,0.75,0.23333333333333334,0.35,0.75,0.0,0.16666666666666666,0.4666666666666667,0.23333333333333334,0.35,0.75,0.0,0.0,0.0
20260628,Concrete,6,114,0.44053308680647546,0.4855020727819067,0.4855020727819067,0.44053308680647546,0.44053308680647546,0.4855020727819067,1,1,0,0,0.016666666666666666,0.05,0.25,0.0,0.0,0.0,0.0,0.0,0.0,0.016666666666666666,0.05,0.25,0.016666666666666666,0.05,0.25,0.18333333333333332,0.5,0.5666666666666667,0.016666666666666666,0.05,0.25,0.0,0.0,0.0
20260628,Concrete,6,238,0.44557519230214354,0.44557519230214354,0.44557519230214354,0.44557519230214354,0.44557519230214354,0.44557519230214354,1,1,0,0,0.4166666666666667,0.45,0.4166666666666667,0.0,0.0,0.0,0.0,0.0,0.0,0.4166666666666667,0.45,0.4166666666666667,0.4166666666666667,0.45,0.4166666666666667,0.0,0.03333333333333333,0.2833333333333333,0.4166666666666667,0.45,0.4166666666666667,0.0,0.0,0.0
