seed,family,m,N,tail_lexpr,tail_lexpr1,tail_asf1,tail_asfk,tail_mmrk,tail_raw,agree_lexpr_asfk,agree_lexpr_mmrk,tied_lexpr,tied_lexpr1,flip_lexpr_0.05,flip_lexpr_0.10,flip_lexpr_0.20,flip_lexpr1_0.05,flip_lexpr1_0.10,flip_lexpr1_0.20,flip_asf1_0.05,flip_asf1_0.10,flip_asf1_0.20,flip_asfk_0.05,flip_asfk_0.10,flip_asfk_0.20,flip_mmrk_0.05,flip_mmrk_0.10,flip_mmrk_0.20,flip_raw_0.05,flip_raw_0.10,flip_raw_0.20,classflip_lexpr_0.05,classflip_lexpr_0.10,classflip_lexpr_0.20,classflip_lexpr1_0.05,classflip_lexpr1_0.10,classflip_lexpr1_0.20
20260629,Knapsack,3,104,0.9112610380075346,0.8476787885691981,0.8476787885691981,0.9112610380075346,0.9112610380075346,0.8476787885691981,1,1,0,0,0.0,0.0666666666666666,0.4666666666666667,0.0,0.0,0.0,0.0,0.0,0.0,0.0,0.0666666666666666,0.4833333333333333,0.0,0.0833333333333333,0.5,0.4333333333333333,0.7333333333333333,0.8666666666666667,0.0,0.0666666666666666,0.4666666666666667,0.0,0.0,0.0
20260629,Knapsack,3,116,0.8840954100523502,0.8354348487816439,0.8354348487816439,0.8840954100523502,0.8840954100523502,0.8354348487816439,1,1,0,0,0.3,0.4166666666666667,0.7,0.0,0.0,0.0,0.0,0.0,0.0,0.3,0.4166666666666667,0.7,0.3,0.4166666666666667,0.7,0.2333333333333333,0.8333333333333334,0.9,0.3,0.4166666666666667,0.7,0.0,0.0,0.0
20260629,Knapsack,5,212,0.8645810141539204,0.745762048526164,0.745762048526164,0.8645810141539204,0.8645810141539204,0.745762048526164,1,1,0,0,0.2333333333333333,0.5166666666666667,0.9,0.0,0.0,0.0,0.0,0.0,0.0,0.2333333333333333,0.5166666666666667,0.8833333333333333,0.2333333333333333,0.5166666666666667,0.9,0.5833333333333334,0.7666666666666667,0.9166666666666666,0.2333333333333333,0.5166666666666667,0.9,0.0,0.0,0.0
20260629,Knapsack,3,64,0.889541692227503,0.814957298548103,0.814957298548103,0.889541692227503,0.889541692227503,0.814957298548103,1,1,0,0,0.3833333333333333,0.45,0.4833333333333333,0.0,0.0,0.0,0.0,0.0,0.0,0.3833333333333333,0.45,0.4833333333333333,0.3833333333333333,0.45,0.4833333333333333,0.6666666666666666,0.9,0.9333333333333332,0.3833333333333333,0.45,0.4833333333333333,0.0,0.0,0.0
20260629,Knapsack,5,278,0.7740142619935374,0.7447550507228105,0.7447550507228105,0.7740142619935374,0.7740142619935374,0.7447550507228105,1,1,0,0,0.1333333333333333,0.55,0.6166666666666667,0.0,0.0,0.0,0.0,0.0,0.0,0.1333333333333333,0.55,0.6166666666666667,0.1333333333333333,0.55,0.6166666666666667,0.6,0.7666666666666667,0.9166666666666666,0.1333333333333333,0.55,0.6166666666666667,0.0,0.0,0.0
20260629,Knapsack,3,209,0.8893012971660408,0.8203479197290257,0.8188067027354395,0.8893012971660408,0.8893012971660408,0.8188067027354395,1,1,0,0,0.0666666666666666,0.4166666666666667,0.6833333333333333,0.0,0.0,0.0,0.0,0.0,0.0,0.25,0.5166666666666667,0.8,0.0333333333333333,0.3166666666666666,0.6666666666666666,0.8666666666666667,0.8666666666666667,0.95,0.0666666666666666,0.4166666666666667,0.6833333333333333,0.0,0.0,0.0
20260629,Knapsack,3,95,0.961184545586826,0.8408975813536261,0.8408975813536261,0.961184545586826,0.961184545586826,0.8408975813536261,1,1,0,0,0.4333333333333333,0.4333333333333333,0.6166666666666667,0.0,0.0,0.0,0.0,0.0,0.0,0.4333333333333333,0.4333333333333333,0.6166666666666667,0.4333333333333333,0.4333333333333333,0.6166666666666667,0.4166666666666667,0.8333333333333334,0.95,0.4333333333333333,0.4333333333333333,0.6166666666666667,0.0,0.0,0.0
20260629,Knapsack,3,135,0.9039131278703012,0.8808299440267678,0.8808299440267678,0.9039131278703012,0.9039131278703012,0.8808299440267678,1,1,0,1,0.2166666666666666,0.35,0.5666666666666667,0.0,0.0,0.0,0.0,0.0,0.0,0.2166666666666666,0.35,0.5666666666666667,0.2166666666666666,0.35,0.5833333333333334,0.6,0.8166666666666667,0.95,0.2166666666666666,0.35,0.5666666666666667,0.0,0.0,0.0
20260629,Knapsack,5,80,0.8349307241681279,0.7773581718207991,0.7760501627227347,0.8349307241681279,0.8349307241681279,0.7760501627227347,1,1,0,0,0.2,0.3,0.7,0.0,0.0,0.0,0.0,0.0,0.0,0.15,0.35,0.7166666666666667,0.15,0.2333333333333333,0.6666666666666666,0.5,0.7,0.9,0.2,0.3,0.7,0.0,0.0,0.0
20260629,Knapsack,3,287,0.8915534264148124,0.8493693861674352,0.8493693861674352,0.8915534264148124,0.8915534264148124,0.8493693861674352,1,1,0,0,0.4166666666666667,0.55,0.7333333333333333,0.0,0.0,0.0,0.0,0.0,0.0,0.4166666666666667,0.55,0.7333333333333333,0.4166666666666667,0.55,0.7333333333333333,0.8333333333333334,0.9166666666666666,1.0,0.4166666666666667,0.55,0.7333333333333333,0.0,0.0,0.0
20260629,Knapsack,5,183,0.8229912393183159,0.7716938114283238,0.7716938114283238,0.8229912393183159,0.8229912393183159,0.7716938114283238,1,1,0,0,0.0,0.2833333333333333,0.6,0.0,0.0,0.0,0.0,0.0,0.0,0.0,0.2333333333333333,0.5,0.0,0.2333333333333333,0.5,0.9333333333333332,0.95,1.0,0.0,0.2833333333333333,0.6,0.0,0.0,0.0
20260629,Knapsack,5,76,0.7623837320097915,0.7645596116753703,0.7645596116753703,0.7623837320097915,0.7623837320097915,0.7645596116753703,1,1,0,0,0.0,0.0,0.05,0.0,0.0,0.0,0.0,0.0,0.0,0.0,0.0,0.05,0.0,0.0833333333333333,0.3166666666666666,0.0833333333333333,0.45,0.85,0.0,0.0,0.05,0.0,0.0,0.0
20260629,Knapsack,3,160,0.9387300573713124,0.8568729034418168,0.8568729034418168,0.9387300573713124,0.9387300573713124,0.8568729034418168,1,1,0,0,0.2833333333333333,0.65,0.9333333333333332,0.0,0.0,0.0,0.0,0.0,0.0,0.2833333333333333,0.65,0.9333333333333332,0.2833333333333333,0.65,0.9333333333333332,0.75,0.9166666666666666,0.9666666666666668,0.2833333333333333,0.65,0.9333333333333332,0.0,0.0,0.0
20260629,Knapsack,5,82,0.8072318947144871,0.7757951718921026,0.7757951718921026,0.8072318947144871,0.8072318947144871,0.7757951718921026,1,1,0,0,0.3,0.5,0.8833333333333333,0.0,0.0,0.0,0.0,0.0,0.0,0.3,0.5,0.8833333333333333,0.3,0.5,0.8833333333333333,0.2833333333333333,0.6833333333333333,0.9166666666666666,0.3,0.5,0.8833333333333333,0.0,0.0,0.0
20260629,Knapsack,5,157,0.8100425819975378,0.7490592772481073,0.7490592772481073,0.8100425819975378,0.8100425819975378,0.7490592772481073,1,1,0,0,0.0,0.0166666666666666,0.3833333333333333,0.0,0.0,0.0,0.0,0.0,0.0,0.0,0.0,0.25,0.0666666666666666,0.35,0.7166666666666667,0.55,0.7166666666666667,0.9166666666666666,0.0,0.0166666666666666,0.3833333333333333,0.0,0.0,0.0
20260629,Knapsack,3,246,0.8875831430007428,0.8286214008290256,0.8286214008290256,0.8875831430007428,0.8875831430007428,0.8286214008290256,1,1,0,0,0.3333333333333333,0.4333333333333333,0.7166666666666667,0.0,0.0,0.0,0.0,0.0,0.0,0.3333333333333333,0.4333333333333333,0.7166666666666667,0.3333333333333333,0.4333333333333333,0.7166666666666667,0.7333333333333333,0.9,0.9833333333333332,0.3333333333333333,0.4333333333333333,0.7166666666666667,0.0,0.0,0.0
20260629,Knapsack,3,125,0.932959180386738,0.8357413824973935,0.8357413824973935,0.932959180386738,0.932959180386738,0.8357413824973935,1,1,0,0,0.6,0.6166666666666667,0.7333333333333333,0.0,0.0,0.0,0.0,0.0,0.0,0.6,0.6166666666666667,0.7333333333333333,0.6,0.6166666666666667,0.7333333333333333,0.6666666666666666,0.8833333333333333,0.9666666666666668,0.6,0.6166666666666667,0.7333333333333333,0.0,0.0,0.0
20260629,Knapsack,5,112,0.8486413891344772,0.7541784111596833,0.7541784111596833,0.8486413891344772,0.8486413891344772,0.7541784111596833,1,1,0,0,0.6,0.8666666666666667,0.9666666666666668,0.0,0.0,0.0,0.0,0.0,0.0,0.5166666666666667,0.65,0.9333333333333332,0.5166666666666667,0.65,0.95,0.3166666666666666,0.6166666666666667,0.9666666666666668,0.6,0.8666666666666667,0.9666666666666668,0.0,0.0,0.0
20260629,Knapsack,3,228,0.8729684026096088,0.8439183321401825,0.8439183321401825,0.8729684026096088,0.8729684026096088,0.8439183321401825,1,1,0,0,0.4166666666666667,0.6333333333333333,0.7166666666666667,0.0,0.0,0.0,0.0,0.0,0.0,0.4166666666666667,0.6333333333333333,0.7166666666666667,0.4166666666666667,0.6333333333333333,0.7166666666666667,0.8166666666666667,0.9666666666666668,0.9833333333333332,0.4166666666666667,0.6333333333333333,0.7166666666666667,0.0,0.0,0.0
20260629,Knapsack,5,264,0.8453532126113921,0.7596227373792795,0.7596227373792795,0.8193027223198136,0.8193027223198136,0.7596227373792795,0,0,0,0,0.5333333333333333,0.6833333333333333,0.65,0.0,0.0,0.0,0.0,0.0,0.0,0.3166666666666666,0.4333333333333333,0.6,0.2333333333333333,0.3333333333333333,0.4666666666666667,0.6833333333333333,0.9,1.0,0.5333333333333333,0.6833333333333333,0.65,0.0,0.0,0.0
20260629,Knapsack,4,296,0.8401166110735232,0.811411980669871,0.811411980669871,0.8401166110735232,0.8401166110735232,0.811411980669871,1,1,0,0,0.0,0.0,0.15,0.0,0.0,0.0,0.0,0.0,0.0,0.0,0.0,0.15,0.0,0.0,0.15,0.8166666666666667,0.95,1.0,0.0,0.0,0.15,0.0,0.0,0.0
20260629,Knapsack,4,249,0.8524359209695727,0.795256987767255,0.7892845296605607,0.8524359209695727,0.8524359209695727,0.7892845296605607,1,1,0,0,0.0,0.15,0.3166666666666666,0.0,0.0,0.0,0.0,0.0,0.0,0.0,0.15,0.3166666666666666,0.0,0.15,0.3166666666666666,0.7666666666666667,0.9166666666666666,0.9666666666666668,0.0,0.15,0.3166666666666666,0.0,0.0,0.0
20260629,Knapsack,3,213,0.9168178978166296,0.8510460646608025,0.8510460646608025,0.9168178978166296,0.9168178978166296,0.8510460646608025,1,1,0,0,0.55,0.8333333333333334,0.8666666666666667,0.0,0.0,0.0,0.0,0.0,0.0,0.55,0.8333333333333334,0.8666666666666667,0.55,0.8333333333333334,0.8666666666666667,0.55,0.9,0.9166666666666666,0.55,0.8333333333333334,0.8666666666666667,0.0,0.0,0.0
20260629,Knapsack,4,275,0.8953044431979461,0.7710151175047116,0.7710151175047116,0.8953044431979461,0.8953044431979461,0.7710151175047116,1,1,0,0,0.0333333333333333,0.3,0.4333333333333333,0.0,0.0,0.0,0.0,0.0,0.0,0.0333333333333333,0.3,0.4333333333333333,0.0333333333333333,0.3,0.4333333333333333,0.65,0.9166666666666666,0.95,0.0333333333333333,0.3,0.4333333333333333,0.0,0.0,0.0
20260629,Knapsack,4,254,0.8873864324556454,0.7910851719749533,0.7910851719749533,0.8873864324556454,0.8873864324556454,0.7910851719749533,1,1,0,0,0.0,0.1,0.3833333333333333,0.0,0.0,0.0,0.0,0.0,0.0,0.0,0.1,0.3833333333333333,0.0,0.1,0.3833333333333333,0.4,0.9666666666666668,0.9333333333333332,0.0,0.1,0.3833333333333333,0.0,0.0,0.0
20260629,Knapsack,5,250,0.7717791525798544,0.7559163280543274,0.7559163280543274,0.7717791525798544,0.7717791525798544,0.7559163280543274,1,1,0,0,0.45,0.5333333333333333,0.6833333333333333,0.0,0.0,0.0,0.0,0.0,0.0,0.45,0.5333333333333333,0.6833333333333333,0.45,0.5333333333333333,0.6833333333333333,0.5,0.7166666666666667,0.95,0.45,0.5333333333333333,0.6833333333333333,0.0,0.0,0.0
20260629,Knapsack,4,95,0.9265409435071836,0.7970320898829667,0.7970320898829667,0.9265409435071836,0.9265409435071836,0.7970320898829667,1,1,0,0,0.1666666666666666,0.5166666666666667,0.75,0.0,0.0,0.0,0.0,0.0,0.0,0.1666666666666666,0.5166666666666667,0.75,0.1666666666666666,0.5166666666666667,0.75,0.3333333333333333,0.7666666666666667,0.9666666666666668,0.1666666666666666,0.5166666666666667,0.75,0.0,0.0,0.0
20260629,Knapsack,4,95,0.8666971919318082,0.7843064141104509,0.7843064141104509,0.8666971919318082,0.8666971919318082,0.7843064141104509,1,1,0,0,0.1,0.45,0.7666666666666667,0.0,0.0,0.0,0.0,0.0,0.0,0.1,0.45,0.7666666666666667,0.1,0.45,0.7666666666666667,0.45,0.75,0.9166666666666666,0.1,0.45,0.7666666666666667,0.0,0.0,0.0
20260629,Knapsack,5,131,0.7711419223732962,0.7631685542714283,0.7631685542714283,0.7711419223732962,0.7711419223732962,0.7631685542714283,1,1,0,0,0.1166666666666666,0.5166666666666667,0.65,0.0,0.0,0.0,0.0,0.0,0.0,0.1166666666666666,0.5166666666666667,0.65,0.1166666666666666,0.5166666666666667,0.65,0.55,0.9,0.9833333333333332,0.1166666666666666,0.5166666666666667,0.65,0.0,0.0,0.0
20260629,Knapsack,5,172,0.8248238276320187,0.7512390798976066,0.7512390798976066,0.8248238276320187,0.8248238276320187,0.7512390798976066,1,1,0,0,0.0,0.0166666666666666,0.1666666666666666,0.0,0.0,0.0,0.0,0.0,0.0,0.0,0.0166666666666666,0.1666666666666666,0.0,0.0166666666666666,0.1666666666666666,0.0833333333333333,0.5166666666666667,0.9,0.0,0.0166666666666666,0.1666666666666666,0.0,0.0,0.0
20260629,Knapsack,4,238,0.8349773673712989,0.8021422202472251,0.8021422202472251,0.8349773673712989,0.8349773673712989,0.8021422202472251,1,1,0,0,0.0,0.0166666666666666,0.25,0.0,0.0,0.0,0.0,0.0,0.0,0.0,0.0166666666666666,0.25,0.0,0.0166666666666666,0.25,0.6166666666666667,0.8833333333333333,0.9666666666666668,0.0,0.0166666666666666,0.25,0.0,0.0,0.0
20260629,Knapsack,3,192,0.9015715043514044,0.8365338725796878,0.8365338725796878,0.9015715043514044,0.9015715043514044,0.8365338725796878,1,1,0,0,0.0,0.05,0.4166666666666667,0.0,0.0,0.0,0.0,0.0,0.0,0.0,0.05,0.4166666666666667,0.0,0.05,0.4166666666666667,0.6,0.8666666666666667,0.9833333333333332,0.0,0.05,0.4166666666666667,0.0,0.0,0.0
20260629,Knapsack,5,282,0.798173344006731,0.7563933960246391,0.7563933960246391,0.798173344006731,0.798173344006731,0.7563933960246391,1,1,0,0,0.4333333333333333,0.65,0.6,0.0,0.0,0.0,0.0,0.0,0.0,0.4333333333333333,0.65,0.6,0.4333333333333333,0.65,0.6,0.3833333333333333,0.6666666666666666,0.9833333333333332,0.4333333333333333,0.65,0.6,0.0,0.0,0.0
20260629,Knapsack,5,250,0.8160083493220419,0.7473614642599847,0.7473614642599847,0.8160083493220419,0.8160083493220419,0.7473614642599847,1,1,0,0,0.0166666666666666,0.35,0.65,0.0,0.0,0.0,0.0,0.0,0.0,0.0166666666666666,0.35,0.65,0.0166666666666666,0.35,0.65,0.1,0.6,0.9833333333333332,0.0166666666666666,0.35,0.65,0.0,0.0,0.0
20260629,Knapsack,3,209,0.8831992505307515,0.8239710562597397,0.8239710562597397,0.8831992505307515,0.8831992505307515,0.8239710562597397,1,1,0,0,0.4666666666666667,0.5,0.5666666666666667,0.0,0.0,0.0,0.0,0.0,0.0,0.4666666666666667,0.5,0.5666666666666667,0.4666666666666667,0.5,0.5666666666666667,0.8666666666666667,1.0,0.9833333333333332,0.4666666666666667,0.5,0.5666666666666667,0.0,0.0,0.0
20260629,Knapsack,3,130,0.8917052141677935,0.8144563750509782,0.8144563750509782,0.8917052141677935,0.8917052141677935,0.8144563750509782,1,1,0,0,0.1333333333333333,0.2333333333333333,0.5,0.0,0.0,0.0,0.0,0.0,0.0,0.1333333333333333,0.2333333333333333,0.5,0.1333333333333333,0.2333333333333333,0.5,0.65,0.8333333333333334,0.9,0.1333333333333333,0.2333333333333333,0.5,0.0,0.0,0.0
20260629,Knapsack,4,266,0.8725851843540309,0.7913736520395166,0.7913736520395166,0.8725851843540309,0.8725851843540309,0.7913736520395166,1,1,0,0,0.2,0.2833333333333333,0.4,0.0,0.0,0.0,0.0,0.0,0.0,0.0166666666666666,0.2166666666666666,0.3666666666666666,0.2,0.2833333333333333,0.4,0.6833333333333333,0.9,1.0,0.2,0.2833333333333333,0.4,0.0,0.0,0.0
20260629,Knapsack,3,129,0.905282758468918,0.8193461448159238,0.8193461448159238,0.905282758468918,0.905282758468918,0.8193461448159238,1,1,0,0,0.1833333333333333,0.25,0.5833333333333334,0.0,0.0,0.0,0.0,0.0,0.0,0.1833333333333333,0.25,0.5833333333333334,0.1833333333333333,0.25,0.5833333333333334,0.6833333333333333,0.85,0.95,0.1833333333333333,0.25,0.5833333333333334,0.0,0.0,0.0
20260629,Knapsack,4,214,0.8216556073413207,0.7730570012609091,0.7730570012609091,0.8216556073413207,0.8216556073413207,0.7730570012609091,1,1,0,0,0.3833333333333333,0.4833333333333333,0.8,0.0,0.0,0.0,0.0,0.0,0.0,0.3833333333333333,0.4833333333333333,0.8,0.3833333333333333,0.4833333333333333,0.8,0.6333333333333333,0.9,0.9666666666666668,0.3833333333333333,0.4833333333333333,0.8,0.0,0.0,0.0
20260629,Knapsack,3,206,0.95041792722662,0.8444377309393023,0.8444377309393023,0.95041792722662,0.95041792722662,0.8444377309393023,1,1,0,0,0.2666666666666666,0.7666666666666667,0.85,0.0,0.0,0.0,0.0,0.0,0.0,0.2666666666666666,0.7666666666666667,0.85,0.2666666666666666,0.7666666666666667,0.85,0.6166666666666667,0.9333333333333332,0.9833333333333332,0.2666666666666666,0.7666666666666667,0.85,0.0,0.0,0.0
20260629,Knapsack,5,160,0.8289889398896709,0.7520542918048475,0.7520542918048475,0.8289889398896709,0.8289889398896709,0.7520542918048475,1,1,0,0,0.05,0.3333333333333333,0.6166666666666667,0.0,0.0,0.0,0.0,0.0,0.0,0.05,0.3333333333333333,0.6166666666666667,0.05,0.3333333333333333,0.6166666666666667,0.5,0.65,0.9,0.05,0.3333333333333333,0.6166666666666667,0.0,0.0,0.0
20260629,Knapsack,5,107,0.754559248286879,0.7455008177093293,0.7455008177093293,0.754559248286879,0.754559248286879,0.7455008177093293,1,1,0,0,0.0,0.0333333333333333,0.2166666666666666,0.0,0.0,0.0,0.0,0.0,0.0,0.0,0.0333333333333333,0.2166666666666666,0.0,0.0333333333333333,0.2166666666666666,0.1333333333333333,0.4666666666666667,0.8,0.0,0.0333333333333333,0.2166666666666666,0.0,0.0,0.0
20260629,Knapsack,5,293,0.8253528560099944,0.7650517839524407,0.7650517839524407,0.8253528560099944,0.8253528560099944,0.7650517839524407,1,1,0,0,0.0166666666666666,0.1,0.4333333333333333,0.0,0.0,0.0,0.0,0.0,0.0,0.0166666666666666,0.1,0.4333333333333333,0.0166666666666666,0.1,0.4333333333333333,0.3833333333333333,0.7166666666666667,0.95,0.0166666666666666,0.1,0.4333333333333333,0.0,0.0,0.0
20260629,Knapsack,5,182,0.7862562613538958,0.7525718064547021,0.7525718064547021,0.7862562613538958,0.7862562613538958,0.7525718064547021,1,1,0,0,0.0333333333333333,0.2333333333333333,0.4666666666666667,0.0,0.0,0.0,0.0,0.0,0.0,0.0333333333333333,0.2333333333333333,0.45,0.0333333333333333,0.25,0.5166666666666667,0.55,0.7833333333333333,0.9833333333333332,0.0333333333333333,0.2333333333333333,0.4666666666666667,0.0,0.0,0.0
20260629,Knapsack,3,238,0.920642456903264,0.855358000394709,0.855358000394709,0.920642456903264,0.920642456903264,0.855358000394709,1,1,0,1,0.4333333333333333,0.6333333333333333,0.8,0.0,0.0,0.0,0.0,0.0,0.0,0.4333333333333333,0.6333333333333333,0.8,0.4333333333333333,0.6333333333333333,0.8,0.85,0.85,0.9833333333333332,0.4333333333333333,0.6333333333333333,0.8,0.0,0.0,0.0
20260629,Knapsack,4,177,0.8356961756933375,0.7847041409127697,0.7847041409127697,0.8356961756933375,0.8356961756933375,0.7847041409127697,1,1,0,0,0.25,0.4166666666666667,0.7,0.0,0.0,0.0,0.0,0.0,0.0,0.25,0.4166666666666667,0.7,0.25,0.4166666666666667,0.7,0.7166666666666667,0.9,0.9333333333333332,0.25,0.4166666666666667,0.7,0.0,0.0,0.0
20260629,Knapsack,4,204,0.8553131549926373,0.815052566065474,0.815052566065474,0.8553131549926373,0.8553131549926373,0.815052566065474,1,1,0,0,0.6333333333333333,0.8166666666666667,0.9333333333333332,0.0,0.0,0.0,0.0,0.0,0.0,0.6166666666666667,0.8166666666666667,0.95,0.6166666666666667,0.8,0.9,0.5,0.7833333333333333,0.9333333333333332,0.6333333333333333,0.8166666666666667,0.9333333333333332,0.0,0.0,0.0
20260629,Knapsack,4,246,0.8978087168493353,0.781230701916987,0.77163207672138,0.8978087168493353,0.8978087168493353,0.77163207672138,1,1,0,0,0.0833333333333333,0.4666666666666667,0.7,0.0,0.0,0.0,0.0,0.0,0.0,0.0833333333333333,0.4666666666666667,0.7333333333333333,0.0833333333333333,0.5,0.8166666666666667,0.7666666666666667,0.9666666666666668,0.95,0.0833333333333333,0.4666666666666667,0.7,0.0,0.0,0.0
20260629,Knapsack,5,80,0.785784574223158,0.7598500099701687,0.7598500099701687,0.785784574223158,0.785784574223158,0.7598500099701687,1,1,0,0,0.15,0.3833333333333333,0.5666666666666667,0.0,0.0,0.0,0.0,0.0,0.0,0.3666666666666666,0.3833333333333333,0.9,0.15,0.3833333333333333,0.5666666666666667,0.8166666666666667,0.8,0.9333333333333332,0.15,0.3833333333333333,0.5666666666666667,0.0,0.0,0.0
20260629,Knapsack,3,138,0.912597665306008,0.8405124727043292,0.8405124727043292,0.9409152092348732,0.9273742263575008,0.8405124727043292,0,0,0,0,0.5833333333333334,0.6166666666666667,0.8333333333333334,0.0,0.0,0.0,0.0,0.0,0.0,0.55,0.6666666666666666,0.85,0.5833333333333334,0.6166666666666667,0.7666666666666667,0.65,0.75,1.0,0.5833333333333334,0.6166666666666667,0.8333333333333334,0.0,0.0,0.0
20260629,Knapsack,5,210,0.7806979655515899,0.749850044253936,0.749850044253936,0.7806979655515899,0.7806979655515899,0.749850044253936,1,1,0,0,0.0,0.0666666666666666,0.2833333333333333,0.0,0.0,0.0,0.0,0.0,0.0,0.0,0.0666666666666666,0.3,0.0,0.0666666666666666,0.3333333333333333,0.55,0.7333333333333333,0.9833333333333332,0.0,0.0666666666666666,0.2833333333333333,0.0,0.0,0.0
20260629,Knapsack,5,181,0.8724459354643151,0.7632478474524137,0.7632478474524137,0.8724459354643151,0.8724459354643151,0.7632478474524137,1,1,0,0,0.5666666666666667,0.6333333333333333,0.7833333333333333,0.0,0.0,0.0,0.0,0.0,0.0,0.5666666666666667,0.6333333333333333,0.75,0.5666666666666667,0.6333333333333333,0.75,0.7666666666666667,0.8333333333333334,0.9833333333333332,0.5666666666666667,0.6333333333333333,0.7833333333333333,0.0,0.0,0.0
20260629,Knapsack,3,299,0.9429787378438208,0.854307278993313,0.854307278993313,0.9429787378438208,0.9429787378438208,0.854307278993313,1,1,0,1,0.4,0.6,0.8,0.0,0.0,0.0,0.0,0.0,0.0,0.3833333333333333,0.6,0.8,0.4,0.6,0.8,0.8166666666666667,0.95,0.9666666666666668,0.4,0.6,0.8,0.0,0.0,0.0
20260629,Knapsack,3,141,0.9074892285017306,0.8612664538065575,0.8612664538065575,0.9239797204165028,0.9239797204165028,0.8612664538065575,0,0,0,0,0.2666666666666666,0.4833333333333333,0.8333333333333334,0.0,0.0,0.0,0.0,0.0,0.0,0.15,0.4,0.7333333333333333,0.0,0.2166666666666666,0.6666666666666666,0.25,0.6833333333333333,0.95,0.2666666666666666,0.4833333333333333,0.8333333333333334,0.0,0.0,0.0
20260629,Knapsack,4,124,0.7716292537427054,0.7579793422067851,0.7579793422067851,0.7716292537427054,0.7716292537427054,0.7579793422067851,1,1,0,0,0.0,0.05,0.2833333333333333,0.0,0.0,0.0,0.0,0.0,0.0,0.0,0.05,0.2833333333333333,0.0,0.05,0.3333333333333333,0.6,0.8333333333333334,0.9666666666666668,0.0,0.05,0.2833333333333333,0.0,0.0,0.0
20260629,Knapsack,5,107,0.826235056268349,0.7582072981955935,0.7582072981955935,0.826235056268349,0.826235056268349,0.7582072981955935,1,1,0,0,0.6666666666666666,0.7166666666666667,0.8,0.0,0.0,0.0,0.0,0.0,0.0,0.6666666666666666,0.7166666666666667,0.8,0.6666666666666666,0.7166666666666667,0.8,0.25,0.6666666666666666,0.9333333333333332,0.6666666666666666,0.7166666666666667,0.8,0.0,0.0,0.0
20260629,Knapsack,4,148,0.8126535678542808,0.778796387549838,0.778796387549838,0.8126535678542808,0.8126535678542808,0.778796387549838,1,1,0,0,0.4166666666666667,0.45,0.7166666666666667,0.0,0.0,0.0,0.0,0.0,0.0,0.4166666666666667,0.45,0.7166666666666667,0.4166666666666667,0.45,0.7166666666666667,0.8833333333333333,0.8666666666666667,1.0,0.4166666666666667,0.45,0.7166666666666667,0.0,0.0,0.0
20260629,Knapsack,3,277,0.88016774862296,0.8529348118723913,0.8529348118723913,0.88016774862296,0.88016774862296,0.8529348118723913,1,1,0,0,0.2,0.55,0.7333333333333333,0.0,0.0,0.0,0.0,0.0,0.0,0.2,0.55,0.75,0.2,0.55,0.7333333333333333,0.9166666666666666,1.0,1.0,0.2,0.55,0.7333333333333333,0.0,0.0,0.0
20260629,Knapsack,4,75,0.8679394124165498,0.7798828702944806,0.7798828702944806,0.8679394124165498,0.8679394124165498,0.7798828702944806,1,1,0,0,0.0,0.0,0.0833333333333333,0.0,0.0,0.0,0.0,0.0,0.0,0.0,0.0,0.0833333333333333,0.0,0.0,0.0833333333333333,0.4166666666666667,0.5833333333333334,0.8666666666666667,0.0,0.0,0.0833333333333333,0.0,0.0,0.0
20260629,Knapsack,3,298,0.89386326065773,0.8559052779883402,0.8559052779883402,0.89386326065773,0.89386326065773,0.8559052779883402,1,1,0,0,0.5166666666666667,0.4666666666666667,0.4666666666666667,0.0,0.0,0.0,0.0,0.0,0.0,0.5166666666666667,0.4666666666666667,0.4666666666666667,0.5166666666666667,0.4666666666666667,0.4666666666666667,0.7333333333333333,0.95,0.9666666666666668,0.5166666666666667,0.4666666666666667,0.4666666666666667,0.0,0.0,0.0
20260629,Knapsack,5,207,0.857160965259313,0.7436088072865548,0.7436088072865548,0.857160965259313,0.857160965259313,0.7436088072865548,1,1,0,0,0.2,0.4666666666666667,0.55,0.0,0.0,0.0,0.0,0.0,0.0,0.0,0.2333333333333333,0.4333333333333333,0.0,0.2333333333333333,0.4166666666666667,0.3166666666666666,0.8,0.9833333333333332,0.2,0.4666666666666667,0.55,0.0,0.0,0.0
20260629,Knapsack,5,158,0.8031435877312305,0.7298426477861244,0.7298426477861244,0.8031435877312305,0.8031435877312305,0.7298426477861244,1,1,0,0,0.1833333333333333,0.4,0.3833333333333333,0.0,0.0,0.0,0.0,0.0,0.0,0.1833333333333333,0.4,0.3833333333333333,0.1833333333333333,0.4,0.3833333333333333,0.1333333333333333,0.4166666666666667,0.9333333333333332,0.1833333333333333,0.4,0.3833333333333333,0.0,0.0,0.0
20260629,Knapsack,5,292,0.7951455456104948,0.7608168945300011,0.7608168945300011,0.7951455456104948,0.7951455456104948,0.7608168945300011,1,1,0,0,0.0,0.0,0.3166666666666666,0.0,0.0,0.0,0.0,0.0,0.0,0.0,0.0,0.3166666666666666,0.0,0.0,0.3166666666666666,0.7166666666666667,0.8833333333333333,0.9666666666666668,0.0,0.0,0.3166666666666666,0.0,0.0,0.0
20260629,Knapsack,5,144,0.8072674671807785,0.7592831098202197,0.7539863722828944,0.8072674671807785,0.8072674671807785,0.7539863722828944,1,1,0,0,0.0,0.0,0.4166666666666667,0.0,0.0,0.0,0.0,0.0,0.0,0.0,0.0,0.4166666666666667,0.0,0.0,0.4166666666666667,0.5333333333333333,0.8333333333333334,1.0,0.0,0.0,0.4166666666666667,0.0,0.0,0.0
20260629,Knapsack,5,61,0.8400705843201791,0.757347716302141,0.757347716302141,0.8400705843201791,0.8400705843201791,0.757347716302141,1,1,0,0,0.45,0.5166666666666667,0.75,0.0,0.0,0.0,0.0,0.0,0.0,0.45,0.5166666666666667,0.75,0.45,0.5166666666666667,0.75,0.4833333333333333,0.7166666666666667,0.8666666666666667,0.45,0.5166666666666667,0.75,0.0,0.0,0.0
20260629,Knapsack,5,91,0.817453369342656,0.7536732500468901,0.7536732500468901,0.817453369342656,0.817453369342656,0.7536732500468901,1,1,0,0,0.0,0.0,0.15,0.0,0.0,0.0,0.0,0.0,0.0,0.0,0.0,0.15,0.0,0.0,0.15,0.65,0.9,0.9666666666666668,0.0,0.0,0.15,0.0,0.0,0.0
20260629,Knapsack,5,91,0.754768482548334,0.7621415257213754,0.7621415257213754,0.8474923687386987,0.8474923687386987,0.7621415257213754,0,0,0,0,0.1333333333333333,0.3,0.6333333333333333,0.0,0.0,0.0,0.0,0.0,0.0,0.1333333333333333,0.3,0.6666666666666666,0.1333333333333333,0.3,0.6166666666666667,0.4166666666666667,0.6,0.8333333333333334,0.1333333333333333,0.3,0.6333333333333333,0.0,0.0,0.0
20260629,Knapsack,3,68,0.8392782955105846,0.8137441016016657,0.8137441016016657,0.8392782955105846,0.8392782955105846,0.8137441016016657,1,1,0,0,0.0,0.1,0.4,0.0,0.0,0.0,0.0,0.0,0.0,0.0,0.1,0.4,0.0,0.1,0.4,0.4333333333333333,0.75,0.8833333333333333,0.0,0.1,0.4,0.0,0.0,0.0
20260629,Knapsack,4,227,0.8911644224964254,0.7992833337697526,0.7840519393489086,0.8911644224964254,0.8911644224964254,0.7840519393489086,1,1,0,0,0.2833333333333333,0.4166666666666667,0.7166666666666667,0.0,0.0,0.0,0.0,0.0,0.0,0.2833333333333333,0.4166666666666667,0.7166666666666667,0.2833333333333333,0.4166666666666667,0.7166666666666667,0.75,0.9166666666666666,0.95,0.2833333333333333,0.4166666666666667,0.7166666666666667,0.0,0.0,0.0
20260629,Knapsack,3,136,0.9152345427005014,0.8390465756494165,0.8390465756494165,0.9152345427005014,0.9152345427005014,0.8390465756494165,1,1,0,0,0.1833333333333333,0.5166666666666667,0.6333333333333333,0.0,0.0,0.0,0.0,0.0,0.0,0.1833333333333333,0.5166666666666667,0.6333333333333333,0.1833333333333333,0.5166666666666667,0.6333333333333333,0.6333333333333333,0.8833333333333333,0.9833333333333332,0.1833333333333333,0.5166666666666667,0.6333333333333333,0.0,0.0,0.0
20260629,Knapsack,4,178,0.860534047896002,0.7801657143987707,0.7801657143987707,0.860534047896002,0.860534047896002,0.7801657143987707,1,1,0,0,0.1833333333333333,0.4333333333333333,0.75,0.0,0.0,0.0,0.0,0.0,0.0,0.1833333333333333,0.4333333333333333,0.75,0.1833333333333333,0.4333333333333333,0.75,0.3166666666666666,0.6833333333333333,1.0,0.1833333333333333,0.4333333333333333,0.75,0.0,0.0,0.0
20260629,Knapsack,4,225,0.8349590808445432,0.8064982850017463,0.8064982850017463,0.8349590808445432,0.8349590808445432,0.8064982850017463,1,1,0,0,0.35,0.5666666666666667,0.7666666666666667,0.0,0.0,0.0,0.0,0.0,0.0,0.35,0.5666666666666667,0.7666666666666667,0.35,0.5666666666666667,0.7666666666666667,0.3833333333333333,0.7833333333333333,0.9833333333333332,0.35,0.5666666666666667,0.7666666666666667,0.0,0.0,0.0
20260629,Knapsack,3,197,0.9063168676735122,0.8242982549409557,0.8230868062386851,0.9063168676735122,0.9063168676735122,0.8230868062386851,1,1,0,0,0.3833333333333333,0.5833333333333334,0.5833333333333334,0.0,0.0,0.0,0.0,0.0,0.0,0.3833333333333333,0.5833333333333334,0.5833333333333334,0.3833333333333333,0.5833333333333334,0.5833333333333334,0.7666666666666667,0.95,0.9666666666666668,0.3833333333333333,0.5833333333333334,0.5833333333333334,0.0,0.0,0.0
20260629,Knapsack,5,115,0.8479692641030699,0.7688408658846012,0.7688408658846012,0.8479692641030699,0.8479692641030699,0.7688408658846012,1,1,0,0,0.0,0.0,0.1,0.0,0.0,0.0,0.0,0.0,0.0,0.0,0.0,0.1,0.0,0.0,0.1,0.4333333333333333,0.75,0.9666666666666668,0.0,0.0,0.1,0.0,0.0,0.0
20260629,Knapsack,4,204,0.8363878363356221,0.7616281477846027,0.7616281477846027,0.8363878363356221,0.8363878363356221,0.7616281477846027,1,1,0,0,0.2333333333333333,0.4166666666666667,0.4,0.0,0.0,0.0,0.0,0.0,0.0,0.2333333333333333,0.4166666666666667,0.4166666666666667,0.2333333333333333,0.4166666666666667,0.4,0.7333333333333333,0.8833333333333333,0.9666666666666668,0.2333333333333333,0.4166666666666667,0.4,0.0,0.0,0.0
20260629,Knapsack,3,207,0.9067558871451176,0.8467714660491045,0.8467714660491045,0.9316828812380452,0.9316828812380452,0.8467714660491045,0,0,0,0,0.1333333333333333,0.3666666666666666,0.5333333333333333,0.0,0.0,0.0,0.0,0.0,0.0,0.0,0.0,0.1166666666666666,0.0,0.0,0.1166666666666666,0.8,0.9166666666666666,0.9666666666666668,0.1333333333333333,0.3666666666666666,0.5333333333333333,0.0,0.0,0.0
20260629,Knapsack,3,275,0.9290207089306756,0.8314385698073977,0.8292261963806352,0.9290207089306756,0.9290207089306756,0.8292261963806352,1,1,0,0,0.1666666666666666,0.6166666666666667,0.8166666666666667,0.0,0.0,0.0,0.0,0.0,0.0,0.1666666666666666,0.6166666666666667,0.8166666666666667,0.1666666666666666,0.6166666666666667,0.8166666666666667,0.6333333333333333,0.8666666666666667,0.9666666666666668,0.1666666666666666,0.6166666666666667,0.8166666666666667,0.0,0.0,0.0
20260629,Knapsack,3,218,0.9014652843737576,0.8427875785494138,0.8427875785494138,0.9014652843737576,0.9014652843737576,0.8427875785494138,1,1,0,0,0.0,0.1666666666666666,0.25,0.0,0.0,0.0,0.0,0.0,0.0,0.0,0.1666666666666666,0.2333333333333333,0.0,0.1666666666666666,0.2333333333333333,0.7833333333333333,0.9666666666666668,0.9666666666666668,0.0,0.1666666666666666,0.25,0.0,0.0,0.0
20260629,Knapsack,5,275,0.8501696243736008,0.7370088301079172,0.7370088301079172,0.8501696243736008,0.8501696243736008,0.7370088301079172,1,1,0,0,0.2166666666666666,0.5166666666666667,0.8,0.0,0.0,0.0,0.0,0.0,0.0,0.2166666666666666,0.5166666666666667,0.7166666666666667,0.2166666666666666,0.5166666666666667,0.7666666666666667,0.5333333333333333,0.7666666666666667,0.9833333333333332,0.2166666666666666,0.5166666666666667,0.8,0.0,0.0,0.0
20260629,Knapsack,4,136,0.8771881521663273,0.7691318144070578,0.7691318144070578,0.8771881521663273,0.8771881521663273,0.7691318144070578,1,1,0,0,0.0,0.05,0.3333333333333333,0.0,0.0,0.0,0.0,0.0,0.0,0.0,0.05,0.3333333333333333,0.0,0.05,0.3333333333333333,0.2166666666666666,0.6333333333333333,0.9,0.0,0.05,0.3333333333333333,0.0,0.0,0.0
20260629,Knapsack,5,216,0.8122131673200687,0.7644048723964911,0.7644048723964911,0.8122131673200687,0.8122131673200687,0.7644048723964911,1,1,0,0,0.0166666666666666,0.1,0.4166666666666667,0.0,0.0,0.0,0.0,0.0,0.0,0.0166666666666666,0.1,0.4166666666666667,0.0166666666666666,0.1,0.4166666666666667,0.7333333333333333,0.9333333333333332,0.9833333333333332,0.0166666666666666,0.1,0.4166666666666667,0.0,0.0,0.0
20260629,Knapsack,4,252,0.8682153092257828,0.7670163908661233,0.7670163908661233,0.8682153092257828,0.8682153092257828,0.7670163908661233,1,1,0,0,0.4,0.6666666666666666,0.7166666666666667,0.0,0.0,0.0,0.0,0.0,0.0,0.4,0.6666666666666666,0.7166666666666667,0.4,0.6666666666666666,0.7166666666666667,0.5,0.8666666666666667,0.9833333333333332,0.4,0.6666666666666666,0.7166666666666667,0.0,0.0,0.0
20260629,Knapsack,3,237,0.8900981978014888,0.8478008289879604,0.8478008289879604,0.8900981978014888,0.8900981978014888,0.8478008289879604,1,1,0,0,0.3,0.4333333333333333,0.6166666666666667,0.0,0.0,0.0,0.0,0.0,0.0,0.2833333333333333,0.3666666666666666,0.6166666666666667,0.3,0.4333333333333333,0.6166666666666667,0.7333333333333333,0.9,0.9666666666666668,0.3,0.4333333333333333,0.6166666666666667,0.0,0.0,0.0
20260629,Knapsack,4,122,0.902900859203678,0.7995378630835057,0.7995378630835057,0.902900859203678,0.902900859203678,0.7995378630835057,1,1,0,0,0.0666666666666666,0.2166666666666666,0.5,0.0,0.0,0.0,0.0,0.0,0.0,0.0666666666666666,0.2166666666666666,0.5,0.0666666666666666,0.2166666666666666,0.5,0.1833333333333333,0.7166666666666667,0.95,0.0666666666666666,0.2166666666666666,0.5,0.0,0.0,0.0
20260629,Knapsack,5,294,0.8143631650999726,0.7542888483635184,0.7542888483635184,0.8143631650999726,0.8143631650999726,0.7542888483635184,1,1,0,0,0.0,0.1,0.35,0.0,0.0,0.0,0.0,0.0,0.0,0.0,0.1,0.35,0.0,0.1,0.35,0.7,0.7833333333333333,1.0,0.0,0.1,0.35,0.0,0.0,0.0
20260629,Knapsack,5,287,0.7585404279676612,0.7308946373200437,0.7308946373200437,0.7585404279676612,0.7585404279676612,0.7308946373200437,1,1,0,0,0.4333333333333333,0.3333333333333333,0.6333333333333333,0.0,0.0,0.0,0.0,0.0,0.0,0.4333333333333333,0.3333333333333333,0.6333333333333333,0.4333333333333333,0.3333333333333333,0.6333333333333333,0.2666666666666666,0.65,0.95,0.4333333333333333,0.3333333333333333,0.6333333333333333,0.0,0.0,0.0
20260629,Knapsack,5,226,0.8016622541479559,0.7559184327384478,0.7559184327384478,0.8016622541479559,0.8016622541479559,0.7559184327384478,1,1,0,0,0.2333333333333333,0.3666666666666666,0.65,0.0,0.0,0.0,0.0,0.0,0.0,0.2333333333333333,0.3666666666666666,0.65,0.2333333333333333,0.3666666666666666,0.65,0.5,0.8666666666666667,0.9833333333333332,0.2333333333333333,0.3666666666666666,0.65,0.0,0.0,0.0
20260629,Knapsack,4,97,0.8461046261186436,0.7534872140711069,0.7693913676273997,0.8461046261186436,0.8461046261186436,0.7693913676273997,1,1,0,0,0.0,0.3,0.7166666666666667,0.0,0.0,0.0,0.0,0.0,0.0,0.0,0.3,0.7166666666666667,0.0,0.3,0.7166666666666667,0.4666666666666667,0.8333333333333334,0.9666666666666668,0.0,0.3,0.7166666666666667,0.0,0.0,0.0
20260629,Knapsack,4,268,0.8079001748060958,0.769293831548566,0.769293831548566,0.8079001748060958,0.8079001748060958,0.769293831548566,1,1,0,0,0.0,0.0833333333333333,0.5,0.0,0.0,0.0,0.0,0.0,0.0,0.0,0.0833333333333333,0.5,0.0,0.0833333333333333,0.4833333333333333,0.5666666666666667,0.7,1.0,0.0,0.0833333333333333,0.5,0.0,0.0,0.0
20260629,Knapsack,5,235,0.7774971554242032,0.7364578285402408,0.7364578285402408,0.7774971554242032,0.7774971554242032,0.7364578285402408,1,1,0,0,0.0166666666666666,0.4166666666666667,0.85,0.0,0.0,0.0,0.0,0.0,0.0,0.0166666666666666,0.4166666666666667,0.85,0.0166666666666666,0.4166666666666667,0.85,0.2166666666666666,0.6666666666666666,0.9166666666666666,0.0166666666666666,0.4166666666666667,0.85,0.0,0.0,0.0
20260629,Knapsack,5,111,0.8745569479157265,0.7591123677151353,0.7591123677151353,0.8745569479157265,0.8745569479157265,0.7591123677151353,1,1,0,0,0.3166666666666666,0.4666666666666667,0.7,0.0,0.0,0.0,0.0,0.0,0.0,0.3166666666666666,0.4666666666666667,0.7,0.3166666666666666,0.4666666666666667,0.7,0.6833333333333333,0.8833333333333333,0.9833333333333332,0.3166666666666666,0.4666666666666667,0.7,0.0,0.0,0.0
20260629,Knapsack,4,284,0.8816742730609995,0.7897057579160325,0.7897057579160325,0.8816742730609995,0.8816742730609995,0.7897057579160325,1,1,0,0,0.3166666666666666,0.5,0.5833333333333334,0.0,0.0,0.0,0.0,0.0,0.0,0.3166666666666666,0.5,0.5833333333333334,0.3166666666666666,0.5,0.5833333333333334,0.8333333333333334,0.8666666666666667,0.9333333333333332,0.3166666666666666,0.5,0.5833333333333334,0.0,0.0,0.0
20260629,Knapsack,4,69,0.8313988026239674,0.8055750716467092,0.8055750716467092,0.8313988026239674,0.8313988026239674,0.8055750716467092,1,1,0,0,0.5666666666666667,0.7833333333333333,0.8666666666666667,0.0,0.0,0.0,0.0,0.0,0.0,0.5666666666666667,0.7833333333333333,0.8666666666666667,0.5666666666666667,0.7833333333333333,0.8666666666666667,0.5333333333333333,0.6,0.7666666666666667,0.5666666666666667,0.7833333333333333,0.8666666666666667,0.0,0.0,0.0
20260629,Knapsack,4,144,0.8669283896245422,0.7854707484840728,0.7854707484840728,0.8669283896245422,0.8669283896245422,0.7854707484840728,1,1,0,0,0.6,0.7166666666666667,0.9166666666666666,0.0,0.0,0.0,0.0,0.0,0.0,0.6,0.7166666666666667,0.9166666666666666,0.6,0.7166666666666667,0.9166666666666666,0.6166666666666667,0.9,0.9833333333333332,0.6,0.7166666666666667,0.9166666666666666,0.0,0.0,0.0
20260629,Knapsack,4,232,0.8339351612550513,0.7557038777837978,0.7557038777837978,0.8339351612550513,0.8339351612550513,0.7557038777837978,1,1,0,0,0.05,0.35,0.6166666666666667,0.0,0.0,0.0,0.0,0.0,0.0,0.0166666666666666,0.25,0.4333333333333333,0.0666666666666666,0.3833333333333333,0.65,0.3666666666666666,0.75,0.95,0.05,0.35,0.6166666666666667,0.0,0.0,0.0
20260629,Knapsack,3,290,0.9267677924874672,0.8927382500187186,0.8927382500187186,0.9437423099161326,0.9267677924874672,0.8927382500187186,0,1,0,0,0.8333333333333334,0.9,0.9833333333333332,0.0,0.0,0.0,0.0,0.0,0.0,0.8333333333333334,0.9,0.9833333333333332,0.8333333333333334,0.8666666666666667,0.9166666666666666,0.6833333333333333,0.8666666666666667,1.0,0.8333333333333334,0.9,0.9833333333333332,0.0,0.0,0.0
20260629,Knapsack,4,252,0.8179038499584396,0.798612387727409,0.7601612340069779,0.8179038499584396,0.8179038499584396,0.7601612340069779,1,1,0,0,0.1,0.4666666666666667,0.4833333333333333,0.0,0.0,0.0,0.0,0.0,0.0,0.1,0.4666666666666667,0.4833333333333333,0.1,0.4666666666666667,0.4833333333333333,0.8833333333333333,0.9333333333333332,0.95,0.1,0.4666666666666667,0.4833333333333333,0.0,0.0,0.0
20260629,Knapsack,5,200,0.7887441240654878,0.7535150451713405,0.7535150451713405,0.7887441240654878,0.7887441240654878,0.7535150451713405,1,1,0,0,0.2,0.45,0.6833333333333333,0.0,0.0,0.0,0.0,0.0,0.0,0.2,0.45,0.6833333333333333,0.2,0.45,0.6833333333333333,0.35,0.8166666666666667,0.9666666666666668,0.2,0.45,0.6833333333333333,0.0,0.0,0.0
20260629,Knapsack,5,229,0.7692030054874528,0.7829053707731473,0.7829053707731473,0.7692030054874528,0.7692030054874528,0.7829053707731473,1,1,0,0,0.0,0.0666666666666666,0.3833333333333333,0.0,0.0,0.0,0.0,0.0,0.0,0.0,0.0666666666666666,0.3833333333333333,0.0,0.0833333333333333,0.3833333333333333,0.45,0.75,0.9,0.0,0.0666666666666666,0.3833333333333333,0.0,0.0,0.0
20260629,Knapsack,5,276,0.8166549027363346,0.7582915339343155,0.7582915339343155,0.8166549027363346,0.8166549027363346,0.7582915339343155,1,1,0,0,0.0,0.1,0.4,0.0,0.0,0.0,0.0,0.0,0.0,0.0,0.1,0.4,0.0,0.1,0.4,0.6166666666666667,0.7833333333333333,1.0,0.0,0.1,0.4,0.0,0.0,0.0
20260629,Job-shop,5,270,0.453696374845334,0.453696374845334,0.453696374845334,0.453696374845334,0.453696374845334,0.453696374845334,1,1,0,0,0.0166666666666666,0.3833333333333333,0.6166666666666667,0.0,0.0,0.0,0.0,0.0,0.0,0.0166666666666666,0.3833333333333333,0.6166666666666667,0.0166666666666666,0.3833333333333333,0.6166666666666667,0.2166666666666666,0.4166666666666667,0.7166666666666667,0.0166666666666666,0.3833333333333333,0.6166666666666667,0.0,0.0,0.0
20260629,Job-shop,5,212,0.4831484639874713,0.4831484639874713,0.4831484639874713,0.4831484639874713,0.4831484639874713,0.4831484639874713,1,1,0,0,0.4666666666666667,0.6666666666666666,0.8333333333333334,0.0,0.0,0.0,0.0,0.0,0.0,0.4666666666666667,0.6666666666666666,0.8333333333333334,0.4666666666666667,0.6666666666666666,0.8333333333333334,0.0,0.2166666666666666,0.5,0.4666666666666667,0.6666666666666666,0.8333333333333334,0.0,0.0,0.0
20260629,Job-shop,3,94,0.5147323818410116,0.509537769192527,0.509537769192527,0.5081397450972948,0.5081397450972948,0.509537769192527,0,0,0,0,0.5666666666666667,0.7,0.75,0.0,0.0,0.0,0.0,0.0,0.0,0.4166666666666667,0.6833333333333333,0.8,0.5833333333333334,0.7666666666666667,0.7333333333333333,0.1833333333333333,0.3333333333333333,0.7666666666666667,0.5666666666666667,0.7,0.75,0.0,0.0,0.0
20260629,Job-shop,4,84,0.4985165941450758,0.4985165941450758,0.4985165941450758,0.4985165941450758,0.4985165941450758,0.4985165941450758,1,1,0,0,0.05,0.2833333333333333,0.4833333333333333,0.0,0.0,0.0,0.0,0.0,0.0,0.05,0.2833333333333333,0.4833333333333333,0.05,0.2833333333333333,0.4833333333333333,0.0,0.15,0.5,0.05,0.2833333333333333,0.4833333333333333,0.0,0.0,0.0
20260629,Job-shop,5,266,0.5200558631291616,0.4806947050563027,0.4806947050563027,0.5200558631291616,0.5200558631291616,0.4806947050563027,1,1,0,0,0.9666666666666668,0.9166666666666666,0.9833333333333332,0.0,0.0,0.0,0.0,0.0,0.0,0.9666666666666668,0.9166666666666666,0.9833333333333332,0.9666666666666668,0.9166666666666666,0.9833333333333332,0.35,0.4333333333333333,0.7833333333333333,0.9666666666666668,0.9166666666666666,0.9833333333333332,0.0,0.0,0.0
20260629,Job-shop,4,200,0.5085278313525992,0.511261598724754,0.511261598724754,0.5085278313525992,0.5085278313525992,0.511261598724754,1,1,0,0,0.3833333333333333,0.5666666666666667,0.55,0.0,0.0,0.0,0.0,0.0,0.0,0.3833333333333333,0.5666666666666667,0.5333333333333333,0.3833333333333333,0.5666666666666667,0.5166666666666667,0.0666666666666666,0.3666666666666666,0.7833333333333333,0.3833333333333333,0.5666666666666667,0.55,0.0,0.0,0.0
20260629,Job-shop,4,223,0.4822696497644748,0.4822696497644748,0.4822696497644748,0.4822696497644748,0.4822696497644748,0.4822696497644748,1,1,0,0,0.25,0.4166666666666667,0.55,0.0,0.0,0.0,0.0,0.0,0.0,0.25,0.4166666666666667,0.55,0.25,0.4166666666666667,0.55,0.0,0.0,0.25,0.25,0.4166666666666667,0.55,0.0,0.0,0.0
20260629,Job-shop,3,163,0.4989052412582345,0.5211566317275442,0.5211566317275442,0.4989052412582345,0.4989052412582345,0.5211566317275442,1,1,0,0,0.0166666666666666,0.0833333333333333,0.3333333333333333,0.0,0.0,0.0,0.0,0.0,0.0,0.0166666666666666,0.0833333333333333,0.3333333333333333,0.0166666666666666,0.0833333333333333,0.3333333333333333,0.3333333333333333,0.5833333333333334,0.7333333333333333,0.0166666666666666,0.0833333333333333,0.3333333333333333,0.0,0.0,0.0
20260629,Job-shop,4,214,0.4981311638672069,0.4981311638672069,0.4981311638672069,0.4981311638672069,0.4981311638672069,0.4981311638672069,1,1,0,0,0.5,0.5,0.65,0.0,0.0,0.0,0.0,0.0,0.0,0.5,0.5,0.65,0.5,0.5,0.65,0.4166666666666667,0.3666666666666666,0.6666666666666666,0.5,0.5,0.65,0.0,0.0,0.0
20260629,Job-shop,5,224,0.4617651065374572,0.4627723581396427,0.4627723581396427,0.4617651065374572,0.4617651065374572,0.4627723581396427,1,1,0,0,0.1666666666666666,0.4333333333333333,0.7666666666666667,0.0,0.0,0.0,0.0,0.0,0.0,0.1666666666666666,0.4333333333333333,0.7666666666666667,0.1666666666666666,0.4333333333333333,0.7666666666666667,0.05,0.2666666666666666,0.6833333333333333,0.1666666666666666,0.4333333333333333,0.7666666666666667,0.0,0.0,0.0
20260629,Job-shop,3,71,0.4989240521981041,0.4989240521981041,0.4989240521981041,0.4989240521981041,0.4989240521981041,0.4989240521981041,1,1,0,0,0.0,0.0,0.1666666666666666,0.0,0.0,0.0,0.0,0.0,0.0,0.0,0.0,0.1666666666666666,0.0,0.0,0.1666666666666666,0.3666666666666666,0.4666666666666667,0.5166666666666667,0.0,0.0,0.1666666666666666,0.0,0.0,0.0
20260629,Job-shop,5,73,0.5363577812760416,0.5437209142877885,0.5437209142877885,0.5363577812760416,0.5363577812760416,0.5437209142877885,1,1,0,0,0.0,0.2,0.4833333333333333,0.0,0.0,0.0,0.0,0.0,0.0,0.0,0.2,0.4833333333333333,0.0,0.2,0.4833333333333333,0.0833333333333333,0.3666666666666666,0.7,0.0,0.2,0.4833333333333333,0.0,0.0,0.0
20260629,Job-shop,3,74,0.5178304841541533,0.5172965130066146,0.5172965130066146,0.5178304841541533,0.5178304841541533,0.5172965130066146,1,1,0,0,0.3833333333333333,0.3666666666666666,0.5666666666666667,0.0,0.0,0.0,0.0,0.0,0.0,0.3833333333333333,0.3666666666666666,0.5666666666666667,0.3833333333333333,0.3666666666666666,0.5666666666666667,0.0,0.1666666666666666,0.25,0.3833333333333333,0.3666666666666666,0.5666666666666667,0.0,0.0,0.0
20260629,Job-shop,4,222,0.4759319219914035,0.4759319219914035,0.4759319219914035,0.4759319219914035,0.4759319219914035,0.4759319219914035,1,1,0,0,0.3666666666666666,0.5,0.5833333333333334,0.0,0.0,0.0,0.0,0.0,0.0,0.3666666666666666,0.5,0.5833333333333334,0.3666666666666666,0.5,0.5833333333333334,0.0,0.1,0.5833333333333334,0.3666666666666666,0.5,0.5833333333333334,0.0,0.0,0.0
20260629,Job-shop,5,230,0.4855359429496205,0.4707864165717835,0.4707864165717835,0.4855359429496205,0.4855359429496205,0.4707864165717835,1,1,0,0,0.6,0.6833333333333333,0.8833333333333333,0.0,0.0,0.0,0.0,0.0,0.0,0.5833333333333334,0.6833333333333333,0.8833333333333333,0.6,0.6833333333333333,0.8833333333333333,0.1333333333333333,0.2333333333333333,0.45,0.6,0.6833333333333333,0.8833333333333333,0.0,0.0,0.0
20260629,Job-shop,5,211,0.4862303224100147,0.5024640400775959,0.4808448938574601,0.4862303224100147,0.4862303224100147,0.4808448938574601,1,1,0,0,0.05,0.2833333333333333,0.5333333333333333,0.0,0.0,0.0,0.0,0.0,0.0,0.05,0.2833333333333333,0.5333333333333333,0.05,0.2833333333333333,0.5333333333333333,0.6666666666666666,0.7166666666666667,0.8333333333333334,0.05,0.2833333333333333,0.5333333333333333,0.0,0.0,0.0
20260629,Job-shop,3,255,0.4984184940997054,0.4984184940997054,0.4984184940997054,0.4984184940997054,0.4982233315247028,0.4984184940997054,1,0,0,0,0.5333333333333333,0.65,0.6666666666666666,0.0,0.0,0.0,0.0,0.0,0.0,0.6166666666666667,0.7,0.8,0.5333333333333333,0.6333333333333333,0.55,0.6833333333333333,0.7666666666666667,0.8833333333333333,0.5333333333333333,0.65,0.6666666666666666,0.0,0.0,0.0
20260629,Job-shop,4,294,0.514665491379686,0.4979276192747249,0.4979276192747249,0.514665491379686,0.514665491379686,0.4979276192747249,1,1,0,0,0.7333333333333333,0.8333333333333334,0.9,0.0,0.0,0.0,0.0,0.0,0.0,0.4666666666666667,0.5666666666666667,0.8166666666666667,0.4666666666666667,0.5666666666666667,0.8,0.65,0.55,0.75,0.7333333333333333,0.8333333333333334,0.9,0.0,0.0,0.0
20260629,Job-shop,4,128,0.4866763155578704,0.4992337272737951,0.4992337272737951,0.4866763155578704,0.4866763155578704,0.4992337272737951,1,1,0,0,0.3,0.4166666666666667,0.65,0.0,0.0,0.0,0.0,0.0,0.0,0.3,0.4166666666666667,0.65,0.3,0.4166666666666667,0.65,0.0,0.0333333333333333,0.4666666666666667,0.3,0.4166666666666667,0.65,0.0,0.0,0.0
20260629,Job-shop,4,156,0.4614655126381815,0.4914433144801859,0.4914433144801859,0.4614655126381815,0.4614655126381815,0.4914433144801859,1,1,0,0,0.1166666666666666,0.4333333333333333,0.5666666666666667,0.0,0.0,0.0,0.0,0.0,0.0,0.1166666666666666,0.4333333333333333,0.5666666666666667,0.1166666666666666,0.4333333333333333,0.5666666666666667,0.3833333333333333,0.4833333333333333,0.6333333333333333,0.1166666666666666,0.4333333333333333,0.5666666666666667,0.0,0.0,0.0
20260629,Job-shop,3,144,0.4857242837936569,0.4857242837936569,0.4857242837936569,0.4857242837936569,0.4857242837936569,0.4857242837936569,1,1,0,0,0.0666666666666666,0.1833333333333333,0.2166666666666666,0.0,0.0,0.0,0.0,0.0,0.0,0.0666666666666666,0.1833333333333333,0.2166666666666666,0.0666666666666666,0.1833333333333333,0.2166666666666666,0.4166666666666667,0.65,0.75,0.0666666666666666,0.1833333333333333,0.2166666666666666,0.0,0.0,0.0
20260629,Job-shop,3,189,0.4859027975439439,0.5018188104833031,0.5030256309520053,0.4859027975439439,0.4859027975439439,0.5030256309520053,1,1,0,0,0.0,0.1333333333333333,0.5833333333333334,0.0,0.0,0.0,0.0,0.0,0.0,0.0,0.1333333333333333,0.5833333333333334,0.0,0.1333333333333333,0.5833333333333334,0.4833333333333333,0.65,0.8666666666666667,0.0,0.1333333333333333,0.5833333333333334,0.0,0.0,0.0
20260629,Job-shop,4,265,0.4963290776594966,0.4955861348781029,0.4955861348781029,0.4963290776594966,0.4963290776594966,0.4955861348781029,1,1,0,0,0.6833333333333333,0.85,0.95,0.0,0.0,0.0,0.0,0.0,0.0,0.6833333333333333,0.85,0.95,0.6833333333333333,0.85,0.95,0.2166666666666666,0.5833333333333334,0.7833333333333333,0.6833333333333333,0.85,0.95,0.0,0.0,0.0
20260629,Job-shop,5,216,0.4482229400527134,0.4482229400527134,0.4482229400527134,0.4482229400527134,0.4482229400527134,0.4482229400527134,1,1,0,0,0.3,0.45,0.5833333333333334,0.0,0.0,0.0,0.0,0.0,0.0,0.3,0.45,0.5833333333333334,0.3,0.45,0.5833333333333334,0.0,0.0333333333333333,0.3666666666666666,0.3,0.45,0.5833333333333334,0.0,0.0,0.0
20260629,Job-shop,5,92,0.4963697125284219,0.4991755917033612,0.4991755917033612,0.4963697125284219,0.4963697125284219,0.4991755917033612,1,1,0,0,0.0,0.05,0.4,0.0,0.0,0.0,0.0,0.0,0.0,0.0,0.05,0.4,0.0,0.05,0.4,0.3833333333333333,0.5166666666666667,0.8,0.0,0.05,0.4,0.0,0.0,0.0
20260629,Job-shop,3,213,0.5204155251163203,0.5201070983443644,0.5201070983443644,0.516658522664917,0.516658522664917,0.5201070983443644,0,0,0,0,0.5,0.4333333333333333,0.8,0.0,0.0,0.0,0.0,0.0,0.0,0.3,0.4166666666666667,0.5333333333333333,0.25,0.2833333333333333,0.4833333333333333,0.0666666666666666,0.2166666666666666,0.5333333333333333,0.5,0.4333333333333333,0.8,0.0,0.0,0.0
20260629,Job-shop,5,255,0.5012541165290602,0.476297327225044,0.476297327225044,0.5012541165290602,0.4888618354903489,0.476297327225044,1,0,0,0,0.5666666666666667,0.6833333333333333,0.8333333333333334,0.0,0.0,0.0,0.0,0.0,0.0,0.45,0.65,0.8333333333333334,0.8666666666666667,0.9666666666666668,0.9666666666666668,0.15,0.5833333333333334,0.8333333333333334,0.5666666666666667,0.6833333333333333,0.8333333333333334,0.0,0.0,0.0
20260629,Job-shop,5,259,0.4508664783528736,0.4508664783528736,0.4508664783528736,0.4508664783528736,0.4508664783528736,0.4508664783528736,1,1,0,0,0.2666666666666666,0.5,0.55,0.0,0.0,0.0,0.0,0.0,0.0,0.2666666666666666,0.5,0.55,0.2666666666666666,0.5,0.55,0.1333333333333333,0.5,0.7,0.2666666666666666,0.5,0.55,0.0,0.0,0.0
20260629,Job-shop,3,165,0.5303557090457722,0.5271354401249433,0.5302826942279559,0.5303557090457722,0.5303557090457722,0.5302826942279559,1,1,0,0,0.3666666666666666,0.3333333333333333,0.65,0.0,0.0,0.0,0.0,0.0,0.0,0.1166666666666666,0.2333333333333333,0.6166666666666667,0.3666666666666666,0.3333333333333333,0.65,0.6666666666666666,0.8,0.9,0.3666666666666666,0.3333333333333333,0.65,0.0,0.0,0.0
20260629,Job-shop,5,230,0.4935512770178245,0.4705952176816106,0.4705952176816106,0.4935512770178245,0.4935512770178245,0.4705952176816106,1,1,0,0,0.3166666666666666,0.8,0.9166666666666666,0.0,0.0,0.0,0.0,0.0,0.0,0.4,0.8333333333333334,0.9,0.3,0.8,0.95,0.0,0.0,0.1833333333333333,0.3166666666666666,0.8,0.9166666666666666,0.0,0.0,0.0
20260629,Job-shop,4,197,0.4640881491339628,0.4809137550902216,0.4809137550902216,0.4640881491339628,0.4640881491339628,0.4809137550902216,1,1,0,0,0.1833333333333333,0.4,0.6166666666666667,0.0,0.0,0.0,0.0,0.0,0.0,0.1833333333333333,0.4,0.6166666666666667,0.1833333333333333,0.4,0.6166666666666667,0.4166666666666667,0.5833333333333334,0.8166666666666667,0.1833333333333333,0.4,0.6166666666666667,0.0,0.0,0.0
20260629,Job-shop,5,70,0.4892810506914372,0.4892810506914372,0.4892810506914372,0.4892810506914372,0.4892810506914372,0.4892810506914372,1,1,0,0,0.4166666666666667,0.3333333333333333,0.45,0.0,0.0,0.0,0.0,0.0,0.0,0.4166666666666667,0.3333333333333333,0.45,0.4166666666666667,0.3333333333333333,0.45,0.2333333333333333,0.5333333333333333,0.8166666666666667,0.4166666666666667,0.3333333333333333,0.45,0.0,0.0,0.0
20260629,Job-shop,5,123,0.4862689779624427,0.5023838597697736,0.4934108522494747,0.4862689779624427,0.4862689779624427,0.4934108522494747,1,1,0,0,0.5166666666666667,0.6833333333333333,0.7166666666666667,0.0,0.0,0.0,0.0,0.0,0.0,0.55,0.7833333333333333,0.7833333333333333,0.75,0.8,0.8166666666666667,0.2166666666666666,0.5833333333333334,0.7833333333333333,0.5166666666666667,0.6833333333333333,0.7166666666666667,0.0,0.0,0.0
20260629,Job-shop,3,109,0.5442420093255038,0.5090549428869171,0.5090549428869171,0.5442420093255038,0.5442420093255038,0.5090549428869171,1,1,0,0,0.4333333333333333,0.6333333333333333,0.75,0.0,0.0,0.0,0.0,0.0,0.0,0.4333333333333333,0.6333333333333333,0.75,0.4333333333333333,0.6333333333333333,0.75,0.05,0.3166666666666666,0.7,0.4333333333333333,0.6333333333333333,0.75,0.0,0.0,0.0
20260629,Job-shop,4,206,0.4781144047424723,0.4781144047424723,0.4907950699409193,0.4907950699409193,0.4781144047424723,0.4907950699409193,0,1,0,0,0.7833333333333333,0.8833333333333333,0.85,0.0,0.0,0.0,0.0,0.0,0.0,0.2833333333333333,0.5,0.6166666666666667,0.7833333333333333,0.8833333333333333,0.85,0.5,0.5666666666666667,0.6666666666666666,0.7833333333333333,0.8833333333333333,0.85,0.0,0.0,0.0
20260629,Job-shop,4,235,0.492951236684273,0.5057077791649104,0.5057077791649104,0.492951236684273,0.492951236684273,0.5057077791649104,1,1,0,0,0.0,0.1,0.4,0.0,0.0,0.0,0.0,0.0,0.0,0.0,0.1,0.4,0.0,0.1,0.4,0.1333333333333333,0.4,0.7666666666666667,0.0,0.1,0.4,0.0,0.0,0.0
20260629,Job-shop,5,102,0.5062287441721582,0.4847549583160248,0.4847549583160248,0.5062287441721582,0.5062287441721582,0.4847549583160248,1,1,0,0,0.0333333333333333,0.1666666666666666,0.3166666666666666,0.0,0.0,0.0,0.0,0.0,0.0,0.0333333333333333,0.1666666666666666,0.3166666666666666,0.0333333333333333,0.1666666666666666,0.3166666666666666,0.0,0.0,0.0833333333333333,0.0333333333333333,0.1666666666666666,0.3166666666666666,0.0,0.0,0.0
20260629,Job-shop,3,166,0.4961124083627098,0.5108528483924684,0.5108528483924684,0.4961124083627098,0.4961124083627098,0.5108528483924684,1,1,0,0,0.05,0.25,0.5,0.0,0.0,0.0,0.0,0.0,0.0,0.05,0.25,0.5,0.05,0.25,0.5,0.0333333333333333,0.2,0.5833333333333334,0.05,0.25,0.5,0.0,0.0,0.0
20260629,Job-shop,4,148,0.500434157579872,0.5094542000215737,0.5094542000215737,0.500434157579872,0.500434157579872,0.5094542000215737,1,1,0,0,0.0,0.3,0.5833333333333334,0.0,0.0,0.0,0.0,0.0,0.0,0.0,0.3,0.5833333333333334,0.0,0.3,0.5833333333333334,0.1333333333333333,0.3166666666666666,0.6666666666666666,0.0,0.3,0.5833333333333334,0.0,0.0,0.0
20260629,Job-shop,5,153,0.4723850630588454,0.4723850630588454,0.4723850630588454,0.4723850630588454,0.4723850630588454,0.4723850630588454,1,1,0,0,0.0,0.0166666666666666,0.2833333333333333,0.0,0.0,0.0,0.0,0.0,0.0,0.0,0.0166666666666666,0.2833333333333333,0.0,0.0166666666666666,0.2833333333333333,0.0,0.2833333333333333,0.5833333333333334,0.0,0.0166666666666666,0.2833333333333333,0.0,0.0,0.0
20260629,Job-shop,4,232,0.5010644295060789,0.5113143805162359,0.5010644295060789,0.5010644295060789,0.5010644295060789,0.5010644295060789,1,1,0,0,0.4166666666666667,0.4833333333333333,0.45,0.0,0.0,0.0,0.0,0.0,0.0,0.4166666666666667,0.4666666666666667,0.45,0.4166666666666667,0.4833333333333333,0.45,0.6666666666666666,0.6666666666666666,0.6833333333333333,0.4166666666666667,0.4833333333333333,0.45,0.0,0.0,0.0
20260629,Job-shop,5,190,0.496603220043447,0.496603220043447,0.496603220043447,0.496603220043447,0.496603220043447,0.496603220043447,1,1,0,0,0.3333333333333333,0.6,0.7333333333333333,0.0,0.0,0.0,0.0,0.0,0.0,0.3333333333333333,0.6,0.7333333333333333,0.3333333333333333,0.6,0.7333333333333333,0.3833333333333333,0.5333333333333333,0.85,0.3333333333333333,0.6,0.7333333333333333,0.0,0.0,0.0
20260629,Job-shop,5,173,0.5085002779383906,0.49654582829474,0.49654582829474,0.5085002779383906,0.5085002779383906,0.49654582829474,1,1,0,0,0.5166666666666667,0.7166666666666667,0.8666666666666667,0.0,0.0,0.0,0.0,0.0,0.0,0.5166666666666667,0.7166666666666667,0.85,0.5166666666666667,0.7166666666666667,0.8666666666666667,0.3333333333333333,0.5,0.8,0.5166666666666667,0.7166666666666667,0.8666666666666667,0.0,0.0,0.0
20260629,Job-shop,3,221,0.5105392179907706,0.5099686254857916,0.5099686254857916,0.5105392179907706,0.5105392179907706,0.5099686254857916,1,1,0,0,0.0166666666666666,0.2333333333333333,0.45,0.0,0.0,0.0,0.0,0.0,0.0,0.0166666666666666,0.2333333333333333,0.45,0.0166666666666666,0.2333333333333333,0.45,0.0333333333333333,0.3666666666666666,0.7,0.0166666666666666,0.2333333333333333,0.45,0.0,0.0,0.0
20260629,Job-shop,4,279,0.4905067239586147,0.4894599352964134,0.4894599352964134,0.4905067239586147,0.4905067239586147,0.4894599352964134,1,1,0,0,0.8,0.85,0.9166666666666666,0.0,0.0,0.0,0.0,0.0,0.0,0.8,0.85,0.9166666666666666,0.8,0.85,0.9166666666666666,0.2166666666666666,0.4,0.6333333333333333,0.8,0.85,0.9166666666666666,0.0,0.0,0.0
20260629,Job-shop,3,235,0.5002431648626572,0.5002431648626572,0.5002431648626572,0.5002431648626572,0.5002431648626572,0.5002431648626572,1,1,0,0,0.0,0.1833333333333333,0.4,0.0,0.0,0.0,0.0,0.0,0.0,0.0,0.1833333333333333,0.4,0.0,0.1833333333333333,0.4,0.0,0.45,0.7,0.0,0.1833333333333333,0.4,0.0,0.0,0.0
20260629,Job-shop,5,104,0.4645106088261698,0.4774381389281592,0.4774381389281592,0.4645106088261698,0.4645106088261698,0.4774381389281592,1,1,0,0,0.45,0.7666666666666667,0.8,0.0,0.0,0.0,0.0,0.0,0.0,0.45,0.7666666666666667,0.8,0.45,0.7666666666666667,0.8,0.2,0.25,0.2833333333333333,0.45,0.7666666666666667,0.8,0.0,0.0,0.0
20260629,Job-shop,4,155,0.4931075626908,0.4931075626908,0.4931075626908,0.4931075626908,0.4931075626908,0.4931075626908,1,1,0,0,0.3166666666666666,0.5333333333333333,0.5,0.0,0.0,0.0,0.0,0.0,0.0,0.3166666666666666,0.5333333333333333,0.5,0.3166666666666666,0.5333333333333333,0.5,0.4,0.55,0.6,0.3166666666666666,0.5333333333333333,0.5,0.0,0.0,0.0
20260629,Job-shop,3,254,0.5167091612599732,0.5237660499842917,0.5237660499842917,0.5167091612599732,0.5167091612599732,0.5237660499842917,1,1,0,0,0.2833333333333333,0.45,0.6166666666666667,0.0,0.0,0.0,0.0,0.0,0.0,0.2833333333333333,0.45,0.6,0.3,0.5166666666666667,0.7333333333333333,0.2166666666666666,0.4333333333333333,0.6166666666666667,0.2833333333333333,0.45,0.6166666666666667,0.0,0.0,0.0
20260629,Job-shop,5,173,0.4816690986630095,0.5027344152399529,0.5027344152399529,0.4816690986630095,0.4816690986630095,0.5027344152399529,1,1,0,0,0.5,0.5166666666666667,0.6833333333333333,0.0,0.0,0.0,0.0,0.0,0.0,0.5,0.5166666666666667,0.6833333333333333,0.5,0.5166666666666667,0.6833333333333333,0.0,0.25,0.7666666666666667,0.5,0.5166666666666667,0.6833333333333333,0.0,0.0,0.0
20260629,Job-shop,3,89,0.5036877009355113,0.5304637314425024,0.5304637314425024,0.5036877009355113,0.5036877009355113,0.5304637314425024,1,1,0,0,0.0166666666666666,0.0833333333333333,0.2666666666666666,0.0,0.0,0.0,0.0,0.0,0.0,0.0166666666666666,0.0833333333333333,0.2666666666666666,0.0166666666666666,0.0833333333333333,0.2666666666666666,0.0666666666666666,0.2666666666666666,0.5833333333333334,0.0166666666666666,0.0833333333333333,0.2666666666666666,0.0,0.0,0.0
20260629,Job-shop,5,257,0.5020963170289428,0.4666331367698813,0.4666331367698813,0.5020963170289428,0.5020963170289428,0.4666331367698813,1,1,0,0,0.4166666666666667,0.6666666666666666,0.7666666666666667,0.0,0.0,0.0,0.0,0.0,0.0,0.2833333333333333,0.6,0.75,0.4666666666666667,0.6833333333333333,0.7666666666666667,0.0,0.0,0.5333333333333333,0.4166666666666667,0.6666666666666666,0.7666666666666667,0.0,0.0,0.0
20260629,Job-shop,4,106,0.4856240713990639,0.4856240713990639,0.4856240713990639,0.4856240713990639,0.4856240713990639,0.4856240713990639,1,1,0,0,0.0,0.05,0.4,0.0,0.0,0.0,0.0,0.0,0.0,0.0,0.05,0.4166666666666667,0.0,0.0833333333333333,0.4333333333333333,0.0,0.0666666666666666,0.4,0.0,0.05,0.4,0.0,0.0,0.0
20260629,Job-shop,5,233,0.4798537110031147,0.4798537110031147,0.4798537110031147,0.4798537110031147,0.4798537110031147,0.4798537110031147,1,1,0,0,0.0666666666666666,0.2,0.55,0.0,0.0,0.0,0.0,0.0,0.0,0.0666666666666666,0.2,0.55,0.0666666666666666,0.2,0.55,0.15,0.5,0.9,0.0666666666666666,0.2,0.55,0.0,0.0,0.0
20260629,Job-shop,4,129,0.4997499126976951,0.5098061064723179,0.5098061064723179,0.4997499126976951,0.4997499126976951,0.5098061064723179,1,1,0,0,0.2166666666666666,0.3,0.4666666666666667,0.0,0.0,0.0,0.0,0.0,0.0,0.2166666666666666,0.3,0.4666666666666667,0.2166666666666666,0.3,0.4666666666666667,0.0,0.2,0.5666666666666667,0.2166666666666666,0.3,0.4666666666666667,0.0,0.0,0.0
20260629,Job-shop,4,233,0.5010383988693176,0.4993481912024766,0.4993481912024766,0.5010383988693176,0.5010383988693176,0.4993481912024766,1,1,0,0,0.2333333333333333,0.6166666666666667,0.65,0.0,0.0,0.0,0.0,0.0,0.0,0.2333333333333333,0.6166666666666667,0.65,0.2333333333333333,0.6,0.6333333333333333,0.0,0.0666666666666666,0.4333333333333333,0.2333333333333333,0.6166666666666667,0.65,0.0,0.0,0.0
20260629,Job-shop,4,164,0.5203133277706612,0.5163373946387341,0.5163373946387341,0.5203133277706612,0.5203133277706612,0.5163373946387341,1,1,0,0,0.5,0.8333333333333334,0.9666666666666668,0.0,0.0,0.0,0.0,0.0,0.0,0.5,0.8333333333333334,0.9666666666666668,0.5,0.8333333333333334,0.9666666666666668,0.0666666666666666,0.3333333333333333,0.6666666666666666,0.5,0.8333333333333334,0.9666666666666668,0.0,0.0,0.0
20260629,Job-shop,4,294,0.4792340669193852,0.491332094156324,0.491332094156324,0.4792340669193852,0.4792340669193852,0.491332094156324,1,1,0,0,0.5166666666666667,0.6333333333333333,0.6666666666666666,0.0,0.0,0.0,0.0,0.0,0.0,0.5166666666666667,0.6333333333333333,0.6666666666666666,0.5166666666666667,0.6333333333333333,0.6666666666666666,0.0,0.15,0.5166666666666667,0.5166666666666667,0.6333333333333333,0.6666666666666666,0.0,0.0,0.0
20260629,Job-shop,4,243,0.4789261522143458,0.4914217037694041,0.4914217037694041,0.4789261522143458,0.4789261522143458,0.4914217037694041,1,1,0,0,0.4333333333333333,0.7333333333333333,0.6666666666666666,0.0,0.0,0.0,0.0,0.0,0.0,0.0,0.2833333333333333,0.55,0.2166666666666666,0.5333333333333333,0.5833333333333334,0.25,0.5666666666666667,0.8166666666666667,0.4333333333333333,0.7333333333333333,0.6666666666666666,0.0,0.0,0.0
20260629,Job-shop,3,284,0.5262121991549124,0.5138566079862804,0.5131257807428122,0.5262121991549124,0.523416603503348,0.5131257807428122,1,0,0,0,0.55,0.85,0.8166666666666667,0.0,0.0,0.0,0.0,0.0,0.0,0.45,0.8166666666666667,0.8,0.9,0.95,0.9333333333333332,0.4833333333333333,0.65,0.8166666666666667,0.55,0.85,0.8166666666666667,0.0,0.0,0.0
20260629,Job-shop,4,182,0.5137421980580511,0.5114007655963329,0.5114007655963329,0.5137421980580511,0.5137421980580511,0.5114007655963329,1,1,0,0,0.9,0.9,0.95,0.0,0.0,0.0,0.0,0.0,0.0,0.9,0.9,0.95,0.9,0.9,0.95,0.3166666666666666,0.4333333333333333,0.5,0.9,0.9,0.95,0.0,0.0,0.0
20260629,Job-shop,4,234,0.5061451215741589,0.5182735381528423,0.5182735381528423,0.5061451215741589,0.5061451215741589,0.5182735381528423,1,1,0,0,0.5333333333333333,0.6,0.85,0.0,0.0,0.0,0.0,0.0,0.0,0.5333333333333333,0.6,0.85,0.5333333333333333,0.6,0.85,0.4333333333333333,0.6333333333333333,0.7166666666666667,0.5333333333333333,0.6,0.85,0.0,0.0,0.0
20260629,Job-shop,3,100,0.521416076043173,0.540099154335011,0.521416076043173,0.521416076043173,0.521416076043173,0.521416076043173,1,1,0,0,0.5,0.5,0.5333333333333333,0.0,0.0,0.0,0.0,0.0,0.0,0.5,0.5,0.5333333333333333,0.5,0.5,0.5333333333333333,0.1333333333333333,0.3833333333333333,0.65,0.5,0.5,0.5333333333333333,0.0,0.0,0.0
20260629,Job-shop,5,294,0.4915876724597748,0.4795606032915655,0.4795606032915655,0.4915876724597748,0.4915876724597748,0.4795606032915655,1,1,0,0,0.7833333333333333,0.8666666666666667,0.9,0.0,0.0,0.0,0.0,0.0,0.0,0.7833333333333333,0.8666666666666667,0.9,0.7833333333333333,0.8666666666666667,0.9,0.4,0.5666666666666667,0.7166666666666667,0.7833333333333333,0.8666666666666667,0.9,0.0,0.0,0.0
20260629,Job-shop,5,108,0.4969309867495628,0.491314305167762,0.491314305167762,0.4969309867495628,0.4969309867495628,0.491314305167762,1,1,0,0,0.1166666666666666,0.65,0.6666666666666666,0.0,0.0,0.0,0.0,0.0,0.0,0.1166666666666666,0.65,0.6666666666666666,0.1166666666666666,0.65,0.6666666666666666,0.0,0.2333333333333333,0.3,0.1166666666666666,0.65,0.6666666666666666,0.0,0.0,0.0
20260629,Job-shop,5,61,0.4980700007697023,0.4976240368460342,0.4976240368460342,0.4980700007697023,0.493170882722785,0.4976240368460342,1,0,0,0,0.55,0.5666666666666667,0.5333333333333333,0.0,0.0,0.0,0.0,0.0,0.0,0.2833333333333333,0.2333333333333333,0.5,0.7333333333333333,0.6666666666666666,0.9,0.0,0.25,0.55,0.55,0.5666666666666667,0.5333333333333333,0.0,0.0,0.0
20260629,Job-shop,5,297,0.4835105643824712,0.4975974966419103,0.4975974966419103,0.4835105643824712,0.4835105643824712,0.4975974966419103,1,1,0,0,0.5333333333333333,0.8,0.8666666666666667,0.0,0.0,0.0,0.0,0.0,0.0,0.5333333333333333,0.8,0.8666666666666667,0.5333333333333333,0.8,0.8666666666666667,0.3,0.4833333333333333,0.7333333333333333,0.5333333333333333,0.8,0.8666666666666667,0.0,0.0,0.0
20260629,Job-shop,5,250,0.4621905781879939,0.4621905781879939,0.4621905781879939,0.4621905781879939,0.4621905781879939,0.4621905781879939,1,1,0,0,0.2833333333333333,0.3833333333333333,0.4666666666666667,0.0,0.0,0.0,0.0,0.0,0.0,0.2833333333333333,0.3833333333333333,0.4666666666666667,0.2833333333333333,0.3833333333333333,0.4666666666666667,0.2833333333333333,0.6833333333333333,0.85,0.2833333333333333,0.3833333333333333,0.4666666666666667,0.0,0.0,0.0
20260629,Job-shop,3,251,0.5030557330720787,0.5030557330720787,0.5030557330720787,0.5030557330720787,0.5030557330720787,0.5030557330720787,1,1,0,0,0.0,0.0666666666666666,0.3666666666666666,0.0,0.0,0.0,0.0,0.0,0.0,0.0,0.0666666666666666,0.3666666666666666,0.0,0.0666666666666666,0.3666666666666666,0.45,0.55,0.8166666666666667,0.0,0.0666666666666666,0.3666666666666666,0.0,0.0,0.0
20260629,Job-shop,3,235,0.5264643942913266,0.5263886648383079,0.5263886648383079,0.5264643942913266,0.5264643942913266,0.5263886648383079,1,1,0,0,0.5,0.8,0.8333333333333334,0.0,0.0,0.0,0.0,0.0,0.0,0.5,0.8,0.8333333333333334,0.5,0.8,0.8333333333333334,0.45,0.5833333333333334,0.7666666666666667,0.5,0.8,0.8333333333333334,0.0,0.0,0.0
20260629,Job-shop,5,294,0.4602210915825481,0.4602210915825481,0.4602210915825481,0.4602210915825481,0.4602210915825481,0.4602210915825481,1,1,0,0,0.3666666666666666,0.6,0.7666666666666667,0.0,0.0,0.0,0.0,0.0,0.0,0.3666666666666666,0.6,0.7666666666666667,0.3666666666666666,0.6,0.7666666666666667,0.0,0.0166666666666666,0.2333333333333333,0.3666666666666666,0.6,0.7666666666666667,0.0,0.0,0.0
20260629,Job-shop,4,266,0.4757009053581209,0.4784797722509044,0.4784797722509044,0.4757009053581209,0.4757009053581209,0.4784797722509044,1,1,0,0,0.0,0.3166666666666666,0.45,0.0,0.0,0.0,0.0,0.0,0.0,0.0,0.3166666666666666,0.45,0.0,0.3166666666666666,0.45,0.0,0.0,0.4333333333333333,0.0,0.3166666666666666,0.45,0.0,0.0,0.0
20260629,Job-shop,5,250,0.4828730332560595,0.4790413221317123,0.4790413221317123,0.4828730332560595,0.4828730332560595,0.4790413221317123,1,1,0,0,0.6333333333333333,0.75,0.8666666666666667,0.0,0.0,0.0,0.0,0.0,0.0,0.6166666666666667,0.75,0.8666666666666667,0.6166666666666667,0.7333333333333333,0.8333333333333334,0.0,0.0166666666666666,0.4333333333333333,0.6333333333333333,0.75,0.8666666666666667,0.0,0.0,0.0
20260629,Job-shop,4,279,0.5068770737542508,0.5275480940790057,0.5275480940790057,0.5027429635563861,0.5027429635563861,0.5275480940790057,0,0,0,0,0.4666666666666667,0.7166666666666667,0.75,0.0,0.0,0.0,0.0,0.0,0.0,0.5333333333333333,0.7833333333333333,0.9,0.3333333333333333,0.7166666666666667,0.8833333333333333,0.3666666666666666,0.5166666666666667,0.8,0.4666666666666667,0.7166666666666667,0.75,0.0,0.0,0.0
20260629,Job-shop,3,242,0.5087485019884446,0.5239863027648294,0.5239863027648294,0.5087485019884446,0.5247961313921737,0.5239863027648294,1,0,0,0,0.1833333333333333,0.3166666666666666,0.6666666666666666,0.0,0.0,0.0,0.0,0.0,0.0,0.1333333333333333,0.2833333333333333,0.6666666666666666,0.95,0.9666666666666668,0.9166666666666666,0.0666666666666666,0.3833333333333333,0.8166666666666667,0.1833333333333333,0.3166666666666666,0.6666666666666666,0.0,0.0,0.0
20260629,Job-shop,4,241,0.4797366012365504,0.4927755345248332,0.4927755345248332,0.4797366012365504,0.4797366012365504,0.4927755345248332,1,1,0,0,0.1666666666666666,0.3666666666666666,0.65,0.0,0.0,0.0,0.0,0.0,0.0,0.1666666666666666,0.3666666666666666,0.65,0.1666666666666666,0.3666666666666666,0.65,0.4833333333333333,0.55,0.7833333333333333,0.1666666666666666,0.3666666666666666,0.65,0.0,0.0,0.0
20260629,Job-shop,3,114,0.4953872402849013,0.4953872402849013,0.4953872402849013,0.4953872402849013,0.4953872402849013,0.4953872402849013,1,1,0,0,0.15,0.15,0.2833333333333333,0.0,0.0,0.0,0.0,0.0,0.0,0.15,0.15,0.2833333333333333,0.15,0.15,0.2833333333333333,0.0833333333333333,0.2166666666666666,0.5166666666666667,0.15,0.15,0.2833333333333333,0.0,0.0,0.0
20260629,Job-shop,4,132,0.4995115927145654,0.5093377587607777,0.492608755827474,0.4995115927145654,0.4995115927145654,0.492608755827474,1,1,0,0,0.5166666666666667,0.75,0.85,0.0,0.0,0.0,0.0,0.0,0.0,0.5166666666666667,0.75,0.85,0.5166666666666667,0.75,0.85,0.2333333333333333,0.6833333333333333,0.8666666666666667,0.5166666666666667,0.75,0.85,0.0,0.0,0.0
20260629,Job-shop,4,80,0.521887971605296,0.5079594516496272,0.5079594516496272,0.521887971605296,0.521887971605296,0.5079594516496272,1,1,0,0,0.2,0.3666666666666666,0.55,0.0,0.0,0.0,0.0,0.0,0.0,0.2,0.3666666666666666,0.55,0.2,0.3666666666666666,0.55,0.0666666666666666,0.2,0.5666666666666667,0.2,0.3666666666666666,0.55,0.0,0.0,0.0
20260629,Job-shop,5,111,0.496265112113908,0.4730314232301521,0.4730314232301521,0.496265112113908,0.496265112113908,0.4730314232301521,1,1,0,0,0.6,0.7333333333333333,0.8333333333333334,0.0,0.0,0.0,0.0,0.0,0.0,0.5833333333333334,0.6666666666666666,0.85,0.6,0.7333333333333333,0.8333333333333334,0.05,0.4166666666666667,0.5333333333333333,0.6,0.7333333333333333,0.8333333333333334,0.0,0.0,0.0
20260629,Job-shop,3,251,0.497141770520763,0.5155566336434616,0.5155566336434616,0.5066489157358698,0.5066489157358698,0.5155566336434616,0,0,0,0,0.15,0.4666666666666667,0.65,0.0,0.0,0.0,0.0,0.0,0.0,0.5333333333333333,0.6166666666666667,0.7833333333333333,0.15,0.3833333333333333,0.6333333333333333,0.0,0.1833333333333333,0.7666666666666667,0.15,0.4666666666666667,0.65,0.0,0.0,0.0
20260629,Job-shop,3,177,0.5384788797259769,0.5230525834758407,0.5223958910007873,0.5384788797259769,0.5384788797259769,0.5223958910007873,1,1,0,0,0.8666666666666667,0.9666666666666668,0.9833333333333332,0.0,0.0,0.0,0.0,0.0,0.0,0.8666666666666667,0.9666666666666668,0.9833333333333332,0.8666666666666667,0.9666666666666668,0.9833333333333332,0.4333333333333333,0.6166666666666667,0.8666666666666667,0.8666666666666667,0.9666666666666668,0.9833333333333332,0.0,0.0,0.0
20260629,Job-shop,3,70,0.5122693055930271,0.5122693055930271,0.5122693055930271,0.5122693055930271,0.5122693055930271,0.5122693055930271,1,1,0,0,0.0,0.1833333333333333,0.5166666666666667,0.0,0.0,0.0,0.0,0.0,0.0,0.0,0.1833333333333333,0.5166666666666667,0.0,0.1833333333333333,0.5166666666666667,0.0,0.15,0.6333333333333333,0.0,0.1833333333333333,0.5166666666666667,0.0,0.0,0.0
20260629,Job-shop,3,184,0.5121342244398013,0.5046411418008953,0.5046411418008953,0.5315238536075272,0.5315238536075272,0.5046411418008953,0,0,0,0,0.6666666666666666,0.7333333333333333,0.9,0.0,0.0,0.0,0.0,0.0,0.0,0.5166666666666667,0.6833333333333333,0.8166666666666667,0.5,0.6833333333333333,0.8,0.0,0.0,0.5,0.6666666666666666,0.7333333333333333,0.9,0.0,0.0,0.0
20260629,Job-shop,4,190,0.4780831448663233,0.4817667067435549,0.4817667067435549,0.4780831448663233,0.4780831448663233,0.4817667067435549,1,1,0,0,0.0666666666666666,0.2333333333333333,0.4666666666666667,0.0,0.0,0.0,0.0,0.0,0.0,0.0666666666666666,0.2333333333333333,0.4666666666666667,0.3166666666666666,0.35,0.5166666666666667,0.0,0.0166666666666666,0.4333333333333333,0.0666666666666666,0.2333333333333333,0.4666666666666667,0.0,0.0,0.0
20260629,Job-shop,3,154,0.534656270284413,0.5306538267001017,0.5306538267001017,0.534656270284413,0.534656270284413,0.5306538267001017,1,1,0,1,0.6833333333333333,0.8666666666666667,0.9333333333333332,0.0,0.0,0.0,0.0,0.0,0.0,0.6833333333333333,0.8666666666666667,0.9333333333333332,0.6833333333333333,0.8666666666666667,0.9333333333333332,0.3333333333333333,0.45,0.8166666666666667,0.6833333333333333,0.8666666666666667,0.9333333333333332,0.0,0.0,0.0
20260629,Job-shop,4,265,0.4805591611289387,0.4805591611289387,0.4805591611289387,0.4805591611289387,0.4805591611289387,0.4805591611289387,1,1,0,0,0.0,0.1833333333333333,0.4833333333333333,0.0,0.0,0.0,0.0,0.0,0.0,0.0,0.1833333333333333,0.4833333333333333,0.0,0.1833333333333333,0.4833333333333333,0.0,0.1166666666666666,0.4333333333333333,0.0,0.1833333333333333,0.4833333333333333,0.0,0.0,0.0
20260629,Job-shop,4,149,0.4993964709524979,0.4886931270519294,0.4886931270519294,0.4993964709524979,0.4993964709524979,0.4886931270519294,1,1,0,0,0.1833333333333333,0.3166666666666666,0.55,0.0,0.0,0.0,0.0,0.0,0.0,0.1333333333333333,0.3,0.55,0.1333333333333333,0.3,0.55,0.0666666666666666,0.2833333333333333,0.55,0.1833333333333333,0.3166666666666666,0.55,0.0,0.0,0.0
20260629,Job-shop,3,236,0.4920532362704123,0.5029628849873988,0.5029628849873988,0.4920532362704123,0.4920532362704123,0.5029628849873988,1,1,0,0,0.0,0.1666666666666666,0.4333333333333333,0.0,0.0,0.0,0.0,0.0,0.0,0.0,0.1333333333333333,0.3666666666666666,0.0,0.1666666666666666,0.4333333333333333,0.45,0.6166666666666667,0.8333333333333334,0.0,0.1666666666666666,0.4333333333333333,0.0,0.0,0.0
20260629,Job-shop,3,213,0.5239365551495493,0.5309436807120821,0.5309436807120821,0.5239365551495493,0.5239365551495493,0.5309436807120821,1,1,0,0,0.2333333333333333,0.6,0.6,0.0,0.0,0.0,0.0,0.0,0.0,0.2333333333333333,0.6,0.6,0.2333333333333333,0.6,0.5833333333333334,0.15,0.2666666666666666,0.7666666666666667,0.2333333333333333,0.6,0.6,0.0,0.0,0.0
20260629,Job-shop,5,74,0.497427372419002,0.4916546109890214,0.4916546109890214,0.497427372419002,0.497427372419002,0.4916546109890214,1,1,0,0,0.0,0.05,0.3,0.0,0.0,0.0,0.0,0.0,0.0,0.0,0.05,0.3,0.0,0.05,0.3,0.1,0.35,0.55,0.0,0.05,0.3,0.0,0.0,0.0
20260629,Job-shop,3,149,0.4897522547737992,0.4897522547737992,0.4897522547737992,0.4897522547737992,0.4897522547737992,0.4897522547737992,1,1,0,0,0.1333333333333333,0.3,0.35,0.0,0.0,0.0,0.0,0.0,0.0,0.1333333333333333,0.3,0.35,0.1333333333333333,0.3,0.35,0.35,0.4666666666666667,0.8,0.1333333333333333,0.3,0.35,0.0,0.0,0.0
20260629,Job-shop,4,178,0.473022724930238,0.5059353663884336,0.5059353663884336,0.473022724930238,0.473022724930238,0.5059353663884336,1,1,0,0,0.0,0.0833333333333333,0.3833333333333333,0.0,0.0,0.0,0.0,0.0,0.0,0.0,0.0833333333333333,0.3833333333333333,0.0,0.0833333333333333,0.3833333333333333,0.1,0.3333333333333333,0.6166666666666667,0.0,0.0833333333333333,0.3833333333333333,0.0,0.0,0.0
20260629,Job-shop,3,169,0.5175128557365192,0.5175128557365192,0.5175128557365192,0.5175128557365192,0.5175128557365192,0.5175128557365192,1,1,0,0,0.7166666666666667,0.8,0.85,0.0,0.0,0.0,0.0,0.0,0.0,0.7166666666666667,0.8,0.85,0.7166666666666667,0.8,0.85,0.2,0.3166666666666666,0.65,0.7166666666666667,0.8,0.85,0.0,0.0,0.0
20260629,Job-shop,3,157,0.483490720099304,0.483490720099304,0.483490720099304,0.483490720099304,0.483490720099304,0.483490720099304,1,1,0,0,0.0,0.0166666666666666,0.1833333333333333,0.0,0.0,0.0,0.0,0.0,0.0,0.0,0.0166666666666666,0.1833333333333333,0.0,0.0166666666666666,0.1833333333333333,0.15,0.4,0.6333333333333333,0.0,0.0166666666666666,0.1833333333333333,0.0,0.0,0.0
20260629,Job-shop,3,272,0.4957013514690068,0.5041564184137268,0.5041564184137268,0.4957013514690068,0.4955095310592991,0.5041564184137268,1,0,0,0,0.5166666666666667,0.7333333333333333,0.7833333333333333,0.0,0.0,0.0,0.0,0.0,0.0,0.1833333333333333,0.5333333333333333,0.7166666666666667,0.3666666666666666,0.4,0.5833333333333334,0.2,0.6166666666666667,0.7333333333333333,0.5166666666666667,0.7333333333333333,0.7833333333333333,0.0,0.0,0.0
20260629,Job-shop,4,164,0.5641265077252486,0.5170107070800595,0.5170107070800595,0.5641265077252486,0.5641265077252486,0.5170107070800595,1,1,0,0,0.65,0.8666666666666667,0.9333333333333332,0.0,0.0,0.0,0.0,0.0,0.0,0.65,0.8666666666666667,0.9333333333333332,0.65,0.8666666666666667,0.9333333333333332,0.25,0.6,0.8166666666666667,0.65,0.8666666666666667,0.9333333333333332,0.0,0.0,0.0
20260629,Job-shop,5,81,0.5107842592088284,0.5107842592088284,0.5107842592088284,0.5107842592088284,0.5107842592088284,0.5107842592088284,1,1,0,0,0.0,0.0166666666666666,0.45,0.0,0.0,0.0,0.0,0.0,0.0,0.0,0.0166666666666666,0.45,0.0,0.0166666666666666,0.45,0.0,0.0,0.1,0.0,0.0166666666666666,0.45,0.0,0.0,0.0
20260629,Job-shop,4,215,0.4691247941814104,0.4691247941814104,0.4691247941814104,0.4691247941814104,0.4691247941814104,0.4691247941814104,1,1,0,0,0.1333333333333333,0.2666666666666666,0.4333333333333333,0.0,0.0,0.0,0.0,0.0,0.0,0.1333333333333333,0.2666666666666666,0.4666666666666667,0.1333333333333333,0.2666666666666666,0.4166666666666667,0.15,0.35,0.4,0.1333333333333333,0.2666666666666666,0.4333333333333333,0.0,0.0,0.0
20260629,Job-shop,4,273,0.4711655125938924,0.4869077791990024,0.4869077791990024,0.4711655125938924,0.4711655125938924,0.4869077791990024,1,1,0,0,0.1,0.2166666666666666,0.6,0.0,0.0,0.0,0.0,0.0,0.0,0.1,0.2166666666666666,0.6,0.1,0.2166666666666666,0.6,0.0,0.15,0.4333333333333333,0.1,0.2166666666666666,0.6,0.0,0.0,0.0
20260629,WFG2,7,192,0.4519483369403717,0.4519483369403717,0.4519483369403717,0.4519483369403717,0.4519483369403717,0.4519483369403717,1,1,0,0,0.0,0.0,0.0,0.0,0.0,0.0,0.0,0.0,0.0,0.0,0.0,0.0,0.0,0.0,0.0,0.2166666666666666,0.5166666666666667,0.7666666666666667,0.0,0.0,0.0,0.0,0.0,0.0
20260629,WFG2,8,317,0.3312992273365122,0.3312992273365122,0.3312992273365122,0.3312992273365122,0.3312992273365122,0.3312992273365122,1,1,0,0,0.0,0.0,0.0,0.0,0.0,0.0,0.0,0.0,0.0,0.0,0.0,0.0,0.0,0.0,0.0,0.0,0.0,0.1666666666666666,0.0,0.0,0.0,0.0,0.0,0.0
20260629,WFG2,15,237,0.5345272044664379,0.5345272044664379,0.5345272044664379,0.5345272044664379,0.5345272044664379,0.5345272044664379,1,1,0,0,0.0,0.0,0.0,0.0,0.0,0.0,0.0,0.0,0.0,0.0,0.0,0.0,0.0,0.0,0.0,0.45,0.75,0.9666666666666668,0.0,0.0,0.0,0.0,0.0,0.0
20260629,WFG2,11,133,0.4645898205982229,0.4645898205982229,0.4645898205982229,0.4645898205982229,0.4645898205982229,0.4645898205982229,1,1,0,0,0.0,0.0,0.0,0.0,0.0,0.0,0.0,0.0,0.0,0.0,0.0,0.0,0.0,0.0,0.0,0.6166666666666667,0.7166666666666667,0.7833333333333333,0.0,0.0,0.0,0.0,0.0,0.0
20260629,WFG2,10,367,0.4167047499466061,0.4167047499466061,0.4167047499466061,0.4167047499466061,0.4167047499466061,0.4167047499466061,1,1,0,0,0.0,0.0,0.0,0.0,0.0,0.0,0.0,0.0,0.0,0.0,0.0,0.0,0.0,0.0,0.0,0.2833333333333333,0.5,0.7333333333333333,0.0,0.0,0.0,0.0,0.0,0.0
20260629,WFG2,14,189,0.5035686629437849,0.5876337985041566,0.5876337985041566,0.5035686629437849,0.5035686629437849,0.5876337985041566,1,1,0,0,0.0,0.0,0.0,0.0,0.0,0.0,0.0,0.0,0.0,0.0,0.0,0.0,0.0,0.0,0.0,0.0,0.1666666666666666,0.6833333333333333,0.0,0.0,0.0,0.0,0.0,0.0
20260629,WFG2,3,137,0.0674086333642266,0.0674086333642266,0.0674086333642266,0.0674086333642266,0.0674086333642266,0.0674086333642266,1,1,0,0,0.0,0.0,0.0,0.0,0.0,0.0,0.0,0.0,0.0,0.0,0.0,0.0,0.0,0.0,0.0,0.0,0.0,0.0,0.0,0.0,0.0,0.0,0.0,0.0
20260629,WFG2,10,417,0.4174120223970835,0.4174120223970835,0.4174120223970835,0.4174120223970835,0.4174120223970835,0.4174120223970835,1,1,0,0,0.0,0.0,0.0,0.0,0.0,0.0,0.0,0.0,0.0,0.0,0.0,0.0,0.0,0.0,0.0,0.55,0.65,0.7166666666666667,0.0,0.0,0.0,0.0,0.0,0.0
20260629,WFG2,10,89,0.5294118261557019,0.5294118261557019,0.5294118261557019,0.5294118261557019,0.5294118261557019,0.5294118261557019,1,1,0,0,0.0,0.0,0.0,0.0,0.0,0.0,0.0,0.0,0.0,0.0,0.0,0.0,0.0,0.0,0.0,0.2666666666666666,0.5166666666666667,0.7666666666666667,0.0,0.0,0.0,0.0,0.0,0.0
20260629,WFG2,3,133,0.1445953992573209,0.1445953992573209,0.1445953992573209,0.1445953992573209,0.1445953992573209,0.1445953992573209,1,1,0,0,0.0,0.0,0.0,0.0,0.0,0.0,0.0,0.0,0.0,0.0,0.0,0.0,0.0,0.0,0.0,0.0,0.0166666666666666,0.1166666666666666,0.0,0.0,0.0,0.0,0.0,0.0
20260629,WFG2,13,125,0.5958342079452618,0.5958342079452618,0.5958342079452618,0.5958342079452618,0.5958342079452618,0.5958342079452618,1,1,0,0,0.0,0.0,0.0,0.0,0.0,0.0,0.0,0.0,0.0,0.0,0.0,0.0,0.0,0.0,0.0,0.35,0.6333333333333333,0.8333333333333334,0.0,0.0,0.0,0.0,0.0,0.0
20260629,WFG2,5,273,0.3727767492283965,0.3623256794453689,0.3623256794453689,0.3727767492283965,0.3727767492283965,0.3623256794453689,1,1,0,0,0.2,0.3666666666666666,0.6,0.0,0.0,0.0,0.0,0.0,0.0,0.2,0.3666666666666666,0.6,0.2,0.3666666666666666,0.6,0.4333333333333333,0.6166666666666667,0.75,0.2,0.3666666666666666,0.6,0.0,0.0,0.0
20260629,WFG2,14,406,0.4405706821021569,0.4405706821021569,0.4405706821021569,0.4405706821021569,0.4405706821021569,0.4405706821021569,1,1,0,0,0.0,0.0,0.0,0.0,0.0,0.0,0.0,0.0,0.0,0.0,0.0,0.0,0.0,0.0,0.0,0.2833333333333333,0.45,0.8,0.0,0.0,0.0,0.0,0.0,0.0
20260629,WFG2,8,213,0.4249623028555623,0.4966247564283116,0.4966247564283116,0.4249623028555623,0.4249623028555623,0.4966247564283116,1,1,0,0,0.0,0.0,0.0,0.0,0.0,0.0,0.0,0.0,0.0,0.0,0.0,0.0,0.0,0.0,0.0,0.15,0.3166666666666666,0.5,0.0,0.0,0.0,0.0,0.0,0.0
20260629,WFG2,12,433,0.4794872709519245,0.4794872709519245,0.4794872709519245,0.4794872709519245,0.4794872709519245,0.4794872709519245,1,1,0,0,0.0,0.0,0.0333333333333333,0.0,0.0,0.0,0.0,0.0,0.0,0.0,0.0,0.0333333333333333,0.0,0.0,0.0333333333333333,0.0333333333333333,0.2,0.6333333333333333,0.0,0.0,0.0333333333333333,0.0,0.0,0.0
20260629,WFG2,10,405,0.4281582366051347,0.4281582366051347,0.4281582366051347,0.4281582366051347,0.4281582366051347,0.4281582366051347,1,1,0,0,0.0,0.0,0.0,0.0,0.0,0.0,0.0,0.0,0.0,0.0,0.0,0.0,0.0,0.0,0.0,0.3833333333333333,0.6166666666666667,0.8166666666666667,0.0,0.0,0.0,0.0,0.0,0.0
20260629,WFG2,15,337,0.4964044012495743,0.4964044012495743,0.4964044012495743,0.4964044012495743,0.4964044012495743,0.4964044012495743,1,1,0,0,0.0,0.0,0.0,0.0,0.0,0.0,0.0,0.0,0.0,0.0,0.0,0.0,0.0,0.0,0.0,0.4333333333333333,0.6333333333333333,0.85,0.0,0.0,0.0,0.0,0.0,0.0
20260629,WFG2,14,397,0.4897893054140745,0.4897893054140745,0.4897893054140745,0.4897893054140745,0.4897893054140745,0.4897893054140745,1,1,0,0,0.0,0.0,0.0,0.0,0.0,0.0,0.0,0.0,0.0,0.0,0.0,0.0,0.0,0.0,0.0,0.3166666666666666,0.5,0.8833333333333333,0.0,0.0,0.0,0.0,0.0,0.0
20260629,WFG2,3,33,0.2843790409570351,0.3027504072969869,0.3027504072969869,0.2843790409570351,0.2843790409570351,0.3027504072969869,1,1,0,0,0.0,0.1,0.4833333333333333,0.0,0.0,0.0,0.0,0.0,0.0,0.0,0.1,0.4833333333333333,0.0,0.1,0.4833333333333333,0.0,0.0,0.2,0.0,0.1,0.4833333333333333,0.0,0.0,0.0
20260629,WFG2,5,242,0.3179574043686982,0.3179574043686982,0.3179574043686982,0.3179574043686982,0.3179574043686982,0.3179574043686982,1,1,0,0,0.0,0.0,0.0,0.0,0.0,0.0,0.0,0.0,0.0,0.0,0.0,0.0,0.0,0.0,0.0,0.4333333333333333,0.7833333333333333,0.85,0.0,0.0,0.0,0.0,0.0,0.0
20260629,WFG2,12,375,0.4572263228565653,0.4572263228565653,0.4572263228565653,0.4572263228565653,0.4572263228565653,0.4572263228565653,1,1,0,0,0.0,0.0,0.0,0.0,0.0,0.0,0.0,0.0,0.0,0.0,0.0,0.0,0.0,0.0,0.0,0.3833333333333333,0.7166666666666667,0.7833333333333333,0.0,0.0,0.0,0.0,0.0,0.0
20260629,WFG2,3,89,0.149307828376472,0.149307828376472,0.149307828376472,0.149307828376472,0.149307828376472,0.149307828376472,1,1,0,0,0.0,0.0,0.0,0.0,0.0,0.0,0.0,0.0,0.0,0.0,0.0,0.0,0.0,0.0,0.0,0.0,0.0,0.0,0.0,0.0,0.0,0.0,0.0,0.0
20260629,WFG2,14,481,0.4667631979099929,0.4667631979099929,0.4667631979099929,0.4667631979099929,0.4667631979099929,0.4667631979099929,1,1,0,0,0.0,0.0,0.0,0.0,0.0,0.0,0.0,0.0,0.0,0.0,0.0,0.0,0.0,0.0,0.0,0.1666666666666666,0.8333333333333334,0.9166666666666666,0.0,0.0,0.0,0.0,0.0,0.0
20260629,WFG2,14,345,0.5217624434415882,0.5217624434415882,0.5217624434415882,0.5217624434415882,0.5217624434415882,0.5217624434415882,1,1,0,0,0.0,0.0,0.0,0.0,0.0,0.0,0.0,0.0,0.0,0.0,0.0,0.0,0.0,0.0,0.0,0.5,0.8,0.8333333333333334,0.0,0.0,0.0,0.0,0.0,0.0
20260629,WFG2,4,76,0.2010972052782204,0.2010972052782204,0.2010972052782204,0.2010972052782204,0.2010972052782204,0.2010972052782204,1,1,0,0,0.0,0.0,0.0,0.0,0.0,0.0,0.0,0.0,0.0,0.0,0.0,0.0,0.0,0.0,0.0,0.0,0.0,0.0,0.0,0.0,0.0,0.0,0.0,0.0
20260629,WFG2,9,118,0.4450611325743316,0.4450611325743316,0.4450611325743316,0.4450611325743316,0.4450611325743316,0.4450611325743316,1,1,0,0,0.0,0.0,0.0,0.0,0.0,0.0,0.0,0.0,0.0,0.0,0.0,0.0,0.0,0.0,0.0,0.3166666666666666,0.5666666666666667,0.7333333333333333,0.0,0.0,0.0,0.0,0.0,0.0
20260629,WFG2,6,150,0.3664445958617034,0.3664445958617034,0.3664445958617034,0.3664445958617034,0.3664445958617034,0.3664445958617034,1,1,0,0,0.0,0.0,0.0,0.0,0.0,0.0,0.0,0.0,0.0,0.0,0.0,0.0,0.0,0.0,0.0,0.2,0.45,0.55,0.0,0.0,0.0,0.0,0.0,0.0
20260629,WFG2,3,37,0.2996627318821509,0.2996627318821509,0.2996627318821509,0.2996627318821509,0.2996627318821509,0.2996627318821509,1,1,0,0,0.0,0.0,0.0,0.0,0.0,0.0,0.0,0.0,0.0,0.0,0.0,0.0,0.0,0.0,0.0,0.0,0.05,0.2833333333333333,0.0,0.0,0.0,0.0,0.0,0.0
20260629,WFG2,12,492,0.3747503984629047,0.3747503984629047,0.3747503984629047,0.3747503984629047,0.3747503984629047,0.3747503984629047,1,1,0,0,0.0,0.0,0.0,0.0,0.0,0.0,0.0,0.0,0.0,0.0,0.0,0.0,0.0,0.0,0.0,0.0,0.15,0.4333333333333333,0.0,0.0,0.0,0.0,0.0,0.0
20260629,WFG2,4,81,0.2969737263858379,0.2969737263858379,0.2969737263858379,0.2969737263858379,0.2969737263858379,0.2969737263858379,1,1,0,0,0.0,0.0,0.0333333333333333,0.0,0.0,0.0,0.0,0.0,0.0,0.0,0.0,0.0333333333333333,0.0,0.0,0.0333333333333333,0.3,0.6333333333333333,0.6,0.0,0.0,0.0333333333333333,0.0,0.0,0.0
20260629,WFG2,3,70,0.0947330611570997,0.0947330611570997,0.0947330611570997,0.0947330611570997,0.0947330611570997,0.0947330611570997,1,1,0,0,0.0,0.0,0.0,0.0,0.0,0.0,0.0,0.0,0.0,0.0,0.0,0.0,0.0,0.0,0.0,0.0,0.0,0.0,0.0,0.0,0.0,0.0,0.0,0.0
20260629,WFG2,4,206,0.2514646687008309,0.2514646687008309,0.2514646687008309,0.2514646687008309,0.2514646687008309,0.2514646687008309,1,1,0,0,0.0,0.0,0.0,0.0,0.0,0.0,0.0,0.0,0.0,0.0,0.0,0.0,0.0,0.0,0.0,0.4166666666666667,0.4166666666666667,0.45,0.0,0.0,0.0,0.0,0.0,0.0
20260629,WFG2,3,131,0.0869429928790672,0.0869429928790672,0.0869429928790672,0.0869429928790672,0.0869429928790672,0.0869429928790672,1,1,0,0,0.0,0.0,0.0,0.0,0.0,0.0,0.0,0.0,0.0,0.0,0.0,0.0,0.0,0.0,0.0,0.0,0.0333333333333333,0.1666666666666666,0.0,0.0,0.0,0.0,0.0,0.0
20260629,WFG2,9,314,0.4292625718401725,0.4292625718401725,0.4292625718401725,0.4292625718401725,0.4292625718401725,0.4292625718401725,1,1,0,0,0.0,0.0,0.0,0.0,0.0,0.0,0.0,0.0,0.0,0.0,0.0,0.0,0.0,0.0,0.0,0.4,0.6333333333333333,0.7666666666666667,0.0,0.0,0.0,0.0,0.0,0.0
20260629,WFG2,14,163,0.5480254898890429,0.5480254898890429,0.5480254898890429,0.5480254898890429,0.5480254898890429,0.5480254898890429,1,1,0,0,0.0,0.0,0.0,0.0,0.0,0.0,0.0,0.0,0.0,0.0,0.0,0.0,0.0,0.0,0.0,0.35,0.5833333333333334,0.5833333333333334,0.0,0.0,0.0,0.0,0.0,0.0
20260629,WFG2,5,401,0.2969245218145628,0.2969245218145628,0.2969245218145628,0.2969245218145628,0.2969245218145628,0.2969245218145628,1,1,0,0,0.0,0.0,0.0,0.0,0.0,0.0,0.0,0.0,0.0,0.0,0.0,0.0,0.0,0.0,0.0,0.05,0.3666666666666666,0.5333333333333333,0.0,0.0,0.0,0.0,0.0,0.0
20260629,WFG2,5,252,0.3110085044892077,0.3110085044892077,0.3110085044892077,0.3110085044892077,0.3110085044892077,0.3110085044892077,1,1,0,0,0.0,0.0,0.0,0.0,0.0,0.0,0.0,0.0,0.0,0.0,0.0,0.0,0.0,0.0,0.0,0.15,0.3166666666666666,0.45,0.0,0.0,0.0,0.0,0.0,0.0
20260629,WFG2,14,129,0.5890258909301556,0.5890258909301556,0.5890258909301556,0.5890258909301556,0.5890258909301556,0.5890258909301556,1,1,0,0,0.0,0.0,0.0833333333333333,0.0,0.0,0.0,0.0,0.0,0.0,0.0,0.0,0.0833333333333333,0.0,0.0,0.0833333333333333,0.5666666666666667,0.7166666666666667,0.9166666666666666,0.0,0.0,0.0833333333333333,0.0,0.0,0.0
20260629,WFG2,4,48,0.2428099152585589,0.2428099152585589,0.2428099152585589,0.2428099152585589,0.2428099152585589,0.2428099152585589,1,1,0,0,0.0,0.0,0.0,0.0,0.0,0.0,0.0,0.0,0.0,0.0,0.0,0.0,0.0,0.0,0.0,0.3,0.4166666666666667,0.75,0.0,0.0,0.0,0.0,0.0,0.0
20260629,WFG2,7,176,0.4717468012469215,0.4717468012469215,0.4717468012469215,0.4717468012469215,0.4717468012469215,0.4717468012469215,1,1,0,0,0.0,0.0,0.0,0.0,0.0,0.0,0.0,0.0,0.0,0.0,0.0,0.0,0.0,0.0,0.0,0.1833333333333333,0.4333333333333333,0.8,0.0,0.0,0.0,0.0,0.0,0.0
20260629,WFG2,9,108,0.5160750888705998,0.5160750888705998,0.5160750888705998,0.5160750888705998,0.5160750888705998,0.5160750888705998,1,1,0,0,0.0,0.0,0.0166666666666666,0.0,0.0,0.0,0.0,0.0,0.0,0.0,0.0,0.0166666666666666,0.0,0.0,0.0166666666666666,0.1333333333333333,0.2833333333333333,0.75,0.0,0.0,0.0166666666666666,0.0,0.0,0.0
20260629,WFG2,8,292,0.3546576864355776,0.3546576864355776,0.3546576864355776,0.3546576864355776,0.3546576864355776,0.3546576864355776,1,1,0,0,0.0,0.0,0.0,0.0,0.0,0.0,0.0,0.0,0.0,0.0,0.0,0.0,0.0,0.0,0.0,0.0,0.1,0.4,0.0,0.0,0.0,0.0,0.0,0.0
20260629,WFG2,15,90,0.5625857494802032,0.5625857494802032,0.5625857494802032,0.5625857494802032,0.5625857494802032,0.5625857494802032,1,1,0,0,0.0,0.0,0.0,0.0,0.0,0.0,0.0,0.0,0.0,0.0,0.0,0.0,0.0,0.0,0.0,0.2333333333333333,0.4666666666666667,0.6,0.0,0.0,0.0,0.0,0.0,0.0
20260629,WFG2,13,190,0.4972660463652252,0.4972660463652252,0.4972660463652252,0.4972660463652252,0.4972660463652252,0.4972660463652252,1,1,0,0,0.0,0.0,0.0,0.0,0.0,0.0,0.0,0.0,0.0,0.0,0.0,0.0,0.0,0.0,0.0,0.65,0.8666666666666667,0.9166666666666666,0.0,0.0,0.0,0.0,0.0,0.0
20260629,WFG2,7,329,0.378789488440087,0.378789488440087,0.378789488440087,0.378789488440087,0.378789488440087,0.378789488440087,1,1,0,0,0.0,0.0,0.0,0.0,0.0,0.0,0.0,0.0,0.0,0.0,0.0,0.0,0.0,0.0,0.0,0.45,0.5666666666666667,0.7666666666666667,0.0,0.0,0.0,0.0,0.0,0.0
20260629,WFG2,3,116,0.1895954786791276,0.1895954786791276,0.1895954786791276,0.1895954786791276,0.1895954786791276,0.1895954786791276,1,1,0,0,0.0,0.0,0.0,0.0,0.0,0.0,0.0,0.0,0.0,0.0,0.0,0.0,0.0,0.0,0.0,0.0,0.1833333333333333,0.3333333333333333,0.0,0.0,0.0,0.0,0.0,0.0
20260629,WFG2,5,257,0.3056585581090791,0.3056585581090791,0.3056585581090791,0.3056585581090791,0.3056585581090791,0.3056585581090791,1,1,0,0,0.0,0.0,0.0,0.0,0.0,0.0,0.0,0.0,0.0,0.0,0.0,0.0,0.0,0.0,0.0,0.4166666666666667,0.6,0.7166666666666667,0.0,0.0,0.0,0.0,0.0,0.0
20260629,WFG2,10,139,0.4747097839686346,0.4747097839686346,0.4747097839686346,0.4747097839686346,0.4747097839686346,0.4747097839686346,1,1,0,0,0.0,0.0,0.0,0.0,0.0,0.0,0.0,0.0,0.0,0.0,0.0,0.0,0.0,0.0,0.0,0.0,0.2,0.7833333333333333,0.0,0.0,0.0,0.0,0.0,0.0
20260629,WFG2,3,44,0.2034678556801488,0.2034678556801488,0.2034678556801488,0.2034678556801488,0.2034678556801488,0.2034678556801488,1,1,0,0,0.0,0.0,0.0,0.0,0.0,0.0,0.0,0.0,0.0,0.0,0.0,0.0,0.0,0.0,0.0,0.0,0.0666666666666666,0.2833333333333333,0.0,0.0,0.0,0.0,0.0,0.0
20260629,WFG2,11,440,0.4306867158924547,0.4306867158924547,0.4306867158924547,0.4306867158924547,0.4306867158924547,0.4306867158924547,1,1,0,0,0.0,0.0,0.0,0.0,0.0,0.0,0.0,0.0,0.0,0.0,0.0,0.0,0.0,0.0,0.0,0.4,0.5,0.6666666666666666,0.0,0.0,0.0,0.0,0.0,0.0
20260629,WFG2,7,392,0.4337932393205551,0.4337932393205551,0.4337932393205551,0.4337932393205551,0.4337932393205551,0.4337932393205551,1,1,0,0,0.0,0.0,0.0,0.0,0.0,0.0,0.0,0.0,0.0,0.0,0.0,0.0,0.0,0.0,0.0,0.5666666666666667,0.5833333333333334,0.7666666666666667,0.0,0.0,0.0,0.0,0.0,0.0
20260629,WFG2,5,289,0.2641130799204744,0.2641130799204744,0.2641130799204744,0.2641130799204744,0.2641130799204744,0.2641130799204744,1,1,0,0,0.0,0.0,0.0,0.0,0.0,0.0,0.0,0.0,0.0,0.0,0.0,0.0,0.0,0.0,0.0,0.2833333333333333,0.3666666666666666,0.6,0.0,0.0,0.0,0.0,0.0,0.0
20260629,WFG2,6,95,0.419431213859657,0.419431213859657,0.419431213859657,0.419431213859657,0.419431213859657,0.419431213859657,1,1,0,0,0.0,0.0,0.0,0.0,0.0,0.0,0.0,0.0,0.0,0.0,0.0,0.0,0.0,0.0,0.0,0.45,0.5333333333333333,0.4833333333333333,0.0,0.0,0.0,0.0,0.0,0.0
20260629,WFG2,9,402,0.3738143929429883,0.3738143929429883,0.3738143929429883,0.3738143929429883,0.3738143929429883,0.3738143929429883,1,1,0,0,0.0,0.0,0.0,0.0,0.0,0.0,0.0,0.0,0.0,0.0,0.0,0.0,0.0,0.0,0.0,0.4833333333333333,0.7333333333333333,0.8,0.0,0.0,0.0,0.0,0.0,0.0
20260629,WFG2,10,196,0.4964534795541874,0.4964534795541874,0.4964534795541874,0.4964534795541874,0.4964534795541874,0.4964534795541874,1,1,0,0,0.0,0.0,0.0,0.0,0.0,0.0,0.0,0.0,0.0,0.0,0.0,0.0,0.0,0.0,0.0,0.65,0.8666666666666667,0.85,0.0,0.0,0.0,0.0,0.0,0.0
20260629,WFG2,11,428,0.4337627938042772,0.615479645715775,0.615479645715775,0.4337627938042772,0.4337627938042772,0.615479645715775,1,1,0,0,0.0,0.0,0.0,0.0,0.0,0.0,0.0,0.0,0.0,0.0,0.0,0.0,0.0,0.0,0.0,0.55,0.9333333333333332,0.9666666666666668,0.0,0.0,0.0,0.0,0.0,0.0
20260629,WFG2,3,155,0.1622843222848688,0.1622843222848688,0.1622843222848688,0.1622843222848688,0.1622843222848688,0.1622843222848688,1,1,0,0,0.0,0.0,0.0,0.0,0.0,0.0,0.0,0.0,0.0,0.0,0.0,0.0,0.0,0.0,0.0,0.0,0.0333333333333333,0.2666666666666666,0.0,0.0,0.0,0.0,0.0,0.0
20260629,WFG2,5,274,0.1348695374340288,0.1348695374340288,0.1348695374340288,0.1348695374340288,0.1348695374340288,0.1348695374340288,1,1,0,0,0.0,0.0,0.0,0.0,0.0,0.0,0.0,0.0,0.0,0.0,0.0,0.0,0.0,0.0,0.0,0.0,0.0,0.0,0.0,0.0,0.0,0.0,0.0,0.0
20260629,WFG2,8,457,0.4300808285345515,0.4300808285345515,0.4300808285345515,0.4300808285345515,0.4300808285345515,0.4300808285345515,1,1,0,0,0.0,0.0,0.0,0.0,0.0,0.0,0.0,0.0,0.0,0.0,0.0,0.0,0.0,0.0,0.0,0.3666666666666666,0.75,0.8666666666666667,0.0,0.0,0.0,0.0,0.0,0.0
20260629,WFG2,5,222,0.3831405172224891,0.3831405172224891,0.3831405172224891,0.3831405172224891,0.3831405172224891,0.3831405172224891,1,1,0,0,0.0,0.0,0.0,0.0,0.0,0.0,0.0,0.0,0.0,0.0,0.0,0.0,0.0,0.0,0.0,0.45,0.65,0.7,0.0,0.0,0.0,0.0,0.0,0.0
20260629,WFG2,3,54,0.0607878272306738,0.0607878272306738,0.0607878272306738,0.0607878272306738,0.0607878272306738,0.0607878272306738,1,1,0,0,0.0,0.0,0.0,0.0,0.0,0.0,0.0,0.0,0.0,0.0,0.0,0.0,0.0,0.0,0.0,0.0,0.0,0.0,0.0,0.0,0.0,0.0,0.0,0.0
20260629,WFG2,11,472,0.3963247468430531,0.537613851352466,0.537613851352466,0.3963247468430531,0.3963247468430531,0.537613851352466,1,1,0,0,0.0,0.0,0.0,0.0,0.0,0.0,0.0,0.0,0.0,0.0,0.0,0.0,0.0,0.0,0.0,0.0,0.4166666666666667,0.8,0.0,0.0,0.0,0.0,0.0,0.0
20260629,WFG2,13,460,0.4932892202394287,0.538121802165292,0.538121802165292,0.4932892202394287,0.4932892202394287,0.538121802165292,1,1,0,0,0.35,0.55,0.5333333333333333,0.0,0.0,0.0,0.0,0.0,0.0,0.35,0.55,0.5333333333333333,0.35,0.55,0.5333333333333333,0.0833333333333333,0.25,0.7166666666666667,0.35,0.55,0.5333333333333333,0.0,0.0,0.0
20260629,WFG2,3,35,0.1505447614247854,0.1505447614247854,0.1505447614247854,0.1505447614247854,0.1505447614247854,0.1505447614247854,1,1,0,0,0.0,0.0,0.0,0.0,0.0,0.0,0.0,0.0,0.0,0.0,0.0,0.0,0.0,0.0,0.0,0.0,0.0,0.1833333333333333,0.0,0.0,0.0,0.0,0.0,0.0
20260629,WFG2,9,91,0.4885687287342338,0.4885687287342338,0.4885687287342338,0.4885687287342338,0.4885687287342338,0.4885687287342338,1,1,0,0,0.0,0.0,0.0,0.0,0.0,0.0,0.0,0.0,0.0,0.0,0.0,0.0,0.0,0.0,0.0,0.4333333333333333,0.5666666666666667,0.8166666666666667,0.0,0.0,0.0,0.0,0.0,0.0
20260629,WFG2,8,280,0.3607834293318077,0.3607834293318077,0.3607834293318077,0.3607834293318077,0.3607834293318077,0.3607834293318077,1,1,0,0,0.0,0.0,0.0,0.0,0.0,0.0,0.0,0.0,0.0,0.0,0.0,0.0,0.0,0.0,0.0,0.0,0.1166666666666666,0.45,0.0,0.0,0.0,0.0,0.0,0.0
20260629,WFG2,14,257,0.5239033784497564,0.5239033784497564,0.5239033784497564,0.5239033784497564,0.5239033784497564,0.5239033784497564,1,1,0,0,0.0,0.0,0.0,0.0,0.0,0.0,0.0,0.0,0.0,0.0,0.0,0.0,0.0,0.0,0.0,0.1,0.5,0.9833333333333332,0.0,0.0,0.0,0.0,0.0,0.0
20260629,WFG2,11,146,0.4620610387258436,0.4620610387258436,0.4620610387258436,0.4620610387258436,0.4620610387258436,0.4620610387258436,1,1,0,0,0.0,0.0,0.0,0.0,0.0,0.0,0.0,0.0,0.0,0.0,0.0,0.0,0.0,0.0,0.0,0.2833333333333333,0.4833333333333333,0.7333333333333333,0.0,0.0,0.0,0.0,0.0,0.0
20260629,WFG2,13,86,0.4941155015944981,0.4941155015944981,0.4941155015944981,0.4941155015944981,0.4941155015944981,0.4941155015944981,1,1,0,0,0.0,0.0,0.0,0.0,0.0,0.0,0.0,0.0,0.0,0.0,0.0,0.0,0.0,0.0,0.0,0.0666666666666666,0.25,0.7,0.0,0.0,0.0,0.0,0.0,0.0
20260629,WFG2,15,350,0.5474277004910595,0.5882490530947688,0.5882490530947688,0.5474277004910595,0.5474277004910595,0.5882490530947688,1,1,0,0,0.2166666666666666,0.4333333333333333,0.7,0.0,0.0,0.0,0.0,0.0,0.0,0.2166666666666666,0.4333333333333333,0.7,0.2166666666666666,0.4333333333333333,0.7,0.1833333333333333,0.45,0.8666666666666667,0.2166666666666666,0.4333333333333333,0.7,0.0,0.0,0.0
20260629,WFG2,7,285,0.2781641735833436,0.2781641735833436,0.2781641735833436,0.2781641735833436,0.2781641735833436,0.2781641735833436,1,1,0,0,0.0,0.0,0.0,0.0,0.0,0.0,0.0,0.0,0.0,0.0,0.0,0.0,0.0,0.0,0.0,0.0,0.0,0.3,0.0,0.0,0.0,0.0,0.0,0.0
20260629,WFG2,7,397,0.3600399791226708,0.3600399791226708,0.3600399791226708,0.3600399791226708,0.3600399791226708,0.3600399791226708,1,1,0,0,0.0,0.0,0.0,0.0,0.0,0.0,0.0,0.0,0.0,0.0,0.0,0.0,0.0,0.0,0.0,0.0666666666666666,0.4,0.6333333333333333,0.0,0.0,0.0,0.0,0.0,0.0
20260629,WFG2,5,372,0.2240079032240663,0.2240079032240663,0.2240079032240663,0.2240079032240663,0.2240079032240663,0.2240079032240663,1,1,0,0,0.0,0.0,0.0,0.0,0.0,0.0,0.0,0.0,0.0,0.0,0.0,0.0,0.0,0.0,0.0,0.0,0.0166666666666666,0.1666666666666666,0.0,0.0,0.0,0.0,0.0,0.0
20260629,WFG2,14,177,0.4501973200090789,0.4501973200090789,0.4501973200090789,0.4501973200090789,0.4501973200090789,0.4501973200090789,1,1,0,0,0.0,0.0,0.0,0.0,0.0,0.0,0.0,0.0,0.0,0.0,0.0,0.0,0.0,0.0,0.0,0.0,0.0833333333333333,0.3833333333333333,0.0,0.0,0.0,0.0,0.0,0.0
20260629,WFG2,7,497,0.3980309630431757,0.3980309630431757,0.3980309630431757,0.3980309630431757,0.3980309630431757,0.3980309630431757,1,1,0,0,0.0,0.0,0.0,0.0,0.0,0.0,0.0,0.0,0.0,0.0,0.0,0.0,0.0,0.0,0.0,0.1833333333333333,0.4166666666666667,0.45,0.0,0.0,0.0,0.0,0.0,0.0
20260629,WFG2,12,290,0.4765113613392108,0.581964843818722,0.581964843818722,0.4765113613392108,0.4765113613392108,0.581964843818722,1,1,0,0,0.0,0.0,0.15,0.0,0.0,0.0,0.0,0.0,0.0,0.0,0.0,0.1333333333333333,0.0,0.0,0.15,0.85,0.8833333333333333,0.9333333333333332,0.0,0.0,0.15,0.0,0.0,0.0
20260629,WFG2,8,380,0.3913091527079156,0.3913091527079156,0.3913091527079156,0.3913091527079156,0.3913091527079156,0.3913091527079156,1,1,0,0,0.0,0.0,0.0,0.0,0.0,0.0,0.0,0.0,0.0,0.0,0.0,0.0,0.0,0.0,0.0,0.0833333333333333,0.2166666666666666,0.5666666666666667,0.0,0.0,0.0,0.0,0.0,0.0
20260629,WFG2,11,234,0.4243970511816531,0.4243970511816531,0.4243970511816531,0.4243970511816531,0.4243970511816531,0.4243970511816531,1,1,0,0,0.0,0.0,0.0,0.0,0.0,0.0,0.0,0.0,0.0,0.0,0.0,0.0,0.0,0.0,0.0,0.0,0.3833333333333333,0.6,0.0,0.0,0.0,0.0,0.0,0.0
20260629,WFG2,6,445,0.3875599175135226,0.3875599175135226,0.3875599175135226,0.3875599175135226,0.3875599175135226,0.3875599175135226,1,1,0,0,0.0,0.0666666666666666,0.1666666666666666,0.0,0.0,0.0,0.0,0.0,0.0,0.0,0.0666666666666666,0.1666666666666666,0.0,0.0666666666666666,0.1666666666666666,0.4666666666666667,0.6333333333333333,0.8833333333333333,0.0,0.0666666666666666,0.1666666666666666,0.0,0.0,0.0
20260629,WFG2,6,76,0.4095449881803044,0.4095449881803044,0.4095449881803044,0.4095449881803044,0.4095449881803044,0.4095449881803044,1,1,0,0,0.0,0.0,0.0,0.0,0.0,0.0,0.0,0.0,0.0,0.0,0.0,0.0,0.0,0.0,0.0,0.0333333333333333,0.1666666666666666,0.45,0.0,0.0,0.0,0.0,0.0,0.0
20260629,WFG2,5,213,0.2269758449151354,0.2269758449151354,0.2269758449151354,0.2269758449151354,0.2269758449151354,0.2269758449151354,1,1,0,0,0.0,0.0,0.0,0.0,0.0,0.0,0.0,0.0,0.0,0.0,0.0,0.0,0.0,0.0,0.0,0.0,0.0,0.0666666666666666,0.0,0.0,0.0,0.0,0.0,0.0
20260629,WFG2,14,366,0.5031354777032598,0.5031354777032598,0.5031354777032598,0.5031354777032598,0.5031354777032598,0.5031354777032598,1,1,0,0,0.0,0.0,0.0,0.0,0.0,0.0,0.0,0.0,0.0,0.0,0.0,0.0,0.0,0.0,0.0,0.6333333333333333,0.7333333333333333,0.7666666666666667,0.0,0.0,0.0,0.0,0.0,0.0
20260629,WFG2,10,477,0.4380554928178771,0.4380554928178771,0.4380554928178771,0.4380554928178771,0.4380554928178771,0.4380554928178771,1,1,0,0,0.0,0.0,0.0,0.0,0.0,0.0,0.0,0.0,0.0,0.0,0.0,0.0,0.0,0.0,0.0,0.3333333333333333,0.4,0.6333333333333333,0.0,0.0,0.0,0.0,0.0,0.0
20260629,WFG2,9,272,0.4765215080963932,0.4765215080963932,0.4765215080963932,0.4765215080963932,0.4765215080963932,0.4765215080963932,1,1,0,0,0.0333333333333333,0.25,0.3666666666666666,0.0,0.0,0.0,0.0,0.0,0.0,0.0333333333333333,0.25,0.3666666666666666,0.0333333333333333,0.25,0.3666666666666666,0.6333333333333333,0.7833333333333333,0.9,0.0333333333333333,0.25,0.3666666666666666,0.0,0.0,0.0
20260629,WFG2,4,82,0.1968085541224658,0.1968085541224658,0.1968085541224658,0.1968085541224658,0.1968085541224658,0.1968085541224658,1,1,0,0,0.0,0.0,0.0,0.0,0.0,0.0,0.0,0.0,0.0,0.0,0.0,0.0,0.0,0.0,0.0,0.0166666666666666,0.0833333333333333,0.35,0.0,0.0,0.0,0.0,0.0,0.0
20260629,WFG2,3,81,0.1712503983668424,0.1712503983668424,0.1712503983668424,0.1712503983668424,0.1712503983668424,0.1712503983668424,1,1,0,0,0.0,0.0,0.0,0.0,0.0,0.0,0.0,0.0,0.0,0.0,0.0,0.0,0.0,0.0,0.0,0.0,0.1,0.4333333333333333,0.0,0.0,0.0,0.0,0.0,0.0
20260629,WFG2,11,378,0.4572339736249408,0.5313306012568466,0.5313306012568466,0.4572339736249408,0.4572339736249408,0.5313306012568466,1,1,0,0,0.0,0.0,0.0,0.0,0.0,0.0,0.0,0.0,0.0,0.0,0.0,0.0,0.0,0.0,0.0,0.4,0.6333333333333333,0.8833333333333333,0.0,0.0,0.0,0.0,0.0,0.0
20260629,WFG2,13,301,0.4744620155173295,0.4744620155173295,0.4744620155173295,0.4744620155173295,0.4744620155173295,0.4744620155173295,1,1,0,0,0.0,0.0,0.0,0.0,0.0,0.0,0.0,0.0,0.0,0.0,0.0,0.0,0.0,0.0,0.0,0.7333333333333333,0.7833333333333333,0.8166666666666667,0.0,0.0,0.0,0.0,0.0,0.0
20260629,WFG2,5,346,0.2564242823162855,0.2564242823162855,0.2564242823162855,0.2564242823162855,0.2564242823162855,0.2564242823162855,1,1,0,0,0.0,0.0,0.0,0.0,0.0,0.0,0.0,0.0,0.0,0.0,0.0,0.0,0.0,0.0,0.0,0.4166666666666667,0.3333333333333333,0.45,0.0,0.0,0.0,0.0,0.0,0.0
20260629,WFG2,7,242,0.4043293621361796,0.4043293621361796,0.4043293621361796,0.4043293621361796,0.4043293621361796,0.4043293621361796,1,1,0,0,0.0,0.0,0.0,0.0,0.0,0.0,0.0,0.0,0.0,0.0,0.0,0.0,0.0,0.0,0.0,0.0,0.1166666666666666,0.3833333333333333,0.0,0.0,0.0,0.0,0.0,0.0
20260629,WFG2,15,332,0.5111978469271089,0.5111978469271089,0.5111978469271089,0.5111978469271089,0.5111978469271089,0.5111978469271089,1,1,0,0,0.0,0.0,0.0,0.0,0.0,0.0,0.0,0.0,0.0,0.0,0.0,0.0,0.0,0.0,0.0,0.3666666666666666,0.7,0.75,0.0,0.0,0.0,0.0,0.0,0.0
20260629,WFG2,9,218,0.4802729266893151,0.4802729266893151,0.4802729266893151,0.4802729266893151,0.4802729266893151,0.4802729266893151,1,1,0,0,0.0,0.0,0.0,0.0,0.0,0.0,0.0,0.0,0.0,0.0,0.0,0.0,0.0,0.0,0.0,0.5166666666666667,0.4666666666666667,0.5,0.0,0.0,0.0,0.0,0.0,0.0
20260629,WFG2,4,238,0.1853882054089306,0.1853882054089306,0.1853882054089306,0.1853882054089306,0.1853882054089306,0.1853882054089306,1,1,0,0,0.0,0.0,0.0,0.0,0.0,0.0,0.0,0.0,0.0,0.0,0.0,0.0,0.0,0.0,0.0,0.0,0.0,0.0666666666666666,0.0,0.0,0.0,0.0,0.0,0.0
20260629,WFG2,4,127,0.1582081363127497,0.1582081363127497,0.1582081363127497,0.1582081363127497,0.1582081363127497,0.1582081363127497,1,1,0,0,0.0,0.0,0.0,0.0,0.0,0.0,0.0,0.0,0.0,0.0,0.0,0.0,0.0,0.0,0.0,0.0,0.0,0.0166666666666666,0.0,0.0,0.0,0.0,0.0,0.0
20260629,WFG2,12,157,0.512107888661178,0.512107888661178,0.512107888661178,0.512107888661178,0.512107888661178,0.512107888661178,1,1,0,0,0.0,0.0,0.0,0.0,0.0,0.0,0.0,0.0,0.0,0.0,0.0,0.0,0.0,0.0,0.0,0.4666666666666667,0.5833333333333334,0.8166666666666667,0.0,0.0,0.0,0.0,0.0,0.0
20260629,WFG2,13,190,0.5321674660200316,0.5878858712845155,0.5878858712845155,0.5321674660200316,0.5321674660200316,0.5878858712845155,1,1,0,0,0.0333333333333333,0.1666666666666666,0.4333333333333333,0.0,0.0,0.0,0.0,0.0,0.0,0.0333333333333333,0.1666666666666666,0.4333333333333333,0.0333333333333333,0.1666666666666666,0.4333333333333333,0.1833333333333333,0.4333333333333333,0.7166666666666667,0.0333333333333333,0.1666666666666666,0.4333333333333333,0.0,0.0,0.0
20260629,WFG2,14,85,0.5950472530412303,0.5950472530412303,0.5950472530412303,0.5950472530412303,0.5950472530412303,0.5950472530412303,1,1,0,0,0.2333333333333333,0.2833333333333333,0.2166666666666666,0.0,0.0,0.0,0.0,0.0,0.0,0.2333333333333333,0.2833333333333333,0.2166666666666666,0.2333333333333333,0.2833333333333333,0.2166666666666666,0.0,0.1,0.45,0.2333333333333333,0.2833333333333333,0.2166666666666666,0.0,0.0,0.0
20260629,WFG2,8,175,0.4415262956031043,0.4415262956031043,0.4415262956031043,0.4415262956031043,0.4415262956031043,0.4415262956031043,1,1,0,0,0.0,0.0,0.0,0.0,0.0,0.0,0.0,0.0,0.0,0.0,0.0,0.0,0.0,0.0,0.0,0.0666666666666666,0.2833333333333333,0.6166666666666667,0.0,0.0,0.0,0.0,0.0,0.0
20260629,WFG2,4,196,0.2119273485265226,0.2119273485265226,0.2119273485265226,0.2119273485265226,0.2119273485265226,0.2119273485265226,1,1,0,0,0.0,0.0,0.0,0.0,0.0,0.0,0.0,0.0,0.0,0.0,0.0,0.0,0.0,0.0,0.0,0.2166666666666666,0.6166666666666667,0.7666666666666667,0.0,0.0,0.0,0.0,0.0,0.0
20260629,WFG2,15,484,0.5022759126909668,0.5022759126909668,0.5022759126909668,0.5022759126909668,0.5022759126909668,0.5022759126909668,1,1,0,0,0.0,0.0,0.0333333333333333,0.0,0.0,0.0,0.0,0.0,0.0,0.0,0.0,0.0333333333333333,0.0,0.0,0.0333333333333333,0.2666666666666666,0.5,0.7666666666666667,0.0,0.0,0.0333333333333333,0.0,0.0,0.0
20260629,DTLZ,15,438,0.764238810368329,0.7481411996737165,0.7481411996737165,0.764238810368329,0.764238810368329,0.7481411996737165,1,1,0,0,0.5166666666666667,0.7333333333333333,0.8166666666666667,0.0,0.0,0.0,0.0,0.0,0.0,0.5166666666666667,0.7333333333333333,0.8166666666666667,0.5166666666666667,0.7333333333333333,0.8166666666666667,0.55,0.9,0.9666666666666667,0.5166666666666667,0.7333333333333333,0.8166666666666667,0.0,0.0,0.0
20260629,DTLZ,13,350,0.7502778976151291,0.7698905056536641,0.7698905056536641,0.7502778976151291,0.7502778976151291,0.7698905056536641,1,1,0,0,0.0,0.1,0.35,0.0,0.0,0.0,0.0,0.0,0.0,0.0,0.1,0.35,0.0,0.1,0.35,0.6833333333333333,0.95,1.0,0.0,0.1,0.35,0.0,0.0,0.0
20260629,DTLZ,14,479,0.7754438039197642,0.730350261560666,0.730350261560666,0.7754438039197642,0.7754438039197642,0.730350261560666,1,1,0,0,0.0,0.06666666666666667,0.45,0.0,0.0,0.0,0.0,0.0,0.0,0.0,0.06666666666666667,0.45,0.0,0.06666666666666667,0.45,0.4666666666666667,0.7166666666666667,0.9333333333333333,0.0,0.06666666666666667,0.45,0.0,0.0,0.0
20260629,DTLZ,15,96,0.8215334043143196,0.7574284139128756,0.7574284139128756,0.8215334043143196,0.8215334043143196,0.7574284139128756,1,1,0,0,0.5166666666666667,0.7333333333333333,0.65,0.0,0.0,0.0,0.0,0.0,0.0,0.5166666666666667,0.7333333333333333,0.65,0.5166666666666667,0.7333333333333333,0.65,0.48333333333333334,0.6,0.7833333333333333,0.5166666666666667,0.7333333333333333,0.65,0.0,0.0,0.0
20260629,DTLZ,7,129,0.7660560737157514,0.7316234238344531,0.7316234238344531,0.7660560737157514,0.7660560737157514,0.7316234238344531,1,1,0,0,0.16666666666666666,0.4166666666666667,0.45,0.0,0.0,0.0,0.0,0.0,0.0,0.16666666666666666,0.4166666666666667,0.45,0.16666666666666666,0.4166666666666667,0.45,0.5833333333333334,0.8333333333333334,0.9,0.16666666666666666,0.4166666666666667,0.45,0.0,0.0,0.0
20260629,DTLZ,6,146,0.8219367760867404,0.7531522303034954,0.7531522303034954,0.8219367760867404,0.8219367760867404,0.7531522303034954,1,1,0,0,0.0,0.0,0.2,0.0,0.0,0.0,0.0,0.0,0.0,0.0,0.0,0.2,0.0,0.0,0.2,0.8333333333333334,0.8666666666666667,0.8833333333333333,0.0,0.0,0.2,0.0,0.0,0.0
20260629,DTLZ,13,232,0.7268457448058833,0.7605967185447253,0.7605967185447253,0.7268457448058833,0.7268457448058833,0.7605967185447253,1,1,0,0,0.016666666666666666,0.21666666666666667,0.38333333333333336,0.0,0.0,0.0,0.0,0.0,0.0,0.016666666666666666,0.21666666666666667,0.4,0.016666666666666666,0.21666666666666667,0.38333333333333336,0.6833333333333333,0.95,0.9833333333333333,0.016666666666666666,0.21666666666666667,0.38333333333333336,0.0,0.0,0.0
20260629,DTLZ,7,103,0.7877103907848896,0.732507221028656,0.732507221028656,0.7877103907848896,0.7877103907848896,0.732507221028656,1,1,0,0,0.0,0.0,0.0,0.0,0.0,0.0,0.0,0.0,0.0,0.0,0.0,0.0,0.0,0.0,0.0,0.55,0.55,0.8666666666666667,0.0,0.0,0.0,0.0,0.0,0.0
20260629,DTLZ,12,390,0.7708226001586913,0.7329779288849052,0.7329779288849052,0.7708226001586913,0.7708226001586913,0.7329779288849052,1,1,0,0,0.1,0.38333333333333336,0.4,0.0,0.0,0.0,0.0,0.0,0.0,0.1,0.38333333333333336,0.4,0.1,0.38333333333333336,0.4,0.16666666666666666,0.38333333333333336,0.8666666666666667,0.1,0.38333333333333336,0.4,0.0,0.0,0.0
20260629,DTLZ,4,431,0.8969086662681055,0.7829984436026789,0.7829984436026789,0.8969086662681055,0.8969086662681055,0.7829984436026789,1,1,0,0,0.2,0.6833333333333333,0.8666666666666667,0.0,0.0,0.0,0.0,0.0,0.0,0.2,0.6833333333333333,0.8666666666666667,0.2,0.6833333333333333,0.8666666666666667,0.4166666666666667,0.85,0.9666666666666667,0.2,0.6833333333333333,0.8666666666666667,0.0,0.0,0.0
20260629,DTLZ,14,482,0.7856434601180848,0.7372843590434777,0.7372843590434777,0.7856434601180848,0.7856434601180848,0.7372843590434777,1,1,0,0,0.0,0.15,0.45,0.0,0.0,0.0,0.0,0.0,0.0,0.0,0.15,0.45,0.0,0.15,0.45,0.7,0.8166666666666667,0.9333333333333333,0.0,0.15,0.45,0.0,0.0,0.0
20260629,DTLZ,5,273,0.8422134309947538,0.7701865329367691,0.7701865329367691,0.8422134309947538,0.8422134309947538,0.7701865329367691,1,1,0,0,0.38333333333333336,0.6333333333333333,0.8,0.0,0.0,0.0,0.0,0.0,0.0,0.38333333333333336,0.6333333333333333,0.8,0.38333333333333336,0.6333333333333333,0.8,0.5333333333333333,0.8833333333333333,0.95,0.38333333333333336,0.6333333333333333,0.8,0.0,0.0,0.0
20260629,DTLZ,13,129,0.7778331831531493,0.7445792872395749,0.7445792872395749,0.7778331831531493,0.7778331831531493,0.7445792872395749,1,1,0,0,0.7,0.8166666666666667,0.9333333333333333,0.0,0.0,0.0,0.0,0.0,0.0,0.7,0.8166666666666667,0.9333333333333333,0.7,0.8166666666666667,0.9333333333333333,0.6,0.6833333333333333,0.9333333333333333,0.7,0.8166666666666667,0.9333333333333333,0.0,0.0,0.0
20260629,DTLZ,12,83,0.7874942912183426,0.767067087476475,0.767067087476475,0.7874942912183426,0.7874942912183426,0.767067087476475,1,1,0,0,0.21666666666666667,0.55,0.7666666666666667,0.0,0.0,0.0,0.0,0.0,0.0,0.21666666666666667,0.55,0.7666666666666667,0.21666666666666667,0.55,0.7666666666666667,0.4666666666666667,0.8,0.9333333333333333,0.21666666666666667,0.55,0.7666666666666667,0.0,0.0,0.0
20260629,DTLZ,6,112,0.8309998832613855,0.7639485668181265,0.7639485668181265,0.8309998832613855,0.8309998832613855,0.7639485668181265,1,1,0,0,0.0,0.15,0.48333333333333334,0.0,0.0,0.0,0.0,0.0,0.0,0.0,0.15,0.48333333333333334,0.0,0.15,0.48333333333333334,0.6333333333333333,0.9,0.9166666666666666,0.0,0.15,0.48333333333333334,0.0,0.0,0.0
20260629,DTLZ,11,383,0.7304338222701008,0.7274428242557974,0.7274428242557974,0.7304338222701008,0.7304338222701008,0.7274428242557974,1,1,0,0,0.15,0.2,0.4166666666666667,0.0,0.0,0.0,0.0,0.0,0.0,0.15,0.2,0.4166666666666667,0.15,0.2,0.4166666666666667,0.8833333333333333,0.9,0.9333333333333333,0.15,0.2,0.4166666666666667,0.0,0.0,0.0
20260629,DTLZ,5,223,0.7968847803166571,0.7505504333708406,0.7505504333708406,0.7968847803166571,0.7968847803166571,0.7505504333708406,1,1,0,0,0.4666666666666667,0.5333333333333333,0.7,0.0,0.0,0.0,0.0,0.0,0.0,0.4666666666666667,0.5333333333333333,0.7,0.4666666666666667,0.5333333333333333,0.7,0.5333333333333333,0.7666666666666667,0.9333333333333333,0.4666666666666667,0.5333333333333333,0.7,0.0,0.0,0.0
20260629,DTLZ,4,395,0.8497732035847856,0.7894191113353856,0.7894191113353856,0.8497732035847856,0.8497732035847856,0.7894191113353856,1,1,0,0,0.0,0.13333333333333333,0.23333333333333334,0.0,0.0,0.0,0.0,0.0,0.0,0.0,0.13333333333333333,0.23333333333333334,0.0,0.13333333333333333,0.23333333333333334,0.7333333333333333,0.9166666666666666,0.9666666666666667,0.0,0.13333333333333333,0.23333333333333334,0.0,0.0,0.0
20260629,DTLZ,10,76,0.8269755364345966,0.75820133922759,0.75820133922759,0.8269755364345966,0.8269755364345966,0.75820133922759,1,1,0,0,0.4,0.6166666666666667,0.9,0.0,0.0,0.0,0.0,0.0,0.0,0.4,0.6166666666666667,0.9,0.4,0.6166666666666667,0.9,0.36666666666666664,0.75,0.9166666666666666,0.4,0.6166666666666667,0.9,0.0,0.0,0.0
20260629,DTLZ,15,205,0.7613140056578231,0.7426922496040872,0.7426922496040872,0.7613140056578231,0.7613140056578231,0.7426922496040872,1,1,0,0,0.48333333333333334,0.7,0.9333333333333333,0.0,0.0,0.0,0.0,0.0,0.0,0.48333333333333334,0.7,0.9333333333333333,0.48333333333333334,0.7,0.9333333333333333,0.03333333333333333,0.4166666666666667,0.9166666666666666,0.48333333333333334,0.7,0.9333333333333333,0.0,0.0,0.0
20260629,DTLZ,11,498,0.7606207780773323,0.7317354529775685,0.7317354529775685,0.7606207780773323,0.7606207780773323,0.7317354529775685,1,1,0,0,0.35,0.5166666666666667,0.6833333333333333,0.0,0.0,0.0,0.0,0.0,0.0,0.35,0.5166666666666667,0.6833333333333333,0.35,0.5166666666666667,0.6833333333333333,0.5333333333333333,0.9166666666666666,0.9666666666666667,0.35,0.5166666666666667,0.6833333333333333,0.0,0.0,0.0
20260629,DTLZ,3,426,0.9217143342249483,0.8653455556744345,0.8653455556744345,0.9217143342249483,0.9217143342249483,0.8653455556744345,1,1,0,0,0.65,0.8333333333333334,0.9166666666666666,0.0,0.0,0.0,0.0,0.0,0.0,0.65,0.8333333333333334,0.9166666666666666,0.65,0.8333333333333334,0.9166666666666666,0.7166666666666667,0.95,0.9666666666666667,0.65,0.8333333333333334,0.9166666666666666,0.0,0.0,0.0
20260629,DTLZ,4,172,0.8469020455295414,0.7870990447518257,0.7870990447518257,0.8469020455295414,0.8469020455295414,0.7870990447518257,1,1,0,0,0.03333333333333333,0.2,0.38333333333333336,0.0,0.0,0.0,0.0,0.0,0.0,0.03333333333333333,0.2,0.36666666666666664,0.03333333333333333,0.2,0.38333333333333336,0.5833333333333334,0.7833333333333333,0.8833333333333333,0.03333333333333333,0.2,0.38333333333333336,0.0,0.0,0.0
20260629,DTLZ,13,413,0.7368200118797568,0.7529059630739818,0.7529059630739818,0.7368200118797568,0.7368200118797568,0.7529059630739818,1,1,0,0,0.3333333333333333,0.4666666666666667,0.8,0.0,0.0,0.0,0.0,0.0,0.0,0.3333333333333333,0.4666666666666667,0.8,0.3333333333333333,0.4666666666666667,0.8,0.7833333333333333,0.95,1.0,0.3333333333333333,0.4666666666666667,0.8,0.0,0.0,0.0
20260629,DTLZ,12,224,0.7870417787412376,0.7513768747770618,0.7513768747770618,0.7870417787412376,0.7870417787412376,0.7513768747770618,1,1,0,0,0.0,0.0,0.2,0.0,0.0,0.0,0.0,0.0,0.0,0.0,0.0,0.2,0.0,0.0,0.2,0.11666666666666667,0.55,0.8166666666666667,0.0,0.0,0.2,0.0,0.0,0.0
20260629,DTLZ,15,329,0.7566386757218815,0.7470611333569221,0.7470611333569221,0.7566386757218815,0.7566386757218815,0.7470611333569221,1,1,0,0,0.25,0.5,0.5,0.0,0.0,0.0,0.0,0.0,0.0,0.25,0.5,0.5,0.25,0.5,0.5,0.16666666666666666,0.3333333333333333,0.8833333333333333,0.25,0.5,0.5,0.0,0.0,0.0
20260629,DTLZ,13,489,0.7457877010433855,0.7478022905730228,0.7478022905730228,0.7457877010433855,0.7457877010433855,0.7478022905730228,1,1,0,0,0.06666666666666667,0.25,0.45,0.0,0.0,0.0,0.0,0.0,0.0,0.06666666666666667,0.25,0.45,0.06666666666666667,0.25,0.45,0.5333333333333333,0.6833333333333333,0.95,0.06666666666666667,0.25,0.45,0.0,0.0,0.0
20260629,DTLZ,11,443,0.7605934302277364,0.7445746400792089,0.7445746400792089,0.7605934302277364,0.7605934302277364,0.7445746400792089,1,1,0,0,0.0,0.03333333333333333,0.18333333333333332,0.0,0.0,0.0,0.0,0.0,0.0,0.0,0.03333333333333333,0.18333333333333332,0.0,0.03333333333333333,0.18333333333333332,0.6,0.8166666666666667,0.9666666666666667,0.0,0.03333333333333333,0.18333333333333332,0.0,0.0,0.0
20260629,DTLZ,11,66,0.7391219062126282,0.7422953283464838,0.7422953283464838,0.7391219062126282,0.7391219062126282,0.7422953283464838,1,1,0,0,0.03333333333333333,0.21666666666666667,0.23333333333333334,0.0,0.0,0.0,0.0,0.0,0.0,0.03333333333333333,0.21666666666666667,0.23333333333333334,0.03333333333333333,0.21666666666666667,0.23333333333333334,0.2,0.65,0.8,0.03333333333333333,0.21666666666666667,0.23333333333333334,0.0,0.0,0.0
20260629,DTLZ,12,285,0.7756299834854299,0.7449262742535279,0.7449262742535279,0.7756299834854299,0.7756299834854299,0.7449262742535279,1,1,0,0,0.0,0.016666666666666666,0.43333333333333335,0.0,0.0,0.0,0.0,0.0,0.0,0.0,0.016666666666666666,0.43333333333333335,0.0,0.016666666666666666,0.43333333333333335,0.5,0.8666666666666667,0.95,0.0,0.016666666666666666,0.43333333333333335,0.0,0.0,0.0
20260629,DTLZ,7,366,0.7404015340251836,0.7293692167674684,0.7293692167674684,0.7404015340251836,0.7404015340251836,0.7293692167674684,1,1,0,0,0.5166666666666667,0.4166666666666667,0.55,0.0,0.0,0.0,0.0,0.0,0.0,0.5166666666666667,0.4166666666666667,0.55,0.5166666666666667,0.4166666666666667,0.55,0.13333333333333333,0.6,0.8166666666666667,0.5166666666666667,0.4166666666666667,0.55,0.0,0.0,0.0
20260629,DTLZ,13,337,0.7317777228227356,0.7493097905093956,0.7493097905093956,0.7317777228227356,0.7317777228227356,0.7493097905093956,1,1,0,0,0.45,0.55,0.6166666666666667,0.0,0.0,0.0,0.0,0.0,0.0,0.45,0.55,0.6166666666666667,0.45,0.55,0.6166666666666667,0.5166666666666667,0.75,0.9833333333333333,0.45,0.55,0.6166666666666667,0.0,0.0,0.0
20260629,DTLZ,5,425,0.7774393848558965,0.7775936160701562,0.7775936160701562,0.7774393848558965,0.7774393848558965,0.7775936160701562,1,1,0,0,0.0,0.03333333333333333,0.23333333333333334,0.0,0.0,0.0,0.0,0.0,0.0,0.0,0.03333333333333333,0.23333333333333334,0.0,0.03333333333333333,0.23333333333333334,0.7833333333333333,0.9333333333333333,0.9666666666666667,0.0,0.03333333333333333,0.23333333333333334,0.0,0.0,0.0
20260629,DTLZ,14,401,0.7349655156153088,0.7441738750657289,0.7441738750657289,0.7349655156153088,0.7349655156153088,0.7441738750657289,1,1,0,0,0.0,0.0,0.06666666666666667,0.0,0.0,0.0,0.0,0.0,0.0,0.0,0.0,0.06666666666666667,0.0,0.0,0.06666666666666667,0.8833333333333333,0.9333333333333333,0.95,0.0,0.0,0.06666666666666667,0.0,0.0,0.0
20260629,DTLZ,7,155,0.7526252672149949,0.7539035248076994,0.7539035248076994,0.7526252672149949,0.7526252672149949,0.7539035248076994,1,1,0,0,0.2,0.48333333333333334,0.6333333333333333,0.0,0.0,0.0,0.0,0.0,0.0,0.2,0.48333333333333334,0.6333333333333333,0.2,0.48333333333333334,0.6333333333333333,0.25,0.5333333333333333,0.9,0.2,0.48333333333333334,0.6333333333333333,0.0,0.0,0.0
20260629,DTLZ,10,159,0.7468474450952299,0.7429745336098633,0.7429745336098633,0.7468474450952299,0.7468474450952299,0.7429745336098633,1,1,0,0,0.5666666666666667,0.5,0.55,0.0,0.0,0.0,0.0,0.0,0.0,0.5666666666666667,0.5,0.55,0.5666666666666667,0.5,0.55,0.5166666666666667,0.5,0.9166666666666666,0.5666666666666667,0.5,0.55,0.0,0.0,0.0
20260629,DTLZ,3,220,0.9061454978891699,0.8345234474741722,0.8345234474741722,0.9061454978891699,0.9061454978891699,0.8345234474741722,1,1,0,0,0.08333333333333333,0.36666666666666664,0.5166666666666667,0.0,0.0,0.0,0.0,0.0,0.0,0.08333333333333333,0.36666666666666664,0.5166666666666667,0.08333333333333333,0.36666666666666664,0.5166666666666667,0.38333333333333336,0.8166666666666667,0.9333333333333333,0.08333333333333333,0.36666666666666664,0.5166666666666667,0.0,0.0,0.0
20260629,DTLZ,4,272,0.8313943248951838,0.7725925884711031,0.7725925884711031,0.8313943248951838,0.8313943248951838,0.7725925884711031,1,1,0,0,0.55,0.8333333333333334,0.9166666666666666,0.0,0.0,0.0,0.0,0.0,0.0,0.55,0.8333333333333334,0.9166666666666666,0.55,0.8333333333333334,0.9166666666666666,0.75,0.8166666666666667,1.0,0.55,0.8333333333333334,0.9166666666666666,0.0,0.0,0.0
20260629,DTLZ,6,118,0.795415224104992,0.7337978176796034,0.7337978176796034,0.795415224104992,0.795415224104992,0.7337978176796034,1,1,0,0,0.1,0.4666666666666667,0.7166666666666667,0.0,0.0,0.0,0.0,0.0,0.0,0.1,0.4666666666666667,0.7166666666666667,0.1,0.4666666666666667,0.7166666666666667,0.4666666666666667,0.7833333333333333,0.85,0.1,0.4666666666666667,0.7166666666666667,0.0,0.0,0.0
20260629,DTLZ,9,276,0.8031660094567816,0.7558739778597109,0.7558739778597109,0.8031660094567816,0.8031660094567816,0.7558739778597109,1,1,0,0,0.0,0.16666666666666666,0.5,0.0,0.0,0.0,0.0,0.0,0.0,0.0,0.16666666666666666,0.5,0.0,0.16666666666666666,0.5,0.9666666666666667,0.9166666666666666,0.9666666666666667,0.0,0.16666666666666666,0.5,0.0,0.0,0.0
20260629,DTLZ,4,203,0.8530316543798093,0.7958834685044853,0.7958834685044853,0.8530316543798093,0.8530316543798093,0.7958834685044853,1,1,0,0,0.0,0.03333333333333333,0.4666666666666667,0.0,0.0,0.0,0.0,0.0,0.0,0.0,0.03333333333333333,0.4666666666666667,0.0,0.03333333333333333,0.4666666666666667,0.35,0.6666666666666666,0.95,0.0,0.03333333333333333,0.4666666666666667,0.0,0.0,0.0
20260629,DTLZ,14,215,0.740578522358727,0.7589587069997225,0.7589587069997225,0.740578522358727,0.740578522358727,0.7589587069997225,1,1,0,0,0.21666666666666667,0.25,0.45,0.0,0.0,0.0,0.0,0.0,0.0,0.21666666666666667,0.25,0.45,0.21666666666666667,0.25,0.45,0.6666666666666666,0.7166666666666667,0.9,0.21666666666666667,0.25,0.45,0.0,0.0,0.0
20260629,DTLZ,5,305,0.7934986814423318,0.7542172590507564,0.7542172590507564,0.7934986814423318,0.7934986814423318,0.7542172590507564,1,1,0,0,0.15,0.3333333333333333,0.5,0.0,0.0,0.0,0.0,0.0,0.0,0.15,0.3333333333333333,0.5,0.15,0.3333333333333333,0.5,0.7333333333333333,0.85,1.0,0.15,0.3333333333333333,0.5,0.0,0.0,0.0
20260629,DTLZ,11,495,0.7315116938753284,0.7376625413064338,0.7376625413064338,0.7315116938753284,0.7315116938753284,0.7376625413064338,1,1,0,0,0.15,0.35,0.5333333333333333,0.0,0.0,0.0,0.0,0.0,0.0,0.15,0.35,0.5333333333333333,0.15,0.35,0.5333333333333333,0.5666666666666667,0.6833333333333333,0.85,0.15,0.35,0.5333333333333333,0.0,0.0,0.0
20260629,DTLZ,4,170,0.8625494834143715,0.7867996972157704,0.7867996972157704,0.8625494834143715,0.8625494834143715,0.7867996972157704,1,1,0,0,0.0,0.0,0.1,0.0,0.0,0.0,0.0,0.0,0.0,0.0,0.0,0.1,0.0,0.0,0.1,0.7833333333333333,0.85,0.9833333333333333,0.0,0.0,0.1,0.0,0.0,0.0
20260629,DTLZ,9,186,0.7729054840207426,0.7684992841322544,0.7684992841322544,0.7729054840207426,0.7729054840207426,0.7684992841322544,1,1,0,0,0.0,0.1,0.6666666666666666,0.0,0.0,0.0,0.0,0.0,0.0,0.0,0.1,0.6666666666666666,0.0,0.1,0.6666666666666666,0.38333333333333336,0.8,0.9166666666666666,0.0,0.1,0.6666666666666666,0.0,0.0,0.0
20260629,DTLZ,9,165,0.7547604537381168,0.7462389424063559,0.7462389424063559,0.7547604537381168,0.7547604537381168,0.7462389424063559,1,1,0,0,0.0,0.13333333333333333,0.23333333333333334,0.0,0.0,0.0,0.0,0.0,0.0,0.0,0.13333333333333333,0.23333333333333334,0.0,0.13333333333333333,0.23333333333333334,0.2,0.55,0.8666666666666667,0.0,0.13333333333333333,0.23333333333333334,0.0,0.0,0.0
20260629,DTLZ,14,428,0.7617739715864704,0.7471273057731137,0.7471273057731137,0.7617739715864704,0.7617739715864704,0.7471273057731137,1,1,0,0,0.0,0.016666666666666666,0.21666666666666667,0.0,0.0,0.0,0.0,0.0,0.0,0.0,0.016666666666666666,0.21666666666666667,0.0,0.016666666666666666,0.21666666666666667,0.5166666666666667,0.8,0.8833333333333333,0.0,0.016666666666666666,0.21666666666666667,0.0,0.0,0.0
20260629,DTLZ,6,331,0.7723831257514109,0.7507749459612277,0.7507749459612277,0.7723831257514109,0.7723831257514109,0.7507749459612277,1,1,0,0,0.65,0.8166666666666667,0.9833333333333333,0.0,0.0,0.0,0.0,0.0,0.0,0.65,0.8166666666666667,0.9833333333333333,0.65,0.8166666666666667,0.9833333333333333,0.25,0.48333333333333334,0.9,0.65,0.8166666666666667,0.9833333333333333,0.0,0.0,0.0
20260629,DTLZ,6,304,0.7851737771805544,0.7551057405643493,0.7551057405643493,0.7851737771805544,0.7851737771805544,0.7551057405643493,1,1,0,0,0.0,0.0,0.11666666666666667,0.0,0.0,0.0,0.0,0.0,0.0,0.0,0.0,0.11666666666666667,0.0,0.0,0.11666666666666667,0.36666666666666664,0.7166666666666667,0.9,0.0,0.0,0.11666666666666667,0.0,0.0,0.0
20260629,DTLZ,6,386,0.7914783324308388,0.7554022848399214,0.7554022848399214,0.7914783324308388,0.7914783324308388,0.7554022848399214,1,1,0,0,0.0,0.05,0.5333333333333333,0.0,0.0,0.0,0.0,0.0,0.0,0.0,0.05,0.5333333333333333,0.0,0.05,0.5333333333333333,0.43333333333333335,0.8166666666666667,0.9333333333333333,0.0,0.05,0.5333333333333333,0.0,0.0,0.0
20260629,DTLZ,5,248,0.7686977969842317,0.76202640293689,0.76202640293689,0.7686977969842317,0.7686977969842317,0.76202640293689,1,1,0,0,0.2833333333333333,0.4166666666666667,0.5,0.0,0.0,0.0,0.0,0.0,0.0,0.2833333333333333,0.4166666666666667,0.5,0.2833333333333333,0.4166666666666667,0.5,0.8,0.8666666666666667,0.9666666666666667,0.2833333333333333,0.4166666666666667,0.5,0.0,0.0,0.0
20260629,DTLZ,6,218,0.8044143824665078,0.7513632572153478,0.7513632572153478,0.8044143824665078,0.8044143824665078,0.7513632572153478,1,1,0,0,0.0,0.0,0.0,0.0,0.0,0.0,0.0,0.0,0.0,0.0,0.0,0.0,0.0,0.0,0.0,0.8166666666666667,0.9,0.9666666666666667,0.0,0.0,0.0,0.0,0.0,0.0
20260629,DTLZ,4,132,0.8803542118079039,0.7744621422535808,0.7744621422535808,0.8803542118079039,0.8803542118079039,0.7744621422535808,1,1,0,0,0.13333333333333333,0.45,0.5833333333333334,0.0,0.0,0.0,0.0,0.0,0.0,0.13333333333333333,0.45,0.5833333333333334,0.13333333333333333,0.45,0.5833333333333334,0.3333333333333333,0.5666666666666667,0.8666666666666667,0.13333333333333333,0.45,0.5833333333333334,0.0,0.0,0.0
20260629,DTLZ,12,364,0.7760810890017755,0.7434457393347103,0.7434457393347103,0.7760810890017755,0.7760810890017755,0.7434457393347103,1,1,0,0,0.2833333333333333,0.4,0.6,0.0,0.0,0.0,0.0,0.0,0.0,0.2833333333333333,0.4,0.6,0.2833333333333333,0.4,0.6,0.3333333333333333,0.7,0.9333333333333333,0.2833333333333333,0.4,0.6,0.0,0.0,0.0
20260629,DTLZ,5,81,0.74619866235045,0.7446299729432565,0.7446299729432565,0.74619866235045,0.74619866235045,0.7446299729432565,1,1,0,0,0.4666666666666667,0.5333333333333333,0.6333333333333333,0.0,0.0,0.0,0.0,0.0,0.0,0.4666666666666667,0.5333333333333333,0.6333333333333333,0.4666666666666667,0.5333333333333333,0.6333333333333333,0.06666666666666667,0.31666666666666665,0.7,0.4666666666666667,0.5333333333333333,0.6333333333333333,0.0,0.0,0.0
20260629,DTLZ,5,458,0.7878250675417946,0.7522293967955423,0.7522293967955423,0.7878250675417946,0.7878250675417946,0.7522293967955423,1,1,0,0,0.5166666666666667,0.5666666666666667,0.8,0.0,0.0,0.0,0.0,0.0,0.0,0.5166666666666667,0.5666666666666667,0.8,0.5166666666666667,0.5666666666666667,0.8,0.4,0.8,0.8833333333333333,0.5166666666666667,0.5666666666666667,0.8,0.0,0.0,0.0
20260629,DTLZ,11,241,0.783426695577268,0.7462981633867588,0.7462981633867588,0.783426695577268,0.783426695577268,0.7462981633867588,1,1,0,0,0.05,0.35,0.7333333333333333,0.0,0.0,0.0,0.0,0.0,0.0,0.05,0.35,0.7333333333333333,0.05,0.35,0.7333333333333333,0.6,0.7666666666666667,0.9166666666666666,0.05,0.35,0.7333333333333333,0.0,0.0,0.0
20260629,DTLZ,15,281,0.7318846939730409,0.7561747397539985,0.7561747397539985,0.7318846939730409,0.7318846939730409,0.7561747397539985,1,1,0,0,0.0,0.0,0.11666666666666667,0.0,0.0,0.0,0.0,0.0,0.0,0.0,0.0,0.11666666666666667,0.0,0.0,0.11666666666666667,0.6166666666666667,0.8833333333333333,1.0,0.0,0.0,0.11666666666666667,0.0,0.0,0.0
20260629,DTLZ,15,154,0.7631844627633104,0.768658313463107,0.768658313463107,0.7631844627633104,0.7631844627633104,0.768658313463107,1,1,0,0,0.23333333333333334,0.5333333333333333,0.6666666666666666,0.0,0.0,0.0,0.0,0.0,0.0,0.23333333333333334,0.5333333333333333,0.6666666666666666,0.23333333333333334,0.5333333333333333,0.6666666666666666,0.65,0.9,0.9166666666666666,0.23333333333333334,0.5333333333333333,0.6666666666666666,0.0,0.0,0.0
20260629,DTLZ,10,215,0.7782769743929902,0.7357060392314806,0.7357060392314806,0.7782769743929902,0.7782769743929902,0.7357060392314806,1,1,0,0,0.4,0.5833333333333334,0.9,0.0,0.0,0.0,0.0,0.0,0.0,0.4,0.5833333333333334,0.9,0.4,0.5833333333333334,0.9,0.6666666666666666,0.8333333333333334,0.9166666666666666,0.4,0.5833333333333334,0.9,0.0,0.0,0.0
20260629,DTLZ,8,86,0.7576827965634396,0.7187850886812741,0.7187850886812741,0.7576827965634396,0.7576827965634396,0.7187850886812741,1,1,0,0,0.016666666666666666,0.18333333333333332,0.6666666666666666,0.0,0.0,0.0,0.0,0.0,0.0,0.016666666666666666,0.18333333333333332,0.6666666666666666,0.016666666666666666,0.18333333333333332,0.6666666666666666,0.7666666666666667,0.8,0.8333333333333334,0.016666666666666666,0.18333333333333332,0.6666666666666666,0.0,0.0,0.0
20260629,DTLZ,6,106,0.8000663177078274,0.7676202802328428,0.7676202802328428,0.8000663177078274,0.8000663177078274,0.7676202802328428,1,1,0,0,0.36666666666666664,0.6,0.8166666666666667,0.0,0.0,0.0,0.0,0.0,0.0,0.36666666666666664,0.6,0.8166666666666667,0.36666666666666664,0.6,0.8166666666666667,0.55,0.7833333333333333,0.9833333333333333,0.36666666666666664,0.6,0.8166666666666667,0.0,0.0,0.0
20260629,DTLZ,8,62,0.7153631318099529,0.8094494075472008,0.8094494075472008,0.7153631318099529,0.7153631318099529,0.8094494075472008,1,1,0,0,0.15,0.23333333333333334,0.35,0.0,0.0,0.0,0.0,0.0,0.0,0.15,0.23333333333333334,0.35,0.15,0.23333333333333334,0.35,0.8666666666666667,1.0,0.9833333333333333,0.15,0.23333333333333334,0.35,0.0,0.0,0.0
20260629,DTLZ,7,351,0.7321670347878618,0.7337640002377207,0.7337640002377207,0.7321670347878618,0.7321670347878618,0.7337640002377207,1,1,0,0,0.0,0.03333333333333333,0.3333333333333333,0.0,0.0,0.0,0.0,0.0,0.0,0.0,0.03333333333333333,0.3333333333333333,0.0,0.03333333333333333,0.3333333333333333,0.6833333333333333,0.8,0.9333333333333333,0.0,0.03333333333333333,0.3333333333333333,0.0,0.0,0.0
20260629,DTLZ,4,125,0.8657105744005347,0.8004338803616453,0.8004338803616453,0.8657105744005347,0.8657105744005347,0.8004338803616453,1,1,0,0,0.6333333333333333,0.8,0.6166666666666667,0.0,0.0,0.0,0.0,0.0,0.0,0.6333333333333333,0.8,0.6166666666666667,0.6333333333333333,0.8,0.6166666666666667,0.5833333333333334,0.8333333333333334,0.9,0.6333333333333333,0.8,0.6166666666666667,0.0,0.0,0.0
20260629,DTLZ,5,324,0.7784076985501093,0.7632445562897329,0.7632445562897329,0.7784076985501093,0.7784076985501093,0.7632445562897329,1,1,0,0,0.36666666666666664,0.48333333333333334,0.6833333333333333,0.0,0.0,0.0,0.0,0.0,0.0,0.36666666666666664,0.48333333333333334,0.6833333333333333,0.36666666666666664,0.48333333333333334,0.6833333333333333,0.5333333333333333,0.8666666666666667,0.9166666666666666,0.36666666666666664,0.48333333333333334,0.6833333333333333,0.0,0.0,0.0
20260629,DTLZ,6,416,0.7572517111972897,0.7457785098118367,0.7457785098118367,0.7572517111972897,0.7572517111972897,0.7457785098118367,1,1,0,0,0.0,0.06666666666666667,0.15,0.0,0.0,0.0,0.0,0.0,0.0,0.0,0.06666666666666667,0.15,0.0,0.06666666666666667,0.15,0.5,0.6833333333333333,0.9,0.0,0.06666666666666667,0.15,0.0,0.0,0.0
20260629,DTLZ,15,381,0.73298060695524,0.7418208372771838,0.7418208372771838,0.73298060695524,0.73298060695524,0.7418208372771838,1,1,0,0,0.0,0.0,0.15,0.0,0.0,0.0,0.0,0.0,0.0,0.0,0.0,0.15,0.0,0.0,0.15,0.7,0.9166666666666666,1.0,0.0,0.0,0.15,0.0,0.0,0.0
20260629,DTLZ,6,231,0.8006750770793516,0.7396930333883911,0.7396930333883911,0.8006750770793516,0.8006750770793516,0.7396930333883911,1,1,0,0,0.45,0.4166666666666667,0.4666666666666667,0.0,0.0,0.0,0.0,0.0,0.0,0.45,0.4166666666666667,0.4666666666666667,0.45,0.4166666666666667,0.4666666666666667,0.7166666666666667,0.8,0.9166666666666666,0.45,0.4166666666666667,0.4666666666666667,0.0,0.0,0.0
20260629,DTLZ,6,377,0.7923982952286515,0.7490739672354484,0.7490739672354484,0.7923982952286515,0.7923982952286515,0.7490739672354484,1,1,0,0,0.31666666666666665,0.7,0.9333333333333333,0.0,0.0,0.0,0.0,0.0,0.0,0.31666666666666665,0.7,0.9333333333333333,0.31666666666666665,0.7,0.9333333333333333,0.6333333333333333,0.8166666666666667,0.95,0.31666666666666665,0.7,0.9333333333333333,0.0,0.0,0.0
20260629,DTLZ,4,333,0.8526635757365223,0.8135613882372627,0.8135613882372627,0.8526635757365223,0.8526635757365223,0.8135613882372627,1,1,0,0,0.0,0.13333333333333333,0.36666666666666664,0.0,0.0,0.0,0.0,0.0,0.0,0.0,0.13333333333333333,0.36666666666666664,0.0,0.13333333333333333,0.36666666666666664,0.6666666666666666,0.85,1.0,0.0,0.13333333333333333,0.36666666666666664,0.0,0.0,0.0
20260629,DTLZ,11,60,0.7628824841747617,0.7622039355357754,0.7622039355357754,0.7628824841747617,0.7628824841747617,0.7622039355357754,1,1,0,0,0.13333333333333333,0.4,0.3333333333333333,0.0,0.0,0.0,0.0,0.0,0.0,0.13333333333333333,0.4,0.3333333333333333,0.13333333333333333,0.4,0.3333333333333333,0.5,0.6833333333333333,0.8833333333333333,0.13333333333333333,0.4,0.3333333333333333,0.0,0.0,0.0
20260629,DTLZ,10,330,0.7634471180973956,0.7402833243591651,0.7402833243591651,0.7634471180973956,0.7634471180973956,0.7402833243591651,1,1,0,0,0.5166666666666667,0.8166666666666667,0.9666666666666667,0.0,0.0,0.0,0.0,0.0,0.0,0.5166666666666667,0.8166666666666667,0.9666666666666667,0.5166666666666667,0.8166666666666667,0.9666666666666667,0.25,0.7166666666666667,0.9166666666666666,0.5166666666666667,0.8166666666666667,0.9666666666666667,0.0,0.0,0.0
20260629,DTLZ,15,132,0.7519998728314677,0.7722903285334671,0.7722903285334671,0.7519998728314677,0.7519998728314677,0.7722903285334671,1,1,0,0,0.03333333333333333,0.23333333333333334,0.36666666666666664,0.0,0.0,0.0,0.0,0.0,0.0,0.03333333333333333,0.23333333333333334,0.36666666666666664,0.03333333333333333,0.23333333333333334,0.36666666666666664,0.31666666666666665,0.7,0.8833333333333333,0.03333333333333333,0.23333333333333334,0.36666666666666664,0.0,0.0,0.0
20260629,DTLZ,6,445,0.774729244383721,0.7518211057438671,0.7518211057438671,0.774729244383721,0.774729244383721,0.7518211057438671,1,1,0,0,0.0,0.0,0.2833333333333333,0.0,0.0,0.0,0.0,0.0,0.0,0.0,0.0,0.2833333333333333,0.0,0.0,0.2833333333333333,0.5,0.7333333333333333,0.9666666666666667,0.0,0.0,0.2833333333333333,0.0,0.0,0.0
20260629,DTLZ,7,381,0.722170687188434,0.7269908929141233,0.7269908929141233,0.722170687188434,0.722170687188434,0.7269908929141233,1,1,0,0,0.23333333333333334,0.4,0.5,0.0,0.0,0.0,0.0,0.0,0.0,0.23333333333333334,0.4,0.5,0.23333333333333334,0.4,0.5,0.8666666666666667,0.9,1.0,0.23333333333333334,0.4,0.5,0.0,0.0,0.0
20260629,DTLZ,9,396,0.7475544734353256,0.7313241153898121,0.7313241153898121,0.7475544734353256,0.7475544734353256,0.7313241153898121,1,1,0,0,0.43333333333333335,0.45,0.6,0.0,0.0,0.0,0.0,0.0,0.0,0.43333333333333335,0.45,0.6,0.43333333333333335,0.45,0.6,0.7166666666666667,0.9833333333333333,0.9833333333333333,0.43333333333333335,0.45,0.6,0.0,0.0,0.0
20260629,DTLZ,8,472,0.7478011231739241,0.7347368357859004,0.7347368357859004,0.7478011231739241,0.7478011231739241,0.7347368357859004,1,1,0,0,0.4166666666666667,0.5666666666666667,0.6,0.0,0.0,0.0,0.0,0.0,0.0,0.4166666666666667,0.5666666666666667,0.6,0.4166666666666667,0.5666666666666667,0.6,0.43333333333333335,0.6666666666666666,0.9,0.4166666666666667,0.5666666666666667,0.6,0.0,0.0,0.0
20260629,DTLZ,12,280,0.7396780786268349,0.7462129621123855,0.7462129621123855,0.7396780786268349,0.7396780786268349,0.7462129621123855,1,1,0,0,0.016666666666666666,0.25,0.6,0.0,0.0,0.0,0.0,0.0,0.0,0.016666666666666666,0.25,0.6,0.016666666666666666,0.25,0.6,0.7166666666666667,0.9,0.9166666666666666,0.016666666666666666,0.25,0.6,0.0,0.0,0.0
20260629,DTLZ,13,356,0.7399775416513843,0.7337619271443925,0.7337619271443925,0.7399775416513843,0.7399775416513843,0.7337619271443925,1,1,0,0,0.0,0.06666666666666667,0.3333333333333333,0.0,0.0,0.0,0.0,0.0,0.0,0.0,0.06666666666666667,0.3333333333333333,0.0,0.06666666666666667,0.3333333333333333,0.48333333333333334,0.8,0.9333333333333333,0.0,0.06666666666666667,0.3333333333333333,0.0,0.0,0.0
20260629,DTLZ,13,477,0.7447802248166607,0.7404431182217052,0.7404431182217052,0.7447802248166607,0.7447802248166607,0.7404431182217052,1,1,0,0,0.0,0.0,0.13333333333333333,0.0,0.0,0.0,0.0,0.0,0.0,0.0,0.0,0.13333333333333333,0.0,0.0,0.13333333333333333,0.9,0.9,0.95,0.0,0.0,0.13333333333333333,0.0,0.0,0.0
20260629,DTLZ,14,244,0.7493004250894202,0.7424514866040088,0.7424514866040088,0.7493004250894202,0.7493004250894202,0.7424514866040088,1,1,0,0,0.0,0.0,0.18333333333333332,0.0,0.0,0.0,0.0,0.0,0.0,0.0,0.0,0.18333333333333332,0.0,0.0,0.18333333333333332,0.2,0.45,0.9333333333333333,0.0,0.0,0.18333333333333332,0.0,0.0,0.0
20260629,DTLZ,10,450,0.7705367869438047,0.7601267604925397,0.7601267604925397,0.7705367869438047,0.7705367869438047,0.7601267604925397,1,1,0,0,0.4166666666666667,0.5,0.8,0.0,0.0,0.0,0.0,0.0,0.0,0.4166666666666667,0.5,0.8,0.4166666666666667,0.5,0.8,0.95,0.9833333333333333,1.0,0.4166666666666667,0.5,0.8,0.0,0.0,0.0
20260629,DTLZ,6,215,0.799567989754433,0.7429335592814882,0.7429335592814882,0.799567989754433,0.799567989754433,0.7429335592814882,1,1,0,0,0.5166666666666667,0.8,0.9333333333333333,0.0,0.0,0.0,0.0,0.0,0.0,0.5166666666666667,0.8,0.9333333333333333,0.5166666666666667,0.8,0.9333333333333333,0.6666666666666666,0.8166666666666667,0.95,0.5166666666666667,0.8,0.9333333333333333,0.0,0.0,0.0
20260629,DTLZ,3,334,0.922922559130751,0.858097055172262,0.858097055172262,0.922922559130751,0.922922559130751,0.858097055172262,1,1,0,0,0.0,0.03333333333333333,0.38333333333333336,0.0,0.0,0.0,0.0,0.0,0.0,0.0,0.03333333333333333,0.38333333333333336,0.0,0.03333333333333333,0.38333333333333336,0.8,0.9,1.0,0.0,0.03333333333333333,0.38333333333333336,0.0,0.0,0.0
20260629,DTLZ,9,261,0.783612101380492,0.7284270473888255,0.7284270473888255,0.783612101380492,0.783612101380492,0.7284270473888255,1,1,0,0,0.9833333333333333,0.9833333333333333,1.0,0.0,0.0,0.0,0.0,0.0,0.0,0.9833333333333333,0.9833333333333333,1.0,0.9833333333333333,0.9833333333333333,1.0,0.6666666666666666,0.8,0.9,0.9833333333333333,0.9833333333333333,1.0,0.0,0.0,0.0
20260629,DTLZ,15,244,0.8045638267664725,0.7705403864729213,0.7705403864729213,0.8045638267664725,0.8045638267664725,0.7705403864729213,1,1,0,0,0.0,0.26666666666666666,0.7666666666666667,0.0,0.0,0.0,0.0,0.0,0.0,0.0,0.26666666666666666,0.7666666666666667,0.0,0.26666666666666666,0.7666666666666667,0.9,0.9333333333333333,1.0,0.0,0.26666666666666666,0.7666666666666667,0.0,0.0,0.0
20260629,DTLZ,9,293,0.7503280083227248,0.7394823599231146,0.7394823599231146,0.7503280083227248,0.7503280083227248,0.7394823599231146,1,1,0,0,0.45,0.4,0.5333333333333333,0.0,0.0,0.0,0.0,0.0,0.0,0.45,0.4,0.5333333333333333,0.45,0.4,0.5333333333333333,0.7333333333333333,0.95,0.95,0.45,0.4,0.5333333333333333,0.0,0.0,0.0
20260629,DTLZ,14,62,0.7690887758676274,0.8040691526869177,0.8040691526869177,0.7690887758676274,0.7690887758676274,0.8040691526869177,1,1,0,0,0.016666666666666666,0.23333333333333334,0.5833333333333334,0.0,0.0,0.0,0.0,0.0,0.0,0.016666666666666666,0.23333333333333334,0.5833333333333334,0.016666666666666666,0.23333333333333334,0.5833333333333334,0.6333333333333333,0.7166666666666667,0.9166666666666666,0.016666666666666666,0.23333333333333334,0.5833333333333334,0.0,0.0,0.0
20260629,DTLZ,5,292,0.7817333525643981,0.7603611576136688,0.7603611576136688,0.7817333525643981,0.7817333525643981,0.7603611576136688,1,1,0,0,0.26666666666666666,0.48333333333333334,0.8,0.0,0.0,0.0,0.0,0.0,0.0,0.26666666666666666,0.48333333333333334,0.8,0.26666666666666666,0.48333333333333334,0.8,0.03333333333333333,0.6666666666666666,0.9166666666666666,0.26666666666666666,0.48333333333333334,0.8,0.0,0.0,0.0
20260629,DTLZ,7,341,0.7643582831510308,0.7524922132642529,0.7524922132642529,0.7643582831510308,0.7643582831510308,0.7524922132642529,1,1,0,0,0.35,0.45,0.45,0.0,0.0,0.0,0.0,0.0,0.0,0.35,0.45,0.45,0.35,0.45,0.45,0.06666666666666667,0.5666666666666667,0.8833333333333333,0.35,0.45,0.45,0.0,0.0,0.0
20260629,DTLZ,13,207,0.736060825493753,0.7440081366361184,0.7440081366361184,0.736060825493753,0.736060825493753,0.7440081366361184,1,1,0,0,0.0,0.2,0.6833333333333333,0.0,0.0,0.0,0.0,0.0,0.0,0.0,0.2,0.6833333333333333,0.0,0.2,0.6833333333333333,0.7833333333333333,0.8166666666666667,0.9333333333333333,0.0,0.2,0.6833333333333333,0.0,0.0,0.0
20260629,DTLZ,5,265,0.7743954270300454,0.7504587613516437,0.7504587613516437,0.7743954270300454,0.7743954270300454,0.7504587613516437,1,1,0,0,0.0,0.1,0.4,0.0,0.0,0.0,0.0,0.0,0.0,0.0,0.1,0.4,0.0,0.1,0.4,0.31666666666666665,0.7333333333333333,0.9666666666666667,0.0,0.1,0.4,0.0,0.0,0.0
20260629,DTLZ,13,68,0.7751865622659933,0.7810698421196723,0.7810698421196723,0.7751865622659933,0.7751865622659933,0.7810698421196723,1,1,0,0,0.18333333333333332,0.25,0.38333333333333336,0.0,0.0,0.0,0.0,0.0,0.0,0.18333333333333332,0.25,0.38333333333333336,0.18333333333333332,0.25,0.38333333333333336,0.5166666666666667,0.8166666666666667,0.95,0.18333333333333332,0.25,0.38333333333333336,0.0,0.0,0.0
20260629,DTLZ,4,417,0.8583280187332172,0.7950380357133999,0.7950380357133999,0.8583280187332172,0.8583280187332172,0.7950380357133999,1,1,0,0,0.7,0.8833333333333333,0.9,0.0,0.0,0.0,0.0,0.0,0.0,0.7,0.8833333333333333,0.9,0.7,0.8833333333333333,0.9,0.7166666666666667,0.8,1.0,0.7,0.8833333333333333,0.9,0.0,0.0,0.0
20260629,DTLZ,5,336,0.792858137430117,0.7629136590221129,0.7629136590221129,0.792858137430117,0.792858137430117,0.7629136590221129,1,1,0,0,0.0,0.0,0.11666666666666667,0.0,0.0,0.0,0.0,0.0,0.0,0.0,0.0,0.11666666666666667,0.0,0.0,0.11666666666666667,0.5833333333333334,0.75,0.9833333333333333,0.0,0.0,0.11666666666666667,0.0,0.0,0.0
20260629,DTLZ,10,337,0.733098860585882,0.7489965723648828,0.7489965723648828,0.733098860585882,0.733098860585882,0.7489965723648828,1,1,0,0,0.0,0.1,0.4,0.0,0.0,0.0,0.0,0.0,0.0,0.0,0.1,0.4,0.0,0.1,0.4,0.55,0.5166666666666667,0.9166666666666666,0.0,0.1,0.4,0.0,0.0,0.0
20260629,DTLZ,5,402,0.8312827527870508,0.765913402877882,0.765913402877882,0.8312827527870508,0.8312827527870508,0.765913402877882,1,1,0,0,0.5666666666666667,0.7,0.8,0.0,0.0,0.0,0.0,0.0,0.0,0.5666666666666667,0.7,0.8,0.5666666666666667,0.7,0.8,0.43333333333333335,0.8333333333333334,0.9833333333333333,0.5666666666666667,0.7,0.8,0.0,0.0,0.0
20260629,DTLZ,8,341,0.7558682034877618,0.738497385622569,0.738497385622569,0.7558682034877618,0.7558682034877618,0.738497385622569,1,1,0,0,0.03333333333333333,0.1,0.3,0.0,0.0,0.0,0.0,0.0,0.0,0.03333333333333333,0.1,0.3,0.03333333333333333,0.1,0.3,0.7166666666666667,0.9,0.95,0.03333333333333333,0.1,0.3,0.0,0.0,0.0
20260629,Energy,7,81,0.44243195789527884,0.44243195789527884,0.44243195789527884,0.44243195789527884,0.44243195789527884,0.44243195789527884,1,1,0,0,0.0,0.0,0.0,0.0,0.0,0.0,0.0,0.0,0.0,0.0,0.0,0.0,0.0,0.0,0.0,0.0,0.2,0.6166666666666667,0.0,0.0,0.0,0.0,0.0,0.0
20260629,Energy,4,186,0.4604529769269493,0.4969460255888872,0.4969460255888872,0.4604529769269493,0.4604529769269493,0.4969460255888872,1,1,0,0,0.0,0.016666666666666666,0.16666666666666666,0.0,0.0,0.0,0.0,0.0,0.0,0.0,0.016666666666666666,0.16666666666666666,0.0,0.016666666666666666,0.16666666666666666,0.21666666666666667,0.5166666666666667,0.8166666666666667,0.0,0.016666666666666666,0.16666666666666666,0.0,0.0,0.0
20260629,Energy,7,219,0.45099888866720333,0.4568214969786986,0.4568214969786986,0.45099888866720333,0.45099888866720333,0.4568214969786986,1,1,0,0,0.0,0.11666666666666667,0.48333333333333334,0.0,0.0,0.0,0.0,0.0,0.0,0.0,0.11666666666666667,0.48333333333333334,0.0,0.11666666666666667,0.48333333333333334,0.25,0.48333333333333334,0.5333333333333333,0.0,0.11666666666666667,0.48333333333333334,0.0,0.0,0.0
20260629,Energy,5,71,0.5058826167676214,0.5058826167676214,0.5058826167676214,0.5058826167676214,0.5058826167676214,0.5058826167676214,1,1,0,0,0.0,0.05,0.18333333333333332,0.0,0.0,0.0,0.0,0.0,0.0,0.0,0.05,0.18333333333333332,0.0,0.05,0.18333333333333332,0.3,0.45,0.5833333333333334,0.0,0.05,0.18333333333333332,0.0,0.0,0.0
20260629,Energy,6,497,0.44343728067000826,0.4752752174662188,0.4752752174662188,0.44343728067000826,0.44343728067000826,0.4752752174662188,1,1,0,0,0.16666666666666666,0.5166666666666667,0.6833333333333333,0.0,0.0,0.0,0.0,0.0,0.0,0.16666666666666666,0.5166666666666667,0.6833333333333333,0.16666666666666666,0.5166666666666667,0.6833333333333333,0.6166666666666667,0.6,0.8,0.16666666666666666,0.5166666666666667,0.6833333333333333,0.0,0.0,0.0
20260629,Energy,4,479,0.44424934388996495,0.44424934388996495,0.44424934388996495,0.44424934388996495,0.44424934388996495,0.44424934388996495,1,1,0,0,0.25,0.16666666666666666,0.5666666666666667,0.0,0.0,0.0,0.0,0.0,0.0,0.25,0.16666666666666666,0.5666666666666667,0.25,0.16666666666666666,0.5666666666666667,0.26666666666666666,0.45,0.7833333333333333,0.25,0.16666666666666666,0.5666666666666667,0.0,0.0,0.0
20260629,Energy,6,187,0.4811372140919949,0.49653772997802637,0.49653772997802637,0.4811372140919949,0.4811372140919949,0.49653772997802637,1,1,0,0,0.0,0.45,0.85,0.0,0.0,0.0,0.0,0.0,0.0,0.0,0.45,0.85,0.0,0.45,0.85,0.13333333333333333,0.26666666666666666,0.5833333333333334,0.0,0.45,0.85,0.0,0.0,0.0
20260629,Energy,6,354,0.4419921678527252,0.4419921678527252,0.4419921678527252,0.4419921678527252,0.4419921678527252,0.4419921678527252,1,1,0,0,0.03333333333333333,0.1,0.36666666666666664,0.0,0.0,0.0,0.0,0.0,0.0,0.03333333333333333,0.1,0.36666666666666664,0.03333333333333333,0.1,0.36666666666666664,0.0,0.2,0.6833333333333333,0.03333333333333333,0.1,0.36666666666666664,0.0,0.0,0.0
20260629,Energy,7,360,0.4511278663631722,0.4511278663631722,0.4511278663631722,0.4511278663631722,0.4511278663631722,0.4511278663631722,1,1,0,0,0.06666666666666667,0.21666666666666667,0.55,0.0,0.0,0.0,0.0,0.0,0.0,0.06666666666666667,0.21666666666666667,0.55,0.06666666666666667,0.21666666666666667,0.55,0.0,0.1,0.6166666666666667,0.06666666666666667,0.21666666666666667,0.55,0.0,0.0,0.0
20260629,Energy,7,429,0.4317302562477504,0.4745835225842505,0.4745835225842505,0.4317302562477504,0.4317302562477504,0.4745835225842505,1,1,0,0,0.0,0.016666666666666666,0.15,0.0,0.0,0.0,0.0,0.0,0.0,0.0,0.016666666666666666,0.15,0.0,0.016666666666666666,0.15,0.65,0.75,0.8666666666666667,0.0,0.016666666666666666,0.15,0.0,0.0,0.0
20260629,Energy,8,98,0.5016583490858068,0.48850638171940475,0.48850638171940475,0.5016583490858068,0.5016583490858068,0.48850638171940475,1,1,0,0,0.16666666666666666,0.35,0.5,0.0,0.0,0.0,0.0,0.0,0.0,0.16666666666666666,0.35,0.5,0.16666666666666666,0.35,0.5,0.0,0.11666666666666667,0.36666666666666664,0.16666666666666666,0.35,0.5,0.0,0.0,0.0
20260629,Energy,7,498,0.4586606965917048,0.4586606965917048,0.4586606965917048,0.4586606965917048,0.4586606965917048,0.4586606965917048,1,1,0,0,0.26666666666666666,0.4,0.5166666666666667,0.0,0.0,0.0,0.0,0.0,0.0,0.26666666666666666,0.4,0.5166666666666667,0.26666666666666666,0.4,0.5166666666666667,0.31666666666666665,0.7166666666666667,0.9333333333333333,0.26666666666666666,0.4,0.5166666666666667,0.0,0.0,0.0
20260629,Energy,8,204,0.43659277440860844,0.43659277440860844,0.43659277440860844,0.43659277440860844,0.43659277440860844,0.43659277440860844,1,1,0,0,0.25,0.3,0.43333333333333335,0.0,0.0,0.0,0.0,0.0,0.0,0.25,0.3,0.43333333333333335,0.25,0.3,0.43333333333333335,0.55,0.5166666666666667,0.6833333333333333,0.25,0.3,0.43333333333333335,0.0,0.0,0.0
20260629,Energy,5,72,0.5374471461252796,0.5237285885139681,0.5237285885139681,0.5374471461252796,0.5374471461252796,0.5237285885139681,1,1,0,0,0.0,0.11666666666666667,0.15,0.0,0.0,0.0,0.0,0.0,0.0,0.0,0.11666666666666667,0.15,0.0,0.11666666666666667,0.15,0.0,0.11666666666666667,0.2833333333333333,0.0,0.11666666666666667,0.15,0.0,0.0,0.0
20260629,Energy,6,170,0.44197965451055476,0.5127697789703772,0.5127697789703772,0.44197965451055476,0.44197965451055476,0.5127697789703772,1,1,0,0,0.15,0.35,0.5833333333333334,0.0,0.0,0.0,0.0,0.0,0.0,0.15,0.35,0.5833333333333334,0.15,0.35,0.5833333333333334,0.5,0.5166666666666667,0.6833333333333333,0.15,0.35,0.5833333333333334,0.0,0.0,0.0
20260629,Energy,8,341,0.42891830462512176,0.42327352046643607,0.42327352046643607,0.42891830462512176,0.42891830462512176,0.42327352046643607,1,1,0,0,0.0,0.15,0.45,0.0,0.0,0.0,0.0,0.0,0.0,0.0,0.15,0.45,0.0,0.15,0.45,0.0,0.016666666666666666,0.26666666666666666,0.0,0.15,0.45,0.0,0.0,0.0
20260629,Energy,6,78,0.5315447432282857,0.47264240093927345,0.47264240093927345,0.5315447432282857,0.5315447432282857,0.47264240093927345,1,1,0,0,0.4,0.65,0.9166666666666666,0.0,0.0,0.0,0.0,0.0,0.0,0.4,0.65,0.9166666666666666,0.4,0.65,0.9166666666666666,0.0,0.16666666666666666,0.31666666666666665,0.4,0.65,0.9166666666666666,0.0,0.0,0.0
20260629,Energy,6,99,0.48697429806599524,0.5252427102773776,0.5252427102773776,0.48697429806599524,0.48697429806599524,0.5252427102773776,1,1,0,0,0.0,0.05,0.25,0.0,0.0,0.0,0.0,0.0,0.0,0.0,0.05,0.25,0.0,0.05,0.25,0.16666666666666666,0.5166666666666667,0.7166666666666667,0.0,0.05,0.25,0.0,0.0,0.0
20260629,Energy,5,223,0.45284549102046795,0.4716700744185165,0.4716700744185165,0.45284549102046795,0.45284549102046795,0.4716700744185165,1,1,0,0,0.35,0.55,0.6666666666666666,0.0,0.0,0.0,0.0,0.0,0.0,0.35,0.55,0.6666666666666666,0.35,0.55,0.6666666666666666,0.21666666666666667,0.5,0.8,0.35,0.55,0.6666666666666666,0.0,0.0,0.0
20260629,Energy,6,486,0.4354540355027044,0.4570332352767831,0.4570332352767831,0.4354540355027044,0.4354540355027044,0.4570332352767831,1,1,0,0,0.3,0.5666666666666667,0.6666666666666666,0.0,0.0,0.0,0.0,0.0,0.0,0.3,0.5666666666666667,0.6666666666666666,0.3,0.5666666666666667,0.6666666666666666,0.31666666666666665,0.6666666666666666,0.7,0.3,0.5666666666666667,0.6666666666666666,0.0,0.0,0.0
20260629,Energy,8,331,0.4210725020664192,0.4210725020664192,0.4210725020664192,0.4210725020664192,0.4210725020664192,0.4210725020664192,1,1,0,0,0.0,0.0,0.2833333333333333,0.0,0.0,0.0,0.0,0.0,0.0,0.0,0.0,0.2833333333333333,0.0,0.0,0.2833333333333333,0.2,0.55,0.75,0.0,0.0,0.2833333333333333,0.0,0.0,0.0
20260629,Energy,4,98,0.48576119313257116,0.48576119313257116,0.48576119313257116,0.48576119313257116,0.48576119313257116,0.48576119313257116,1,1,0,0,0.18333333333333332,0.2,0.35,0.0,0.0,0.0,0.0,0.0,0.0,0.18333333333333332,0.2,0.35,0.18333333333333332,0.2,0.35,0.0,0.25,0.45,0.18333333333333332,0.2,0.35,0.0,0.0,0.0
20260629,Energy,7,314,0.43287903553439455,0.4264166432472072,0.4264166432472072,0.43287903553439455,0.43287903553439455,0.4264166432472072,1,1,0,0,0.6333333333333333,0.65,0.7166666666666667,0.0,0.0,0.0,0.0,0.0,0.0,0.6333333333333333,0.65,0.7166666666666667,0.6333333333333333,0.65,0.7166666666666667,0.0,0.016666666666666666,0.6333333333333333,0.6333333333333333,0.65,0.7166666666666667,0.0,0.0,0.0
20260629,Energy,8,70,0.463529084099638,0.463529084099638,0.463529084099638,0.463529084099638,0.463529084099638,0.463529084099638,1,1,0,0,0.0,0.0,0.016666666666666666,0.0,0.0,0.0,0.0,0.0,0.0,0.0,0.0,0.016666666666666666,0.0,0.0,0.016666666666666666,0.0,0.0,0.16666666666666666,0.0,0.0,0.016666666666666666,0.0,0.0,0.0
20260629,Energy,6,159,0.4474325697839656,0.477311777274719,0.477311777274719,0.4474325697839656,0.4474325697839656,0.477311777274719,1,1,0,0,0.0,0.03333333333333333,0.23333333333333334,0.0,0.0,0.0,0.0,0.0,0.0,0.0,0.03333333333333333,0.23333333333333334,0.0,0.03333333333333333,0.23333333333333334,0.03333333333333333,0.21666666666666667,0.43333333333333335,0.0,0.03333333333333333,0.23333333333333334,0.0,0.0,0.0
20260629,Energy,8,449,0.43706074025583247,0.454618273600096,0.454618273600096,0.43706074025583247,0.43706074025583247,0.454618273600096,1,1,0,0,0.2,0.4166666666666667,0.55,0.0,0.0,0.0,0.0,0.0,0.0,0.2,0.4166666666666667,0.55,0.2,0.4166666666666667,0.55,0.18333333333333332,0.5833333333333334,0.9,0.2,0.4166666666666667,0.55,0.0,0.0,0.0
20260629,Energy,7,410,0.43366862250784727,0.4575056205552225,0.4575056205552225,0.43366862250784727,0.43366862250784727,0.4575056205552225,1,1,0,0,0.4166666666666667,0.5166666666666667,0.6833333333333333,0.0,0.0,0.0,0.0,0.0,0.0,0.4166666666666667,0.5166666666666667,0.6833333333333333,0.4166666666666667,0.5166666666666667,0.6833333333333333,0.21666666666666667,0.48333333333333334,0.8833333333333333,0.4166666666666667,0.5166666666666667,0.6833333333333333,0.0,0.0,0.0
20260629,Energy,5,431,0.44839739390549416,0.44839739390549416,0.44839739390549416,0.44839739390549416,0.44839739390549416,0.44839739390549416,1,1,0,0,0.23333333333333334,0.38333333333333336,0.45,0.0,0.0,0.0,0.0,0.0,0.0,0.23333333333333334,0.38333333333333336,0.45,0.23333333333333334,0.38333333333333336,0.45,0.45,0.75,0.9166666666666666,0.23333333333333334,0.38333333333333336,0.45,0.0,0.0,0.0
20260629,Energy,8,70,0.45605306379328175,0.48781904267251014,0.48781904267251014,0.45605306379328175,0.45605306379328175,0.48781904267251014,1,1,0,0,0.15,0.31666666666666665,0.4,0.0,0.0,0.0,0.0,0.0,0.0,0.15,0.3,0.4,0.15,0.31666666666666665,0.4,0.06666666666666667,0.31666666666666665,0.45,0.15,0.31666666666666665,0.4,0.0,0.0,0.0
20260629,Energy,8,76,0.5038074671200884,0.5314618006092271,0.5314618006092271,0.5038074671200884,0.5038074671200884,0.5314618006092271,1,1,0,0,0.23333333333333334,0.45,0.6833333333333333,0.0,0.0,0.0,0.0,0.0,0.0,0.23333333333333334,0.45,0.6833333333333333,0.23333333333333334,0.45,0.6833333333333333,0.55,0.5833333333333334,0.65,0.23333333333333334,0.45,0.6833333333333333,0.0,0.0,0.0
20260629,Energy,5,395,0.4185474429502388,0.46810907415969144,0.46810907415969144,0.4185474429502388,0.4185474429502388,0.46810907415969144,1,1,0,0,0.0,0.06666666666666667,0.36666666666666664,0.0,0.0,0.0,0.0,0.0,0.0,0.0,0.06666666666666667,0.36666666666666664,0.0,0.06666666666666667,0.36666666666666664,0.23333333333333334,0.6166666666666667,0.8166666666666667,0.0,0.06666666666666667,0.36666666666666664,0.0,0.0,0.0
20260629,Energy,6,84,0.4701511700165891,0.5101917303330159,0.5101917303330159,0.4701511700165891,0.4701511700165891,0.5101917303330159,1,1,0,0,0.016666666666666666,0.11666666666666667,0.4666666666666667,0.0,0.0,0.0,0.0,0.0,0.0,0.016666666666666666,0.11666666666666667,0.4666666666666667,0.016666666666666666,0.11666666666666667,0.4666666666666667,0.06666666666666667,0.2,0.5166666666666667,0.016666666666666666,0.11666666666666667,0.4666666666666667,0.0,0.0,0.0
20260629,Energy,8,82,0.4989129088316978,0.4518758983653202,0.4518758983653202,0.4989129088316978,0.4989129088316978,0.4518758983653202,1,1,0,0,0.7333333333333333,0.7166666666666667,0.8333333333333334,0.0,0.0,0.0,0.0,0.0,0.0,0.7333333333333333,0.7166666666666667,0.8333333333333334,0.7333333333333333,0.7166666666666667,0.8333333333333334,0.0,0.13333333333333333,0.4166666666666667,0.7333333333333333,0.7166666666666667,0.8333333333333334,0.0,0.0,0.0
20260629,Energy,7,470,0.4219230473942891,0.4543113692077988,0.4543113692077988,0.4219230473942891,0.4219230473942891,0.4543113692077988,1,1,0,0,0.03333333333333333,0.016666666666666666,0.23333333333333334,0.0,0.0,0.0,0.0,0.0,0.0,0.03333333333333333,0.016666666666666666,0.23333333333333334,0.03333333333333333,0.016666666666666666,0.23333333333333334,0.4666666666666667,0.5833333333333334,0.8333333333333334,0.03333333333333333,0.016666666666666666,0.23333333333333334,0.0,0.0,0.0
20260629,Energy,4,306,0.4342192762550419,0.4596711140851261,0.4596711140851261,0.4342192762550419,0.4342192762550419,0.4596711140851261,1,1,0,0,0.2,0.25,0.31666666666666665,0.0,0.0,0.0,0.0,0.0,0.0,0.2,0.25,0.31666666666666665,0.2,0.25,0.31666666666666665,0.6166666666666667,0.5833333333333334,0.6666666666666666,0.2,0.25,0.31666666666666665,0.0,0.0,0.0
20260629,Energy,6,354,0.47542432460255407,0.47542432460255407,0.47542432460255407,0.47542432460255407,0.47542432460255407,0.47542432460255407,1,1,0,0,0.1,0.48333333333333334,0.5,0.0,0.0,0.0,0.0,0.0,0.0,0.1,0.48333333333333334,0.5,0.1,0.48333333333333334,0.5,0.0,0.18333333333333332,0.5333333333333333,0.1,0.48333333333333334,0.5,0.0,0.0,0.0
20260629,Energy,6,355,0.4362506817696967,0.47026575906535295,0.47026575906535295,0.4362506817696967,0.4362506817696967,0.47026575906535295,1,1,0,0,0.0,0.05,0.23333333333333334,0.0,0.0,0.0,0.0,0.0,0.0,0.0,0.05,0.23333333333333334,0.0,0.05,0.23333333333333334,0.35,0.48333333333333334,0.8666666666666667,0.0,0.05,0.23333333333333334,0.0,0.0,0.0
20260629,Energy,6,177,0.4607182334619208,0.4997794366962299,0.4997794366962299,0.4607182334619208,0.4607182334619208,0.4997794366962299,1,1,0,0,0.4,0.4,0.7,0.0,0.0,0.0,0.0,0.0,0.0,0.4,0.4,0.7,0.4,0.4,0.7,0.6,0.5666666666666667,0.85,0.4,0.4,0.7,0.0,0.0,0.0
20260629,Energy,7,266,0.4334177618282023,0.4495145357054152,0.4495145357054152,0.4334177618282023,0.4334177618282023,0.4495145357054152,1,1,0,0,0.5833333333333334,0.8333333333333334,0.8166666666666667,0.0,0.0,0.0,0.0,0.0,0.0,0.5666666666666667,0.8333333333333334,0.8166666666666667,0.5833333333333334,0.8333333333333334,0.8166666666666667,0.03333333333333333,0.48333333333333334,0.5666666666666667,0.5833333333333334,0.8333333333333334,0.8166666666666667,0.0,0.0,0.0
20260629,Energy,5,130,0.4621918446799062,0.5051391465594756,0.5051391465594756,0.4621918446799062,0.4621918446799062,0.5051391465594756,1,1,0,0,0.18333333333333332,0.31666666666666665,0.4,0.0,0.0,0.0,0.0,0.0,0.0,0.18333333333333332,0.31666666666666665,0.4,0.18333333333333332,0.31666666666666665,0.4,0.1,0.31666666666666665,0.55,0.18333333333333332,0.31666666666666665,0.4,0.0,0.0,0.0
20260629,Energy,5,357,0.42793463567099016,0.44907168561836364,0.44907168561836364,0.42793463567099016,0.42793463567099016,0.44907168561836364,1,1,0,0,0.08333333333333333,0.18333333333333332,0.45,0.0,0.0,0.0,0.0,0.0,0.0,0.08333333333333333,0.18333333333333332,0.45,0.08333333333333333,0.18333333333333332,0.45,0.03333333333333333,0.35,0.7833333333333333,0.08333333333333333,0.18333333333333332,0.45,0.0,0.0,0.0
20260629,Energy,5,442,0.4513464166590965,0.4638058006665965,0.4638058006665965,0.4513464166590965,0.4513464166590965,0.4638058006665965,1,1,0,0,0.1,0.36666666666666664,0.5666666666666667,0.0,0.0,0.0,0.0,0.0,0.0,0.1,0.36666666666666664,0.5666666666666667,0.1,0.36666666666666664,0.5666666666666667,0.05,0.21666666666666667,0.55,0.1,0.36666666666666664,0.5666666666666667,0.0,0.0,0.0
20260629,Energy,8,174,0.4614542398189117,0.44820301074132163,0.44820301074132163,0.4614542398189117,0.4614542398189117,0.44820301074132163,1,1,0,0,0.5333333333333333,0.85,0.85,0.0,0.0,0.0,0.0,0.0,0.0,0.5333333333333333,0.85,0.85,0.5333333333333333,0.85,0.85,0.08333333333333333,0.38333333333333336,0.5333333333333333,0.5333333333333333,0.85,0.85,0.0,0.0,0.0
20260629,Energy,6,272,0.3965388588422502,0.42444803534051156,0.42444803534051156,0.3965388588422502,0.3965388588422502,0.42444803534051156,1,1,0,0,0.0,0.016666666666666666,0.1,0.0,0.0,0.0,0.0,0.0,0.0,0.0,0.016666666666666666,0.1,0.0,0.016666666666666666,0.1,0.06666666666666667,0.18333333333333332,0.45,0.0,0.016666666666666666,0.1,0.0,0.0,0.0
20260629,Energy,6,333,0.44879386641625246,0.4685031950358741,0.4685031950358741,0.44879386641625246,0.44879386641625246,0.4685031950358741,1,1,0,0,0.55,0.75,0.9,0.0,0.0,0.0,0.0,0.0,0.0,0.55,0.75,0.9,0.55,0.75,0.9,0.016666666666666666,0.43333333333333335,0.7333333333333333,0.55,0.75,0.9,0.0,0.0,0.0
20260629,Energy,5,349,0.46125293323522293,0.4761813209538657,0.4761813209538657,0.46125293323522293,0.46125293323522293,0.4761813209538657,1,1,0,0,0.6166666666666667,0.5666666666666667,0.7666666666666667,0.0,0.0,0.0,0.0,0.0,0.0,0.6166666666666667,0.5666666666666667,0.7666666666666667,0.6166666666666667,0.5666666666666667,0.7666666666666667,0.016666666666666666,0.43333333333333335,0.6833333333333333,0.6166666666666667,0.5666666666666667,0.7666666666666667,0.0,0.0,0.0
20260629,Energy,6,157,0.4360573653166152,0.4656170951678209,0.4656170951678209,0.4360573653166152,0.4360573653166152,0.4656170951678209,1,1,0,0,0.06666666666666667,0.26666666666666666,0.4666666666666667,0.0,0.0,0.0,0.0,0.0,0.0,0.06666666666666667,0.26666666666666666,0.4666666666666667,0.06666666666666667,0.26666666666666666,0.4666666666666667,0.1,0.26666666666666666,0.5166666666666667,0.06666666666666667,0.26666666666666666,0.4666666666666667,0.0,0.0,0.0
20260629,Energy,6,159,0.44860955436944727,0.44860955436944727,0.44860955436944727,0.44860955436944727,0.44860955436944727,0.44860955436944727,1,1,0,0,0.0,0.25,0.3333333333333333,0.0,0.0,0.0,0.0,0.0,0.0,0.0,0.25,0.3333333333333333,0.0,0.25,0.3333333333333333,0.0,0.15,0.5166666666666667,0.0,0.25,0.3333333333333333,0.0,0.0,0.0
20260629,Energy,8,273,0.4415899732391806,0.4415899732391806,0.4415899732391806,0.4415899732391806,0.4415899732391806,0.4415899732391806,1,1,0,0,0.36666666666666664,0.5333333333333333,0.7166666666666667,0.0,0.0,0.0,0.0,0.0,0.0,0.36666666666666664,0.5333333333333333,0.7166666666666667,0.36666666666666664,0.5333333333333333,0.7166666666666667,0.25,0.3333333333333333,0.4,0.36666666666666664,0.5333333333333333,0.7166666666666667,0.0,0.0,0.0
20260629,Energy,6,422,0.4549082672044414,0.4816476100829787,0.4816476100829787,0.4549082672044414,0.4549082672044414,0.4816476100829787,1,1,0,0,0.3333333333333333,0.6,0.8833333333333333,0.0,0.0,0.0,0.0,0.0,0.0,0.3333333333333333,0.6,0.8833333333333333,0.3333333333333333,0.6,0.8833333333333333,0.016666666666666666,0.16666666666666666,0.48333333333333334,0.3333333333333333,0.6,0.8833333333333333,0.0,0.0,0.0
20260629,Concrete,7,140,0.43212407495079846,0.43212407495079846,0.43212407495079846,0.43212407495079846,0.43212407495079846,0.43212407495079846,1,1,0,0,0.0,0.11666666666666667,0.2833333333333333,0.0,0.0,0.0,0.0,0.0,0.0,0.0,0.11666666666666667,0.2833333333333333,0.0,0.11666666666666667,0.2833333333333333,0.13333333333333333,0.2833333333333333,0.4666666666666667,0.0,0.11666666666666667,0.2833333333333333,0.0,0.0,0.0
20260629,Concrete,4,499,0.45345495047896084,0.476308599692439,0.476308599692439,0.45345495047896084,0.45345495047896084,0.476308599692439,1,1,0,0,0.8666666666666667,0.9166666666666666,0.9,0.0,0.0,0.0,0.0,0.0,0.0,0.8666666666666667,0.9166666666666666,0.9,0.8666666666666667,0.9166666666666666,0.9,0.38333333333333336,0.5,0.5833333333333334,0.8666666666666667,0.9166666666666666,0.9,0.0,0.0,0.0
20260629,Concrete,8,448,0.4350577012686142,0.44101886246861677,0.44101886246861677,0.4350577012686142,0.4350577012686142,0.44101886246861677,1,1,0,0,0.4166666666666667,0.5833333333333334,0.7833333333333333,0.0,0.0,0.0,0.0,0.0,0.0,0.4166666666666667,0.5833333333333334,0.7833333333333333,0.4166666666666667,0.5833333333333334,0.7833333333333333,0.23333333333333334,0.38333333333333336,0.6166666666666667,0.4166666666666667,0.5833333333333334,0.7833333333333333,0.0,0.0,0.0
20260629,Concrete,6,61,0.4696886339503518,0.4665364587457962,0.4665364587457962,0.4696886339503518,0.4696886339503518,0.4665364587457962,1,1,0,0,0.08333333333333333,0.23333333333333334,0.4666666666666667,0.0,0.0,0.0,0.0,0.0,0.0,0.08333333333333333,0.23333333333333334,0.4666666666666667,0.08333333333333333,0.23333333333333334,0.4666666666666667,0.06666666666666667,0.25,0.35,0.08333333333333333,0.23333333333333334,0.4666666666666667,0.0,0.0,0.0
20260629,Concrete,4,136,0.4363405835504416,0.4795709836648856,0.4795709836648856,0.4363405835504416,0.4363405835504416,0.4795709836648856,1,1,0,0,0.0,0.0,0.03333333333333333,0.0,0.0,0.0,0.0,0.0,0.0,0.0,0.0,0.03333333333333333,0.0,0.0,0.03333333333333333,0.0,0.15,0.45,0.0,0.0,0.03333333333333333,0.0,0.0,0.0
20260629,Concrete,7,356,0.4547896210991046,0.4546528380547871,0.4546528380547871,0.4547896210991046,0.4547896210991046,0.4546528380547871,1,1,0,0,0.4666666666666667,0.65,0.6,0.0,0.0,0.0,0.0,0.0,0.0,0.4666666666666667,0.65,0.6,0.4666666666666667,0.65,0.6,0.21666666666666667,0.45,0.8333333333333334,0.4666666666666667,0.65,0.6,0.0,0.0,0.0
20260629,Concrete,8,196,0.4648009144973597,0.506956101769024,0.506956101769024,0.4648009144973597,0.4648009144973597,0.506956101769024,1,1,0,0,0.35,0.5833333333333334,0.7,0.0,0.0,0.0,0.0,0.0,0.0,0.35,0.5833333333333334,0.7,0.35,0.5833333333333334,0.7,0.0,0.23333333333333334,0.7666666666666667,0.35,0.5833333333333334,0.7,0.0,0.0,0.0
20260629,Concrete,7,425,0.4129567529855066,0.45185486100592964,0.45185486100592964,0.4129567529855066,0.4129567529855066,0.45185486100592964,1,1,0,0,0.08333333333333333,0.3,0.45,0.0,0.0,0.0,0.0,0.0,0.0,0.08333333333333333,0.3,0.45,0.08333333333333333,0.3,0.45,0.18333333333333332,0.48333333333333334,0.75,0.08333333333333333,0.3,0.45,0.0,0.0,0.0
20260629,Concrete,5,106,0.49687419453221826,0.46235578448090187,0.46235578448090187,0.49687419453221826,0.49687419453221826,0.46235578448090187,1,1,0,0,0.5,0.7,0.7,0.0,0.0,0.0,0.0,0.0,0.0,0.5,0.7,0.7,0.5,0.7,0.7,0.03333333333333333,0.11666666666666667,0.35,0.5,0.7,0.7,0.0,0.0,0.0
20260629,Concrete,8,176,0.4352179635970165,0.4352179635970165,0.4352179635970165,0.4352179635970165,0.4352179635970165,0.4352179635970165,1,1,0,0,0.3,0.45,0.5166666666666667,0.0,0.0,0.0,0.0,0.0,0.0,0.3,0.45,0.5166666666666667,0.3,0.45,0.5166666666666667,0.2833333333333333,0.5666666666666667,0.6666666666666666,0.3,0.45,0.5166666666666667,0.0,0.0,0.0
20260629,Concrete,4,295,0.43520528123771934,0.4630311831926431,0.4630311831926431,0.43520528123771934,0.43520528123771934,0.4630311831926431,1,1,0,0,0.0,0.0,0.15,0.0,0.0,0.0,0.0,0.0,0.0,0.0,0.0,0.15,0.0,0.0,0.15,0.31666666666666665,0.7,0.8166666666666667,0.0,0.0,0.15,0.0,0.0,0.0
20260629,Concrete,5,428,0.4416168931858229,0.4488249139956507,0.4488249139956507,0.4416168931858229,0.4416168931858229,0.4488249139956507,1,1,0,0,0.016666666666666666,0.2,0.43333333333333335,0.0,0.0,0.0,0.0,0.0,0.0,0.016666666666666666,0.2,0.43333333333333335,0.016666666666666666,0.2,0.43333333333333335,0.38333333333333336,0.6,0.6666666666666666,0.016666666666666666,0.2,0.43333333333333335,0.0,0.0,0.0
20260629,Concrete,4,105,0.47219908516778825,0.48944185507006865,0.48944185507006865,0.47219908516778825,0.47219908516778825,0.48944185507006865,1,1,0,0,0.0,0.0,0.13333333333333333,0.0,0.0,0.0,0.0,0.0,0.0,0.0,0.0,0.13333333333333333,0.0,0.0,0.13333333333333333,0.0,0.0,0.3333333333333333,0.0,0.0,0.13333333333333333,0.0,0.0,0.0
20260629,Concrete,5,283,0.49478319640095053,0.5014071476108561,0.5014071476108561,0.49478319640095053,0.49478319640095053,0.5014071476108561,1,1,0,0,0.03333333333333333,0.38333333333333336,0.65,0.0,0.0,0.0,0.0,0.0,0.0,0.03333333333333333,0.38333333333333336,0.65,0.03333333333333333,0.38333333333333336,0.65,0.55,0.7,0.8,0.03333333333333333,0.38333333333333336,0.65,0.0,0.0,0.0
20260629,Concrete,5,470,0.44776949066891103,0.44776949066891103,0.44776949066891103,0.44776949066891103,0.44776949066891103,0.44776949066891103,1,1,0,0,0.13333333333333333,0.35,0.5833333333333334,0.0,0.0,0.0,0.0,0.0,0.0,0.13333333333333333,0.35,0.5833333333333334,0.13333333333333333,0.35,0.5833333333333334,0.0,0.0,0.13333333333333333,0.13333333333333333,0.35,0.5833333333333334,0.0,0.0,0.0
20260629,Concrete,4,260,0.4326288794983689,0.4326288794983689,0.4326288794983689,0.4326288794983689,0.4326288794983689,0.4326288794983689,1,1,0,0,0.0,0.0,0.0,0.0,0.0,0.0,0.0,0.0,0.0,0.0,0.0,0.0,0.0,0.0,0.0,0.0,0.016666666666666666,0.31666666666666665,0.0,0.0,0.0,0.0,0.0,0.0
20260629,Concrete,4,375,0.43496140855126186,0.4363554189894894,0.4363554189894894,0.43496140855126186,0.43496140855126186,0.4363554189894894,1,1,0,0,0.6833333333333333,0.95,0.9833333333333333,0.0,0.0,0.0,0.0,0.0,0.0,0.6833333333333333,0.95,0.9833333333333333,0.6833333333333333,0.95,0.9833333333333333,0.05,0.35,0.7166666666666667,0.6833333333333333,0.95,0.9833333333333333,0.0,0.0,0.0
20260629,Concrete,6,365,0.4366226662606663,0.420924646477573,0.420924646477573,0.4366226662606663,0.4366226662606663,0.420924646477573,1,1,0,0,0.016666666666666666,0.26666666666666666,0.6166666666666667,0.0,0.0,0.0,0.0,0.0,0.0,0.016666666666666666,0.26666666666666666,0.6166666666666667,0.016666666666666666,0.26666666666666666,0.6166666666666667,0.31666666666666665,0.38333333333333336,0.38333333333333336,0.016666666666666666,0.26666666666666666,0.6166666666666667,0.0,0.0,0.0
20260629,Concrete,5,471,0.4521666029681776,0.4415533710099905,0.4415533710099905,0.4521666029681776,0.4521666029681776,0.4415533710099905,1,1,0,0,0.23333333333333334,0.26666666666666666,0.65,0.0,0.0,0.0,0.0,0.0,0.0,0.23333333333333334,0.26666666666666666,0.65,0.23333333333333334,0.26666666666666666,0.65,0.4,0.65,0.5666666666666667,0.23333333333333334,0.26666666666666666,0.65,0.0,0.0,0.0
20260629,Concrete,6,435,0.42150683436892045,0.42150683436892045,0.42150683436892045,0.42150683436892045,0.42150683436892045,0.42150683436892045,1,1,0,0,0.016666666666666666,0.36666666666666664,0.8,0.0,0.0,0.0,0.0,0.0,0.0,0.016666666666666666,0.36666666666666664,0.8,0.016666666666666666,0.36666666666666664,0.8,0.0,0.0,0.18333333333333332,0.016666666666666666,0.36666666666666664,0.8,0.0,0.0,0.0
20260629,Concrete,6,236,0.44239771005814243,0.5019249281899304,0.5019249281899304,0.44239771005814243,0.44239771005814243,0.5019249281899304,1,1,0,0,0.0,0.05,0.23333333333333334,0.0,0.0,0.0,0.0,0.0,0.0,0.0,0.05,0.23333333333333334,0.0,0.05,0.23333333333333334,0.0,0.016666666666666666,0.3,0.0,0.05,0.23333333333333334,0.0,0.0,0.0
20260629,Concrete,7,119,0.44803439229151015,0.44803439229151015,0.44803439229151015,0.44803439229151015,0.44803439229151015,0.44803439229151015,1,1,0,0,0.0,0.05,0.18333333333333332,0.0,0.0,0.0,0.0,0.0,0.0,0.0,0.05,0.18333333333333332,0.0,0.05,0.18333333333333332,0.15,0.3333333333333333,0.5833333333333334,0.0,0.05,0.18333333333333332,0.0,0.0,0.0
20260629,Concrete,6,136,0.433025062492732,0.433025062492732,0.433025062492732,0.433025062492732,0.433025062492732,0.433025062492732,1,1,0,0,0.13333333333333333,0.21666666666666667,0.31666666666666665,0.0,0.0,0.0,0.0,0.0,0.0,0.13333333333333333,0.21666666666666667,0.31666666666666665,0.13333333333333333,0.21666666666666667,0.31666666666666665,0.16666666666666666,0.38333333333333336,0.4166666666666667,0.13333333333333333,0.21666666666666667,0.31666666666666665,0.0,0.0,0.0
20260629,Concrete,8,312,0.4527387558304061,0.4527387558304061,0.4527387558304061,0.4527387558304061,0.4527387558304061,0.4527387558304061,1,1,0,0,0.65,0.5833333333333334,0.5333333333333333,0.0,0.0,0.0,0.0,0.0,0.0,0.65,0.5833333333333334,0.5333333333333333,0.65,0.5833333333333334,0.5333333333333333,0.31666666666666665,0.4666666666666667,0.7,0.65,0.5833333333333334,0.5333333333333333,0.0,0.0,0.0
20260629,Concrete,7,474,0.435585901957406,0.4226041987720066,0.4226041987720066,0.435585901957406,0.435585901957406,0.4226041987720066,1,1,0,0,0.5333333333333333,0.8333333333333334,0.8166666666666667,0.0,0.0,0.0,0.0,0.0,0.0,0.5333333333333333,0.8333333333333334,0.8166666666666667,0.5333333333333333,0.8333333333333334,0.8166666666666667,0.0,0.0,0.21666666666666667,0.5333333333333333,0.8333333333333334,0.8166666666666667,0.0,0.0,0.0
20260629,Concrete,8,60,0.5519341923584554,0.5519341923584554,0.5519341923584554,0.5519341923584554,0.5519341923584554,0.5519341923584554,1,1,0,0,0.0,0.016666666666666666,0.18333333333333332,0.0,0.0,0.0,0.0,0.0,0.0,0.0,0.016666666666666666,0.18333333333333332,0.0,0.016666666666666666,0.18333333333333332,0.6833333333333333,0.7666666666666667,0.9,0.0,0.016666666666666666,0.18333333333333332,0.0,0.0,0.0
20260629,Concrete,7,251,0.44318253597068147,0.461302495194115,0.461302495194115,0.44318253597068147,0.44318253597068147,0.461302495194115,1,1,0,0,0.0,0.16666666666666666,0.5,0.0,0.0,0.0,0.0,0.0,0.0,0.0,0.16666666666666666,0.5,0.0,0.16666666666666666,0.5,0.0,0.0,0.35,0.0,0.16666666666666666,0.5,0.0,0.0,0.0
20260629,Concrete,5,254,0.48066129228649684,0.49296247149625605,0.49296247149625605,0.48066129228649684,0.48066129228649684,0.49296247149625605,1,1,0,0,0.16666666666666666,0.35,0.55,0.0,0.0,0.0,0.0,0.0,0.0,0.16666666666666666,0.35,0.55,0.16666666666666666,0.35,0.55,0.0,0.11666666666666667,0.45,0.16666666666666666,0.35,0.55,0.0,0.0,0.0
20260629,Concrete,4,99,0.515021551076953,0.5393661681793679,0.5393661681793679,0.515021551076953,0.515021551076953,0.5393661681793679,1,1,0,0,0.16666666666666666,0.4666666666666667,0.6666666666666666,0.0,0.0,0.0,0.0,0.0,0.0,0.16666666666666666,0.4666666666666667,0.6666666666666666,0.16666666666666666,0.4666666666666667,0.6666666666666666,0.2,0.5666666666666667,0.7666666666666667,0.16666666666666666,0.4666666666666667,0.6666666666666666,0.0,0.0,0.0
20260629,Concrete,7,321,0.4502858374618429,0.4559199897259976,0.4559199897259976,0.4502858374618429,0.4502858374618429,0.4559199897259976,1,1,0,0,0.31666666666666665,0.5333333333333333,0.7666666666666667,0.0,0.0,0.0,0.0,0.0,0.0,0.31666666666666665,0.5333333333333333,0.7666666666666667,0.31666666666666665,0.5333333333333333,0.7666666666666667,0.21666666666666667,0.4666666666666667,0.9,0.31666666666666665,0.5333333333333333,0.7666666666666667,0.0,0.0,0.0
20260629,Concrete,8,102,0.43252391104381005,0.4569021396892557,0.4569021396892557,0.43252391104381005,0.43252391104381005,0.4569021396892557,1,1,0,0,0.0,0.0,0.06666666666666667,0.0,0.0,0.0,0.0,0.0,0.0,0.0,0.0,0.06666666666666667,0.0,0.0,0.06666666666666667,0.3,0.4666666666666667,0.5833333333333334,0.0,0.0,0.06666666666666667,0.0,0.0,0.0
20260629,Concrete,5,208,0.48042658654826487,0.4674388068945398,0.4674388068945398,0.48042658654826487,0.48042658654826487,0.4674388068945398,1,1,0,0,0.0,0.03333333333333333,0.31666666666666665,0.0,0.0,0.0,0.0,0.0,0.0,0.0,0.03333333333333333,0.31666666666666665,0.0,0.03333333333333333,0.31666666666666665,0.15,0.35,0.6,0.0,0.03333333333333333,0.31666666666666665,0.0,0.0,0.0
20260629,Concrete,6,426,0.42633752166201905,0.42633752166201905,0.42633752166201905,0.42633752166201905,0.42633752166201905,0.42633752166201905,1,1,0,0,0.0,0.016666666666666666,0.2833333333333333,0.0,0.0,0.0,0.0,0.0,0.0,0.0,0.016666666666666666,0.2833333333333333,0.0,0.016666666666666666,0.2833333333333333,0.25,0.5333333333333333,0.7333333333333333,0.0,0.016666666666666666,0.2833333333333333,0.0,0.0,0.0
20260629,Concrete,6,393,0.4469496181890004,0.4469496181890004,0.4469496181890004,0.4469496181890004,0.4469496181890004,0.4469496181890004,1,1,0,0,0.6,0.7166666666666667,0.9,0.0,0.0,0.0,0.0,0.0,0.0,0.6,0.7166666666666667,0.9,0.6,0.7166666666666667,0.9,0.0,0.1,0.4166666666666667,0.6,0.7166666666666667,0.9,0.0,0.0,0.0
20260629,Concrete,8,224,0.45827982365407394,0.4781894961617075,0.4781894961617075,0.45827982365407394,0.45827982365407394,0.4781894961617075,1,1,0,0,0.13333333333333333,0.38333333333333336,0.6333333333333333,0.0,0.0,0.0,0.0,0.0,0.0,0.13333333333333333,0.38333333333333336,0.6333333333333333,0.13333333333333333,0.38333333333333336,0.6333333333333333,0.0,0.0,0.45,0.13333333333333333,0.38333333333333336,0.6333333333333333,0.0,0.0,0.0
20260629,Concrete,6,123,0.46648104353371406,0.5018261051061769,0.5018261051061769,0.46648104353371406,0.46648104353371406,0.5018261051061769,1,1,0,0,0.0,0.0,0.11666666666666667,0.0,0.0,0.0,0.0,0.0,0.0,0.0,0.0,0.11666666666666667,0.0,0.0,0.11666666666666667,0.2,0.38333333333333336,0.5666666666666667,0.0,0.0,0.11666666666666667,0.0,0.0,0.0
20260629,Concrete,4,315,0.4855719827426123,0.48157207640672706,0.48157207640672706,0.4855719827426123,0.4855719827426123,0.48157207640672706,1,1,0,0,0.38333333333333336,0.5666666666666667,0.7333333333333333,0.0,0.0,0.0,0.0,0.0,0.0,0.38333333333333336,0.5666666666666667,0.7333333333333333,0.38333333333333336,0.5666666666666667,0.7333333333333333,0.6666666666666666,0.6666666666666666,0.8333333333333334,0.38333333333333336,0.5666666666666667,0.7333333333333333,0.0,0.0,0.0
20260629,Concrete,4,239,0.5215064924030444,0.4920308561176338,0.4920308561176338,0.5215064924030444,0.5215064924030444,0.4920308561176338,1,1,0,0,0.43333333333333335,0.6,0.6833333333333333,0.0,0.0,0.0,0.0,0.0,0.0,0.43333333333333335,0.6,0.6833333333333333,0.43333333333333335,0.6,0.6833333333333333,0.13333333333333333,0.5833333333333334,0.8,0.43333333333333335,0.6,0.6833333333333333,0.0,0.0,0.0
20260629,Concrete,6,442,0.44294304155618147,0.45477435540481487,0.45477435540481487,0.44294304155618147,0.44294304155618147,0.45477435540481487,1,1,0,0,0.03333333333333333,0.18333333333333332,0.43333333333333335,0.0,0.0,0.0,0.0,0.0,0.0,0.03333333333333333,0.18333333333333332,0.43333333333333335,0.03333333333333333,0.18333333333333332,0.43333333333333335,0.08333333333333333,0.25,0.7166666666666667,0.03333333333333333,0.18333333333333332,0.43333333333333335,0.0,0.0,0.0
20260629,Concrete,8,324,0.43577246529878333,0.44636768071303035,0.44636768071303035,0.43577246529878333,0.43577246529878333,0.44636768071303035,1,1,0,0,0.25,0.38333333333333336,0.6833333333333333,0.0,0.0,0.0,0.0,0.0,0.0,0.25,0.38333333333333336,0.6833333333333333,0.25,0.38333333333333336,0.6833333333333333,0.3,0.6166666666666667,0.75,0.25,0.38333333333333336,0.6833333333333333,0.0,0.0,0.0
20260629,Concrete,8,309,0.4184936042591598,0.4622502631696932,0.4622502631696932,0.4184936042591598,0.4184936042591598,0.4622502631696932,1,1,0,0,0.5833333333333334,0.65,0.7333333333333333,0.0,0.0,0.0,0.0,0.0,0.0,0.5833333333333334,0.65,0.7333333333333333,0.5833333333333334,0.65,0.7333333333333333,0.31666666666666665,0.6,0.7833333333333333,0.5833333333333334,0.65,0.7333333333333333,0.0,0.0,0.0
20260629,Concrete,7,485,0.4445359953426775,0.4445359953426775,0.4445359953426775,0.4445359953426775,0.4445359953426775,0.4445359953426775,1,1,0,0,0.7666666666666667,0.8333333333333334,0.8333333333333334,0.0,0.0,0.0,0.0,0.0,0.0,0.7666666666666667,0.8333333333333334,0.8333333333333334,0.7666666666666667,0.8333333333333334,0.8333333333333334,0.0,0.0,0.3333333333333333,0.7666666666666667,0.8333333333333334,0.8333333333333334,0.0,0.0,0.0
20260629,Concrete,8,244,0.44497008546155215,0.44497008546155215,0.44497008546155215,0.44497008546155215,0.44497008546155215,0.44497008546155215,1,1,0,0,0.2,0.4166666666666667,0.4166666666666667,0.0,0.0,0.0,0.0,0.0,0.0,0.2,0.4166666666666667,0.4166666666666667,0.2,0.4166666666666667,0.4166666666666667,0.6333333333333333,0.85,0.9666666666666667,0.2,0.4166666666666667,0.4166666666666667,0.0,0.0,0.0
20260629,Concrete,7,436,0.43856846940074395,0.4332223139282537,0.4332223139282537,0.43856846940074395,0.43856846940074395,0.4332223139282537,1,1,0,0,0.6333333333333333,0.7166666666666667,0.8,0.0,0.0,0.0,0.0,0.0,0.0,0.6333333333333333,0.7166666666666667,0.8,0.6333333333333333,0.7166666666666667,0.8,0.0,0.0,0.3333333333333333,0.6333333333333333,0.7166666666666667,0.8,0.0,0.0,0.0
20260629,Concrete,6,337,0.4278417336902327,0.4501149059698359,0.4501149059698359,0.4278417336902327,0.4278417336902327,0.4501149059698359,1,1,0,0,0.0,0.13333333333333333,0.21666666666666667,0.0,0.0,0.0,0.0,0.0,0.0,0.0,0.13333333333333333,0.21666666666666667,0.0,0.13333333333333333,0.21666666666666667,0.0,0.03333333333333333,0.2833333333333333,0.0,0.13333333333333333,0.21666666666666667,0.0,0.0,0.0
20260629,Concrete,7,356,0.4362908811153657,0.4362908811153657,0.4362908811153657,0.4362908811153657,0.4362908811153657,0.4362908811153657,1,1,0,0,0.6166666666666667,0.5166666666666667,0.7,0.0,0.0,0.0,0.0,0.0,0.0,0.6166666666666667,0.5166666666666667,0.7,0.6166666666666667,0.5166666666666667,0.7,0.15,0.3333333333333333,0.6333333333333333,0.6166666666666667,0.5166666666666667,0.7,0.0,0.0,0.0
20260629,Concrete,4,296,0.4637440146652229,0.4793894667956458,0.4793894667956458,0.4637440146652229,0.4637440146652229,0.4793894667956458,1,1,0,0,0.45,0.4666666666666667,0.7666666666666667,0.0,0.0,0.0,0.0,0.0,0.0,0.45,0.4666666666666667,0.7666666666666667,0.45,0.4666666666666667,0.7666666666666667,0.26666666666666666,0.6,0.8666666666666667,0.45,0.4666666666666667,0.7666666666666667,0.0,0.0,0.0
20260629,Concrete,7,335,0.4254279283017896,0.4254279283017896,0.4254279283017896,0.4254279283017896,0.4254279283017896,0.4254279283017896,1,1,0,0,0.0,0.1,0.23333333333333334,0.0,0.0,0.0,0.0,0.0,0.0,0.0,0.1,0.23333333333333334,0.0,0.1,0.23333333333333334,0.016666666666666666,0.16666666666666666,0.6333333333333333,0.0,0.1,0.23333333333333334,0.0,0.0,0.0
20260629,Concrete,4,117,0.48291875786091326,0.5090733894516822,0.5090733894516822,0.48291875786091326,0.48291875786091326,0.5090733894516822,1,1,0,0,0.5666666666666667,0.7666666666666667,0.8166666666666667,0.0,0.0,0.0,0.0,0.0,0.0,0.5666666666666667,0.7666666666666667,0.8166666666666667,0.5666666666666667,0.7666666666666667,0.8166666666666667,0.016666666666666666,0.1,0.45,0.5666666666666667,0.7666666666666667,0.8166666666666667,0.0,0.0,0.0
20260629,Concrete,4,451,0.46989893345173145,0.5008247015012975,0.5008247015012975,0.46989893345173145,0.46989893345173145,0.5008247015012975,1,1,0,0,0.03333333333333333,0.16666666666666666,0.2,0.0,0.0,0.0,0.0,0.0,0.0,0.03333333333333333,0.16666666666666666,0.2,0.03333333333333333,0.16666666666666666,0.2,0.45,0.6333333333333333,0.75,0.03333333333333333,0.16666666666666666,0.2,0.0,0.0,0.0
