seed,family,m,N,tail_lexpr,tail_lexpr1,tail_asf1,tail_asfk,tail_mmrk,tail_raw,agree_lexpr_asfk,agree_lexpr_mmrk,tied_lexpr,tied_lexpr1,flip_lexpr_0.05,flip_lexpr_0.10,flip_lexpr_0.20,flip_lexpr1_0.05,flip_lexpr1_0.10,flip_lexpr1_0.20,flip_asf1_0.05,flip_asf1_0.10,flip_asf1_0.20,flip_asfk_0.05,flip_asfk_0.10,flip_asfk_0.20,flip_mmrk_0.05,flip_mmrk_0.10,flip_mmrk_0.20,flip_raw_0.05,flip_raw_0.10,flip_raw_0.20,classflip_lexpr_0.05,classflip_lexpr_0.10,classflip_lexpr_0.20,classflip_lexpr1_0.05,classflip_lexpr1_0.10,classflip_lexpr1_0.20
20260707,Knapsack,3,72,0.8660610697202803,0.857655279732762,0.857655279732762,0.8660610697202803,0.8660610697202803,0.857655279732762,1,1,0,0,0.0,0.0,0.25,0.0,0.0,0.0,0.0,0.0,0.0,0.0,0.0,0.1166666666666666,0.0,0.0,0.1166666666666666,0.65,0.9,1.0,0.0,0.0,0.25,0.0,0.0,0.0
20260707,Knapsack,3,247,0.8956980555559514,0.864865988974731,0.864865988974731,0.8956980555559514,0.8956980555559514,0.864865988974731,1,1,0,0,0.4,0.75,0.85,0.0,0.0,0.0,0.0,0.0,0.0,0.4,0.75,0.85,0.4,0.75,0.85,0.7333333333333333,0.9166666666666666,1.0,0.4,0.75,0.85,0.0,0.0,0.0
20260707,Knapsack,5,120,0.7771960207475822,0.753558536190914,0.753558536190914,0.7771960207475822,0.7771960207475822,0.753558536190914,1,1,0,0,0.0166666666666666,0.2666666666666666,0.35,0.0,0.0,0.0,0.0,0.0,0.0,0.0166666666666666,0.2666666666666666,0.35,0.0166666666666666,0.2666666666666666,0.35,0.7333333333333333,0.9333333333333332,0.95,0.0166666666666666,0.2666666666666666,0.35,0.0,0.0,0.0
20260707,Knapsack,4,72,0.8846314941547855,0.7613179691208907,0.7613179691208907,0.8846314941547855,0.8846314941547855,0.7613179691208907,1,1,0,0,0.0,0.0166666666666666,0.0666666666666666,0.0,0.0,0.0,0.0,0.0,0.0,0.4,0.5,0.55,0.0,0.0,0.0666666666666666,0.25,0.6666666666666666,0.8833333333333333,0.0,0.0166666666666666,0.0666666666666666,0.0,0.0,0.0
20260707,Knapsack,4,93,0.8770928653026542,0.7663269410519142,0.7663269410519142,0.8770928653026542,0.8770928653026542,0.7663269410519142,1,1,0,0,0.0,0.0,0.0666666666666666,0.0,0.0,0.0,0.0,0.0,0.0,0.0,0.0,0.0666666666666666,0.0,0.0,0.0666666666666666,0.8833333333333333,0.9666666666666668,0.9833333333333332,0.0,0.0,0.0666666666666666,0.0,0.0,0.0
20260707,Knapsack,3,289,0.8953511729929218,0.8428109948864534,0.8428109948864534,0.8953511729929218,0.8953511729929218,0.8428109948864534,1,1,0,0,0.3333333333333333,0.3666666666666666,0.5333333333333333,0.0,0.0,0.0,0.0,0.0,0.0,0.3333333333333333,0.3666666666666666,0.5333333333333333,0.3333333333333333,0.3666666666666666,0.5333333333333333,0.7833333333333333,0.9333333333333332,0.9666666666666668,0.3333333333333333,0.3666666666666666,0.5333333333333333,0.0,0.0,0.0
20260707,Knapsack,3,182,0.8581199264106035,0.8317977108043818,0.8317977108043818,0.8581199264106035,0.8581199264106035,0.8317977108043818,1,1,0,0,0.2333333333333333,0.5333333333333333,0.8166666666666667,0.0,0.0,0.0,0.0,0.0,0.0,0.2333333333333333,0.5333333333333333,0.8166666666666667,0.2333333333333333,0.5333333333333333,0.8166666666666667,0.7,0.8666666666666667,1.0,0.2333333333333333,0.5333333333333333,0.8166666666666667,0.0,0.0,0.0
20260707,Knapsack,4,299,0.8549733021948004,0.7721024768455448,0.7721024768455448,0.8549733021948004,0.8549733021948004,0.7721024768455448,1,1,0,0,0.0166666666666666,0.1,0.4333333333333333,0.0,0.0,0.0,0.0,0.0,0.0,0.0166666666666666,0.1,0.4333333333333333,0.0166666666666666,0.1,0.4333333333333333,0.65,0.7833333333333333,0.9833333333333332,0.0166666666666666,0.1,0.4333333333333333,0.0,0.0,0.0
20260707,Knapsack,4,153,0.8291822814087844,0.7594641655360684,0.7594641655360684,0.8291822814087844,0.8291822814087844,0.7594641655360684,1,1,0,0,0.0333333333333333,0.2333333333333333,0.4833333333333333,0.0,0.0,0.0,0.0,0.0,0.0,0.0333333333333333,0.2333333333333333,0.4833333333333333,0.0333333333333333,0.2333333333333333,0.4833333333333333,0.55,0.8,0.95,0.0333333333333333,0.2333333333333333,0.4833333333333333,0.0,0.0,0.0
20260707,Knapsack,4,212,0.8181342305104351,0.774088337391113,0.774088337391113,0.8181342305104351,0.8181342305104351,0.774088337391113,1,1,0,0,0.2,0.4333333333333333,0.6166666666666667,0.0,0.0,0.0,0.0,0.0,0.0,0.2,0.4333333333333333,0.6166666666666667,0.2,0.5333333333333333,0.75,0.5833333333333334,0.8833333333333333,0.9666666666666668,0.2,0.4333333333333333,0.6166666666666667,0.0,0.0,0.0
20260707,Knapsack,4,267,0.8523138753316039,0.7779410226290584,0.7779410226290584,0.8523138753316039,0.8523138753316039,0.7779410226290584,1,1,0,0,0.2,0.35,0.7,0.0,0.0,0.0,0.0,0.0,0.0,0.2,0.35,0.7,0.2,0.35,0.7,0.3666666666666666,0.9166666666666666,0.9833333333333332,0.2,0.35,0.7,0.0,0.0,0.0
20260707,Knapsack,3,273,0.8850628093916423,0.8387891320597348,0.8390610814851044,0.8850628093916423,0.8850628093916423,0.8390610814851044,1,1,0,0,0.6666666666666666,0.75,0.8833333333333333,0.0,0.0,0.0,0.0,0.0,0.0,0.6666666666666666,0.75,0.8833333333333333,0.6666666666666666,0.75,0.8833333333333333,0.75,0.8666666666666667,0.9666666666666668,0.6666666666666666,0.75,0.8833333333333333,0.0,0.0,0.0
20260707,Knapsack,5,266,0.8026454734227565,0.7600680648896823,0.7600680648896823,0.8026454734227565,0.8026454734227565,0.7600680648896823,1,1,0,0,0.6666666666666666,0.7833333333333333,0.9166666666666666,0.0,0.0,0.0,0.0,0.0,0.0,0.6666666666666666,0.7833333333333333,0.9166666666666666,0.6666666666666666,0.7833333333333333,0.9166666666666666,0.5333333333333333,0.6333333333333333,0.9,0.6666666666666666,0.7833333333333333,0.9166666666666666,0.0,0.0,0.0
20260707,Knapsack,5,129,0.7833323232073132,0.7449242424510772,0.7524152294209323,0.7833323232073132,0.7833323232073132,0.7524152294209323,1,1,0,0,0.7,0.5833333333333334,0.65,0.0,0.0,0.0,0.0,0.0,0.0,0.7,0.5833333333333334,0.65,0.7,0.5833333333333334,0.65,0.9166666666666666,0.9833333333333332,1.0,0.7,0.5833333333333334,0.65,0.0,0.0,0.0
20260707,Knapsack,3,82,0.8996352832583964,0.8286215263615505,0.8286215263615505,0.8996352832583964,0.9215889503446942,0.8286215263615505,1,0,0,0,0.05,0.3,0.7333333333333333,0.0,0.0,0.0,0.0,0.0,0.0,0.1166666666666666,0.3833333333333333,0.7333333333333333,0.3166666666666666,0.6333333333333333,0.85,0.5,0.7166666666666667,0.9166666666666666,0.05,0.3,0.7333333333333333,0.0,0.0,0.0
20260707,Knapsack,3,150,0.8931563014104635,0.8305942420164236,0.8305942420164236,0.8931563014104635,0.8931563014104635,0.8305942420164236,1,1,0,0,0.3333333333333333,0.45,0.6833333333333333,0.0,0.0,0.0,0.0,0.0,0.0,0.3333333333333333,0.45,0.6833333333333333,0.3333333333333333,0.45,0.6833333333333333,0.7166666666666667,0.8166666666666667,0.9666666666666668,0.3333333333333333,0.45,0.6833333333333333,0.0,0.0,0.0
20260707,Knapsack,5,218,0.8280042410541112,0.7600242031415768,0.7600242031415768,0.8280042410541112,0.8280042410541112,0.7600242031415768,1,1,0,0,0.0,0.05,0.1833333333333333,0.0,0.0,0.0,0.0,0.0,0.0,0.0,0.05,0.1833333333333333,0.0,0.05,0.2,0.9,0.9833333333333332,1.0,0.0,0.05,0.1833333333333333,0.0,0.0,0.0
20260707,Knapsack,5,113,0.8512175621305413,0.7409095398134049,0.7409095398134049,0.8512175621305413,0.8512175621305413,0.7409095398134049,1,1,0,0,0.0666666666666666,0.25,0.4833333333333333,0.0,0.0,0.0,0.0,0.0,0.0,0.0666666666666666,0.25,0.4333333333333333,0.0666666666666666,0.25,0.4333333333333333,0.0166666666666666,0.4333333333333333,0.8666666666666667,0.0666666666666666,0.25,0.4833333333333333,0.0,0.0,0.0
20260707,Knapsack,4,165,0.8755003071468875,0.7836978188122231,0.7836978188122231,0.8755003071468875,0.8755003071468875,0.7836978188122231,1,1,0,0,0.0,0.0833333333333333,0.55,0.0,0.0,0.0,0.0,0.0,0.0,0.0,0.05,0.2666666666666666,0.0,0.2,0.6666666666666666,0.6166666666666667,0.9,0.9666666666666668,0.0,0.0833333333333333,0.55,0.0,0.0,0.0
20260707,Knapsack,5,136,0.7718228123909114,0.747556652738561,0.747556652738561,0.7718228123909114,0.7718228123909114,0.747556652738561,1,1,0,0,0.5666666666666667,0.6166666666666667,0.8666666666666667,0.0,0.0,0.0,0.0,0.0,0.0,0.5666666666666667,0.6166666666666667,0.8666666666666667,0.5666666666666667,0.6166666666666667,0.8666666666666667,0.6666666666666666,0.9,0.9666666666666668,0.5666666666666667,0.6166666666666667,0.8666666666666667,0.0,0.0,0.0
20260707,Knapsack,5,291,0.8273208976924137,0.756597187034717,0.756597187034717,0.8273208976924137,0.8273208976924137,0.756597187034717,1,1,0,0,0.1,0.3,0.5166666666666667,0.0,0.0,0.0,0.0,0.0,0.0,0.1,0.3,0.5166666666666667,0.1,0.3,0.5166666666666667,0.3833333333333333,0.8166666666666667,0.9666666666666668,0.1,0.3,0.5166666666666667,0.0,0.0,0.0
20260707,Knapsack,3,224,0.905762993918341,0.8472416355608826,0.8472416355608826,0.905762993918341,0.905762993918341,0.8472416355608826,1,1,0,0,0.0,0.0666666666666666,0.5333333333333333,0.0,0.0,0.0,0.0,0.0,0.0,0.0,0.0666666666666666,0.5333333333333333,0.0,0.0666666666666666,0.5333333333333333,0.6333333333333333,0.7666666666666667,0.9333333333333332,0.0,0.0666666666666666,0.5333333333333333,0.0,0.0,0.0
20260707,Knapsack,4,64,0.9667456642539836,0.7599407181895091,0.7599407181895091,0.9667456642539836,0.9667456642539836,0.7599407181895091,1,1,0,0,0.0,0.1166666666666666,0.4,0.0,0.0,0.0,0.0,0.0,0.0,0.0,0.1166666666666666,0.4,0.0,0.1166666666666666,0.4,0.5333333333333333,0.7166666666666667,0.85,0.0,0.1166666666666666,0.4,0.0,0.0,0.0
20260707,Knapsack,4,143,0.8793331906340559,0.8107335275813479,0.8107335275813479,0.8793331906340559,0.8793331906340559,0.8107335275813479,1,1,0,0,0.3333333333333333,0.4166666666666667,0.4666666666666667,0.0,0.0,0.0,0.0,0.0,0.0,0.3333333333333333,0.4166666666666667,0.4666666666666667,0.3333333333333333,0.4166666666666667,0.4666666666666667,0.3333333333333333,0.7333333333333333,0.9666666666666668,0.3333333333333333,0.4166666666666667,0.4666666666666667,0.0,0.0,0.0
20260707,Knapsack,5,116,0.7887551107610089,0.7818915710280571,0.7818915710280571,0.7887551107610089,0.7887551107610089,0.7818915710280571,1,1,0,0,0.0,0.1333333333333333,0.4166666666666667,0.0,0.0,0.0,0.0,0.0,0.0,0.0,0.1333333333333333,0.4166666666666667,0.0,0.1333333333333333,0.4166666666666667,0.5166666666666667,0.5333333333333333,0.95,0.0,0.1333333333333333,0.4166666666666667,0.0,0.0,0.0
20260707,Knapsack,4,62,0.834403107905046,0.7782048116044517,0.7782048116044517,0.834403107905046,0.834403107905046,0.7782048116044517,1,1,0,0,0.0,0.05,0.4666666666666667,0.0,0.0,0.0,0.0,0.0,0.0,0.0,0.05,0.4666666666666667,0.0,0.05,0.4666666666666667,0.5,0.6666666666666666,0.95,0.0,0.05,0.4666666666666667,0.0,0.0,0.0
20260707,Knapsack,3,259,0.8778753699755603,0.8262485081443534,0.8289683442594054,0.8778753699755603,0.8778753699755603,0.8289683442594054,1,1,0,0,0.3833333333333333,0.4833333333333333,0.5833333333333334,0.0,0.0,0.0,0.0,0.0,0.0,0.3833333333333333,0.4833333333333333,0.5833333333333334,0.3833333333333333,0.4833333333333333,0.5833333333333334,0.9166666666666666,1.0,1.0,0.3833333333333333,0.4833333333333333,0.5833333333333334,0.0,0.0,0.0
20260707,Knapsack,4,132,0.815457578157106,0.775407489860282,0.775407489860282,0.815457578157106,0.815457578157106,0.775407489860282,1,1,0,0,0.0,0.3333333333333333,0.8166666666666667,0.0,0.0,0.0,0.0,0.0,0.0,0.0,0.3333333333333333,0.8166666666666667,0.0,0.3333333333333333,0.8166666666666667,0.4166666666666667,0.7,0.9166666666666666,0.0,0.3333333333333333,0.8166666666666667,0.0,0.0,0.0
20260707,Knapsack,3,174,0.9175997989588944,0.855099769042949,0.855099769042949,0.9175997989588944,0.9175997989588944,0.855099769042949,1,1,0,0,0.2166666666666666,0.5833333333333334,0.7,0.0,0.0,0.0,0.0,0.0,0.0,0.2166666666666666,0.5833333333333334,0.7,0.2166666666666666,0.5833333333333334,0.7,0.5333333333333333,0.9166666666666666,1.0,0.2166666666666666,0.5833333333333334,0.7,0.0,0.0,0.0
20260707,Knapsack,4,191,0.871871433281768,0.7677346055408858,0.7677346055408858,0.871871433281768,0.871871433281768,0.7677346055408858,1,1,0,0,0.3833333333333333,0.3833333333333333,0.6166666666666667,0.0,0.0,0.0,0.0,0.0,0.0,0.3833333333333333,0.3833333333333333,0.6166666666666667,0.3833333333333333,0.3833333333333333,0.6166666666666667,0.2833333333333333,0.8166666666666667,0.95,0.3833333333333333,0.3833333333333333,0.6166666666666667,0.0,0.0,0.0
20260707,Knapsack,4,297,0.826237732543612,0.7981694870023895,0.7981694870023895,0.826237732543612,0.826237732543612,0.7981694870023895,1,1,0,0,0.7166666666666667,0.9,0.9833333333333332,0.0,0.0,0.0,0.0,0.0,0.0,0.7166666666666667,0.9,0.9833333333333332,0.7166666666666667,0.9,0.9833333333333332,0.6166666666666667,0.85,0.9833333333333332,0.7166666666666667,0.9,0.9833333333333332,0.0,0.0,0.0
20260707,Knapsack,3,94,0.8329778813073795,0.8161452024516405,0.8161452024516405,0.8329778813073795,0.8329778813073795,0.8161452024516405,1,1,0,0,0.1833333333333333,0.3666666666666666,0.5,0.0,0.0,0.0,0.0,0.0,0.0,0.1833333333333333,0.3666666666666666,0.5,0.1833333333333333,0.3666666666666666,0.5,0.5666666666666667,0.7333333333333333,0.9,0.1833333333333333,0.3666666666666666,0.5,0.0,0.0,0.0
20260707,Knapsack,4,116,0.9288154744609592,0.7795849104915094,0.7795849104915094,0.9288154744609592,0.9288154744609592,0.7795849104915094,1,1,0,0,0.1333333333333333,0.4833333333333333,0.85,0.0,0.0,0.0,0.0,0.0,0.0,0.1333333333333333,0.4666666666666667,0.8,0.1333333333333333,0.4833333333333333,0.85,0.4166666666666667,0.7333333333333333,0.85,0.1333333333333333,0.4833333333333333,0.85,0.0,0.0,0.0
20260707,Knapsack,4,242,0.8527984047321081,0.7794078419546279,0.7794078419546279,0.8527984047321081,0.8527984047321081,0.7794078419546279,1,1,0,0,0.0333333333333333,0.5,0.8333333333333334,0.0,0.0,0.0,0.0,0.0,0.0,0.0333333333333333,0.5,0.8333333333333334,0.0333333333333333,0.5,0.8333333333333334,0.6,0.6833333333333333,0.9666666666666668,0.0333333333333333,0.5,0.8333333333333334,0.0,0.0,0.0
20260707,Knapsack,4,264,0.8360440423330507,0.7840681820501523,0.7840681820501523,0.8360440423330507,0.8360440423330507,0.7840681820501523,1,1,0,0,0.3833333333333333,0.4166666666666667,0.45,0.0,0.0,0.0,0.0,0.0,0.0,0.3833333333333333,0.4166666666666667,0.45,0.3833333333333333,0.4166666666666667,0.45,0.4333333333333333,0.8666666666666667,1.0,0.3833333333333333,0.4166666666666667,0.45,0.0,0.0,0.0
20260707,Knapsack,3,201,0.8846976184797561,0.818357258526201,0.818357258526201,0.8846976184797561,0.8846976184797561,0.818357258526201,1,1,0,1,0.1166666666666666,0.35,0.6666666666666666,0.0,0.0,0.0,0.0,0.0,0.0,0.1166666666666666,0.35,0.6666666666666666,0.1166666666666666,0.35,0.6666666666666666,0.6666666666666666,0.9,0.9833333333333332,0.1166666666666666,0.35,0.6666666666666666,0.0,0.0,0.0
20260707,Knapsack,3,171,0.8769280981478046,0.8239398042543047,0.8256483810361323,0.8769280981478046,0.8769280981478046,0.8256483810361323,1,1,0,0,0.0,0.0666666666666666,0.35,0.0,0.0,0.0,0.0,0.0,0.0,0.0,0.05,0.2166666666666666,0.0,0.05,0.2166666666666666,0.7166666666666667,0.9666666666666668,1.0,0.0,0.0666666666666666,0.35,0.0,0.0,0.0
20260707,Knapsack,5,147,0.7954035973393636,0.7803520001229586,0.7803520001229586,0.7954035973393636,0.7954035973393636,0.7803520001229586,1,1,0,0,0.0333333333333333,0.25,0.75,0.0,0.0,0.0,0.0,0.0,0.0,0.0333333333333333,0.25,0.75,0.0333333333333333,0.25,0.75,0.65,0.8833333333333333,0.9833333333333332,0.0333333333333333,0.25,0.75,0.0,0.0,0.0
20260707,Knapsack,4,107,0.8872470514039871,0.8094176032506287,0.8094176032506287,0.8930618953573496,0.8452264084199113,0.8094176032506287,0,0,0,0,0.2,0.35,0.5833333333333334,0.0,0.0,0.0,0.0,0.0,0.0,0.0166666666666666,0.1666666666666666,0.4,0.5,0.4666666666666667,0.6,0.4166666666666667,0.8666666666666667,0.9166666666666666,0.2,0.35,0.5833333333333334,0.0,0.0,0.0
20260707,Knapsack,3,216,0.9001603830097252,0.8667638273765431,0.8667638273765431,0.9001603830097252,0.9001603830097252,0.8667638273765431,1,1,0,0,0.0,0.0,0.3,0.0,0.0,0.0,0.0,0.0,0.0,0.0,0.0,0.2,0.0,0.0,0.3333333333333333,0.6833333333333333,0.85,0.95,0.0,0.0,0.3,0.0,0.0,0.0
20260707,Knapsack,4,297,0.8727147686692344,0.7958696661534819,0.7958696661534819,0.8727147686692344,0.8727147686692344,0.7958696661534819,1,1,0,0,0.45,0.8,0.9166666666666666,0.0,0.0,0.0,0.0,0.0,0.0,0.45,0.8,0.9166666666666666,0.45,0.8,0.9166666666666666,0.3,0.6666666666666666,0.95,0.45,0.8,0.9166666666666666,0.0,0.0,0.0
20260707,Knapsack,5,246,0.7964963362751424,0.7653529178651807,0.7653529178651807,0.7964963362751424,0.7964963362751424,0.7653529178651807,1,1,0,0,0.5666666666666667,0.7666666666666667,0.7333333333333333,0.0,0.0,0.0,0.0,0.0,0.0,0.5666666666666667,0.7666666666666667,0.7333333333333333,0.65,0.85,0.8,0.7166666666666667,0.95,0.9333333333333332,0.5666666666666667,0.7666666666666667,0.7333333333333333,0.0,0.0,0.0
20260707,Knapsack,5,191,0.8207139909022935,0.743817370766515,0.743817370766515,0.8207139909022935,0.8207139909022935,0.743817370766515,1,1,0,0,0.25,0.4333333333333333,0.7,0.0,0.0,0.0,0.0,0.0,0.0,0.25,0.4333333333333333,0.6666666666666666,0.25,0.4333333333333333,0.7,0.5166666666666667,0.8666666666666667,0.9833333333333332,0.25,0.4333333333333333,0.7,0.0,0.0,0.0
20260707,Knapsack,3,187,0.915276663693428,0.8644117055713539,0.8650017067176802,0.915276663693428,0.915276663693428,0.8650017067176802,1,1,0,0,0.0166666666666666,0.1333333333333333,0.35,0.0,0.0,0.0,0.0,0.0,0.0,0.0166666666666666,0.1333333333333333,0.35,0.0166666666666666,0.1333333333333333,0.35,0.9,0.9166666666666666,0.9666666666666668,0.0166666666666666,0.1333333333333333,0.35,0.0,0.0,0.0
20260707,Knapsack,3,105,0.9275388232555736,0.8360525743027509,0.8367862596978527,0.9275388232555736,0.9275388232555736,0.8367862596978527,1,1,0,0,0.0,0.1666666666666666,0.45,0.0,0.0,0.0,0.0,0.0,0.0,0.0,0.1666666666666666,0.4666666666666667,0.0,0.1666666666666666,0.4333333333333333,0.8166666666666667,0.9333333333333332,1.0,0.0,0.1666666666666666,0.45,0.0,0.0,0.0
20260707,Knapsack,4,245,0.833513925323971,0.795161490797814,0.795161490797814,0.833513925323971,0.833513925323971,0.795161490797814,1,1,0,0,0.3333333333333333,0.4833333333333333,0.8,0.0,0.0,0.0,0.0,0.0,0.0,0.3333333333333333,0.4833333333333333,0.8,0.3333333333333333,0.4833333333333333,0.8,0.5666666666666667,0.7833333333333333,0.9666666666666668,0.3333333333333333,0.4833333333333333,0.8,0.0,0.0,0.0
20260707,Knapsack,3,135,0.8613339181341153,0.8371161012806005,0.8371161012806005,0.8613339181341153,0.8613339181341153,0.8371161012806005,1,1,0,0,0.0,0.1166666666666666,0.4166666666666667,0.0,0.0,0.0,0.0,0.0,0.0,0.0,0.1166666666666666,0.45,0.0,0.1166666666666666,0.45,0.5,0.9,1.0,0.0,0.1166666666666666,0.4166666666666667,0.0,0.0,0.0
20260707,Knapsack,3,214,0.9168724872134816,0.8476764922077155,0.8476764922077155,0.9168724872134816,0.9168724872134816,0.8476764922077155,1,1,0,0,0.3,0.4666666666666667,0.7666666666666667,0.0,0.0,0.0,0.0,0.0,0.0,0.3,0.4666666666666667,0.7666666666666667,0.3,0.4666666666666667,0.75,0.7,0.8833333333333333,0.9666666666666668,0.3,0.4666666666666667,0.7666666666666667,0.0,0.0,0.0
20260707,Knapsack,3,229,0.8931351767037712,0.8123867325073066,0.8123867325073066,0.8931351767037712,0.8931351767037712,0.8123867325073066,1,1,0,0,0.0,0.2833333333333333,0.6,0.0,0.0,0.0,0.0,0.0,0.0,0.0,0.2,0.4666666666666667,0.0166666666666666,0.3833333333333333,0.6166666666666667,0.4,0.8166666666666667,0.9833333333333332,0.0,0.2833333333333333,0.6,0.0,0.0,0.0
20260707,Knapsack,5,72,0.7988928145300189,0.775254578216172,0.775254578216172,0.7988928145300189,0.7988928145300189,0.775254578216172,1,1,0,0,0.0,0.1333333333333333,0.6166666666666667,0.0,0.0,0.0,0.0,0.0,0.0,0.0,0.1333333333333333,0.6166666666666667,0.0,0.1333333333333333,0.6166666666666667,0.5333333333333333,0.9166666666666666,0.9833333333333332,0.0,0.1333333333333333,0.6166666666666667,0.0,0.0,0.0
20260707,Knapsack,4,116,0.8583761792549826,0.770900608767825,0.770900608767825,0.8583761792549826,0.8583761792549826,0.770900608767825,1,1,0,0,0.1666666666666666,0.5833333333333334,0.65,0.0,0.0,0.0,0.0,0.0,0.0,0.1666666666666666,0.5833333333333334,0.65,0.1666666666666666,0.5833333333333334,0.65,0.1333333333333333,0.6,0.9333333333333332,0.1666666666666666,0.5833333333333334,0.65,0.0,0.0,0.0
20260707,Knapsack,4,113,0.9033587172688542,0.7796343710975451,0.7796343710975451,0.9033587172688542,0.9033587172688542,0.7796343710975451,1,1,0,0,0.4,0.8,0.95,0.0,0.0,0.0,0.0,0.0,0.0,0.4,0.8,0.95,0.4,0.8,0.95,0.2833333333333333,0.4833333333333333,0.8166666666666667,0.4,0.8,0.95,0.0,0.0,0.0
20260707,Knapsack,4,127,0.8397780854307421,0.7786457671735482,0.7786457671735482,0.8397780854307421,0.8397780854307421,0.7786457671735482,1,1,0,0,0.0666666666666666,0.4666666666666667,0.6166666666666667,0.0,0.0,0.0,0.0,0.0,0.0,0.0666666666666666,0.4666666666666667,0.6166666666666667,0.0666666666666666,0.4666666666666667,0.6166666666666667,0.6333333333333333,0.8666666666666667,1.0,0.0666666666666666,0.4666666666666667,0.6166666666666667,0.0,0.0,0.0
20260707,Knapsack,5,282,0.7527258621309455,0.748488765191884,0.748488765191884,0.7527258621309455,0.7527258621309455,0.748488765191884,1,1,0,0,0.0166666666666666,0.1833333333333333,0.2166666666666666,0.0,0.0,0.0,0.0,0.0,0.0,0.0166666666666666,0.1833333333333333,0.2166666666666666,0.0166666666666666,0.1833333333333333,0.2166666666666666,0.4,0.8666666666666667,0.9333333333333332,0.0166666666666666,0.1833333333333333,0.2166666666666666,0.0,0.0,0.0
20260707,Knapsack,3,240,0.9212292638459152,0.8444159071592784,0.8445390798788688,0.9276424080644596,0.9212292638459152,0.8445390798788688,0,1,0,0,0.2666666666666666,0.3333333333333333,0.6166666666666667,0.0,0.0,0.0,0.0,0.0,0.0,0.8166666666666667,0.85,0.9333333333333332,0.2666666666666666,0.3333333333333333,0.6166666666666667,0.8166666666666667,0.9333333333333332,0.9666666666666668,0.2666666666666666,0.3333333333333333,0.6166666666666667,0.0,0.0,0.0
20260707,Knapsack,3,144,0.9209529434586032,0.8546620286726543,0.8546620286726543,0.9209529434586032,0.9209529434586032,0.8546620286726543,1,1,0,0,0.0,0.05,0.4,0.0,0.0,0.0,0.0,0.0,0.0,0.0,0.05,0.4,0.0,0.05,0.4,0.8,0.8833333333333333,0.9833333333333332,0.0,0.05,0.4,0.0,0.0,0.0
20260707,Knapsack,4,227,0.8809501931344841,0.7726100687893394,0.7726100687893394,0.8809501931344841,0.8809501931344841,0.7726100687893394,1,1,0,0,0.0,0.1,0.4333333333333333,0.0,0.0,0.0,0.0,0.0,0.0,0.0,0.1,0.4333333333333333,0.0,0.1,0.4333333333333333,0.3666666666666666,0.7666666666666667,0.9833333333333332,0.0,0.1,0.4333333333333333,0.0,0.0,0.0
20260707,Knapsack,4,133,0.8744035915391438,0.7963541808844935,0.7963541808844935,0.8744035915391438,0.8744035915391438,0.7963541808844935,1,1,0,0,0.0,0.05,0.2833333333333333,0.0,0.0,0.0,0.0,0.0,0.0,0.0,0.05,0.25,0.0,0.05,0.25,0.4833333333333333,0.8166666666666667,0.9166666666666666,0.0,0.05,0.2833333333333333,0.0,0.0,0.0
20260707,Knapsack,5,175,0.7945919417488299,0.7695375271739722,0.7695375271739722,0.7945919417488299,0.7945919417488299,0.7695375271739722,1,1,0,0,0.45,0.5833333333333334,0.7833333333333333,0.0,0.0,0.0,0.0,0.0,0.0,0.45,0.5833333333333334,0.7833333333333333,0.45,0.5833333333333334,0.7833333333333333,0.4,0.8,0.9166666666666666,0.45,0.5833333333333334,0.7833333333333333,0.0,0.0,0.0
20260707,Knapsack,3,155,0.8936157147293435,0.8240294596429695,0.8106570970407804,0.8936157147293435,0.8936157147293435,0.8106570970407804,1,1,0,0,0.0,0.0666666666666666,0.4,0.0,0.0,0.0,0.0,0.0,0.0,0.0,0.0666666666666666,0.4,0.0,0.0666666666666666,0.4,0.6833333333333333,0.85,0.95,0.0,0.0666666666666666,0.4,0.0,0.0,0.0
20260707,Knapsack,5,253,0.8184160074979395,0.7373148392487668,0.7373148392487668,0.8184160074979395,0.8184160074979395,0.7373148392487668,1,1,0,0,0.4833333333333333,0.65,0.5333333333333333,0.0,0.0,0.0,0.0,0.0,0.0,0.2333333333333333,0.5166666666666667,0.5333333333333333,0.4833333333333333,0.6333333333333333,0.55,0.05,0.4666666666666667,0.9333333333333332,0.4833333333333333,0.65,0.5333333333333333,0.0,0.0,0.0
20260707,Knapsack,3,76,0.84950584355832,0.8036345917493711,0.8036345917493711,0.8532015863704859,0.84950584355832,0.8036345917493711,0,1,0,0,0.5166666666666667,0.6666666666666666,0.8,0.0,0.0,0.0,0.0,0.0,0.0,0.0,0.1333333333333333,0.45,0.5166666666666667,0.6666666666666666,0.8,0.7666666666666667,0.8833333333333333,1.0,0.5166666666666667,0.6666666666666666,0.8,0.0,0.0,0.0
20260707,Knapsack,5,135,0.8644691187575437,0.7375937745937975,0.7375937745937975,0.8644691187575437,0.8644691187575437,0.7375937745937975,1,1,0,0,0.0,0.15,0.2833333333333333,0.0,0.0,0.0,0.0,0.0,0.0,0.0,0.15,0.3,0.0,0.15,0.3,0.2333333333333333,0.5,0.8333333333333334,0.0,0.15,0.2833333333333333,0.0,0.0,0.0
20260707,Knapsack,3,220,0.9234753765798904,0.8498861388740248,0.8498861388740248,0.9234753765798904,0.9234753765798904,0.8498861388740248,1,1,0,0,0.3666666666666666,0.55,0.6166666666666667,0.0,0.0,0.0,0.0,0.0,0.0,0.3666666666666666,0.55,0.6166666666666667,0.3666666666666666,0.55,0.6166666666666667,0.6,0.8333333333333334,0.95,0.3666666666666666,0.55,0.6166666666666667,0.0,0.0,0.0
20260707,Knapsack,4,219,0.8560679564016377,0.8007042455329924,0.8007042455329924,0.8560679564016377,0.8560679564016377,0.8007042455329924,1,1,0,0,0.0,0.0,0.1333333333333333,0.0,0.0,0.0,0.0,0.0,0.0,0.0,0.0,0.1333333333333333,0.0,0.0,0.1333333333333333,0.6,0.7666666666666667,0.9666666666666668,0.0,0.0,0.1333333333333333,0.0,0.0,0.0
20260707,Knapsack,3,66,0.8587094339020372,0.7737134845480728,0.7737134845480728,0.8587094339020372,0.8587094339020372,0.7737134845480728,1,1,0,0,0.0666666666666666,0.2333333333333333,0.4166666666666667,0.0,0.0,0.0,0.0,0.0,0.0,0.0666666666666666,0.2333333333333333,0.4166666666666667,0.0666666666666666,0.2333333333333333,0.4166666666666667,0.35,0.6833333333333333,0.8,0.0666666666666666,0.2333333333333333,0.4166666666666667,0.0,0.0,0.0
20260707,Knapsack,4,115,0.8438949183774939,0.8032411117289653,0.8032411117289653,0.8438949183774939,0.8438949183774939,0.8032411117289653,1,1,0,0,0.0333333333333333,0.2333333333333333,0.5333333333333333,0.0,0.0,0.0,0.0,0.0,0.0,0.0333333333333333,0.2333333333333333,0.5333333333333333,0.0333333333333333,0.2333333333333333,0.5333333333333333,0.5,0.5833333333333334,0.95,0.0333333333333333,0.2333333333333333,0.5333333333333333,0.0,0.0,0.0
20260707,Knapsack,3,80,0.8899406829066242,0.8442762798258128,0.8442762798258128,0.8899406829066242,0.8899406829066242,0.8442762798258128,1,1,0,0,0.2166666666666666,0.3,0.3833333333333333,0.0,0.0,0.0,0.0,0.0,0.0,0.2166666666666666,0.3,0.3833333333333333,0.2166666666666666,0.3,0.3833333333333333,0.3166666666666666,0.7,0.8333333333333334,0.2166666666666666,0.3,0.3833333333333333,0.0,0.0,0.0
20260707,Knapsack,5,191,0.8095605145440615,0.7613894793977181,0.7613894793977181,0.8095605145440615,0.8095605145440615,0.7613894793977181,1,1,0,0,0.5666666666666667,0.9333333333333332,0.9333333333333332,0.0,0.0,0.0,0.0,0.0,0.0,0.5666666666666667,0.9333333333333332,0.9333333333333332,0.5666666666666667,0.9333333333333332,0.9333333333333332,0.7666666666666667,0.8166666666666667,0.9166666666666666,0.5666666666666667,0.9333333333333332,0.9333333333333332,0.0,0.0,0.0
20260707,Knapsack,3,206,0.8942457958898491,0.8413570186327725,0.8413570186327725,0.8942457958898491,0.8942457958898491,0.8413570186327725,1,1,0,0,0.3166666666666666,0.5166666666666667,0.6666666666666666,0.0,0.0,0.0,0.0,0.0,0.0,0.3166666666666666,0.5166666666666667,0.6333333333333333,0.3166666666666666,0.5166666666666667,0.6333333333333333,0.6166666666666667,0.9,0.95,0.3166666666666666,0.5166666666666667,0.6666666666666666,0.0,0.0,0.0
20260707,Knapsack,3,139,0.8824049885234992,0.8293882840129552,0.8293882840129552,0.8824049885234992,0.8824049885234992,0.8293882840129552,1,1,0,0,0.05,0.3166666666666666,0.7,0.0,0.0,0.0,0.0,0.0,0.0,0.05,0.3166666666666666,0.7,0.05,0.3166666666666666,0.7,0.65,0.8833333333333333,0.9333333333333332,0.05,0.3166666666666666,0.7,0.0,0.0,0.0
20260707,Knapsack,3,264,0.9228871276402004,0.8654922740974859,0.8654922740974859,0.9228871276402004,0.9228871276402004,0.8654922740974859,1,1,0,0,0.75,0.7833333333333333,0.9333333333333332,0.0,0.0,0.0,0.0,0.0,0.0,0.75,0.7833333333333333,0.9333333333333332,0.6333333333333333,0.7333333333333333,0.9166666666666666,0.75,0.95,0.9833333333333332,0.75,0.7833333333333333,0.9333333333333332,0.0,0.0,0.0
20260707,Knapsack,4,232,0.8309620148993455,0.8044845664675383,0.8044845664675383,0.8309620148993455,0.8309620148993455,0.8044845664675383,1,1,0,0,0.0166666666666666,0.2,0.3833333333333333,0.0,0.0,0.0,0.0,0.0,0.0,0.0166666666666666,0.2,0.3833333333333333,0.0166666666666666,0.2,0.3833333333333333,0.7666666666666667,0.9,0.9666666666666668,0.0166666666666666,0.2,0.3833333333333333,0.0,0.0,0.0
20260707,Knapsack,4,172,0.8697181862522501,0.781148956055021,0.781148956055021,0.8697181862522501,0.8697181862522501,0.781148956055021,1,1,0,0,0.15,0.3,0.5833333333333334,0.0,0.0,0.0,0.0,0.0,0.0,0.15,0.3,0.5666666666666667,0.15,0.3,0.5833333333333334,0.35,0.65,0.9666666666666668,0.15,0.3,0.5833333333333334,0.0,0.0,0.0
20260707,Knapsack,4,236,0.8254973013038328,0.7888734676535766,0.7888734676535766,0.8254973013038328,0.8254973013038328,0.7888734676535766,1,1,0,0,0.15,0.4833333333333333,0.75,0.0,0.0,0.0,0.0,0.0,0.0,0.15,0.4333333333333333,0.6666666666666666,0.15,0.4333333333333333,0.55,0.5166666666666667,0.8333333333333334,0.9666666666666668,0.15,0.4833333333333333,0.75,0.0,0.0,0.0
20260707,Knapsack,3,102,0.8690747939367275,0.8428266903383718,0.8428266903383718,0.8848373491406941,0.8690747939367275,0.8428266903383718,0,1,0,0,0.1833333333333333,0.45,0.6,0.0,0.0,0.0,0.0,0.0,0.0,0.2833333333333333,0.5333333333333333,0.7833333333333333,0.1833333333333333,0.35,0.5666666666666667,0.65,0.95,0.9666666666666668,0.1833333333333333,0.45,0.6,0.0,0.0,0.0
20260707,Knapsack,5,135,0.8011953048613029,0.758558531744847,0.758558531744847,0.8011953048613029,0.8011953048613029,0.758558531744847,1,1,0,0,0.0,0.0,0.2,0.0,0.0,0.0,0.0,0.0,0.0,0.0,0.0,0.2,0.0,0.0,0.2,0.6166666666666667,0.9166666666666666,0.9666666666666668,0.0,0.0,0.2,0.0,0.0,0.0
20260707,Knapsack,4,216,0.912755760734313,0.7764106577568545,0.7764106577568545,0.912755760734313,0.912755760734313,0.7764106577568545,1,1,0,0,0.9166666666666666,0.8333333333333334,0.9666666666666668,0.0,0.0,0.0,0.0,0.0,0.0,0.9166666666666666,0.8,0.85,0.9166666666666666,0.8,0.8333333333333334,0.3666666666666666,0.75,0.9666666666666668,0.9166666666666666,0.8333333333333334,0.9666666666666668,0.0,0.0,0.0
20260707,Knapsack,4,300,0.8330495125129576,0.7910745093358034,0.7910745093358034,0.8330495125129576,0.8330495125129576,0.7910745093358034,1,1,0,0,0.0,0.0,0.2166666666666666,0.0,0.0,0.0,0.0,0.0,0.0,0.0,0.0,0.2166666666666666,0.0,0.0,0.2166666666666666,0.5833333333333334,0.8833333333333333,1.0,0.0,0.0,0.2166666666666666,0.0,0.0,0.0
20260707,Knapsack,3,132,0.9102554570768292,0.8375578248216292,0.8375578248216292,0.9102554570768292,0.9102554570768292,0.8375578248216292,1,1,0,0,0.2666666666666666,0.4666666666666667,0.6166666666666667,0.0,0.0,0.0,0.0,0.0,0.0,0.2666666666666666,0.4666666666666667,0.6166666666666667,0.2666666666666666,0.4666666666666667,0.6166666666666667,0.6333333333333333,0.8666666666666667,0.95,0.2666666666666666,0.4666666666666667,0.6166666666666667,0.0,0.0,0.0
20260707,Knapsack,3,165,0.8578062575608563,0.85620128978703,0.85620128978703,0.8578062575608563,0.8578062575608563,0.85620128978703,1,1,0,0,0.1,0.35,0.7333333333333333,0.0,0.0,0.0,0.0,0.0,0.0,0.1,0.35,0.7333333333333333,0.1,0.35,0.7333333333333333,0.9,0.8666666666666667,1.0,0.1,0.35,0.7333333333333333,0.0,0.0,0.0
20260707,Knapsack,5,147,0.7536957124823389,0.759217293939742,0.759217293939742,0.7536957124823389,0.7536957124823389,0.759217293939742,1,1,0,0,0.0,0.0,0.2,0.0,0.0,0.0,0.0,0.0,0.0,0.0,0.0,0.2,0.0,0.0,0.2,0.2666666666666666,0.7166666666666667,0.9166666666666666,0.0,0.0,0.2,0.0,0.0,0.0
20260707,Knapsack,3,130,0.8833690875666927,0.8299771172545763,0.8299771172545763,0.8833690875666927,0.8833690875666927,0.8299771172545763,1,1,0,0,0.2166666666666666,0.4833333333333333,0.7333333333333333,0.0,0.0,0.0,0.0,0.0,0.0,0.2166666666666666,0.4833333333333333,0.7333333333333333,0.2166666666666666,0.4833333333333333,0.7333333333333333,0.5,0.8333333333333334,0.9,0.2166666666666666,0.4833333333333333,0.7333333333333333,0.0,0.0,0.0
20260707,Knapsack,4,267,0.8623751827778691,0.7934433903558532,0.7934433903558532,0.8623751827778691,0.8623751827778691,0.7934433903558532,1,1,0,0,0.2333333333333333,0.25,0.6666666666666666,0.0,0.0,0.0,0.0,0.0,0.0,0.2333333333333333,0.2333333333333333,0.4833333333333333,0.2333333333333333,0.2333333333333333,0.4833333333333333,0.7833333333333333,0.8666666666666667,0.9833333333333332,0.2333333333333333,0.25,0.6666666666666666,0.0,0.0,0.0
20260707,Knapsack,4,150,0.8707570404601165,0.7768830599508729,0.7768830599508729,0.8707570404601165,0.8707570404601165,0.7768830599508729,1,1,0,0,0.1,0.25,0.6,0.0,0.0,0.0,0.0,0.0,0.0,0.1,0.25,0.6,0.1,0.25,0.6,0.5,0.7166666666666667,0.9333333333333332,0.1,0.25,0.6,0.0,0.0,0.0
20260707,Knapsack,3,210,0.92193635270257,0.8769088938291707,0.8769088938291707,0.92193635270257,0.92193635270257,0.8769088938291707,1,1,0,0,0.8333333333333334,0.9,0.9666666666666668,0.0,0.0,0.0,0.0,0.0,0.0,0.8333333333333334,0.9,0.9666666666666668,0.8333333333333334,0.9,0.9666666666666668,0.7333333333333333,0.95,0.9833333333333332,0.8333333333333334,0.9,0.9666666666666668,0.0,0.0,0.0
20260707,Knapsack,5,165,0.7823742597499679,0.7651118321498482,0.7651118321498482,0.7823742597499679,0.7823742597499679,0.7651118321498482,1,1,0,0,0.0,0.0833333333333333,0.2833333333333333,0.0,0.0,0.0,0.0,0.0,0.0,0.0,0.0833333333333333,0.2833333333333333,0.0,0.0833333333333333,0.2833333333333333,0.3833333333333333,0.7,0.8833333333333333,0.0,0.0833333333333333,0.2833333333333333,0.0,0.0,0.0
20260707,Knapsack,5,255,0.874594827674171,0.7653257441475912,0.7653257441475912,0.874594827674171,0.874594827674171,0.7653257441475912,1,1,0,0,0.3,0.5833333333333334,0.8,0.0,0.0,0.0,0.0,0.0,0.0,0.3,0.5833333333333334,0.8,0.3,0.5833333333333334,0.8333333333333334,0.4,0.75,0.9833333333333332,0.3,0.5833333333333334,0.8,0.0,0.0,0.0
20260707,Knapsack,3,115,0.9263161686839658,0.8712817910703059,0.8712817910703059,0.9263161686839658,0.9263161686839658,0.8712817910703059,1,1,0,0,0.0,0.1833333333333333,0.5166666666666667,0.0,0.0,0.0,0.0,0.0,0.0,0.0,0.1833333333333333,0.5166666666666667,0.0,0.1833333333333333,0.5166666666666667,0.8333333333333334,1.0,0.9666666666666668,0.0,0.1833333333333333,0.5166666666666667,0.0,0.0,0.0
20260707,Knapsack,4,270,0.8535094089539513,0.7914913510041416,0.7914913510041416,0.8535094089539513,0.8535094089539513,0.7914913510041416,1,1,0,0,0.0333333333333333,0.1833333333333333,0.5166666666666667,0.0,0.0,0.0,0.0,0.0,0.0,0.0333333333333333,0.1833333333333333,0.5333333333333333,0.0333333333333333,0.1833333333333333,0.5333333333333333,0.4833333333333333,0.8833333333333333,0.9833333333333332,0.0333333333333333,0.1833333333333333,0.5166666666666667,0.0,0.0,0.0
20260707,Knapsack,4,191,0.8530388481935246,0.8311019726814102,0.8311019726814102,0.8530388481935246,0.9137711732863332,0.8311019726814102,1,0,0,0,0.0,0.0666666666666666,0.3333333333333333,0.0,0.0,0.0,0.0,0.0,0.0,0.0,0.1,0.3833333333333333,0.2666666666666666,0.3666666666666666,0.45,0.4333333333333333,0.7,0.9666666666666668,0.0,0.0666666666666666,0.3333333333333333,0.0,0.0,0.0
20260707,Knapsack,3,202,0.8826481131107883,0.8373522678568137,0.8373522678568137,0.8826481131107883,0.8826481131107883,0.8373522678568137,1,1,0,0,0.1,0.4333333333333333,0.65,0.0,0.0,0.0,0.0,0.0,0.0,0.1,0.4333333333333333,0.65,0.1,0.4333333333333333,0.65,0.8166666666666667,0.9666666666666668,1.0,0.1,0.4333333333333333,0.65,0.0,0.0,0.0
20260707,Knapsack,4,94,0.8874392973184334,0.7728959072111795,0.7728959072111795,0.8874392973184334,0.8874392973184334,0.7728959072111795,1,1,0,0,0.45,0.55,0.5666666666666667,0.0,0.0,0.0,0.0,0.0,0.0,0.45,0.55,0.5666666666666667,0.45,0.55,0.5666666666666667,0.3166666666666666,0.6333333333333333,0.85,0.45,0.55,0.5666666666666667,0.0,0.0,0.0
20260707,Knapsack,3,151,0.9181621465281562,0.8427681855558613,0.8427681855558613,0.9181621465281562,0.9181621465281562,0.8427681855558613,1,1,0,1,0.2166666666666666,0.4,0.5166666666666667,0.0,0.0,0.0,0.0,0.0,0.0,0.2166666666666666,0.4,0.5166666666666667,0.2166666666666666,0.4,0.5166666666666667,0.55,0.9,0.95,0.2166666666666666,0.4,0.5166666666666667,0.0,0.0,0.0
20260707,Knapsack,5,242,0.7991932513513101,0.758312100274259,0.758312100274259,0.7991932513513101,0.7991932513513101,0.758312100274259,1,1,0,0,0.0833333333333333,0.2333333333333333,0.4333333333333333,0.0,0.0,0.0,0.0,0.0,0.0,0.0833333333333333,0.2333333333333333,0.4333333333333333,0.0833333333333333,0.2333333333333333,0.4333333333333333,0.65,0.9166666666666666,1.0,0.0833333333333333,0.2333333333333333,0.4333333333333333,0.0,0.0,0.0
20260707,Knapsack,4,105,0.8844687565860637,0.7886703629017853,0.7886703629017853,0.8844687565860637,0.8844687565860637,0.7886703629017853,1,1,0,0,0.0666666666666666,0.25,0.2666666666666666,0.0,0.0,0.0,0.0,0.0,0.0,0.0666666666666666,0.25,0.25,0.0666666666666666,0.25,0.2666666666666666,0.4166666666666667,0.8333333333333334,0.9166666666666666,0.0666666666666666,0.25,0.2666666666666666,0.0,0.0,0.0
20260707,Knapsack,4,209,0.854263762027303,0.7547508276627776,0.7547508276627776,0.854263762027303,0.854263762027303,0.7547508276627776,1,1,0,0,0.0,0.05,0.2666666666666666,0.0,0.0,0.0,0.0,0.0,0.0,0.0,0.05,0.2666666666666666,0.0,0.05,0.2666666666666666,0.8333333333333334,0.8833333333333333,0.9166666666666666,0.0,0.05,0.2666666666666666,0.0,0.0,0.0
20260707,Knapsack,4,177,0.8535954703220834,0.7956071674516889,0.805061148004393,0.8535954703220834,0.8535954703220834,0.805061148004393,1,1,0,0,0.4666666666666667,0.4833333333333333,0.5333333333333333,0.0,0.0,0.0,0.0,0.0,0.0,0.4666666666666667,0.4833333333333333,0.5333333333333333,0.4666666666666667,0.4833333333333333,0.5333333333333333,0.7,0.8666666666666667,1.0,0.4666666666666667,0.4833333333333333,0.5333333333333333,0.0,0.0,0.0
20260707,Knapsack,5,162,0.8121603930620903,0.7371190783111657,0.7371190783111657,0.8121603930620903,0.8121603930620903,0.7371190783111657,1,1,0,0,0.0,0.3,0.9166666666666666,0.0,0.0,0.0,0.0,0.0,0.0,0.0,0.3,0.9166666666666666,0.0,0.3,0.9166666666666666,0.2333333333333333,0.6833333333333333,0.8833333333333333,0.0,0.3,0.9166666666666666,0.0,0.0,0.0
20260707,Knapsack,3,183,0.8986782471373274,0.841782974301672,0.841782974301672,0.8986782471373274,0.8986782471373274,0.841782974301672,1,1,0,0,0.2666666666666666,0.5166666666666667,0.6333333333333333,0.0,0.0,0.0,0.0,0.0,0.0,0.2166666666666666,0.4166666666666667,0.5333333333333333,0.0833333333333333,0.2833333333333333,0.5666666666666667,0.65,0.8833333333333333,0.9666666666666668,0.2666666666666666,0.5166666666666667,0.6333333333333333,0.0,0.0,0.0
20260707,Job-shop,4,69,0.5168325839325966,0.5406433863056209,0.5406433863056209,0.5168325839325966,0.5168325839325966,0.5406433863056209,1,1,0,0,0.45,0.6666666666666666,0.8166666666666667,0.0,0.0,0.0,0.0,0.0,0.0,0.45,0.6666666666666666,0.8166666666666667,0.45,0.6666666666666666,0.8166666666666667,0.25,0.3833333333333333,0.6,0.45,0.6666666666666666,0.8166666666666667,0.0,0.0,0.0
20260707,Job-shop,3,245,0.497619360988709,0.497619360988709,0.497619360988709,0.497619360988709,0.497619360988709,0.497619360988709,1,1,0,0,0.0,0.1666666666666666,0.45,0.0,0.0,0.0,0.0,0.0,0.0,0.0,0.1666666666666666,0.45,0.0,0.1666666666666666,0.45,0.05,0.3,0.5833333333333334,0.0,0.1666666666666666,0.45,0.0,0.0,0.0
20260707,Job-shop,4,266,0.5006109746229706,0.4805197904636086,0.4805197904636086,0.5006109746229706,0.5006109746229706,0.4805197904636086,1,1,0,0,0.35,0.5333333333333333,0.55,0.0,0.0,0.0,0.0,0.0,0.0,0.35,0.5333333333333333,0.55,0.35,0.5333333333333333,0.55,0.0166666666666666,0.05,0.4166666666666667,0.35,0.5333333333333333,0.55,0.0,0.0,0.0
20260707,Job-shop,5,265,0.507769177987191,0.4724526429557106,0.4724526429557106,0.507769177987191,0.507769177987191,0.4724526429557106,1,1,0,0,0.45,0.85,0.9333333333333332,0.0,0.0,0.0,0.0,0.0,0.0,0.45,0.85,0.9333333333333332,0.45,0.8333333333333334,0.9333333333333332,0.0,0.0,0.1,0.45,0.85,0.9333333333333332,0.0,0.0,0.0
20260707,Job-shop,4,122,0.4848153281306464,0.5134750301657055,0.5134750301657055,0.4848153281306464,0.4848153281306464,0.5134750301657055,1,1,0,0,0.55,0.6,0.7166666666666667,0.0,0.0,0.0,0.0,0.0,0.0,0.55,0.6,0.7166666666666667,0.55,0.6,0.7166666666666667,0.0,0.0166666666666666,0.4333333333333333,0.55,0.6,0.7166666666666667,0.0,0.0,0.0
20260707,Job-shop,3,136,0.5295718781053285,0.5106597321067303,0.5106597321067303,0.5295718781053285,0.5295718781053285,0.5106597321067303,1,1,0,0,0.9166666666666666,0.9,0.9666666666666668,0.0,0.0,0.0,0.0,0.0,0.0,0.9166666666666666,0.9,0.9666666666666668,0.9166666666666666,0.9,0.9666666666666668,0.0,0.1,0.6333333333333333,0.9166666666666666,0.9,0.9666666666666668,0.0,0.0,0.0
20260707,Job-shop,5,250,0.4972104930845579,0.4953967712732446,0.4913193895077757,0.4972104930845579,0.4972104930845579,0.4913193895077757,1,1,0,0,0.9,0.9666666666666668,0.9833333333333332,0.0,0.0,0.0,0.0,0.0,0.0,0.8833333333333333,0.9666666666666668,0.9833333333333332,0.9,0.9666666666666668,0.9833333333333332,0.4333333333333333,0.8166666666666667,0.8166666666666667,0.9,0.9666666666666668,0.9833333333333332,0.0,0.0,0.0
20260707,Job-shop,4,203,0.4896975083570209,0.4850224729464083,0.4850224729464083,0.4896975083570209,0.4896975083570209,0.4850224729464083,1,1,0,0,0.5333333333333333,0.75,0.8166666666666667,0.0,0.0,0.0,0.0,0.0,0.0,0.45,0.7333333333333333,0.7833333333333333,0.45,0.7166666666666667,0.7833333333333333,0.0,0.0333333333333333,0.45,0.5333333333333333,0.75,0.8166666666666667,0.0,0.0,0.0
20260707,Job-shop,5,216,0.4805862784244442,0.4689521143605985,0.4689521143605985,0.4805862784244442,0.4805862784244442,0.4689521143605985,1,1,0,0,0.7333333333333333,0.75,0.8,0.0,0.0,0.0,0.0,0.0,0.0,0.7333333333333333,0.75,0.8,0.7333333333333333,0.75,0.8,0.4666666666666667,0.4833333333333333,0.6166666666666667,0.7333333333333333,0.75,0.8,0.0,0.0,0.0
20260707,Job-shop,3,285,0.5183703075527731,0.5183703075527731,0.5183703075527731,0.5183703075527731,0.5183703075527731,0.5183703075527731,1,1,0,0,0.0,0.0833333333333333,0.4,0.0,0.0,0.0,0.0,0.0,0.0,0.0,0.0833333333333333,0.4,0.0,0.0833333333333333,0.4,0.45,0.4833333333333333,0.65,0.0,0.0833333333333333,0.4,0.0,0.0,0.0
20260707,Job-shop,4,284,0.4709377410687421,0.4841103100794752,0.4709377410687421,0.4709377410687421,0.4709377410687421,0.4709377410687421,1,1,0,0,0.4333333333333333,0.4833333333333333,0.7333333333333333,0.0,0.0,0.0,0.0,0.0,0.0,0.4333333333333333,0.4833333333333333,0.7166666666666667,0.4333333333333333,0.4833333333333333,0.7166666666666667,0.5,0.6833333333333333,0.7333333333333333,0.4333333333333333,0.4833333333333333,0.7333333333333333,0.0,0.0,0.0
20260707,Job-shop,5,223,0.4938198985247345,0.4689638813168356,0.4689638813168356,0.4938198985247345,0.4938198985247345,0.4689638813168356,1,1,0,0,0.4833333333333333,0.65,0.8833333333333333,0.0,0.0,0.0,0.0,0.0,0.0,0.4833333333333333,0.65,0.8833333333333333,0.4833333333333333,0.65,0.8833333333333333,0.0,0.0333333333333333,0.2833333333333333,0.4833333333333333,0.65,0.8833333333333333,0.0,0.0,0.0
20260707,Job-shop,4,238,0.5105448392674621,0.5009479622968319,0.5009479622968319,0.5105448392674621,0.5105448392674621,0.5009479622968319,1,1,0,0,0.5,0.7166666666666667,0.9,0.0,0.0,0.0,0.0,0.0,0.0,0.5,0.7166666666666667,0.9,0.5,0.7166666666666667,0.9,0.5166666666666667,0.6166666666666667,0.75,0.5,0.7166666666666667,0.9,0.0,0.0,0.0
20260707,Job-shop,4,298,0.4752968051869433,0.4752968051869433,0.4752968051869433,0.4752968051869433,0.4752968051869433,0.4752968051869433,1,1,0,0,0.0333333333333333,0.2666666666666666,0.5333333333333333,0.0,0.0,0.0,0.0,0.0,0.0,0.0333333333333333,0.2666666666666666,0.5333333333333333,0.0333333333333333,0.2666666666666666,0.5333333333333333,0.0,0.0333333333333333,0.2833333333333333,0.0333333333333333,0.2666666666666666,0.5333333333333333,0.0,0.0,0.0
20260707,Job-shop,5,238,0.4945744159052639,0.4925726785705933,0.4925726785705933,0.4945744159052639,0.4945744159052639,0.4925726785705933,1,1,0,0,0.0333333333333333,0.2333333333333333,0.4166666666666667,0.0,0.0,0.0,0.0,0.0,0.0,0.0333333333333333,0.2,0.4,0.0333333333333333,0.2333333333333333,0.4166666666666667,0.15,0.55,0.7166666666666667,0.0333333333333333,0.2333333333333333,0.4166666666666667,0.0,0.0,0.0
20260707,Job-shop,3,120,0.494937332002798,0.5079190767938336,0.5079190767938336,0.494937332002798,0.494937332002798,0.5079190767938336,1,1,0,0,0.3333333333333333,0.3166666666666666,0.55,0.0,0.0,0.0,0.0,0.0,0.0,0.3333333333333333,0.3166666666666666,0.55,0.35,0.3166666666666666,0.5833333333333334,0.4666666666666667,0.55,0.8166666666666667,0.3333333333333333,0.3166666666666666,0.55,0.0,0.0,0.0
20260707,Job-shop,4,77,0.4857973449708034,0.4857973449708034,0.5184306097432566,0.5184306097432566,0.4857973449708034,0.5184306097432566,0,1,0,0,0.6166666666666667,0.6,0.6166666666666667,0.0,0.0,0.0,0.0,0.0,0.0,0.1,0.3166666666666666,0.5666666666666667,0.6166666666666667,0.6,0.6166666666666667,0.5833333333333334,0.6,0.7333333333333333,0.6166666666666667,0.6,0.6166666666666667,0.0,0.0,0.0
20260707,Job-shop,4,74,0.525128050861941,0.525128050861941,0.525128050861941,0.525128050861941,0.525128050861941,0.525128050861941,1,1,0,0,0.6166666666666667,0.6666666666666666,0.5333333333333333,0.0,0.0,0.0,0.0,0.0,0.0,0.6166666666666667,0.6666666666666666,0.5166666666666667,0.6166666666666667,0.6666666666666666,0.5666666666666667,0.2833333333333333,0.55,0.5666666666666667,0.6166666666666667,0.6666666666666666,0.5333333333333333,0.0,0.0,0.0
20260707,Job-shop,4,139,0.4792429191332481,0.4792429191332481,0.4792429191332481,0.4792429191332481,0.4792429191332481,0.4792429191332481,1,1,0,0,0.0,0.0166666666666666,0.25,0.0,0.0,0.0,0.0,0.0,0.0,0.0,0.0166666666666666,0.25,0.0,0.0166666666666666,0.25,0.05,0.4166666666666667,0.8166666666666667,0.0,0.0166666666666666,0.25,0.0,0.0,0.0
20260707,Job-shop,5,136,0.4509474032743927,0.4509474032743927,0.4509474032743927,0.4509474032743927,0.4509474032743927,0.4509474032743927,1,1,0,0,0.0,0.0,0.1833333333333333,0.0,0.0,0.0,0.0,0.0,0.0,0.0,0.0,0.1833333333333333,0.0,0.0,0.1833333333333333,0.0,0.1333333333333333,0.5833333333333334,0.0,0.0,0.1833333333333333,0.0,0.0,0.0
20260707,Job-shop,4,258,0.4873047612649454,0.4873047612649454,0.4873047612649454,0.4873047612649454,0.4873047612649454,0.4873047612649454,1,1,0,0,0.0,0.15,0.4666666666666667,0.0,0.0,0.0,0.0,0.0,0.0,0.0,0.15,0.4666666666666667,0.0,0.15,0.4666666666666667,0.0166666666666666,0.1666666666666666,0.55,0.0,0.15,0.4666666666666667,0.0,0.0,0.0
20260707,Job-shop,5,173,0.4685598019693315,0.4685598019693315,0.4685598019693315,0.4685598019693315,0.4685598019693315,0.4685598019693315,1,1,0,0,0.0,0.15,0.5166666666666667,0.0,0.0,0.0,0.0,0.0,0.0,0.0,0.15,0.5166666666666667,0.0,0.15,0.5166666666666667,0.0,0.2333333333333333,0.4666666666666667,0.0,0.15,0.5166666666666667,0.0,0.0,0.0
20260707,Job-shop,5,230,0.4647533457365593,0.4992342525649844,0.4992342525649844,0.4647533457365593,0.4647533457365593,0.4992342525649844,1,1,0,0,0.4333333333333333,0.6666666666666666,0.8833333333333333,0.0,0.0,0.0,0.0,0.0,0.0,0.4333333333333333,0.6666666666666666,0.9,0.45,0.6833333333333333,0.9333333333333332,0.45,0.4333333333333333,0.6833333333333333,0.4333333333333333,0.6666666666666666,0.8833333333333333,0.0,0.0,0.0
20260707,Job-shop,4,191,0.4868490024140128,0.4868490024140128,0.4868490024140128,0.4868490024140128,0.4868490024140128,0.4868490024140128,1,1,0,0,0.1666666666666666,0.3333333333333333,0.5166666666666667,0.0,0.0,0.0,0.0,0.0,0.0,0.1666666666666666,0.3333333333333333,0.5166666666666667,0.1666666666666666,0.3333333333333333,0.5166666666666667,0.05,0.4,0.8166666666666667,0.1666666666666666,0.3333333333333333,0.5166666666666667,0.0,0.0,0.0
20260707,Job-shop,4,218,0.4882445930779666,0.4882445930779666,0.48618571269706,0.48618571269706,0.48618571269706,0.48618571269706,0,0,0,0,0.6833333333333333,0.6,0.6833333333333333,0.0,0.0,0.0,0.0,0.0,0.0,0.2833333333333333,0.5333333333333333,0.9166666666666666,0.4,0.4,0.7,0.55,0.6166666666666667,0.95,0.6833333333333333,0.6,0.6833333333333333,0.0,0.0,0.0
20260707,Job-shop,4,165,0.4861317413368947,0.4869919656994652,0.4869919656994652,0.4861317413368947,0.4861317413368947,0.4869919656994652,1,1,0,0,0.2166666666666666,0.65,0.7166666666666667,0.0,0.0,0.0,0.0,0.0,0.0,0.2166666666666666,0.65,0.75,0.2666666666666666,0.6666666666666666,0.8166666666666667,0.0833333333333333,0.25,0.4833333333333333,0.2166666666666666,0.65,0.7166666666666667,0.0,0.0,0.0
20260707,Job-shop,3,86,0.5369002665545803,0.5187126569707601,0.5187126569707601,0.5369002665545803,0.5369002665545803,0.5187126569707601,1,1,0,0,0.2,0.4666666666666667,0.7333333333333333,0.0,0.0,0.0,0.0,0.0,0.0,0.2,0.4666666666666667,0.7333333333333333,0.2,0.4666666666666667,0.7333333333333333,0.0,0.0833333333333333,0.5,0.2,0.4666666666666667,0.7333333333333333,0.0,0.0,0.0
20260707,Job-shop,5,88,0.5180300808262601,0.5054541890143032,0.5054541890143032,0.5180300808262601,0.5180300808262601,0.5054541890143032,1,1,0,0,0.1833333333333333,0.6166666666666667,0.5666666666666667,0.0,0.0,0.0,0.0,0.0,0.0,0.1833333333333333,0.6166666666666667,0.5666666666666667,0.1833333333333333,0.6166666666666667,0.5666666666666667,0.25,0.3333333333333333,0.4833333333333333,0.1833333333333333,0.6166666666666667,0.5666666666666667,0.0,0.0,0.0
20260707,Job-shop,3,290,0.5132371421864073,0.5405771174933613,0.5405771174933613,0.5132371421864073,0.5132371421864073,0.5405771174933613,1,1,0,0,0.9833333333333332,0.95,0.95,0.0,0.0,0.0,0.0,0.0,0.0,0.9833333333333332,0.95,0.95,0.9833333333333332,0.95,0.95,0.0333333333333333,0.5,0.9,0.9833333333333332,0.95,0.95,0.0,0.0,0.0
20260707,Job-shop,4,115,0.4764980192832642,0.4764980192832642,0.4764980192832642,0.4764980192832642,0.4764980192832642,0.4764980192832642,1,1,0,0,0.0,0.0333333333333333,0.2666666666666666,0.0,0.0,0.0,0.0,0.0,0.0,0.0,0.0333333333333333,0.2666666666666666,0.0,0.0333333333333333,0.2666666666666666,0.1666666666666666,0.4333333333333333,0.5833333333333334,0.0,0.0333333333333333,0.2666666666666666,0.0,0.0,0.0
20260707,Job-shop,4,111,0.4881582110331574,0.4881582110331574,0.4881582110331574,0.4881582110331574,0.4881582110331574,0.4881582110331574,1,1,0,0,0.2833333333333333,0.5333333333333333,0.4833333333333333,0.0,0.0,0.0,0.0,0.0,0.0,0.2833333333333333,0.5333333333333333,0.4833333333333333,0.2833333333333333,0.5333333333333333,0.4833333333333333,0.4,0.4666666666666667,0.4,0.2833333333333333,0.5333333333333333,0.4833333333333333,0.0,0.0,0.0
20260707,Job-shop,3,140,0.4839000968227909,0.5022547436529716,0.5022547436529716,0.4839000968227909,0.4839000968227909,0.5022547436529716,1,1,0,0,0.0166666666666666,0.15,0.2333333333333333,0.0,0.0,0.0,0.0,0.0,0.0,0.0166666666666666,0.15,0.2333333333333333,0.0166666666666666,0.15,0.2333333333333333,0.4666666666666667,0.5,0.7333333333333333,0.0166666666666666,0.15,0.2333333333333333,0.0,0.0,0.0
20260707,Job-shop,4,74,0.5018133017907631,0.5018133017907631,0.5018133017907631,0.5018133017907631,0.5018133017907631,0.5018133017907631,1,1,0,0,0.1833333333333333,0.2833333333333333,0.3666666666666666,0.0,0.0,0.0,0.0,0.0,0.0,0.1833333333333333,0.2833333333333333,0.3666666666666666,0.1833333333333333,0.2833333333333333,0.3666666666666666,0.1,0.1833333333333333,0.4833333333333333,0.1833333333333333,0.2833333333333333,0.3666666666666666,0.0,0.0,0.0
20260707,Job-shop,5,145,0.4739343083601035,0.5035376292735252,0.5035376292735252,0.4739343083601035,0.4739343083601035,0.5035376292735252,1,1,0,0,0.0,0.0,0.2166666666666666,0.0,0.0,0.0,0.0,0.0,0.0,0.0,0.0,0.2166666666666666,0.0,0.0,0.2166666666666666,0.1833333333333333,0.45,0.6333333333333333,0.0,0.0,0.2166666666666666,0.0,0.0,0.0
20260707,Job-shop,3,257,0.5115637454725911,0.526916096416216,0.526916096416216,0.5115637454725911,0.5115637454725911,0.526916096416216,1,1,0,0,0.0,0.0833333333333333,0.35,0.0,0.0,0.0,0.0,0.0,0.0,0.0,0.0833333333333333,0.3333333333333333,0.0,0.0833333333333333,0.3666666666666666,0.4333333333333333,0.6333333333333333,0.7666666666666667,0.0,0.0833333333333333,0.35,0.0,0.0,0.0
20260707,Job-shop,5,93,0.5269332789184286,0.4848350145150155,0.4848350145150155,0.5269332789184286,0.5439848965657802,0.4848350145150155,1,0,0,0,0.7166666666666667,0.5,0.6,0.0,0.0,0.0,0.0,0.0,0.0,0.4166666666666667,0.25,0.55,0.5833333333333334,0.7,0.7833333333333333,0.0333333333333333,0.3,0.3166666666666666,0.7166666666666667,0.5,0.6,0.0,0.0,0.0
20260707,Job-shop,4,225,0.5134407547711374,0.5098628449662006,0.5098628449662006,0.5134407547711374,0.5134407547711374,0.5098628449662006,1,1,0,0,0.45,0.5666666666666667,0.75,0.0,0.0,0.0,0.0,0.0,0.0,0.45,0.5666666666666667,0.75,0.45,0.5666666666666667,0.75,0.0666666666666666,0.2666666666666666,0.6,0.45,0.5666666666666667,0.75,0.0,0.0,0.0
20260707,Job-shop,3,145,0.5252853092779497,0.4993146171011017,0.4993146171011017,0.5404741610047397,0.5404741610047397,0.4993146171011017,0,0,0,0,0.5833333333333334,0.6833333333333333,0.8833333333333333,0.0,0.0,0.0,0.0,0.0,0.0,0.6,0.6666666666666666,0.8166666666666667,0.4833333333333333,0.6,0.7666666666666667,0.5,0.4833333333333333,0.6833333333333333,0.5833333333333334,0.6833333333333333,0.8833333333333333,0.0,0.0,0.0
20260707,Job-shop,4,253,0.4768501069079092,0.4794008782741866,0.4794008782741866,0.4768501069079092,0.4768501069079092,0.4794008782741866,1,1,0,0,0.0333333333333333,0.35,0.7333333333333333,0.0,0.0,0.0,0.0,0.0,0.0,0.0333333333333333,0.35,0.7333333333333333,0.0333333333333333,0.35,0.7333333333333333,0.15,0.4,0.7,0.0333333333333333,0.35,0.7333333333333333,0.0,0.0,0.0
20260707,Job-shop,4,97,0.5150845687448099,0.5293668486791769,0.5293668486791769,0.5150845687448099,0.5150845687448099,0.5293668486791769,1,1,0,0,0.4166666666666667,0.7166666666666667,0.8,0.0,0.0,0.0,0.0,0.0,0.0,0.4166666666666667,0.7166666666666667,0.8,0.4166666666666667,0.7166666666666667,0.8,0.0333333333333333,0.2,0.5666666666666667,0.4166666666666667,0.7166666666666667,0.8,0.0,0.0,0.0
20260707,Job-shop,4,217,0.5136987004896827,0.504541634021535,0.504541634021535,0.5136987004896827,0.5136987004896827,0.504541634021535,1,1,0,0,0.7333333333333333,0.9166666666666666,0.9166666666666666,0.0,0.0,0.0,0.0,0.0,0.0,0.7333333333333333,0.9166666666666666,0.9166666666666666,0.7333333333333333,0.9166666666666666,0.9166666666666666,0.0,0.0,0.3833333333333333,0.7333333333333333,0.9166666666666666,0.9166666666666666,0.0,0.0,0.0
20260707,Job-shop,4,75,0.4785097736302842,0.4785097736302842,0.4785097736302842,0.4785097736302842,0.4785097736302842,0.4785097736302842,1,1,0,0,0.0,0.0166666666666666,0.1166666666666666,0.0,0.0,0.0,0.0,0.0,0.0,0.0,0.0166666666666666,0.1166666666666666,0.0,0.0166666666666666,0.1166666666666666,0.15,0.3,0.7666666666666667,0.0,0.0166666666666666,0.1166666666666666,0.0,0.0,0.0
20260707,Job-shop,5,115,0.4725192343517283,0.4918938702548566,0.4918938702548566,0.4725192343517283,0.4725192343517283,0.4918938702548566,1,1,0,0,0.2666666666666666,0.2666666666666666,0.4333333333333333,0.0,0.0,0.0,0.0,0.0,0.0,0.2666666666666666,0.2666666666666666,0.4333333333333333,0.2666666666666666,0.2666666666666666,0.4333333333333333,0.0,0.25,0.5666666666666667,0.2666666666666666,0.2666666666666666,0.4333333333333333,0.0,0.0,0.0
20260707,Job-shop,5,132,0.4920242172383779,0.4920242172383779,0.4920242172383779,0.4920242172383779,0.4920242172383779,0.4920242172383779,1,1,0,0,0.6833333333333333,0.6333333333333333,0.65,0.0,0.0,0.0,0.0,0.0,0.0,0.6833333333333333,0.6333333333333333,0.65,0.6833333333333333,0.6333333333333333,0.65,0.1166666666666666,0.2333333333333333,0.4,0.6833333333333333,0.6333333333333333,0.65,0.0,0.0,0.0
20260707,Job-shop,4,149,0.4857787844469431,0.4857787844469431,0.4857787844469431,0.4857787844469431,0.4857787844469431,0.4857787844469431,1,1,0,0,0.5,0.7333333333333333,0.7666666666666667,0.0,0.0,0.0,0.0,0.0,0.0,0.5,0.7333333333333333,0.7666666666666667,0.5,0.7333333333333333,0.7666666666666667,0.2166666666666666,0.45,0.7166666666666667,0.5,0.7333333333333333,0.7666666666666667,0.0,0.0,0.0
20260707,Job-shop,5,184,0.4722127329133922,0.4722127329133922,0.4722127329133922,0.4722127329133922,0.4722127329133922,0.4722127329133922,1,1,0,0,0.3166666666666666,0.3166666666666666,0.3,0.0,0.0,0.0,0.0,0.0,0.0,0.3166666666666666,0.3166666666666666,0.3,0.3166666666666666,0.3166666666666666,0.3,0.0,0.1,0.45,0.3166666666666666,0.3166666666666666,0.3,0.0,0.0,0.0
20260707,Job-shop,4,269,0.4628024190005353,0.4802804492542162,0.4628024190005353,0.4628024190005353,0.4628024190005353,0.4628024190005353,1,1,0,0,0.5,0.4833333333333333,0.5333333333333333,0.0,0.0,0.0,0.0,0.0,0.0,0.5,0.4833333333333333,0.5333333333333333,0.5,0.4833333333333333,0.5333333333333333,0.0166666666666666,0.2833333333333333,0.4833333333333333,0.5,0.4833333333333333,0.5333333333333333,0.0,0.0,0.0
20260707,Job-shop,3,187,0.4940270769486374,0.5125831653502796,0.5125831653502796,0.4940270769486374,0.4940270769486374,0.5125831653502796,1,1,1,0,0.0833333333333333,0.2833333333333333,0.4333333333333333,0.0,0.0,0.0,0.0,0.0,0.0,0.0833333333333333,0.2833333333333333,0.4333333333333333,0.0833333333333333,0.2833333333333333,0.4333333333333333,0.3333333333333333,0.8,0.7833333333333333,0.0833333333333333,0.2833333333333333,0.4333333333333333,0.0,0.0,0.0
20260707,Job-shop,4,177,0.5018323543846935,0.506925702982267,0.506925702982267,0.5018323543846935,0.5018323543846935,0.506925702982267,1,1,0,0,0.75,0.9,1.0,0.0,0.0,0.0,0.0,0.0,0.0,0.75,0.9,1.0,0.75,0.9,1.0,0.4833333333333333,0.4666666666666667,0.7333333333333333,0.75,0.9,1.0,0.0,0.0,0.0
20260707,Job-shop,5,92,0.477998850724103,0.4835199821462848,0.4835199821462848,0.477998850724103,0.477998850724103,0.4835199821462848,1,1,0,0,0.55,0.75,0.65,0.0,0.0,0.0,0.0,0.0,0.0,0.55,0.75,0.65,0.55,0.75,0.65,0.1166666666666666,0.4333333333333333,0.6666666666666666,0.55,0.75,0.65,0.0,0.0,0.0
20260707,Job-shop,3,89,0.5296486545180106,0.5489386357144165,0.5489386357144165,0.5296486545180106,0.5296486545180106,0.5489386357144165,1,1,0,0,0.3333333333333333,0.4166666666666667,0.65,0.0,0.0,0.0,0.0,0.0,0.0,0.3333333333333333,0.4166666666666667,0.65,0.3333333333333333,0.4166666666666667,0.65,0.0,0.1666666666666666,0.5833333333333334,0.3333333333333333,0.4166666666666667,0.65,0.0,0.0,0.0
20260707,Job-shop,4,192,0.4901302777427897,0.4926085758611196,0.4926085758611196,0.4901302777427897,0.4901302777427897,0.4926085758611196,1,1,0,0,0.0833333333333333,0.1666666666666666,0.4666666666666667,0.0,0.0,0.0,0.0,0.0,0.0,0.0833333333333333,0.1666666666666666,0.45,0.0833333333333333,0.1666666666666666,0.4666666666666667,0.0833333333333333,0.3333333333333333,0.4166666666666667,0.0833333333333333,0.1666666666666666,0.4666666666666667,0.0,0.0,0.0
20260707,Job-shop,4,262,0.504808712321886,0.4877455860111602,0.4877455860111602,0.504808712321886,0.504808712321886,0.4877455860111602,1,1,0,0,0.7666666666666667,0.7333333333333333,0.85,0.0,0.0,0.0,0.0,0.0,0.0,0.7666666666666667,0.7333333333333333,0.8666666666666667,0.9,0.8666666666666667,0.9166666666666666,0.0,0.0166666666666666,0.3,0.7666666666666667,0.7333333333333333,0.85,0.0,0.0,0.0
20260707,Job-shop,5,132,0.4710877033559473,0.4875023606999956,0.4875023606999956,0.4710877033559473,0.4710877033559473,0.4875023606999956,1,1,0,0,0.0,0.1166666666666666,0.5833333333333334,0.0,0.0,0.0,0.0,0.0,0.0,0.0,0.1166666666666666,0.5833333333333334,0.0,0.1166666666666666,0.5833333333333334,0.4666666666666667,0.3666666666666666,0.6,0.0,0.1166666666666666,0.5833333333333334,0.0,0.0,0.0
20260707,Job-shop,4,128,0.4712451919277363,0.4712451919277363,0.4712451919277363,0.4712451919277363,0.4822964064341513,0.4712451919277363,1,0,0,0,0.4333333333333333,0.4833333333333333,0.55,0.0,0.0,0.0,0.0,0.0,0.0,0.1,0.2333333333333333,0.5333333333333333,0.5666666666666667,0.5333333333333333,0.6833333333333333,0.4833333333333333,0.6166666666666667,0.6166666666666667,0.4333333333333333,0.4833333333333333,0.55,0.0,0.0,0.0
20260707,Job-shop,5,246,0.4674730422427695,0.4674730422427695,0.4674730422427695,0.4674730422427695,0.4674730422427695,0.4674730422427695,1,1,0,0,0.1333333333333333,0.4166666666666667,0.6333333333333333,0.0,0.0,0.0,0.0,0.0,0.0,0.1333333333333333,0.4166666666666667,0.6333333333333333,0.1333333333333333,0.4166666666666667,0.6333333333333333,0.0,0.2,0.5,0.1333333333333333,0.4166666666666667,0.6333333333333333,0.0,0.0,0.0
20260707,Job-shop,3,255,0.4990968276440045,0.5061547379730382,0.5061547379730382,0.4990968276440045,0.4990968276440045,0.5061547379730382,1,1,0,1,0.0833333333333333,0.25,0.65,0.0,0.0,0.0,0.0,0.0,0.0,0.0833333333333333,0.25,0.65,0.0833333333333333,0.25,0.65,0.5,0.7333333333333333,0.9,0.0833333333333333,0.25,0.65,0.0,0.0,0.0
20260707,Job-shop,4,257,0.4637975741541792,0.4786010879405118,0.4786010879405118,0.4637975741541792,0.4637975741541792,0.4786010879405118,1,1,0,0,0.0,0.0666666666666666,0.3833333333333333,0.0,0.0,0.0,0.0,0.0,0.0,0.0,0.0666666666666666,0.4,0.0,0.0666666666666666,0.3833333333333333,0.0,0.1833333333333333,0.5,0.0,0.0666666666666666,0.3833333333333333,0.0,0.0,0.0
20260707,Job-shop,3,163,0.5106512157818677,0.5281619600061623,0.5281619600061623,0.5106512157818677,0.5106512157818677,0.5281619600061623,1,1,0,0,0.1833333333333333,0.2166666666666666,0.45,0.0,0.0,0.0,0.0,0.0,0.0,0.1833333333333333,0.2166666666666666,0.45,0.1833333333333333,0.2166666666666666,0.45,0.4166666666666667,0.45,0.75,0.1833333333333333,0.2166666666666666,0.45,0.0,0.0,0.0
20260707,Job-shop,3,279,0.5046029715482443,0.5107855321218007,0.5107855321218007,0.5066713755153907,0.5046029715482443,0.5107855321218007,0,1,0,0,0.4,0.6333333333333333,0.8833333333333333,0.0,0.0,0.0,0.0,0.0,0.0,0.5833333333333334,0.6333333333333333,0.8166666666666667,0.4,0.55,0.7833333333333333,0.4333333333333333,0.6,0.7833333333333333,0.4,0.6333333333333333,0.8833333333333333,0.0,0.0,0.0
20260707,Job-shop,3,77,0.5147807590169848,0.5271647868293043,0.5147807590169848,0.5147807590169848,0.5147807590169848,0.5147807590169848,1,1,0,0,0.0333333333333333,0.1,0.2666666666666666,0.0,0.0,0.0,0.0,0.0,0.0,0.0,0.0,0.1666666666666666,0.0,0.0,0.1666666666666666,0.5166666666666667,0.6166666666666667,0.7166666666666667,0.0333333333333333,0.1,0.2666666666666666,0.0,0.0,0.0
20260707,Job-shop,5,208,0.4797273394032211,0.4972375911719676,0.4972375911719676,0.4797273394032211,0.4810450070700592,0.4972375911719676,1,0,0,0,0.4833333333333333,0.6833333333333333,0.85,0.0,0.0,0.0,0.0,0.0,0.0,0.45,0.7166666666666667,0.8166666666666667,0.7166666666666667,0.7833333333333333,0.8666666666666667,0.3166666666666666,0.6833333333333333,0.8333333333333334,0.4833333333333333,0.6833333333333333,0.85,0.0,0.0,0.0
20260707,Job-shop,5,184,0.5110939892053525,0.5046128921228135,0.5046128921228135,0.5110939892053525,0.5110939892053525,0.5046128921228135,1,1,0,0,0.1166666666666666,0.35,0.6333333333333333,0.0,0.0,0.0,0.0,0.0,0.0,0.1166666666666666,0.35,0.6333333333333333,0.1166666666666666,0.35,0.6333333333333333,0.45,0.55,0.5166666666666667,0.1166666666666666,0.35,0.6333333333333333,0.0,0.0,0.0
20260707,Job-shop,4,73,0.4818701942045926,0.4937590592694665,0.4937590592694665,0.4818701942045926,0.5027358151773286,0.4937590592694665,1,0,0,0,0.4333333333333333,0.6833333333333333,0.65,0.0,0.0,0.0,0.0,0.0,0.0,0.1333333333333333,0.4666666666666667,0.5666666666666667,0.3333333333333333,0.5,0.6666666666666666,0.0,0.1,0.2166666666666666,0.4333333333333333,0.6833333333333333,0.65,0.0,0.0,0.0
20260707,Job-shop,3,73,0.5233907329089954,0.5398698256601535,0.5398698256601535,0.5233907329089954,0.5233907329089954,0.5398698256601535,1,1,0,0,0.1,0.2,0.5166666666666667,0.0,0.0,0.0,0.0,0.0,0.0,0.1833333333333333,0.2833333333333333,0.5833333333333334,0.0166666666666666,0.2,0.5,0.3166666666666666,0.4333333333333333,0.65,0.1,0.2,0.5166666666666667,0.0,0.0,0.0
20260707,Job-shop,4,286,0.5079193345227283,0.4941394860244478,0.4941394860244478,0.5079193345227283,0.5079193345227283,0.4941394860244478,1,1,0,0,0.4333333333333333,0.6166666666666667,0.7333333333333333,0.0,0.0,0.0,0.0,0.0,0.0,0.4333333333333333,0.6166666666666667,0.7333333333333333,0.4333333333333333,0.6166666666666667,0.7333333333333333,0.3,0.5166666666666667,0.55,0.4333333333333333,0.6166666666666667,0.7333333333333333,0.0,0.0,0.0
20260707,Job-shop,3,170,0.51132381071501,0.5220863276074553,0.5220863276074553,0.51132381071501,0.51132381071501,0.5220863276074553,1,1,0,0,0.2333333333333333,0.3,0.5333333333333333,0.0,0.0,0.0,0.0,0.0,0.0,0.2333333333333333,0.3,0.5333333333333333,0.2333333333333333,0.3,0.5333333333333333,0.2833333333333333,0.4666666666666667,0.7333333333333333,0.2333333333333333,0.3,0.5333333333333333,0.0,0.0,0.0
20260707,Job-shop,4,190,0.5157466783080865,0.4931803851188687,0.4931803851188687,0.5157466783080865,0.5221935189113691,0.4931803851188687,1,0,0,0,0.5333333333333333,0.8,0.8833333333333333,0.0,0.0,0.0,0.0,0.0,0.0,0.55,0.8,0.9,0.75,0.9166666666666666,0.9333333333333332,0.0166666666666666,0.2666666666666666,0.5666666666666667,0.5333333333333333,0.8,0.8833333333333333,0.0,0.0,0.0
20260707,Job-shop,4,106,0.4915549808382266,0.5131199291537268,0.5131199291537268,0.4915549808382266,0.4915549808382266,0.5131199291537268,1,1,0,0,0.0333333333333333,0.2333333333333333,0.4666666666666667,0.0,0.0,0.0,0.0,0.0,0.0,0.0333333333333333,0.2333333333333333,0.45,0.0333333333333333,0.2333333333333333,0.45,0.0,0.0166666666666666,0.25,0.0333333333333333,0.2333333333333333,0.4666666666666667,0.0,0.0,0.0
20260707,Job-shop,5,254,0.4649826720362593,0.4663571782729747,0.4663571782729747,0.4649826720362593,0.4649826720362593,0.4663571782729747,1,1,0,0,0.5666666666666667,0.7333333333333333,0.9166666666666666,0.0,0.0,0.0,0.0,0.0,0.0,0.5666666666666667,0.7333333333333333,0.9166666666666666,0.5666666666666667,0.7333333333333333,0.9166666666666666,0.65,0.7166666666666667,0.7833333333333333,0.5666666666666667,0.7333333333333333,0.9166666666666666,0.0,0.0,0.0
20260707,Job-shop,4,192,0.4710307298093796,0.4710307298093796,0.4710307298093796,0.4710307298093796,0.4710307298093796,0.4710307298093796,1,1,0,0,0.0333333333333333,0.2666666666666666,0.5166666666666667,0.0,0.0,0.0,0.0,0.0,0.0,0.0333333333333333,0.2666666666666666,0.5166666666666667,0.0333333333333333,0.2666666666666666,0.5166666666666667,0.0,0.1166666666666666,0.3833333333333333,0.0333333333333333,0.2666666666666666,0.5166666666666667,0.0,0.0,0.0
20260707,Job-shop,4,90,0.5022691305674581,0.5022691305674581,0.5022691305674581,0.5022691305674581,0.5022691305674581,0.5022691305674581,1,1,0,0,0.0,0.0666666666666666,0.4,0.0,0.0,0.0,0.0,0.0,0.0,0.0,0.0666666666666666,0.4,0.0,0.0666666666666666,0.4,0.1666666666666666,0.3833333333333333,0.6166666666666667,0.0,0.0666666666666666,0.4,0.0,0.0,0.0
20260707,Job-shop,5,175,0.494462266384894,0.4855080464696366,0.4855080464696366,0.494462266384894,0.494462266384894,0.4855080464696366,1,1,0,0,0.4,0.55,0.55,0.0,0.0,0.0,0.0,0.0,0.0,0.4,0.55,0.55,0.4,0.5833333333333334,0.6333333333333333,0.0,0.4,0.6166666666666667,0.4,0.55,0.55,0.0,0.0,0.0
20260707,Job-shop,5,90,0.5253700082573421,0.499764404474963,0.499764404474963,0.5253700082573421,0.5253700082573421,0.499764404474963,1,1,0,0,0.0833333333333333,0.35,0.5833333333333334,0.0,0.0,0.0,0.0,0.0,0.0,0.0833333333333333,0.3666666666666666,0.5833333333333334,0.1166666666666666,0.5166666666666667,0.6166666666666667,0.0166666666666666,0.1666666666666666,0.3333333333333333,0.0833333333333333,0.35,0.5833333333333334,0.0,0.0,0.0
20260707,Job-shop,4,71,0.5436555369601334,0.5334807484915912,0.5334807484915912,0.5436555369601334,0.5436555369601334,0.5334807484915912,1,1,0,0,0.4,0.5666666666666667,0.7833333333333333,0.0,0.0,0.0,0.0,0.0,0.0,0.4,0.5666666666666667,0.7833333333333333,0.4,0.5666666666666667,0.7833333333333333,0.6166666666666667,0.6666666666666666,0.7333333333333333,0.4,0.5666666666666667,0.7833333333333333,0.0,0.0,0.0
20260707,Job-shop,5,126,0.4837085517324763,0.4945691737542962,0.4945691737542962,0.4837085517324763,0.4837085517324763,0.4945691737542962,1,1,0,0,0.4166666666666667,0.6,0.7666666666666667,0.0,0.0,0.0,0.0,0.0,0.0,0.4166666666666667,0.6,0.7666666666666667,0.4166666666666667,0.6,0.7666666666666667,0.0,0.4666666666666667,0.6166666666666667,0.4166666666666667,0.6,0.7666666666666667,0.0,0.0,0.0
20260707,Job-shop,4,256,0.5165613904602621,0.4872056493557395,0.4872056493557395,0.5165613904602621,0.5165613904602621,0.4872056493557395,1,1,0,0,0.1833333333333333,0.3833333333333333,0.6333333333333333,0.0,0.0,0.0,0.0,0.0,0.0,0.1666666666666666,0.35,0.5833333333333334,0.2,0.3833333333333333,0.6333333333333333,0.05,0.3333333333333333,0.65,0.1833333333333333,0.3833333333333333,0.6333333333333333,0.0,0.0,0.0
20260707,Job-shop,5,99,0.515112742628576,0.5112565554006883,0.5112565554006883,0.515112742628576,0.515112742628576,0.5112565554006883,1,1,0,0,0.0833333333333333,0.2666666666666666,0.5166666666666667,0.0,0.0,0.0,0.0,0.0,0.0,0.0833333333333333,0.2666666666666666,0.5166666666666667,0.0833333333333333,0.2666666666666666,0.5166666666666667,0.3666666666666666,0.5,0.5833333333333334,0.0833333333333333,0.2666666666666666,0.5166666666666667,0.0,0.0,0.0
20260707,Job-shop,3,270,0.4889637473730266,0.4889637473730266,0.4889637473730266,0.4889637473730266,0.4889637473730266,0.4889637473730266,1,1,0,0,0.0333333333333333,0.1666666666666666,0.3166666666666666,0.0,0.0,0.0,0.0,0.0,0.0,0.0333333333333333,0.1666666666666666,0.3166666666666666,0.0333333333333333,0.1666666666666666,0.3166666666666666,0.0333333333333333,0.3,0.6666666666666666,0.0333333333333333,0.1666666666666666,0.3166666666666666,0.0,0.0,0.0
20260707,Job-shop,5,266,0.4636115699006453,0.4699628259875289,0.4699628259875289,0.4636115699006453,0.4636115699006453,0.4699628259875289,1,1,0,0,0.1666666666666666,0.3833333333333333,0.5833333333333334,0.0,0.0,0.0,0.0,0.0,0.0,0.15,0.3,0.4666666666666667,0.15,0.3666666666666666,0.55,0.5333333333333333,0.5833333333333334,0.6,0.1666666666666666,0.3833333333333333,0.5833333333333334,0.0,0.0,0.0
20260707,Job-shop,4,275,0.4835736579497056,0.489600568769806,0.489600568769806,0.4835736579497056,0.4835736579497056,0.489600568769806,1,1,0,0,0.2666666666666666,0.5666666666666667,0.8166666666666667,0.0,0.0,0.0,0.0,0.0,0.0,0.2666666666666666,0.5666666666666667,0.8166666666666667,0.2666666666666666,0.5666666666666667,0.8166666666666667,0.35,0.55,0.7166666666666667,0.2666666666666666,0.5666666666666667,0.8166666666666667,0.0,0.0,0.0
20260707,Job-shop,4,241,0.4916538942295253,0.4946257620406507,0.4916538942295253,0.4916538942295253,0.4916538942295253,0.4916538942295253,1,1,0,0,0.5333333333333333,0.75,0.8333333333333334,0.0,0.0,0.0,0.0,0.0,0.0,0.5333333333333333,0.7333333333333333,0.8,0.5333333333333333,0.7333333333333333,0.8166666666666667,0.55,0.8,0.8166666666666667,0.5333333333333333,0.75,0.8333333333333334,0.0,0.0,0.0
20260707,Job-shop,5,286,0.4830519302412443,0.4948446550759143,0.4948446550759143,0.4830519302412443,0.4830519302412443,0.4948446550759143,1,1,0,0,0.05,0.2166666666666666,0.55,0.0,0.0,0.0,0.0,0.0,0.0,0.05,0.25,0.5333333333333333,0.0166666666666666,0.1666666666666666,0.4666666666666667,0.15,0.35,0.6666666666666666,0.05,0.2166666666666666,0.55,0.0,0.0,0.0
20260707,Job-shop,4,251,0.4764941765541419,0.4869179302893535,0.4869179302893535,0.4764941765541419,0.4764941765541419,0.4869179302893535,1,1,0,0,0.2166666666666666,0.2333333333333333,0.5166666666666667,0.0,0.0,0.0,0.0,0.0,0.0,0.2166666666666666,0.2333333333333333,0.5166666666666667,0.2166666666666666,0.2333333333333333,0.5166666666666667,0.7333333333333333,0.7666666666666667,0.9166666666666666,0.2166666666666666,0.2333333333333333,0.5166666666666667,0.0,0.0,0.0
20260707,Job-shop,5,116,0.4509175664670024,0.4509175664670024,0.4509175664670024,0.4509175664670024,0.4509175664670024,0.4509175664670024,1,1,0,0,0.0,0.0833333333333333,0.3166666666666666,0.0,0.0,0.0,0.0,0.0,0.0,0.0,0.0833333333333333,0.3166666666666666,0.0,0.0833333333333333,0.3166666666666666,0.0,0.0666666666666666,0.4,0.0,0.0833333333333333,0.3166666666666666,0.0,0.0,0.0
20260707,Job-shop,5,159,0.495060094401025,0.4929176337994538,0.4929176337994538,0.5208905916565681,0.495060094401025,0.4929176337994538,0,1,0,0,0.7833333333333333,0.8,0.9333333333333332,0.0,0.0,0.0,0.0,0.0,0.0,0.7333333333333333,0.8,0.9333333333333332,0.5833333333333334,0.7166666666666667,0.9166666666666666,0.25,0.3666666666666666,0.6666666666666666,0.7833333333333333,0.8,0.9333333333333332,0.0,0.0,0.0
20260707,Job-shop,5,187,0.4830795517945067,0.4804631456004475,0.4804631456004475,0.4830795517945067,0.4918813792563719,0.4804631456004475,1,0,0,0,0.1666666666666666,0.2833333333333333,0.2333333333333333,0.0,0.0,0.0,0.0,0.0,0.0,0.1666666666666666,0.2833333333333333,0.25,0.2,0.3666666666666666,0.6666666666666666,0.0333333333333333,0.3166666666666666,0.4666666666666667,0.1666666666666666,0.2833333333333333,0.2333333333333333,0.0,0.0,0.0
20260707,Job-shop,3,261,0.5128238247694838,0.5128238247694838,0.5128238247694838,0.5128238247694838,0.5128238247694838,0.5128238247694838,1,1,0,0,0.0166666666666666,0.1666666666666666,0.3666666666666666,0.0,0.0,0.0,0.0,0.0,0.0,0.0166666666666666,0.1666666666666666,0.3666666666666666,0.0166666666666666,0.1666666666666666,0.3666666666666666,0.1166666666666666,0.3666666666666666,0.7166666666666667,0.0166666666666666,0.1666666666666666,0.3666666666666666,0.0,0.0,0.0
20260707,Job-shop,3,210,0.5043862160391019,0.5217363271549337,0.5217363271549337,0.5043862160391019,0.5043862160391019,0.5217363271549337,1,1,0,0,0.1666666666666666,0.2166666666666666,0.3666666666666666,0.0,0.0,0.0,0.0,0.0,0.0,0.0833333333333333,0.1833333333333333,0.3333333333333333,0.0833333333333333,0.1833333333333333,0.3333333333333333,0.4166666666666667,0.5333333333333333,0.8166666666666667,0.1666666666666666,0.2166666666666666,0.3666666666666666,0.0,0.0,0.0
20260707,Job-shop,5,112,0.5079751642676568,0.5079751642676568,0.5079751642676568,0.5079751642676568,0.5079751642676568,0.5079751642676568,1,1,0,0,0.1,0.3,0.3833333333333333,0.0,0.0,0.0,0.0,0.0,0.0,0.1,0.3,0.3833333333333333,0.1,0.3,0.3833333333333333,0.05,0.1833333333333333,0.6,0.1,0.3,0.3833333333333333,0.0,0.0,0.0
20260707,Job-shop,3,128,0.5236110763566297,0.5230892646985981,0.5236110763566297,0.5236110763566297,0.5236110763566297,0.5236110763566297,1,1,0,0,0.4833333333333333,0.6833333333333333,0.9166666666666666,0.0,0.0,0.0,0.0,0.0,0.0,0.4666666666666667,0.6166666666666667,0.85,0.65,0.8,0.95,0.3666666666666666,0.5833333333333334,0.7666666666666667,0.4833333333333333,0.6833333333333333,0.9166666666666666,0.0,0.0,0.0
20260707,Job-shop,3,72,0.5119307876800592,0.514821815372155,0.514821815372155,0.5119307876800592,0.5119307876800592,0.514821815372155,1,1,0,0,0.0,0.1333333333333333,0.35,0.0,0.0,0.0,0.0,0.0,0.0,0.0,0.1333333333333333,0.35,0.0,0.1333333333333333,0.35,0.0666666666666666,0.25,0.5166666666666667,0.0,0.1333333333333333,0.35,0.0,0.0,0.0
20260707,Job-shop,5,129,0.5071674875610223,0.4933345595726167,0.4933345595726167,0.5071674875610223,0.5071674875610223,0.4933345595726167,1,1,0,0,0.4666666666666667,0.7333333333333333,0.8666666666666667,0.0,0.0,0.0,0.0,0.0,0.0,0.4666666666666667,0.7333333333333333,0.8666666666666667,0.4666666666666667,0.7333333333333333,0.8666666666666667,0.0666666666666666,0.1166666666666666,0.6,0.4666666666666667,0.7333333333333333,0.8666666666666667,0.0,0.0,0.0
20260707,Job-shop,3,137,0.5193073068712147,0.5193073068712147,0.5193073068712147,0.5193073068712147,0.5193073068712147,0.5193073068712147,1,1,1,1,0.6333333333333333,0.7166666666666667,0.7166666666666667,0.0,0.0,0.0,0.0,0.0,0.0,0.6333333333333333,0.7166666666666667,0.7166666666666667,0.6333333333333333,0.7166666666666667,0.7166666666666667,0.5833333333333334,0.5833333333333334,0.5,0.6333333333333333,0.7166666666666667,0.7166666666666667,0.0,0.0,0.0
20260707,Job-shop,3,71,0.5238058445917304,0.5238058445917304,0.5238058445917304,0.5238058445917304,0.5238058445917304,0.5238058445917304,1,1,0,0,0.65,0.8166666666666667,0.6833333333333333,0.0,0.0,0.0,0.0,0.0,0.0,0.65,0.8166666666666667,0.6833333333333333,0.65,0.8166666666666667,0.6833333333333333,0.0,0.1333333333333333,0.45,0.65,0.8166666666666667,0.6833333333333333,0.0,0.0,0.0
20260707,Job-shop,3,109,0.5002143006775078,0.5002143006775078,0.5002143006775078,0.5002143006775078,0.5002143006775078,0.5002143006775078,1,1,0,0,0.0,0.0,0.0333333333333333,0.0,0.0,0.0,0.0,0.0,0.0,0.0,0.0,0.0333333333333333,0.0,0.0,0.0333333333333333,0.3833333333333333,0.6166666666666667,0.65,0.0,0.0,0.0333333333333333,0.0,0.0,0.0
20260707,Job-shop,5,187,0.4775062066990646,0.4775062066990646,0.4775062066990646,0.4775062066990646,0.4775062066990646,0.4775062066990646,1,1,0,0,0.6333333333333333,0.8666666666666667,0.8166666666666667,0.0,0.0,0.0,0.0,0.0,0.0,0.6333333333333333,0.8666666666666667,0.8166666666666667,0.6333333333333333,0.8666666666666667,0.8166666666666667,0.0,0.1,0.5166666666666667,0.6333333333333333,0.8666666666666667,0.8166666666666667,0.0,0.0,0.0
20260707,Job-shop,4,252,0.4890567716910214,0.5196927085330626,0.5196927085330626,0.4890567716910214,0.4890567716910214,0.5196927085330626,1,1,0,0,0.2166666666666666,0.4166666666666667,0.65,0.0,0.0,0.0,0.0,0.0,0.0,0.2166666666666666,0.4166666666666667,0.65,0.2166666666666666,0.4333333333333333,0.6666666666666666,0.4666666666666667,0.7,0.8166666666666667,0.2166666666666666,0.4166666666666667,0.65,0.0,0.0,0.0
20260707,Job-shop,4,135,0.5165173665787759,0.5165173665787759,0.5165173665787759,0.5165173665787759,0.5165173665787759,0.5165173665787759,1,1,0,0,0.2333333333333333,0.6333333333333333,0.75,0.0,0.0,0.0,0.0,0.0,0.0,0.2333333333333333,0.6333333333333333,0.75,0.2333333333333333,0.6333333333333333,0.75,0.4166666666666667,0.6,0.7166666666666667,0.2333333333333333,0.6333333333333333,0.75,0.0,0.0,0.0
20260707,Job-shop,3,241,0.4929154033781837,0.5112826431543732,0.5112826431543732,0.4929154033781837,0.4929154033781837,0.5112826431543732,1,1,0,0,0.1666666666666666,0.3333333333333333,0.4166666666666667,0.0,0.0,0.0,0.0,0.0,0.0,0.1666666666666666,0.3333333333333333,0.4333333333333333,0.1666666666666666,0.3333333333333333,0.4166666666666667,0.0166666666666666,0.5666666666666667,0.8333333333333334,0.1666666666666666,0.3333333333333333,0.4166666666666667,0.0,0.0,0.0
20260707,WFG2,8,447,0.4202053270378511,0.5429525349058647,0.5429525349058647,0.4202053270378511,0.4202053270378511,0.5429525349058647,1,1,0,0,0.0,0.0,0.0,0.0,0.0,0.0,0.0,0.0,0.0,0.0,0.0,0.0,0.0,0.0,0.0,0.6666666666666666,0.75,0.9166666666666666,0.0,0.0,0.0,0.0,0.0,0.0
20260707,WFG2,15,318,0.4869523025608769,0.4869523025608769,0.4869523025608769,0.4869523025608769,0.4869523025608769,0.4869523025608769,1,1,0,0,0.0,0.0,0.0,0.0,0.0,0.0,0.0,0.0,0.0,0.0,0.0,0.0,0.0,0.0,0.0,0.0166666666666666,0.1333333333333333,0.3333333333333333,0.0,0.0,0.0,0.0,0.0,0.0
20260707,WFG2,15,217,0.4463969663954089,0.4463969663954089,0.4463969663954089,0.4463969663954089,0.4463969663954089,0.4463969663954089,1,1,0,0,0.0,0.0,0.0,0.0,0.0,0.0,0.0,0.0,0.0,0.0,0.0,0.0,0.0,0.0,0.0,0.0,0.0166666666666666,0.2833333333333333,0.0,0.0,0.0,0.0,0.0,0.0
20260707,WFG2,5,307,0.1962351484217359,0.1962351484217359,0.1962351484217359,0.1962351484217359,0.1962351484217359,0.1962351484217359,1,1,0,0,0.0,0.0,0.0,0.0,0.0,0.0,0.0,0.0,0.0,0.0,0.0,0.0,0.0,0.0,0.0,0.0333333333333333,0.1333333333333333,0.3666666666666666,0.0,0.0,0.0,0.0,0.0,0.0
20260707,WFG2,10,154,0.4874501773263945,0.4874501773263945,0.4874501773263945,0.4874501773263945,0.4874501773263945,0.4874501773263945,1,1,0,0,0.0,0.0,0.0,0.0,0.0,0.0,0.0,0.0,0.0,0.0,0.0,0.0,0.0,0.0,0.0,0.3833333333333333,0.5833333333333334,0.85,0.0,0.0,0.0,0.0,0.0,0.0
20260707,WFG2,14,134,0.5471362762960706,0.5471362762960706,0.5471362762960706,0.5471362762960706,0.5471362762960706,0.5471362762960706,1,1,0,0,0.0,0.0,0.0,0.0,0.0,0.0,0.0,0.0,0.0,0.0,0.0,0.0,0.0,0.0,0.0,0.1333333333333333,0.5333333333333333,0.8166666666666667,0.0,0.0,0.0,0.0,0.0,0.0
20260707,WFG2,12,201,0.5193446565236759,0.5193446565236759,0.5193446565236759,0.5193446565236759,0.5193446565236759,0.5193446565236759,1,1,0,0,0.0,0.0,0.0,0.0,0.0,0.0,0.0,0.0,0.0,0.0,0.0,0.0,0.0,0.0,0.0,0.4666666666666667,0.45,0.7,0.0,0.0,0.0,0.0,0.0,0.0
20260707,WFG2,4,133,0.2858642299597315,0.2858642299597315,0.2858642299597315,0.2858642299597315,0.2858642299597315,0.2858642299597315,1,1,0,0,0.0,0.0,0.0,0.0,0.0,0.0,0.0,0.0,0.0,0.0,0.0,0.0,0.0,0.0,0.0,0.2166666666666666,0.3833333333333333,0.65,0.0,0.0,0.0,0.0,0.0,0.0
20260707,WFG2,4,49,0.1976259214530378,0.1976259214530378,0.1976259214530378,0.1976259214530378,0.1976259214530378,0.1976259214530378,1,1,0,0,0.0,0.0,0.0,0.0,0.0,0.0,0.0,0.0,0.0,0.0,0.0,0.0,0.0,0.0,0.0,0.0,0.0666666666666666,0.2,0.0,0.0,0.0,0.0,0.0,0.0
20260707,WFG2,12,427,0.4496827307397502,0.4496827307397502,0.4496827307397502,0.4496827307397502,0.4496827307397502,0.4496827307397502,1,1,0,0,0.0,0.0,0.0,0.0,0.0,0.0,0.0,0.0,0.0,0.0,0.0,0.0,0.0,0.0,0.0,0.2833333333333333,0.55,0.65,0.0,0.0,0.0,0.0,0.0,0.0
20260707,WFG2,5,220,0.2935490812891955,0.3448319761610867,0.3448319761610867,0.2935490812891955,0.2935490812891955,0.3448319761610867,1,1,0,0,0.5,0.55,0.65,0.0,0.0,0.0,0.0,0.0,0.0,0.4833333333333333,0.5333333333333333,0.65,0.5,0.55,0.65,0.6,0.6166666666666667,0.8333333333333334,0.5,0.55,0.65,0.0,0.0,0.0
20260707,WFG2,6,85,0.4265869374482983,0.4265869374482983,0.4265869374482983,0.4265869374482983,0.4265869374482983,0.4265869374482983,1,1,0,0,0.0,0.0,0.0,0.0,0.0,0.0,0.0,0.0,0.0,0.0,0.0,0.0,0.0,0.0,0.0,0.45,0.7666666666666667,0.8333333333333334,0.0,0.0,0.0,0.0,0.0,0.0
20260707,WFG2,13,233,0.5852336612471029,0.5852336612471029,0.5852336612471029,0.5852336612471029,0.5852336612471029,0.5852336612471029,1,1,0,0,0.0,0.0666666666666666,0.45,0.0,0.0,0.0,0.0,0.0,0.0,0.0,0.0666666666666666,0.45,0.0,0.0666666666666666,0.45,0.4,0.4666666666666667,0.8333333333333334,0.0,0.0666666666666666,0.45,0.0,0.0,0.0
20260707,WFG2,6,438,0.310399654730584,0.310399654730584,0.310399654730584,0.310399654730584,0.310399654730584,0.310399654730584,1,1,0,0,0.0,0.0,0.0,0.0,0.0,0.0,0.0,0.0,0.0,0.0,0.0,0.0,0.0,0.0,0.0,0.4666666666666667,0.55,0.7666666666666667,0.0,0.0,0.0,0.0,0.0,0.0
20260707,WFG2,10,404,0.4957120643061376,0.4957120643061376,0.4957120643061376,0.4957120643061376,0.4957120643061376,0.4957120643061376,1,1,0,0,0.0,0.0,0.0,0.0,0.0,0.0,0.0,0.0,0.0,0.0,0.0,0.0,0.0,0.0,0.0,0.5833333333333334,0.7666666666666667,0.95,0.0,0.0,0.0,0.0,0.0,0.0
20260707,WFG2,15,443,0.4965663226609488,0.4965663226609488,0.4965663226609488,0.4965663226609488,0.4965663226609488,0.4965663226609488,1,1,0,0,0.0,0.0,0.0,0.0,0.0,0.0,0.0,0.0,0.0,0.0,0.0,0.0,0.0,0.0,0.0,0.0,0.1333333333333333,0.3333333333333333,0.0,0.0,0.0,0.0,0.0,0.0
20260707,WFG2,8,430,0.4789219770443329,0.4563354572430038,0.4563354572430038,0.4789219770443329,0.4789219770443329,0.4563354572430038,1,1,0,0,0.0333333333333333,0.1166666666666666,0.5333333333333333,0.0,0.0,0.0,0.0,0.0,0.0,0.0333333333333333,0.1166666666666666,0.5333333333333333,0.0333333333333333,0.1166666666666666,0.5333333333333333,0.55,0.7166666666666667,0.9666666666666668,0.0333333333333333,0.1166666666666666,0.5333333333333333,0.0,0.0,0.0
20260707,WFG2,12,455,0.5250139025304371,0.5773392387000762,0.5773392387000762,0.5250139025304371,0.5250139025304371,0.5773392387000762,1,1,0,0,0.0,0.0,0.0166666666666666,0.0,0.0,0.0,0.0,0.0,0.0,0.0,0.0,0.0166666666666666,0.0,0.0,0.0166666666666666,0.3333333333333333,0.5666666666666667,0.9333333333333332,0.0,0.0,0.0166666666666666,0.0,0.0,0.0
20260707,WFG2,13,283,0.4880053902362762,0.5341074029311481,0.5341074029311481,0.4880053902362762,0.4880053902362762,0.5341074029311481,1,1,0,0,0.3333333333333333,0.4833333333333333,0.6333333333333333,0.0,0.0,0.0,0.0,0.0,0.0,0.3333333333333333,0.4833333333333333,0.6333333333333333,0.3333333333333333,0.4833333333333333,0.6333333333333333,0.2666666666666666,0.55,0.8666666666666667,0.3333333333333333,0.4833333333333333,0.6333333333333333,0.0,0.0,0.0
20260707,WFG2,13,361,0.4675550768101525,0.4675550768101525,0.4675550768101525,0.4675550768101525,0.4675550768101525,0.4675550768101525,1,1,0,0,0.0,0.0,0.0,0.0,0.0,0.0,0.0,0.0,0.0,0.0,0.0,0.0,0.0,0.0,0.0,0.85,0.9,0.9166666666666666,0.0,0.0,0.0,0.0,0.0,0.0
20260707,WFG2,10,271,0.4487347667567854,0.4487347667567854,0.4487347667567854,0.4487347667567854,0.4487347667567854,0.4487347667567854,1,1,0,0,0.0,0.0,0.0166666666666666,0.0,0.0,0.0,0.0,0.0,0.0,0.0,0.0,0.0166666666666666,0.0,0.0,0.0166666666666666,0.3,0.75,0.9166666666666666,0.0,0.0,0.0166666666666666,0.0,0.0,0.0
20260707,WFG2,8,438,0.4546726854319542,0.4546726854319542,0.4546726854319542,0.4546726854319542,0.4546726854319542,0.4546726854319542,1,1,0,0,0.0,0.0,0.0666666666666666,0.0,0.0,0.0,0.0,0.0,0.0,0.0,0.0,0.0666666666666666,0.0,0.0,0.0666666666666666,0.7666666666666667,0.9,0.9,0.0,0.0,0.0666666666666666,0.0,0.0,0.0
20260707,WFG2,5,345,0.2100545734371025,0.2100545734371025,0.2100545734371025,0.2100545734371025,0.2100545734371025,0.2100545734371025,1,1,0,0,0.0,0.0,0.0,0.0,0.0,0.0,0.0,0.0,0.0,0.0,0.0,0.0,0.0,0.0,0.0,0.0,0.1,0.2,0.0,0.0,0.0,0.0,0.0,0.0
20260707,WFG2,9,74,0.5135633358135198,0.6113106870214864,0.6113106870214864,0.5135633358135198,0.5135633358135198,0.6113106870214864,1,1,0,0,0.0,0.0333333333333333,0.4166666666666667,0.0,0.0,0.0,0.0,0.0,0.0,0.0,0.0333333333333333,0.4166666666666667,0.0,0.0333333333333333,0.4166666666666667,0.3,0.6333333333333333,0.8666666666666667,0.0,0.0333333333333333,0.4166666666666667,0.0,0.0,0.0
20260707,WFG2,13,361,0.4738704836535787,0.4738704836535787,0.4738704836535787,0.4738704836535787,0.4738704836535787,0.4738704836535787,1,1,0,0,0.0,0.0,0.0,0.0,0.0,0.0,0.0,0.0,0.0,0.0,0.0,0.0,0.0,0.0,0.0,0.4833333333333333,0.4833333333333333,0.8,0.0,0.0,0.0,0.0,0.0,0.0
20260707,WFG2,7,434,0.371841046735106,0.371841046735106,0.371841046735106,0.371841046735106,0.371841046735106,0.371841046735106,1,1,0,0,0.0,0.0,0.0,0.0,0.0,0.0,0.0,0.0,0.0,0.0,0.0,0.0,0.0,0.0,0.0,0.3166666666666666,0.5833333333333334,0.8166666666666667,0.0,0.0,0.0,0.0,0.0,0.0
20260707,WFG2,5,380,0.2124818878939939,0.2124818878939939,0.2124818878939939,0.2124818878939939,0.2124818878939939,0.2124818878939939,1,1,0,0,0.0,0.0,0.0,0.0,0.0,0.0,0.0,0.0,0.0,0.0,0.0,0.0,0.0,0.0,0.0,0.0,0.05,0.1666666666666666,0.0,0.0,0.0,0.0,0.0,0.0
20260707,WFG2,8,208,0.486889301227119,0.486889301227119,0.486889301227119,0.486889301227119,0.486889301227119,0.486889301227119,1,1,0,0,0.0,0.0,0.0,0.0,0.0,0.0,0.0,0.0,0.0,0.0,0.0,0.0,0.0,0.0,0.0,0.45,0.5333333333333333,0.7166666666666667,0.0,0.0,0.0,0.0,0.0,0.0
20260707,WFG2,10,410,0.3940924114010406,0.3940924114010406,0.3940924114010406,0.3940924114010406,0.3940924114010406,0.3940924114010406,1,1,0,0,0.0,0.0,0.0,0.0,0.0,0.0,0.0,0.0,0.0,0.0,0.0,0.0,0.0,0.0,0.0,0.3833333333333333,0.6333333333333333,0.8166666666666667,0.0,0.0,0.0,0.0,0.0,0.0
20260707,WFG2,9,212,0.4398984694307828,0.586603310146202,0.586603310146202,0.4398984694307828,0.4398984694307828,0.586603310146202,1,1,0,0,0.0,0.0,0.0166666666666666,0.0,0.0,0.0,0.0,0.0,0.0,0.0,0.0,0.0166666666666666,0.0,0.0,0.0166666666666666,0.45,0.8166666666666667,0.9666666666666668,0.0,0.0,0.0166666666666666,0.0,0.0,0.0
20260707,WFG2,8,127,0.4712387115312626,0.4712387115312626,0.4712387115312626,0.4712387115312626,0.4712387115312626,0.4712387115312626,1,1,0,0,0.0,0.0,0.0,0.0,0.0,0.0,0.0,0.0,0.0,0.0,0.0,0.0,0.0,0.0,0.0,0.3833333333333333,0.6666666666666666,0.8666666666666667,0.0,0.0,0.0,0.0,0.0,0.0
20260707,WFG2,13,109,0.5112337919926462,0.5112337919926462,0.5112337919926462,0.5112337919926462,0.5112337919926462,0.5112337919926462,1,1,0,0,0.0,0.0,0.0,0.0,0.0,0.0,0.0,0.0,0.0,0.0,0.0,0.0,0.0,0.0,0.0,0.0,0.15,0.5333333333333333,0.0,0.0,0.0,0.0,0.0,0.0
20260707,WFG2,10,307,0.4297875544801328,0.4297875544801328,0.4297875544801328,0.4297875544801328,0.4297875544801328,0.4297875544801328,1,1,0,0,0.0,0.0,0.0,0.0,0.0,0.0,0.0,0.0,0.0,0.0,0.0,0.0,0.0,0.0,0.0,0.0,0.2,0.5333333333333333,0.0,0.0,0.0,0.0,0.0,0.0
20260707,WFG2,15,291,0.5518767940910857,0.5518767940910857,0.5518767940910857,0.5518767940910857,0.5518767940910857,0.5518767940910857,1,1,0,0,0.0,0.0,0.0,0.0,0.0,0.0,0.0,0.0,0.0,0.0,0.0,0.0,0.0,0.0,0.0,0.4333333333333333,0.7333333333333333,0.9,0.0,0.0,0.0,0.0,0.0,0.0
20260707,WFG2,14,154,0.4840366041275086,0.4840366041275086,0.4840366041275086,0.4840366041275086,0.4840366041275086,0.4840366041275086,1,1,0,0,0.0,0.0,0.0,0.0,0.0,0.0,0.0,0.0,0.0,0.0,0.0,0.0,0.0,0.0,0.0,0.1166666666666666,0.5166666666666667,0.8333333333333334,0.0,0.0,0.0,0.0,0.0,0.0
20260707,WFG2,15,301,0.524454147680927,0.5612877415982376,0.5612877415982376,0.524454147680927,0.524454147680927,0.5612877415982376,1,1,0,0,0.0,0.0,0.1,0.0,0.0,0.0,0.0,0.0,0.0,0.0,0.0,0.1,0.0,0.0,0.1,0.2666666666666666,0.4666666666666667,0.8,0.0,0.0,0.1,0.0,0.0,0.0
20260707,WFG2,5,285,0.237182639243738,0.237182639243738,0.237182639243738,0.237182639243738,0.237182639243738,0.237182639243738,1,1,0,0,0.0,0.0,0.0,0.0,0.0,0.0,0.0,0.0,0.0,0.0,0.0,0.0,0.0,0.0,0.0,0.0166666666666666,0.1,0.2166666666666666,0.0,0.0,0.0,0.0,0.0,0.0
20260707,WFG2,11,168,0.4942219827566984,0.4942219827566984,0.4942219827566984,0.4942219827566984,0.4942219827566984,0.4942219827566984,1,1,0,0,0.0,0.0,0.0,0.0,0.0,0.0,0.0,0.0,0.0,0.0,0.0,0.0,0.0,0.0,0.0,0.0,0.0166666666666666,0.5333333333333333,0.0,0.0,0.0,0.0,0.0,0.0
20260707,WFG2,9,413,0.4744088942384724,0.4744088942384724,0.4744088942384724,0.4744088942384724,0.4744088942384724,0.4744088942384724,1,1,0,0,0.0,0.0,0.0,0.0,0.0,0.0,0.0,0.0,0.0,0.0,0.0,0.0,0.0,0.0,0.0,0.6,0.7333333333333333,0.9166666666666666,0.0,0.0,0.0,0.0,0.0,0.0
20260707,WFG2,11,489,0.5061506321172338,0.5061506321172338,0.5061506321172338,0.5061506321172338,0.5061506321172338,0.5061506321172338,1,1,0,0,0.1333333333333333,0.1666666666666666,0.2333333333333333,0.0,0.0,0.0,0.0,0.0,0.0,0.1333333333333333,0.1666666666666666,0.2333333333333333,0.1333333333333333,0.1666666666666666,0.2333333333333333,0.0,0.1833333333333333,0.75,0.1333333333333333,0.1666666666666666,0.2333333333333333,0.0,0.0,0.0
20260707,WFG2,7,236,0.4192929908950988,0.4192929908950988,0.4192929908950988,0.4192929908950988,0.4192929908950988,0.4192929908950988,1,1,0,0,0.0,0.0,0.0,0.0,0.0,0.0,0.0,0.0,0.0,0.0,0.0,0.0,0.0,0.0,0.0,0.0,0.4166666666666667,0.7666666666666667,0.0,0.0,0.0,0.0,0.0,0.0
20260707,WFG2,15,230,0.4990753228080459,0.4990753228080459,0.4990753228080459,0.4990753228080459,0.4990753228080459,0.4990753228080459,1,1,0,0,0.0,0.0,0.0,0.0,0.0,0.0,0.0,0.0,0.0,0.0,0.0,0.0,0.0,0.0,0.0,0.0666666666666666,0.5666666666666667,0.75,0.0,0.0,0.0,0.0,0.0,0.0
20260707,WFG2,14,171,0.5427568836312198,0.5427568836312198,0.5427568836312198,0.5427568836312198,0.5427568836312198,0.5427568836312198,1,1,0,0,0.0,0.0,0.1,0.0,0.0,0.0,0.0,0.0,0.0,0.0,0.0,0.1,0.0,0.0,0.1,0.25,0.35,0.6333333333333333,0.0,0.0,0.1,0.0,0.0,0.0
20260707,WFG2,7,141,0.5072104496168905,0.5310968963362058,0.5310968963362058,0.5072104496168905,0.5072104496168905,0.5310968963362058,1,1,0,0,0.0,0.0,0.2333333333333333,0.0,0.0,0.0,0.0,0.0,0.0,0.0,0.0,0.2333333333333333,0.0,0.0,0.2333333333333333,0.25,0.45,0.75,0.0,0.0,0.2333333333333333,0.0,0.0,0.0
20260707,WFG2,7,108,0.3419013277275914,0.3419013277275914,0.3419013277275914,0.3419013277275914,0.3419013277275914,0.3419013277275914,1,1,0,0,0.0,0.0,0.0,0.0,0.0,0.0,0.0,0.0,0.0,0.0,0.0,0.0,0.0,0.0,0.0,0.1666666666666666,0.4166666666666667,0.65,0.0,0.0,0.0,0.0,0.0,0.0
20260707,WFG2,15,453,0.5138492627724457,0.5138492627724457,0.5138492627724457,0.5138492627724457,0.5138492627724457,0.5138492627724457,1,1,0,0,0.0,0.0,0.0,0.0,0.0,0.0,0.0,0.0,0.0,0.0,0.0,0.0,0.0,0.0,0.0,0.4333333333333333,0.5833333333333334,0.9333333333333332,0.0,0.0,0.0,0.0,0.0,0.0
20260707,WFG2,13,131,0.4774467142694792,0.4774467142694792,0.4774467142694792,0.4774467142694792,0.4774467142694792,0.4774467142694792,1,1,0,0,0.0,0.0,0.0,0.0,0.0,0.0,0.0,0.0,0.0,0.0,0.0,0.0,0.0,0.0,0.0,0.3666666666666666,0.6166666666666667,0.8,0.0,0.0,0.0,0.0,0.0,0.0
20260707,WFG2,8,187,0.3830078296295312,0.3830078296295312,0.3830078296295312,0.3830078296295312,0.3830078296295312,0.3830078296295312,1,1,0,0,0.0,0.0,0.0,0.0,0.0,0.0,0.0,0.0,0.0,0.0,0.0,0.0,0.0,0.0,0.0,0.0,0.0166666666666666,0.25,0.0,0.0,0.0,0.0,0.0,0.0
20260707,WFG2,9,446,0.4043525653117196,0.4043525653117196,0.4043525653117196,0.4043525653117196,0.4043525653117196,0.4043525653117196,1,1,0,0,0.0,0.0,0.0,0.0,0.0,0.0,0.0,0.0,0.0,0.0,0.0,0.0,0.0,0.0,0.0,0.2333333333333333,0.6666666666666666,0.8666666666666667,0.0,0.0,0.0,0.0,0.0,0.0
20260707,WFG2,14,129,0.52332881732805,0.52332881732805,0.52332881732805,0.52332881732805,0.52332881732805,0.52332881732805,1,1,0,0,0.0,0.0,0.0,0.0,0.0,0.0,0.0,0.0,0.0,0.0,0.0,0.0,0.0,0.0,0.0,0.0,0.2666666666666666,0.7833333333333333,0.0,0.0,0.0,0.0,0.0,0.0
20260707,WFG2,3,51,0.0886481904328031,0.0886481904328031,0.0886481904328031,0.0886481904328031,0.0886481904328031,0.0886481904328031,1,1,0,0,0.0,0.0,0.0,0.0,0.0,0.0,0.0,0.0,0.0,0.0,0.0,0.0,0.0,0.0,0.0,0.0,0.0,0.0,0.0,0.0,0.0,0.0,0.0,0.0
20260707,WFG2,10,109,0.5557932051462777,0.5557932051462777,0.5557932051462777,0.5557932051462777,0.5557932051462777,0.5557932051462777,1,1,0,0,0.0,0.0,0.0,0.0,0.0,0.0,0.0,0.0,0.0,0.0,0.0,0.0,0.0,0.0,0.0,0.3333333333333333,0.6166666666666667,0.7,0.0,0.0,0.0,0.0,0.0,0.0
20260707,WFG2,8,302,0.4644899552262309,0.4644899552262309,0.4644899552262309,0.4644899552262309,0.4644899552262309,0.4644899552262309,1,1,0,0,0.0,0.0,0.0,0.0,0.0,0.0,0.0,0.0,0.0,0.0,0.0,0.0,0.0,0.0,0.0,0.0,0.3,0.75,0.0,0.0,0.0,0.0,0.0,0.0
20260707,WFG2,8,234,0.4989381673686008,0.4989381673686008,0.4989381673686008,0.4989381673686008,0.4989381673686008,0.4989381673686008,1,1,0,0,0.0,0.0,0.0166666666666666,0.0,0.0,0.0,0.0,0.0,0.0,0.0,0.0,0.0166666666666666,0.0,0.0,0.0166666666666666,0.5166666666666667,0.8166666666666667,0.9,0.0,0.0,0.0166666666666666,0.0,0.0,0.0
20260707,WFG2,15,311,0.43670082452012,0.43670082452012,0.43670082452012,0.43670082452012,0.43670082452012,0.43670082452012,1,1,0,0,0.0,0.0,0.0,0.0,0.0,0.0,0.0,0.0,0.0,0.0,0.0,0.0,0.0,0.0,0.0,0.0,0.1,0.7166666666666667,0.0,0.0,0.0,0.0,0.0,0.0
20260707,WFG2,14,270,0.4663285256893256,0.4663285256893256,0.4663285256893256,0.4663285256893256,0.4663285256893256,0.4663285256893256,1,1,0,0,0.0,0.0,0.0,0.0,0.0,0.0,0.0,0.0,0.0,0.0,0.0,0.0,0.0,0.0,0.0,0.0833333333333333,0.2666666666666666,0.6166666666666667,0.0,0.0,0.0,0.0,0.0,0.0
20260707,WFG2,12,482,0.436235819394595,0.4669260979309345,0.4669260979309345,0.436235819394595,0.436235819394595,0.4669260979309345,1,1,0,0,0.5833333333333334,0.75,0.7666666666666667,0.0,0.0,0.0,0.0,0.0,0.0,0.5833333333333334,0.75,0.7666666666666667,0.5833333333333334,0.75,0.7666666666666667,0.35,0.5833333333333334,0.7333333333333333,0.5833333333333334,0.75,0.7666666666666667,0.0,0.0,0.0
20260707,WFG2,9,439,0.4141517146854659,0.4141517146854659,0.4141517146854659,0.4141517146854659,0.4141517146854659,0.4141517146854659,1,1,0,0,0.0,0.0,0.05,0.0,0.0,0.0,0.0,0.0,0.0,0.0,0.0,0.05,0.0,0.0,0.05,0.0,0.0166666666666666,0.2,0.0,0.0,0.05,0.0,0.0,0.0
20260707,WFG2,15,257,0.5227921364702458,0.5227921364702458,0.5227921364702458,0.5227921364702458,0.5227921364702458,0.5227921364702458,1,1,0,0,0.0,0.0,0.0,0.0,0.0,0.0,0.0,0.0,0.0,0.0,0.0,0.0,0.0,0.0,0.0,0.5666666666666667,0.7333333333333333,0.7333333333333333,0.0,0.0,0.0,0.0,0.0,0.0
20260707,WFG2,5,242,0.3706484731841648,0.3706484731841648,0.3706484731841648,0.3706484731841648,0.3706484731841648,0.3706484731841648,1,1,0,0,0.0,0.0,0.0,0.0,0.0,0.0,0.0,0.0,0.0,0.0,0.0,0.0,0.0,0.0,0.0,0.0166666666666666,0.2833333333333333,0.7333333333333333,0.0,0.0,0.0,0.0,0.0,0.0
20260707,WFG2,14,417,0.469627162453695,0.469627162453695,0.469627162453695,0.469627162453695,0.469627162453695,0.469627162453695,1,1,0,0,0.0,0.0,0.0,0.0,0.0,0.0,0.0,0.0,0.0,0.0,0.0,0.0,0.0,0.0,0.0,0.0,0.2166666666666666,0.4666666666666667,0.0,0.0,0.0,0.0,0.0,0.0
20260707,WFG2,15,287,0.5307864524342738,0.5307864524342738,0.5307864524342738,0.5307864524342738,0.5307864524342738,0.5307864524342738,1,1,0,0,0.0,0.0,0.0166666666666666,0.0,0.0,0.0,0.0,0.0,0.0,0.0,0.0,0.0166666666666666,0.0,0.0,0.0166666666666666,0.7,0.8166666666666667,0.8666666666666667,0.0,0.0,0.0166666666666666,0.0,0.0,0.0
20260707,WFG2,7,340,0.3776433081706425,0.3776433081706425,0.3776433081706425,0.3776433081706425,0.3776433081706425,0.3776433081706425,1,1,0,0,0.0,0.0,0.0,0.0,0.0,0.0,0.0,0.0,0.0,0.0,0.0,0.0,0.0,0.0,0.0,0.4666666666666667,0.5333333333333333,0.3666666666666666,0.0,0.0,0.0,0.0,0.0,0.0
20260707,WFG2,5,144,0.1640285573855277,0.1640285573855277,0.1640285573855277,0.1640285573855277,0.1640285573855277,0.1640285573855277,1,1,0,0,0.0,0.0,0.0,0.0,0.0,0.0,0.0,0.0,0.0,0.0,0.0,0.0,0.0,0.0,0.0,0.0,0.0,0.0,0.0,0.0,0.0,0.0,0.0,0.0
20260707,WFG2,6,253,0.3772247711511436,0.3772247711511436,0.3772247711511436,0.3772247711511436,0.3772247711511436,0.3772247711511436,1,1,0,0,0.0,0.0,0.0,0.0,0.0,0.0,0.0,0.0,0.0,0.0,0.0,0.0,0.0,0.0,0.0,0.0,0.0166666666666666,0.4666666666666667,0.0,0.0,0.0,0.0,0.0,0.0
20260707,WFG2,8,228,0.4383481654583934,0.4383481654583934,0.4383481654583934,0.4383481654583934,0.4383481654583934,0.4383481654583934,1,1,0,0,0.0,0.0,0.0,0.0,0.0,0.0,0.0,0.0,0.0,0.0,0.0,0.0,0.0,0.0,0.0,0.4333333333333333,0.6333333333333333,0.8333333333333334,0.0,0.0,0.0,0.0,0.0,0.0
20260707,WFG2,15,383,0.4804396142053297,0.4804396142053297,0.4804396142053297,0.4804396142053297,0.4804396142053297,0.4804396142053297,1,1,0,0,0.0,0.0,0.0,0.0,0.0,0.0,0.0,0.0,0.0,0.0,0.0,0.0,0.0,0.0,0.0,0.25,0.5,0.7166666666666667,0.0,0.0,0.0,0.0,0.0,0.0
20260707,WFG2,10,258,0.4246655164436604,0.4246655164436604,0.4246655164436604,0.4246655164436604,0.4246655164436604,0.4246655164436604,1,1,0,0,0.0,0.0,0.0,0.0,0.0,0.0,0.0,0.0,0.0,0.0,0.0,0.0,0.0,0.0,0.0,0.1833333333333333,0.3833333333333333,0.5,0.0,0.0,0.0,0.0,0.0,0.0
20260707,WFG2,12,180,0.4745766532910204,0.4745766532910204,0.4745766532910204,0.4745766532910204,0.4745766532910204,0.4745766532910204,1,1,0,0,0.0,0.0,0.0,0.0,0.0,0.0,0.0,0.0,0.0,0.0,0.0,0.0,0.0,0.0,0.0,0.7166666666666667,0.7333333333333333,0.7833333333333333,0.0,0.0,0.0,0.0,0.0,0.0
20260707,WFG2,9,420,0.4108011223363918,0.4108011223363918,0.4108011223363918,0.4108011223363918,0.4108011223363918,0.4108011223363918,1,1,0,0,0.0,0.0,0.0,0.0,0.0,0.0,0.0,0.0,0.0,0.0,0.0,0.0,0.0,0.0,0.0,0.1,0.3,0.8166666666666667,0.0,0.0,0.0,0.0,0.0,0.0
20260707,WFG2,8,384,0.4071422867445874,0.4071422867445874,0.4071422867445874,0.4071422867445874,0.4071422867445874,0.4071422867445874,1,1,0,0,0.0,0.0666666666666666,0.05,0.0,0.0,0.0,0.0,0.0,0.0,0.0,0.0666666666666666,0.05,0.0,0.0666666666666666,0.05,0.2166666666666666,0.3166666666666666,0.6666666666666666,0.0,0.0666666666666666,0.05,0.0,0.0,0.0
20260707,WFG2,11,496,0.4693372462372444,0.4693372462372444,0.4693372462372444,0.4693372462372444,0.4693372462372444,0.4693372462372444,1,1,0,0,0.0,0.0,0.0333333333333333,0.0,0.0,0.0,0.0,0.0,0.0,0.0,0.0,0.0333333333333333,0.0,0.0,0.0333333333333333,0.25,0.5333333333333333,0.7,0.0,0.0,0.0333333333333333,0.0,0.0,0.0
20260707,WFG2,4,83,0.3839171221372869,0.3839171221372869,0.3839171221372869,0.3839171221372869,0.3839171221372869,0.3839171221372869,1,1,0,0,0.0,0.0,0.0,0.0,0.0,0.0,0.0,0.0,0.0,0.0,0.0,0.0,0.0,0.0,0.0,0.3333333333333333,0.5166666666666667,0.7333333333333333,0.0,0.0,0.0,0.0,0.0,0.0
20260707,WFG2,5,340,0.3863151949934824,0.471224214259239,0.471224214259239,0.3863151949934824,0.3863151949934824,0.471224214259239,1,1,0,0,0.0,0.0,0.0,0.0,0.0,0.0,0.0,0.0,0.0,0.0,0.0,0.0,0.0,0.0,0.0,0.35,0.55,0.8333333333333334,0.0,0.0,0.0,0.0,0.0,0.0
20260707,WFG2,7,335,0.4079709976066881,0.4701782574075438,0.4701782574075438,0.4079709976066881,0.4079709976066881,0.4701782574075438,1,1,0,0,0.0666666666666666,0.2833333333333333,0.3833333333333333,0.0,0.0,0.0,0.0,0.0,0.0,0.0666666666666666,0.2833333333333333,0.3833333333333333,0.0666666666666666,0.2833333333333333,0.3833333333333333,0.3333333333333333,0.4333333333333333,0.7333333333333333,0.0666666666666666,0.2833333333333333,0.3833333333333333,0.0,0.0,0.0
20260707,WFG2,12,291,0.5107507083616398,0.5107507083616398,0.5107507083616398,0.5107507083616398,0.5107507083616398,0.5107507083616398,1,1,0,0,0.0,0.0,0.0,0.0,0.0,0.0,0.0,0.0,0.0,0.0,0.0,0.0,0.0,0.0,0.0,0.3833333333333333,0.6,0.8166666666666667,0.0,0.0,0.0,0.0,0.0,0.0
20260707,WFG2,10,195,0.4781764174458346,0.4781764174458346,0.4781764174458346,0.4781764174458346,0.4781764174458346,0.4781764174458346,1,1,0,0,0.0,0.0,0.0,0.0,0.0,0.0,0.0,0.0,0.0,0.0,0.0,0.0,0.0,0.0,0.0,0.4666666666666667,0.6833333333333333,0.7,0.0,0.0,0.0,0.0,0.0,0.0
20260707,WFG2,5,359,0.3589552697765674,0.3589552697765674,0.3589552697765674,0.3589552697765674,0.3589552697765674,0.3589552697765674,1,1,0,0,0.0,0.0,0.0,0.0,0.0,0.0,0.0,0.0,0.0,0.0,0.0,0.0,0.0,0.0,0.0,0.2833333333333333,0.6,0.7666666666666667,0.0,0.0,0.0,0.0,0.0,0.0
20260707,WFG2,15,170,0.5150663729057079,0.6334109545997522,0.6334109545997522,0.5150663729057079,0.5150663729057079,0.6334109545997522,1,1,0,0,0.0166666666666666,0.1333333333333333,0.4333333333333333,0.0,0.0,0.0,0.0,0.0,0.0,0.0166666666666666,0.1333333333333333,0.4333333333333333,0.0166666666666666,0.1333333333333333,0.4333333333333333,0.35,0.55,0.85,0.0166666666666666,0.1333333333333333,0.4333333333333333,0.0,0.0,0.0
20260707,WFG2,9,462,0.4074491511948557,0.4744612644339165,0.4744612644339165,0.4074491511948557,0.4074491511948557,0.4744612644339165,1,1,0,0,0.0,0.0,0.0833333333333333,0.0,0.0,0.0,0.0,0.0,0.0,0.0,0.0,0.0833333333333333,0.0,0.0,0.0833333333333333,0.4666666666666667,0.6333333333333333,0.85,0.0,0.0,0.0833333333333333,0.0,0.0,0.0
20260707,WFG2,7,392,0.375405076077561,0.375405076077561,0.375405076077561,0.375405076077561,0.375405076077561,0.375405076077561,1,1,0,0,0.0,0.0,0.0,0.0,0.0,0.0,0.0,0.0,0.0,0.0,0.0,0.0,0.0,0.0,0.0,0.5166666666666667,0.6333333333333333,0.8166666666666667,0.0,0.0,0.0,0.0,0.0,0.0
20260707,WFG2,12,317,0.4715773185653898,0.4715773185653898,0.4715773185653898,0.4715773185653898,0.4715773185653898,0.4715773185653898,1,1,0,0,0.0,0.0,0.0,0.0,0.0,0.0,0.0,0.0,0.0,0.0,0.0,0.0,0.0,0.0,0.0,0.45,0.5833333333333334,0.7333333333333333,0.0,0.0,0.0,0.0,0.0,0.0
20260707,WFG2,11,459,0.4505171271820673,0.4505171271820673,0.4505171271820673,0.4505171271820673,0.4505171271820673,0.4505171271820673,1,1,0,0,0.0,0.0,0.0,0.0,0.0,0.0,0.0,0.0,0.0,0.0,0.0,0.0,0.0,0.0,0.0,0.1666666666666666,0.2833333333333333,0.5833333333333334,0.0,0.0,0.0,0.0,0.0,0.0
20260707,WFG2,15,344,0.5110809990805527,0.5110809990805527,0.5110809990805527,0.5110809990805527,0.5110809990805527,0.5110809990805527,1,1,0,0,0.0,0.0,0.0,0.0,0.0,0.0,0.0,0.0,0.0,0.0,0.0,0.0,0.0,0.0,0.0,0.6333333333333333,0.5166666666666667,0.7666666666666667,0.0,0.0,0.0,0.0,0.0,0.0
20260707,WFG2,11,470,0.4447030540203815,0.4447030540203815,0.4447030540203815,0.4447030540203815,0.4447030540203815,0.4447030540203815,1,1,0,0,0.0,0.0,0.0,0.0,0.0,0.0,0.0,0.0,0.0,0.0,0.0,0.0,0.0,0.0,0.0,0.1166666666666666,0.5333333333333333,0.95,0.0,0.0,0.0,0.0,0.0,0.0
20260707,WFG2,3,150,0.1054297279339424,0.1054297279339424,0.1054297279339424,0.1054297279339424,0.1054297279339424,0.1054297279339424,1,1,0,0,0.0,0.0,0.0,0.0,0.0,0.0,0.0,0.0,0.0,0.0,0.0,0.0,0.0,0.0,0.0,0.0,0.0,0.0,0.0,0.0,0.0,0.0,0.0,0.0
20260707,WFG2,12,287,0.4909795363605075,0.4909795363605075,0.4909795363605075,0.4909795363605075,0.4909795363605075,0.4909795363605075,1,1,0,0,0.0,0.0,0.0,0.0,0.0,0.0,0.0,0.0,0.0,0.0,0.0,0.0,0.0,0.0,0.0,0.0666666666666666,0.55,0.8166666666666667,0.0,0.0,0.0,0.0,0.0,0.0
20260707,WFG2,9,148,0.5606822887813215,0.5606822887813215,0.5606822887813215,0.5606822887813215,0.5606822887813215,0.5606822887813215,1,1,0,0,0.0333333333333333,0.05,0.1333333333333333,0.0,0.0,0.0,0.0,0.0,0.0,0.0333333333333333,0.05,0.1333333333333333,0.0333333333333333,0.05,0.1333333333333333,0.4166666666666667,0.55,0.8833333333333333,0.0333333333333333,0.05,0.1333333333333333,0.0,0.0,0.0
20260707,WFG2,9,468,0.387225842900756,0.387225842900756,0.387225842900756,0.387225842900756,0.387225842900756,0.387225842900756,1,1,0,0,0.0,0.0,0.0,0.0,0.0,0.0,0.0,0.0,0.0,0.0,0.0,0.0,0.0,0.0,0.0,0.5666666666666667,0.6833333333333333,0.6666666666666666,0.0,0.0,0.0,0.0,0.0,0.0
20260707,WFG2,11,356,0.4547506586716154,0.4547506586716154,0.4547506586716154,0.4547506586716154,0.4547506586716154,0.4547506586716154,1,1,0,0,0.0,0.0,0.0,0.0,0.0,0.0,0.0,0.0,0.0,0.0,0.0,0.0,0.0,0.0,0.0,0.2833333333333333,0.3333333333333333,0.6833333333333333,0.0,0.0,0.0,0.0,0.0,0.0
20260707,WFG2,13,260,0.5317161462663759,0.5317161462663759,0.5317161462663759,0.5317161462663759,0.5317161462663759,0.5317161462663759,1,1,0,0,0.0,0.0,0.0,0.0,0.0,0.0,0.0,0.0,0.0,0.0,0.0,0.0,0.0,0.0,0.0,0.1666666666666666,0.5166666666666667,0.8833333333333333,0.0,0.0,0.0,0.0,0.0,0.0
20260707,WFG2,5,222,0.3321185775022331,0.3321185775022331,0.3321185775022331,0.3321185775022331,0.3321185775022331,0.3321185775022331,1,1,0,0,0.0,0.0,0.0,0.0,0.0,0.0,0.0,0.0,0.0,0.0,0.0,0.0,0.0,0.0,0.0,0.6,0.6666666666666666,0.6833333333333333,0.0,0.0,0.0,0.0,0.0,0.0
20260707,WFG2,4,119,0.2948917122788584,0.2948917122788584,0.2948917122788584,0.2948917122788584,0.2948917122788584,0.2948917122788584,1,1,0,0,0.0,0.0,0.0,0.0,0.0,0.0,0.0,0.0,0.0,0.0,0.0,0.0,0.0,0.0,0.0,0.0833333333333333,0.2333333333333333,0.5166666666666667,0.0,0.0,0.0,0.0,0.0,0.0
20260707,WFG2,14,167,0.5386480057776138,0.5386480057776138,0.5386480057776138,0.5386480057776138,0.5386480057776138,0.5386480057776138,1,1,0,0,0.0,0.0,0.0,0.0,0.0,0.0,0.0,0.0,0.0,0.0,0.0,0.0,0.0,0.0,0.0,0.15,0.45,0.5833333333333334,0.0,0.0,0.0,0.0,0.0,0.0
20260707,WFG2,10,299,0.4766596661732236,0.4766596661732236,0.4766596661732236,0.4766596661732236,0.4766596661732236,0.4766596661732236,1,1,0,0,0.0,0.0,0.0,0.0,0.0,0.0,0.0,0.0,0.0,0.0,0.0,0.0,0.0,0.0,0.0,0.0,0.0666666666666666,0.6,0.0,0.0,0.0,0.0,0.0,0.0
20260707,WFG2,10,144,0.5374219175611622,0.5374219175611622,0.5374219175611622,0.5374219175611622,0.5374219175611622,0.5374219175611622,1,1,0,0,0.0166666666666666,0.1166666666666666,0.1333333333333333,0.0,0.0,0.0,0.0,0.0,0.0,0.0166666666666666,0.1166666666666666,0.1333333333333333,0.0166666666666666,0.1166666666666666,0.1333333333333333,0.65,0.8833333333333333,0.9666666666666668,0.0166666666666666,0.1166666666666666,0.1333333333333333,0.0,0.0,0.0
20260707,WFG2,7,247,0.4096821093349034,0.4096821093349034,0.4096821093349034,0.4096821093349034,0.4096821093349034,0.4096821093349034,1,1,0,0,0.0,0.0,0.0,0.0,0.0,0.0,0.0,0.0,0.0,0.0,0.0,0.0,0.0,0.0,0.0,0.1166666666666666,0.4833333333333333,0.8,0.0,0.0,0.0,0.0,0.0,0.0
20260707,WFG2,7,183,0.304686742419916,0.4088638924152494,0.4088638924152494,0.304686742419916,0.304686742419916,0.4088638924152494,1,1,0,0,0.2333333333333333,0.4833333333333333,0.6166666666666667,0.0,0.0,0.0,0.0,0.0,0.0,0.2333333333333333,0.4833333333333333,0.6166666666666667,0.2333333333333333,0.4833333333333333,0.6166666666666667,0.0833333333333333,0.1833333333333333,0.6666666666666666,0.2333333333333333,0.4833333333333333,0.6166666666666667,0.0,0.0,0.0
20260707,WFG2,8,154,0.4820534402205855,0.4820534402205855,0.4820534402205855,0.4820534402205855,0.4820534402205855,0.4820534402205855,1,1,0,0,0.0,0.0,0.0,0.0,0.0,0.0,0.0,0.0,0.0,0.0,0.0,0.0,0.0,0.0,0.0,0.0666666666666666,0.5333333333333333,0.75,0.0,0.0,0.0,0.0,0.0,0.0
20260707,WFG2,5,154,0.1915913411663472,0.1915913411663472,0.1915913411663472,0.1915913411663472,0.1915913411663472,0.1915913411663472,1,1,0,0,0.0,0.0,0.0,0.0,0.0,0.0,0.0,0.0,0.0,0.0,0.0,0.0,0.0,0.0,0.0,0.0,0.0,0.05,0.0,0.0,0.0,0.0,0.0,0.0
20260707,DTLZ,12,248,0.7878047018010472,0.758632405054908,0.758632405054908,0.7878047018010472,0.7878047018010472,0.758632405054908,1,1,0,0,0.3666666666666666,0.45,0.55,0.0,0.0,0.0,0.0,0.0,0.0,0.3666666666666666,0.45,0.5333333333333333,0.3666666666666666,0.45,0.55,0.7,0.7333333333333333,0.9666666666666668,0.3666666666666666,0.45,0.55,0.0,0.0,0.0
20260707,DTLZ,8,97,0.7839831955590106,0.7503746732266728,0.7503746732266728,0.7839831955590106,0.7839831955590106,0.7503746732266728,1,1,0,0,0.0333333333333333,0.1666666666666666,0.3333333333333333,0.0,0.0,0.0,0.0,0.0,0.0,0.0333333333333333,0.1666666666666666,0.3333333333333333,0.0333333333333333,0.1666666666666666,0.3333333333333333,0.15,0.6166666666666667,0.8166666666666667,0.0333333333333333,0.1666666666666666,0.3333333333333333,0.0,0.0,0.0
20260707,DTLZ,3,244,0.8822408215497817,0.8450671100625409,0.8450671100625409,0.8822408215497817,0.8822408215497817,0.8450671100625409,1,1,0,0,0.35,0.4333333333333333,0.6666666666666666,0.0,0.0,0.0,0.0,0.0,0.0,0.35,0.4333333333333333,0.6666666666666666,0.35,0.4333333333333333,0.6666666666666666,0.6666666666666666,0.95,0.9833333333333332,0.35,0.4333333333333333,0.6666666666666666,0.0,0.0,0.0
20260707,DTLZ,10,86,0.7832215643229434,0.7625408171562688,0.7625408171562688,0.7832215643229434,0.7832215643229434,0.7625408171562688,1,1,0,0,0.3333333333333333,0.55,0.5833333333333334,0.0,0.0,0.0,0.0,0.0,0.0,0.3333333333333333,0.55,0.5833333333333334,0.3333333333333333,0.55,0.5833333333333334,0.3166666666666666,0.6333333333333333,0.9166666666666666,0.3333333333333333,0.55,0.5833333333333334,0.0,0.0,0.0
20260707,DTLZ,9,230,0.7716449222342742,0.786791183976384,0.786791183976384,0.7716449222342742,0.7716449222342742,0.786791183976384,1,1,0,0,0.4833333333333333,0.7166666666666667,0.8833333333333333,0.0,0.0,0.0,0.0,0.0,0.0,0.4833333333333333,0.7166666666666667,0.8833333333333333,0.4833333333333333,0.7166666666666667,0.8833333333333333,0.5166666666666667,0.9166666666666666,1.0,0.4833333333333333,0.7166666666666667,0.8833333333333333,0.0,0.0,0.0
20260707,DTLZ,4,183,0.8262905265254489,0.7686351040299243,0.7686351040299243,0.8262905265254489,0.8262905265254489,0.7686351040299243,1,1,0,0,0.0,0.0,0.05,0.0,0.0,0.0,0.0,0.0,0.0,0.0,0.0,0.05,0.0,0.0,0.05,0.25,0.4833333333333333,0.95,0.0,0.0,0.05,0.0,0.0,0.0
20260707,DTLZ,6,354,0.7770234932552688,0.7220325878384064,0.7220325878384064,0.7770234932552688,0.7770234932552688,0.7220325878384064,1,1,0,0,0.0666666666666666,0.3,0.65,0.0,0.0,0.0,0.0,0.0,0.0,0.0666666666666666,0.3,0.65,0.0666666666666666,0.3,0.65,0.85,0.95,0.9833333333333332,0.0666666666666666,0.3,0.65,0.0,0.0,0.0
20260707,DTLZ,15,90,0.7639186962328238,0.7977740813276969,0.7977740813276969,0.7639186962328238,0.7639186962328238,0.7977740813276969,1,1,0,0,0.1,0.3666666666666666,0.5666666666666667,0.0,0.0,0.0,0.0,0.0,0.0,0.1,0.3666666666666666,0.5666666666666667,0.1,0.3666666666666666,0.5666666666666667,0.5666666666666667,0.7833333333333333,0.9333333333333332,0.1,0.3666666666666666,0.5666666666666667,0.0,0.0,0.0
20260707,DTLZ,15,99,0.8373075521582851,0.769622568363395,0.769622568363395,0.8373075521582851,0.8373075521582851,0.769622568363395,1,1,0,0,0.0,0.0166666666666666,0.2666666666666666,0.0,0.0,0.0,0.0,0.0,0.0,0.0,0.0166666666666666,0.2666666666666666,0.0,0.0166666666666666,0.2666666666666666,0.3833333333333333,0.9,0.9833333333333332,0.0,0.0166666666666666,0.2666666666666666,0.0,0.0,0.0
20260707,DTLZ,11,166,0.8551410540072678,0.8551410540072678,0.8551410540072678,0.8551410540072678,0.8551410540072678,0.8551410540072678,1,1,0,0,0.0,0.0,0.1666666666666666,0.0,0.0,0.0,0.0,0.0,0.0,0.0,0.0,0.1666666666666666,0.0,0.0,0.1666666666666666,0.9,0.9166666666666666,0.9666666666666668,0.0,0.0,0.1666666666666666,0.0,0.0,0.0
20260707,DTLZ,8,487,0.7478721708507147,0.732943957726326,0.732943957726326,0.7478721708507147,0.7478721708507147,0.732943957726326,1,1,0,0,0.0166666666666666,0.05,0.6,0.0,0.0,0.0,0.0,0.0,0.0,0.0166666666666666,0.05,0.6,0.0166666666666666,0.05,0.6,0.8166666666666667,0.9,0.9833333333333332,0.0166666666666666,0.05,0.6,0.0,0.0,0.0
20260707,DTLZ,15,248,0.7572696120162745,0.7626585647670695,0.7626585647670695,0.7572696120162745,0.7572696120162745,0.7626585647670695,1,1,0,0,0.15,0.1833333333333333,0.5833333333333334,0.0,0.0,0.0,0.0,0.0,0.0,0.15,0.1833333333333333,0.5833333333333334,0.15,0.1833333333333333,0.5833333333333334,0.8166666666666667,0.9333333333333332,0.9833333333333332,0.15,0.1833333333333333,0.5833333333333334,0.0,0.0,0.0
20260707,DTLZ,8,157,0.7484300589553275,0.7458949321944601,0.7458949321944601,0.7484300589553275,0.7484300589553275,0.7458949321944601,1,1,0,0,0.1,0.2333333333333333,0.4666666666666667,0.0,0.0,0.0,0.0,0.0,0.0,0.1,0.2333333333333333,0.4666666666666667,0.1,0.2333333333333333,0.4666666666666667,0.0166666666666666,0.4166666666666667,0.8333333333333334,0.1,0.2333333333333333,0.4666666666666667,0.0,0.0,0.0
20260707,DTLZ,11,212,0.7721012255853767,0.7512083395314662,0.7512083395314662,0.7721012255853767,0.7721012255853767,0.7512083395314662,1,1,0,0,0.0,0.0333333333333333,0.2333333333333333,0.0,0.0,0.0,0.0,0.0,0.0,0.0,0.0333333333333333,0.2333333333333333,0.0,0.0333333333333333,0.2333333333333333,0.6166666666666667,0.7833333333333333,0.9,0.0,0.0333333333333333,0.2333333333333333,0.0,0.0,0.0
20260707,DTLZ,13,79,0.8040666086763473,0.7713836998442664,0.7713836998442664,0.8040666086763473,0.8040666086763473,0.7713836998442664,1,1,0,0,0.1333333333333333,0.5166666666666667,0.8333333333333334,0.0,0.0,0.0,0.0,0.0,0.0,0.1333333333333333,0.5166666666666667,0.8333333333333334,0.1333333333333333,0.5166666666666667,0.8333333333333334,0.0,0.3333333333333333,0.6166666666666667,0.1333333333333333,0.5166666666666667,0.8333333333333334,0.0,0.0,0.0
20260707,DTLZ,13,459,0.751568638364729,0.7375104435264548,0.7375104435264548,0.751568638364729,0.751568638364729,0.7375104435264548,1,1,0,0,0.2166666666666666,0.5166666666666667,0.9166666666666666,0.0,0.0,0.0,0.0,0.0,0.0,0.2166666666666666,0.5166666666666667,0.9166666666666666,0.2166666666666666,0.5166666666666667,0.9166666666666666,0.4666666666666667,0.85,0.9666666666666668,0.2166666666666666,0.5166666666666667,0.9166666666666666,0.0,0.0,0.0
20260707,DTLZ,4,337,0.8438086868917416,0.7917053666803072,0.7917053666803072,0.8438086868917416,0.8438086868917416,0.7917053666803072,1,1,0,0,0.4,0.3666666666666666,0.5333333333333333,0.0,0.0,0.0,0.0,0.0,0.0,0.4,0.3666666666666666,0.5333333333333333,0.4,0.3666666666666666,0.5333333333333333,0.6666666666666666,0.7833333333333333,0.9333333333333332,0.4,0.3666666666666666,0.5333333333333333,0.0,0.0,0.0
20260707,DTLZ,12,185,0.76595975439911,0.7529029955054187,0.7529029955054187,0.76595975439911,0.76595975439911,0.7529029955054187,1,1,0,0,0.0,0.1666666666666666,0.6,0.0,0.0,0.0,0.0,0.0,0.0,0.0,0.1666666666666666,0.6,0.0,0.1666666666666666,0.6,0.5833333333333334,0.9,0.9666666666666668,0.0,0.1666666666666666,0.6,0.0,0.0,0.0
20260707,DTLZ,15,474,0.7703740160198154,0.7229754332066368,0.7229754332066368,0.7703740160198154,0.7703740160198154,0.7229754332066368,1,1,0,0,0.0,0.0333333333333333,0.5666666666666667,0.0,0.0,0.0,0.0,0.0,0.0,0.0,0.0333333333333333,0.5666666666666667,0.0,0.0333333333333333,0.5666666666666667,0.7333333333333333,0.9666666666666668,0.9833333333333332,0.0,0.0333333333333333,0.5666666666666667,0.0,0.0,0.0
20260707,DTLZ,9,250,0.7715944491984286,0.7485032022784658,0.7485032022784658,0.7715944491984286,0.7715944491984286,0.7485032022784658,1,1,0,0,0.0333333333333333,0.3166666666666666,0.8333333333333334,0.0,0.0,0.0,0.0,0.0,0.0,0.0333333333333333,0.3166666666666666,0.8333333333333334,0.0333333333333333,0.3166666666666666,0.8333333333333334,0.6666666666666666,0.9,0.9666666666666668,0.0333333333333333,0.3166666666666666,0.8333333333333334,0.0,0.0,0.0
20260707,DTLZ,3,270,0.9317264112128,0.8671060468656201,0.8671060468656201,0.9317264112128,0.9317264112128,0.8671060468656201,1,1,0,0,0.35,0.35,0.5333333333333333,0.0,0.0,0.0,0.0,0.0,0.0,0.35,0.35,0.5333333333333333,0.35,0.35,0.5333333333333333,0.7166666666666667,0.9333333333333332,1.0,0.35,0.35,0.5333333333333333,0.0,0.0,0.0
20260707,DTLZ,6,353,0.7611402504699151,0.736236577936054,0.736236577936054,0.7611402504699151,0.7611402504699151,0.736236577936054,1,1,0,0,0.0,0.05,0.2,0.0,0.0,0.0,0.0,0.0,0.0,0.0,0.05,0.2,0.0,0.05,0.2,0.2333333333333333,0.7166666666666667,0.95,0.0,0.05,0.2,0.0,0.0,0.0
20260707,DTLZ,13,278,0.7549438829567625,0.7304147584517348,0.7304147584517348,0.7549438829567625,0.7549438829567625,0.7304147584517348,1,1,0,0,0.4666666666666667,0.6666666666666666,0.6333333333333333,0.0,0.0,0.0,0.0,0.0,0.0,0.4666666666666667,0.6666666666666666,0.6333333333333333,0.4666666666666667,0.6666666666666666,0.6333333333333333,0.0833333333333333,0.5,0.9,0.4666666666666667,0.6666666666666666,0.6333333333333333,0.0,0.0,0.0
20260707,DTLZ,9,76,0.830138620328014,0.7599795702324837,0.7599795702324837,0.830138620328014,0.830138620328014,0.7599795702324837,1,1,0,0,0.2333333333333333,0.4666666666666667,0.75,0.0,0.0,0.0,0.0,0.0,0.0,0.2333333333333333,0.4666666666666667,0.75,0.2333333333333333,0.4666666666666667,0.75,0.6833333333333333,0.9166666666666666,0.9666666666666668,0.2333333333333333,0.4666666666666667,0.75,0.0,0.0,0.0
20260707,DTLZ,7,443,0.7016547526230956,0.7382089244210109,0.7382089244210109,0.7016547526230956,0.7016547526230956,0.7382089244210109,1,1,0,0,0.0,0.0,0.2333333333333333,0.0,0.0,0.0,0.0,0.0,0.0,0.0,0.0,0.2333333333333333,0.0,0.0,0.2333333333333333,0.7,0.9166666666666666,0.95,0.0,0.0,0.2333333333333333,0.0,0.0,0.0
20260707,DTLZ,8,424,0.731046736113244,0.7306661369254355,0.7306661369254355,0.731046736113244,0.731046736113244,0.7306661369254355,1,1,0,0,0.5666666666666667,0.7333333333333333,0.9,0.0,0.0,0.0,0.0,0.0,0.0,0.5666666666666667,0.7333333333333333,0.9,0.5666666666666667,0.7333333333333333,0.9,0.6666666666666666,0.8166666666666667,0.9333333333333332,0.5666666666666667,0.7333333333333333,0.9,0.0,0.0,0.0
20260707,DTLZ,7,244,0.7281300830259193,0.7188870640658355,0.7188870640658355,0.7281300830259193,0.7281300830259193,0.7188870640658355,1,1,0,0,0.0,0.1,0.2166666666666666,0.0,0.0,0.0,0.0,0.0,0.0,0.0,0.1,0.2166666666666666,0.0,0.1,0.2166666666666666,0.55,0.85,0.9333333333333332,0.0,0.1,0.2166666666666666,0.0,0.0,0.0
20260707,DTLZ,14,497,0.7354003512910104,0.7269301431827555,0.7269301431827555,0.7354003512910104,0.7354003512910104,0.7269301431827555,1,1,0,0,0.0,0.2666666666666666,0.6166666666666667,0.0,0.0,0.0,0.0,0.0,0.0,0.0,0.2666666666666666,0.6166666666666667,0.0,0.2666666666666666,0.6166666666666667,0.65,0.8833333333333333,0.9333333333333332,0.0,0.2666666666666666,0.6166666666666667,0.0,0.0,0.0
20260707,DTLZ,10,173,0.7373587660268277,0.7653687477497713,0.7653687477497713,0.7373587660268277,0.7373587660268277,0.7653687477497713,1,1,0,0,0.0,0.0,0.3,0.0,0.0,0.0,0.0,0.0,0.0,0.0,0.0,0.3,0.0,0.0,0.3,0.7666666666666667,0.9666666666666668,0.95,0.0,0.0,0.3,0.0,0.0,0.0
20260707,DTLZ,11,434,0.731589768797825,0.7305733738719377,0.7305733738719377,0.731589768797825,0.731589768797825,0.7305733738719377,1,1,0,0,0.05,0.3166666666666666,0.55,0.0,0.0,0.0,0.0,0.0,0.0,0.05,0.3166666666666666,0.55,0.05,0.3166666666666666,0.55,0.5333333333333333,0.85,0.9833333333333332,0.05,0.3166666666666666,0.55,0.0,0.0,0.0
20260707,DTLZ,12,406,0.7641295878326169,0.7532588783350381,0.7532588783350381,0.7641295878326169,0.7641295878326169,0.7532588783350381,1,1,0,0,0.0166666666666666,0.2666666666666666,0.5166666666666667,0.0,0.0,0.0,0.0,0.0,0.0,0.0166666666666666,0.2666666666666666,0.5166666666666667,0.0166666666666666,0.2666666666666666,0.5166666666666667,0.45,0.6666666666666666,0.9166666666666666,0.0166666666666666,0.2666666666666666,0.5166666666666667,0.0,0.0,0.0
20260707,DTLZ,7,184,0.7867342740078181,0.7466714596093144,0.7466714596093144,0.7867342740078181,0.7867342740078181,0.7466714596093144,1,1,0,0,0.0666666666666666,0.2,0.5666666666666667,0.0,0.0,0.0,0.0,0.0,0.0,0.0666666666666666,0.2,0.5666666666666667,0.0666666666666666,0.2,0.5666666666666667,0.7166666666666667,0.8333333333333334,0.8833333333333333,0.0666666666666666,0.2,0.5666666666666667,0.0,0.0,0.0
20260707,DTLZ,7,309,0.7053834249331984,0.7373718758697471,0.7373718758697471,0.7053834249331984,0.7053834249331984,0.7373718758697471,1,1,0,0,0.0333333333333333,0.1333333333333333,0.2166666666666666,0.0,0.0,0.0,0.0,0.0,0.0,0.0333333333333333,0.1333333333333333,0.2166666666666666,0.0333333333333333,0.1333333333333333,0.2166666666666666,0.1666666666666666,0.5833333333333334,0.7666666666666667,0.0333333333333333,0.1333333333333333,0.2166666666666666,0.0,0.0,0.0
20260707,DTLZ,14,425,0.7582942224105189,0.7352848466291435,0.7352848466291435,0.7582942224105189,0.7582942224105189,0.7352848466291435,1,1,0,0,0.7,0.75,0.9333333333333332,0.0,0.0,0.0,0.0,0.0,0.0,0.7,0.75,0.9333333333333332,0.7,0.75,0.9333333333333332,0.4333333333333333,0.8,0.95,0.7,0.75,0.9333333333333332,0.0,0.0,0.0
20260707,DTLZ,13,224,0.7382915929094587,0.7501889294288886,0.7501889294288886,0.7382915929094587,0.7382915929094587,0.7501889294288886,1,1,0,0,0.3,0.4,0.3666666666666666,0.0,0.0,0.0,0.0,0.0,0.0,0.3,0.4,0.3666666666666666,0.3,0.4,0.3666666666666666,0.2833333333333333,0.6166666666666667,0.9,0.3,0.4,0.3666666666666666,0.0,0.0,0.0
20260707,DTLZ,5,462,0.7672959346522314,0.7554160907004485,0.7554160907004485,0.7672959346522314,0.7672959346522314,0.7554160907004485,1,1,0,0,0.0,0.0666666666666666,0.1666666666666666,0.0,0.0,0.0,0.0,0.0,0.0,0.0,0.0666666666666666,0.1666666666666666,0.0,0.0666666666666666,0.1666666666666666,0.35,0.85,1.0,0.0,0.0666666666666666,0.1666666666666666,0.0,0.0,0.0
20260707,DTLZ,10,436,0.7288997541393418,0.7237963687496172,0.7237963687496172,0.7288997541393418,0.7288997541393418,0.7237963687496172,1,1,0,0,0.5,0.4,0.6666666666666666,0.0,0.0,0.0,0.0,0.0,0.0,0.5,0.4,0.6666666666666666,0.5,0.4,0.6666666666666666,0.3333333333333333,0.7333333333333333,0.9666666666666668,0.5,0.4,0.6666666666666666,0.0,0.0,0.0
20260707,DTLZ,7,313,0.7780295188643525,0.7243583688323625,0.7243583688323625,0.7780295188643525,0.7780295188643525,0.7243583688323625,1,1,0,0,0.05,0.25,0.6333333333333333,0.0,0.0,0.0,0.0,0.0,0.0,0.05,0.25,0.6333333333333333,0.05,0.25,0.6333333333333333,0.2833333333333333,0.5666666666666667,0.9166666666666666,0.05,0.25,0.6333333333333333,0.0,0.0,0.0
20260707,DTLZ,14,135,0.7553336911328863,0.7479069360914072,0.7479069360914072,0.7553336911328863,0.7553336911328863,0.7479069360914072,1,1,0,0,0.3333333333333333,0.45,0.7,0.0,0.0,0.0,0.0,0.0,0.0,0.3333333333333333,0.45,0.7,0.3333333333333333,0.45,0.7,0.7166666666666667,0.8166666666666667,0.8833333333333333,0.3333333333333333,0.45,0.7,0.0,0.0,0.0
20260707,DTLZ,3,151,0.9095462444479492,0.8591722267285283,0.8591722267285283,0.9095462444479492,0.9095462444479492,0.8591722267285283,1,1,0,0,0.3166666666666666,0.5333333333333333,0.8333333333333334,0.0,0.0,0.0,0.0,0.0,0.0,0.3166666666666666,0.5333333333333333,0.8333333333333334,0.3166666666666666,0.5333333333333333,0.8333333333333334,0.6833333333333333,0.8333333333333334,0.9666666666666668,0.3166666666666666,0.5333333333333333,0.8333333333333334,0.0,0.0,0.0
20260707,DTLZ,14,102,0.7686966579180861,0.7691605359173469,0.7691605359173469,0.7686966579180861,0.7686966579180861,0.7691605359173469,1,1,0,0,0.05,0.3833333333333333,0.6166666666666667,0.0,0.0,0.0,0.0,0.0,0.0,0.05,0.3833333333333333,0.6166666666666667,0.05,0.3833333333333333,0.6166666666666667,0.6666666666666666,0.7666666666666667,0.9166666666666666,0.05,0.3833333333333333,0.6166666666666667,0.0,0.0,0.0
20260707,DTLZ,4,117,0.8320333077815114,0.7689677318189394,0.7689677318189394,0.8320333077815114,0.8320333077815114,0.7689677318189394,1,1,0,0,0.0,0.0,0.0833333333333333,0.0,0.0,0.0,0.0,0.0,0.0,0.0,0.0,0.0833333333333333,0.0,0.0,0.0833333333333333,0.4,0.6166666666666667,0.95,0.0,0.0,0.0833333333333333,0.0,0.0,0.0
20260707,DTLZ,15,403,0.7780186832585656,0.7441389372513446,0.7441389372513446,0.7780186832585656,0.7780186832585656,0.7441389372513446,1,1,0,0,0.0666666666666666,0.25,0.2833333333333333,0.0,0.0,0.0,0.0,0.0,0.0,0.0666666666666666,0.25,0.2833333333333333,0.0666666666666666,0.25,0.2833333333333333,0.65,0.75,0.9166666666666666,0.0666666666666666,0.25,0.2833333333333333,0.0,0.0,0.0
20260707,DTLZ,13,403,0.7375233261550493,0.7516050732424625,0.7516050732424625,0.7375233261550493,0.7375233261550493,0.7516050732424625,1,1,0,0,0.2833333333333333,0.55,0.7333333333333333,0.0,0.0,0.0,0.0,0.0,0.0,0.2833333333333333,0.55,0.7333333333333333,0.2833333333333333,0.55,0.7333333333333333,0.6666666666666666,0.8333333333333334,0.9833333333333332,0.2833333333333333,0.55,0.7333333333333333,0.0,0.0,0.0
20260707,DTLZ,7,410,0.7682072694550715,0.7437340852578418,0.7437340852578418,0.7682072694550715,0.7682072694550715,0.7437340852578418,1,1,0,0,0.4,0.6666666666666666,0.8166666666666667,0.0,0.0,0.0,0.0,0.0,0.0,0.4,0.6666666666666666,0.8166666666666667,0.4,0.6666666666666666,0.8166666666666667,0.5333333333333333,0.7833333333333333,0.9166666666666666,0.4,0.6666666666666666,0.8166666666666667,0.0,0.0,0.0
20260707,DTLZ,13,197,0.7322207182337404,0.7633111176001778,0.7633111176001778,0.7322207182337404,0.7322207182337404,0.7633111176001778,1,1,0,0,0.0,0.1666666666666666,0.4666666666666667,0.0,0.0,0.0,0.0,0.0,0.0,0.0,0.1666666666666666,0.4666666666666667,0.0,0.1666666666666666,0.4666666666666667,0.1166666666666666,0.7166666666666667,0.9833333333333332,0.0,0.1666666666666666,0.4666666666666667,0.0,0.0,0.0
20260707,DTLZ,8,221,0.7314756912974066,0.7419009060881242,0.7419009060881242,0.7512387891715856,0.7314756912974066,0.7419009060881242,0,1,0,0,0.0166666666666666,0.45,0.85,0.0,0.0,0.0,0.0,0.0,0.0,0.1333333333333333,0.6166666666666667,0.6333333333333333,0.0166666666666666,0.45,0.85,0.5166666666666667,0.85,1.0,0.0166666666666666,0.45,0.85,0.0,0.0,0.0
20260707,DTLZ,11,81,0.7925405959789027,0.7786768401991523,0.7786768401991523,0.7925405959789027,0.7925405959789027,0.7786768401991523,1,1,0,0,0.0,0.0166666666666666,0.2333333333333333,0.0,0.0,0.0,0.0,0.0,0.0,0.0,0.0166666666666666,0.2333333333333333,0.0,0.0166666666666666,0.2333333333333333,0.5333333333333333,0.7666666666666667,0.9,0.0,0.0166666666666666,0.2333333333333333,0.0,0.0,0.0
20260707,DTLZ,8,443,0.7667810241476427,0.7423877316346916,0.7423877316346916,0.7667810241476427,0.7667810241476427,0.7423877316346916,1,1,0,0,0.0666666666666666,0.35,0.85,0.0,0.0,0.0,0.0,0.0,0.0,0.0666666666666666,0.35,0.85,0.0666666666666666,0.35,0.85,0.6666666666666666,0.8333333333333334,0.9333333333333332,0.0666666666666666,0.35,0.85,0.0,0.0,0.0
20260707,DTLZ,13,179,0.7287985689715484,0.7287985689715484,0.7287985689715484,0.7287985689715484,0.7287985689715484,0.7287985689715484,1,1,0,0,0.15,0.4166666666666667,0.4,0.0,0.0,0.0,0.0,0.0,0.0,0.15,0.4166666666666667,0.4,0.15,0.4166666666666667,0.4,0.7,0.8666666666666667,0.9833333333333332,0.15,0.4166666666666667,0.4,0.0,0.0,0.0
20260707,DTLZ,15,293,0.7389383149278554,0.7415135102816264,0.7415135102816264,0.7389383149278554,0.7389383149278554,0.7415135102816264,1,1,0,0,0.0,0.0166666666666666,0.2666666666666666,0.0,0.0,0.0,0.0,0.0,0.0,0.0,0.0166666666666666,0.2666666666666666,0.0,0.0166666666666666,0.2666666666666666,0.8166666666666667,0.8666666666666667,0.9833333333333332,0.0,0.0166666666666666,0.2666666666666666,0.0,0.0,0.0
20260707,DTLZ,5,422,0.8181632537117494,0.7479619136167576,0.7479619136167576,0.8181632537117494,0.8181632537117494,0.7479619136167576,1,1,0,0,0.3,0.3833333333333333,0.7,0.0,0.0,0.0,0.0,0.0,0.0,0.3,0.3833333333333333,0.7,0.3,0.3833333333333333,0.7,0.25,0.7333333333333333,0.8833333333333333,0.3,0.3833333333333333,0.7,0.0,0.0,0.0
20260707,DTLZ,11,270,0.7658336749059704,0.7442820837543962,0.7442820837543962,0.7658336749059704,0.7658336749059704,0.7442820837543962,1,1,0,0,0.1666666666666666,0.4833333333333333,0.7,0.0,0.0,0.0,0.0,0.0,0.0,0.1666666666666666,0.4833333333333333,0.7,0.1666666666666666,0.4833333333333333,0.7,0.8,0.75,0.9333333333333332,0.1666666666666666,0.4833333333333333,0.7,0.0,0.0,0.0
20260707,DTLZ,13,488,0.7404648759118387,0.7428165880866991,0.7428165880866991,0.7404648759118387,0.7404648759118387,0.7428165880866991,1,1,0,0,0.0833333333333333,0.4,0.6833333333333333,0.0,0.0,0.0,0.0,0.0,0.0,0.0833333333333333,0.4,0.6833333333333333,0.0833333333333333,0.4,0.6833333333333333,0.7166666666666667,0.8333333333333334,0.9666666666666668,0.0833333333333333,0.4,0.6833333333333333,0.0,0.0,0.0
20260707,DTLZ,9,183,0.789784220956497,0.789784220956497,0.789784220956497,0.789784220956497,0.789784220956497,0.789784220956497,1,1,0,0,0.4833333333333333,0.4166666666666667,0.5,0.0,0.0,0.0,0.0,0.0,0.0,0.4833333333333333,0.4166666666666667,0.5,0.4833333333333333,0.4166666666666667,0.5,0.6833333333333333,0.8833333333333333,0.9666666666666668,0.4833333333333333,0.4166666666666667,0.5,0.0,0.0,0.0
20260707,DTLZ,5,170,0.7999163837394825,0.7619574179468506,0.7619574179468506,0.7999163837394825,0.7999163837394825,0.7619574179468506,1,1,0,0,0.0,0.0,0.0666666666666666,0.0,0.0,0.0,0.0,0.0,0.0,0.0,0.0,0.0666666666666666,0.0,0.0,0.0666666666666666,0.3166666666666666,0.7833333333333333,0.9,0.0,0.0,0.0666666666666666,0.0,0.0,0.0
20260707,DTLZ,7,443,0.738205761025687,0.7430937886483382,0.7430937886483382,0.738205761025687,0.738205761025687,0.7430937886483382,1,1,0,0,0.0166666666666666,0.4,0.8333333333333334,0.0,0.0,0.0,0.0,0.0,0.0,0.0166666666666666,0.4,0.8333333333333334,0.0166666666666666,0.4,0.8333333333333334,0.5166666666666667,0.75,0.95,0.0166666666666666,0.4,0.8333333333333334,0.0,0.0,0.0
20260707,DTLZ,6,172,0.7470208241402655,0.7453829574479474,0.7453829574479474,0.7470208241402655,0.7470208241402655,0.7453829574479474,1,1,0,0,0.0,0.0,0.0,0.0,0.0,0.0,0.0,0.0,0.0,0.0,0.0,0.0,0.0,0.0,0.0,0.7833333333333333,0.7333333333333333,0.9,0.0,0.0,0.0,0.0,0.0,0.0
20260707,DTLZ,9,177,0.727456651891363,0.7127927204845135,0.7127927204845135,0.727456651891363,0.727456651891363,0.7127927204845135,1,1,0,0,0.1166666666666666,0.2333333333333333,0.35,0.0,0.0,0.0,0.0,0.0,0.0,0.1166666666666666,0.2333333333333333,0.35,0.1166666666666666,0.2333333333333333,0.35,0.5166666666666667,0.6166666666666667,0.9166666666666666,0.1166666666666666,0.2333333333333333,0.35,0.0,0.0,0.0
20260707,DTLZ,4,354,0.8275083067048281,0.7906577386320106,0.7906577386320106,0.8275083067048281,0.8275083067048281,0.7906577386320106,1,1,0,0,0.0,0.0,0.1333333333333333,0.0,0.0,0.0,0.0,0.0,0.0,0.0,0.0,0.1333333333333333,0.0,0.0,0.1333333333333333,0.9166666666666666,0.9333333333333332,0.9,0.0,0.0,0.1333333333333333,0.0,0.0,0.0
20260707,DTLZ,10,335,0.7506002934775237,0.7392863781641028,0.7392863781641028,0.7506002934775237,0.7506002934775237,0.7392863781641028,1,1,0,0,0.15,0.3666666666666666,0.55,0.0,0.0,0.0,0.0,0.0,0.0,0.15,0.3666666666666666,0.55,0.15,0.3666666666666666,0.55,0.7166666666666667,0.95,0.9833333333333332,0.15,0.3666666666666666,0.55,0.0,0.0,0.0
20260707,DTLZ,7,64,0.7730200952025477,0.7733315942440702,0.7733315942440702,0.7730200952025477,0.7730200952025477,0.7733315942440702,1,1,0,0,0.3833333333333333,0.5,0.7666666666666667,0.0,0.0,0.0,0.0,0.0,0.0,0.3833333333333333,0.5,0.7666666666666667,0.3833333333333333,0.5,0.7666666666666667,0.8,0.9,0.9,0.3833333333333333,0.5,0.7666666666666667,0.0,0.0,0.0
20260707,DTLZ,9,197,0.7509359342386893,0.7509359342386893,0.7509359342386893,0.7509359342386893,0.7509359342386893,0.7509359342386893,1,1,0,0,0.0,0.0333333333333333,0.2166666666666666,0.0,0.0,0.0,0.0,0.0,0.0,0.0,0.0333333333333333,0.2166666666666666,0.0,0.0333333333333333,0.2166666666666666,0.8166666666666667,0.9166666666666666,0.9833333333333332,0.0,0.0333333333333333,0.2166666666666666,0.0,0.0,0.0
20260707,DTLZ,11,473,0.761195406113823,0.744677401820342,0.744677401820342,0.761195406113823,0.761195406113823,0.744677401820342,1,1,0,0,0.1666666666666666,0.2666666666666666,0.45,0.0,0.0,0.0,0.0,0.0,0.0,0.1666666666666666,0.2666666666666666,0.45,0.1666666666666666,0.2666666666666666,0.45,0.7333333333333333,0.7333333333333333,1.0,0.1666666666666666,0.2666666666666666,0.45,0.0,0.0,0.0
20260707,DTLZ,13,298,0.8033390390449568,0.7538476125398682,0.7538476125398682,0.8033390390449568,0.8033390390449568,0.7538476125398682,1,1,0,0,0.0,0.0,0.05,0.0,0.0,0.0,0.0,0.0,0.0,0.0,0.0,0.05,0.0,0.0,0.05,0.6333333333333333,0.9333333333333332,0.9666666666666668,0.0,0.0,0.05,0.0,0.0,0.0
20260707,DTLZ,7,481,0.7683402334006892,0.7604259502108655,0.7604259502108655,0.7683402334006892,0.7683402334006892,0.7604259502108655,1,1,0,0,0.5,0.5666666666666667,0.8166666666666667,0.0,0.0,0.0,0.0,0.0,0.0,0.5,0.5666666666666667,0.8166666666666667,0.5,0.5666666666666667,0.8166666666666667,0.85,0.9666666666666668,0.9833333333333332,0.5,0.5666666666666667,0.8166666666666667,0.0,0.0,0.0
20260707,DTLZ,11,395,0.7665258835718638,0.7471161288526423,0.7471161288526423,0.7665258835718638,0.7665258835718638,0.7471161288526423,1,1,0,0,0.0,0.05,0.25,0.0,0.0,0.0,0.0,0.0,0.0,0.0,0.05,0.25,0.0,0.05,0.25,0.5833333333333334,0.8,0.9666666666666668,0.0,0.05,0.25,0.0,0.0,0.0
20260707,DTLZ,7,130,0.7558837741298006,0.7364438911660296,0.7364438911660296,0.7558837741298006,0.7558837741298006,0.7364438911660296,1,1,0,0,0.0666666666666666,0.1666666666666666,0.3666666666666666,0.0,0.0,0.0,0.0,0.0,0.0,0.0666666666666666,0.1666666666666666,0.3666666666666666,0.0666666666666666,0.1666666666666666,0.3666666666666666,0.3833333333333333,0.55,0.8833333333333333,0.0666666666666666,0.1666666666666666,0.3666666666666666,0.0,0.0,0.0
20260707,DTLZ,11,240,0.8083767893275301,0.7465811278910177,0.7465811278910177,0.8083767893275301,0.8083767893275301,0.7465811278910177,1,1,0,0,0.0,0.0833333333333333,0.4166666666666667,0.0,0.0,0.0,0.0,0.0,0.0,0.0,0.0833333333333333,0.4166666666666667,0.0,0.0833333333333333,0.4166666666666667,0.8666666666666667,0.9666666666666668,0.9833333333333332,0.0,0.0833333333333333,0.4166666666666667,0.0,0.0,0.0
20260707,DTLZ,6,310,0.7623405853045633,0.7506146417178319,0.7506146417178319,0.7623405853045633,0.7623405853045633,0.7506146417178319,1,1,0,0,0.0,0.2166666666666666,0.4833333333333333,0.0,0.0,0.0,0.0,0.0,0.0,0.0,0.2166666666666666,0.4833333333333333,0.0,0.2166666666666666,0.4833333333333333,1.0,0.9666666666666668,1.0,0.0,0.2166666666666666,0.4833333333333333,0.0,0.0,0.0
20260707,DTLZ,4,449,0.8850986162859658,0.7835386305351193,0.7835386305351193,0.8850986162859658,0.8850986162859658,0.7835386305351193,1,1,0,0,0.0,0.0,0.15,0.0,0.0,0.0,0.0,0.0,0.0,0.0,0.0,0.15,0.0,0.0,0.15,0.6666666666666666,0.8333333333333334,0.9666666666666668,0.0,0.0,0.15,0.0,0.0,0.0
20260707,DTLZ,4,166,0.8860331273604525,0.8047830153009232,0.8047830153009232,0.8860331273604525,0.8860331273604525,0.8047830153009232,1,1,0,0,0.2666666666666666,0.5833333333333334,0.7166666666666667,0.0,0.0,0.0,0.0,0.0,0.0,0.2666666666666666,0.5833333333333334,0.7166666666666667,0.2666666666666666,0.5833333333333334,0.7166666666666667,0.7,0.9333333333333332,1.0,0.2666666666666666,0.5833333333333334,0.7166666666666667,0.0,0.0,0.0
20260707,DTLZ,5,219,0.812024134775609,0.766513287580749,0.766513287580749,0.812024134775609,0.812024134775609,0.766513287580749,1,1,0,0,0.6666666666666666,0.75,0.9,0.0,0.0,0.0,0.0,0.0,0.0,0.6666666666666666,0.75,0.9,0.6666666666666666,0.75,0.9,0.65,0.85,0.9833333333333332,0.6666666666666666,0.75,0.9,0.0,0.0,0.0
20260707,DTLZ,14,374,0.7541784556810135,0.7383586848833965,0.7383586848833965,0.7541784556810135,0.7541784556810135,0.7383586848833965,1,1,0,0,0.0,0.0,0.15,0.0,0.0,0.0,0.0,0.0,0.0,0.0,0.0,0.15,0.0,0.0,0.15,0.55,0.6833333333333333,0.95,0.0,0.0,0.15,0.0,0.0,0.0
20260707,DTLZ,15,176,0.7705343469487562,0.7459600251872823,0.7459600251872823,0.7705343469487562,0.7705343469487562,0.7459600251872823,1,1,0,0,0.0,0.0,0.0833333333333333,0.0,0.0,0.0,0.0,0.0,0.0,0.0,0.0,0.0833333333333333,0.0,0.0,0.0833333333333333,0.3666666666666666,0.7333333333333333,0.95,0.0,0.0,0.0833333333333333,0.0,0.0,0.0
20260707,DTLZ,9,399,0.7754384221890992,0.7381683642159821,0.7381683642159821,0.7754384221890992,0.7754384221890992,0.7381683642159821,1,1,0,0,0.0,0.0166666666666666,0.1333333333333333,0.0,0.0,0.0,0.0,0.0,0.0,0.0,0.0166666666666666,0.1333333333333333,0.0,0.0166666666666666,0.1333333333333333,0.3333333333333333,0.8833333333333333,1.0,0.0,0.0166666666666666,0.1333333333333333,0.0,0.0,0.0
20260707,DTLZ,9,145,0.7325546930783057,0.7504568468374392,0.7504568468374392,0.7325546930783057,0.7325546930783057,0.7504568468374392,1,1,0,0,0.2833333333333333,0.4333333333333333,0.5333333333333333,0.0,0.0,0.0,0.0,0.0,0.0,0.2833333333333333,0.4333333333333333,0.5333333333333333,0.2833333333333333,0.4333333333333333,0.5333333333333333,0.2333333333333333,0.7166666666666667,0.8833333333333333,0.2833333333333333,0.4333333333333333,0.5333333333333333,0.0,0.0,0.0
20260707,DTLZ,11,388,0.7656685223434884,0.7300080874913263,0.7300080874913263,0.7656685223434884,0.7656685223434884,0.7300080874913263,1,1,0,0,0.0333333333333333,0.1,0.5833333333333334,0.0,0.0,0.0,0.0,0.0,0.0,0.0333333333333333,0.1,0.5833333333333334,0.0333333333333333,0.1,0.5833333333333334,0.5333333333333333,0.75,0.9166666666666666,0.0333333333333333,0.1,0.5833333333333334,0.0,0.0,0.0
20260707,DTLZ,9,272,0.7891197321870085,0.7355179302425418,0.7355179302425418,0.7891197321870085,0.7891197321870085,0.7355179302425418,1,1,0,0,0.2666666666666666,0.4333333333333333,0.55,0.0,0.0,0.0,0.0,0.0,0.0,0.2666666666666666,0.4333333333333333,0.55,0.2666666666666666,0.4333333333333333,0.55,0.1166666666666666,0.4833333333333333,0.8333333333333334,0.2666666666666666,0.4333333333333333,0.55,0.0,0.0,0.0
20260707,DTLZ,14,136,0.7527363778579326,0.738963273839511,0.738963273839511,0.7527363778579326,0.7527363778579326,0.738963273839511,1,1,0,0,0.0,0.0,0.1333333333333333,0.0,0.0,0.0,0.0,0.0,0.0,0.0,0.0,0.1333333333333333,0.0,0.0,0.1333333333333333,0.7,0.8333333333333334,0.8333333333333334,0.0,0.0,0.1333333333333333,0.0,0.0,0.0
20260707,DTLZ,8,149,0.8295321321359246,0.728814530133908,0.728814530133908,0.8295321321359246,0.8295321321359246,0.728814530133908,1,1,0,0,0.15,0.75,0.9666666666666668,0.0,0.0,0.0,0.0,0.0,0.0,0.15,0.75,0.9666666666666668,0.15,0.75,0.9666666666666668,0.3333333333333333,0.6166666666666667,0.95,0.15,0.75,0.9666666666666668,0.0,0.0,0.0
20260707,DTLZ,8,132,0.7740128125396157,0.74336533116181,0.74336533116181,0.7740128125396157,0.7740128125396157,0.74336533116181,1,1,0,0,0.6,0.7333333333333333,0.9333333333333332,0.0,0.0,0.0,0.0,0.0,0.0,0.6,0.7333333333333333,0.9333333333333332,0.6,0.7333333333333333,0.9333333333333332,0.4666666666666667,0.7666666666666667,0.9166666666666666,0.6,0.7333333333333333,0.9333333333333332,0.0,0.0,0.0
20260707,DTLZ,9,299,0.7246130585261319,0.7358447066455812,0.7358447066455812,0.7246130585261319,0.7246130585261319,0.7358447066455812,1,1,0,0,0.2833333333333333,0.3666666666666666,0.55,0.0,0.0,0.0,0.0,0.0,0.0,0.2833333333333333,0.3666666666666666,0.55,0.2833333333333333,0.3666666666666666,0.55,0.25,0.6,0.9333333333333332,0.2833333333333333,0.3666666666666666,0.55,0.0,0.0,0.0
20260707,DTLZ,15,481,0.7652450397085865,0.7621797356469799,0.7621797356469799,0.7652450397085865,0.7652450397085865,0.7621797356469799,1,1,0,0,0.15,0.45,0.7333333333333333,0.0,0.0,0.0,0.0,0.0,0.0,0.15,0.45,0.7333333333333333,0.15,0.45,0.7333333333333333,0.5666666666666667,0.8333333333333334,0.9333333333333332,0.15,0.45,0.7333333333333333,0.0,0.0,0.0
20260707,DTLZ,8,205,0.7671699948914673,0.7324056129001473,0.7324056129001473,0.7671699948914673,0.7671699948914673,0.7324056129001473,1,1,0,0,0.1833333333333333,0.4833333333333333,0.9166666666666666,0.0,0.0,0.0,0.0,0.0,0.0,0.1833333333333333,0.4833333333333333,0.9166666666666666,0.1833333333333333,0.4833333333333333,0.9166666666666666,0.55,0.8166666666666667,0.9833333333333332,0.1833333333333333,0.4833333333333333,0.9166666666666666,0.0,0.0,0.0
20260707,DTLZ,11,376,0.7334572096870071,0.7441944372656998,0.7441944372656998,0.7334572096870071,0.7334572096870071,0.7441944372656998,1,1,0,0,0.0666666666666666,0.6,0.7166666666666667,0.0,0.0,0.0,0.0,0.0,0.0,0.0666666666666666,0.6,0.7166666666666667,0.0666666666666666,0.6,0.7166666666666667,0.75,0.9666666666666668,1.0,0.0666666666666666,0.6,0.7166666666666667,0.0,0.0,0.0
20260707,DTLZ,9,419,0.7451850321703305,0.7395038707297241,0.7395038707297241,0.7451850321703305,0.7451850321703305,0.7395038707297241,1,1,0,0,0.0,0.1666666666666666,0.45,0.0,0.0,0.0,0.0,0.0,0.0,0.0,0.1666666666666666,0.45,0.0,0.1666666666666666,0.45,0.2,0.5833333333333334,0.9333333333333332,0.0,0.1666666666666666,0.45,0.0,0.0,0.0
20260707,DTLZ,5,394,0.7936803255617251,0.7520766627239257,0.7520766627239257,0.7936803255617251,0.7936803255617251,0.7520766627239257,1,1,0,0,0.0,0.05,0.3333333333333333,0.0,0.0,0.0,0.0,0.0,0.0,0.0,0.05,0.3333333333333333,0.0,0.05,0.3333333333333333,0.3833333333333333,0.6666666666666666,0.9166666666666666,0.0,0.05,0.3333333333333333,0.0,0.0,0.0
20260707,DTLZ,14,305,0.7521007410255474,0.7747557151312044,0.7747557151312044,0.7521007410255474,0.7521007410255474,0.7747557151312044,1,1,0,0,0.0,0.0166666666666666,0.3333333333333333,0.0,0.0,0.0,0.0,0.0,0.0,0.0,0.0166666666666666,0.3333333333333333,0.0,0.0166666666666666,0.3333333333333333,0.9666666666666668,1.0,0.9666666666666668,0.0,0.0166666666666666,0.3333333333333333,0.0,0.0,0.0
20260707,DTLZ,10,156,0.7815541708520587,0.7941472410390922,0.7941472410390922,0.7815541708520587,0.7815541708520587,0.7941472410390922,1,1,0,0,0.1166666666666666,0.2166666666666666,0.45,0.0,0.0,0.0,0.0,0.0,0.0,0.1166666666666666,0.2166666666666666,0.45,0.1166666666666666,0.2166666666666666,0.45,0.6166666666666667,0.9166666666666666,1.0,0.1166666666666666,0.2166666666666666,0.45,0.0,0.0,0.0
20260707,DTLZ,13,339,0.7417033494916974,0.7347236318705938,0.7347236318705938,0.7417033494916974,0.7417033494916974,0.7347236318705938,1,1,0,0,0.0,0.0,0.1666666666666666,0.0,0.0,0.0,0.0,0.0,0.0,0.0,0.0,0.1666666666666666,0.0,0.0,0.1666666666666666,0.5333333333333333,0.9166666666666666,0.95,0.0,0.0,0.1666666666666666,0.0,0.0,0.0
20260707,DTLZ,10,273,0.7707830803522272,0.7322034617300576,0.7322034617300576,0.7707830803522272,0.7707830803522272,0.7322034617300576,1,1,0,0,0.0833333333333333,0.2333333333333333,0.3833333333333333,0.0,0.0,0.0,0.0,0.0,0.0,0.0833333333333333,0.2333333333333333,0.3833333333333333,0.0833333333333333,0.2333333333333333,0.3833333333333333,0.85,0.9666666666666668,0.9333333333333332,0.0833333333333333,0.2333333333333333,0.3833333333333333,0.0,0.0,0.0
20260707,DTLZ,3,479,0.9389117242222524,0.862337167102419,0.862337167102419,0.9389117242222524,0.9389117242222524,0.862337167102419,1,1,0,0,0.45,0.7833333333333333,0.8833333333333333,0.0,0.0,0.0,0.0,0.0,0.0,0.45,0.7833333333333333,0.8833333333333333,0.45,0.7833333333333333,0.8833333333333333,0.8666666666666667,0.9833333333333332,0.9833333333333332,0.45,0.7833333333333333,0.8833333333333333,0.0,0.0,0.0
20260707,DTLZ,6,481,0.7627988042761028,0.7417698399293651,0.7417698399293651,0.7627988042761028,0.7627988042761028,0.7417698399293651,1,1,0,0,0.7333333333333333,0.8333333333333334,0.9333333333333332,0.0,0.0,0.0,0.0,0.0,0.0,0.7333333333333333,0.8333333333333334,0.9333333333333332,0.7333333333333333,0.8333333333333334,0.9333333333333332,0.5833333333333334,0.6166666666666667,0.9166666666666666,0.7333333333333333,0.8333333333333334,0.9333333333333332,0.0,0.0,0.0
20260707,DTLZ,11,298,0.7303757042280395,0.7386040584494163,0.7386040584494163,0.7303757042280395,0.7303757042280395,0.7386040584494163,1,1,0,0,0.2166666666666666,0.3666666666666666,0.5166666666666667,0.0,0.0,0.0,0.0,0.0,0.0,0.2166666666666666,0.3666666666666666,0.5166666666666667,0.2166666666666666,0.3666666666666666,0.5166666666666667,0.4833333333333333,0.7833333333333333,0.9666666666666668,0.2166666666666666,0.3666666666666666,0.5166666666666667,0.0,0.0,0.0
20260707,DTLZ,14,308,0.7459574768211977,0.7564905585455712,0.7564905585455712,0.7459574768211977,0.7459574768211977,0.7564905585455712,1,1,0,0,0.35,0.7333333333333333,0.9333333333333332,0.0,0.0,0.0,0.0,0.0,0.0,0.35,0.7333333333333333,0.9333333333333332,0.35,0.7333333333333333,0.9333333333333332,0.2833333333333333,0.7333333333333333,0.9833333333333332,0.35,0.7333333333333333,0.9333333333333332,0.0,0.0,0.0
20260707,DTLZ,6,408,0.7610704291953093,0.7513939923060448,0.7513939923060448,0.7610704291953093,0.7610704291953093,0.7513939923060448,1,1,0,0,0.0,0.2166666666666666,0.6166666666666667,0.0,0.0,0.0,0.0,0.0,0.0,0.0,0.2166666666666666,0.6166666666666667,0.0,0.2166666666666666,0.6166666666666667,0.3666666666666666,0.6333333333333333,0.9166666666666666,0.0,0.2166666666666666,0.6166666666666667,0.0,0.0,0.0
20260707,DTLZ,12,441,0.7679856493408235,0.7444425317475843,0.7444425317475843,0.7679856493408235,0.7679856493408235,0.7444425317475843,1,1,0,0,0.0833333333333333,0.1666666666666666,0.3,0.0,0.0,0.0,0.0,0.0,0.0,0.0833333333333333,0.1666666666666666,0.3,0.0833333333333333,0.1666666666666666,0.3,0.8,0.85,0.9833333333333332,0.0833333333333333,0.1666666666666666,0.3,0.0,0.0,0.0
20260707,DTLZ,3,114,0.8966680199894145,0.8196029709737139,0.8196029709737139,0.8966680199894145,0.8966680199894145,0.8196029709737139,1,1,0,0,0.2333333333333333,0.4166666666666667,0.4166666666666667,0.0,0.0,0.0,0.0,0.0,0.0,0.2333333333333333,0.4166666666666667,0.4166666666666667,0.2333333333333333,0.4166666666666667,0.4166666666666667,0.6666666666666666,0.9333333333333332,0.9666666666666668,0.2333333333333333,0.4166666666666667,0.4166666666666667,0.0,0.0,0.0
20260707,DTLZ,4,473,0.8526728985150842,0.7901465133552631,0.7901465133552631,0.8526728985150842,0.8526728985150842,0.7901465133552631,1,1,0,0,0.55,0.6666666666666666,0.8,0.0,0.0,0.0,0.0,0.0,0.0,0.55,0.6666666666666666,0.8,0.55,0.6666666666666666,0.8,0.7166666666666667,0.8666666666666667,0.9833333333333332,0.55,0.6666666666666666,0.8,0.0,0.0,0.0
20260707,Energy,6,99,0.47641496969198666,0.47641496969198666,0.47641496969198666,0.47641496969198666,0.47641496969198666,0.47641496969198666,1,1,0,0,0.0,0.0,0.0,0.0,0.0,0.0,0.0,0.0,0.0,0.0,0.0,0.0,0.0,0.0,0.0,0.03333333333333333,0.2,0.65,0.0,0.0,0.0,0.0,0.0,0.0
20260707,Energy,4,107,0.5001145969219952,0.5001145969219952,0.5001145969219952,0.5001145969219952,0.5001145969219952,0.5001145969219952,1,1,0,0,0.0,0.016666666666666666,0.11666666666666667,0.0,0.0,0.0,0.0,0.0,0.0,0.0,0.016666666666666666,0.11666666666666667,0.0,0.016666666666666666,0.11666666666666667,0.3,0.6166666666666667,0.7166666666666667,0.0,0.016666666666666666,0.11666666666666667,0.0,0.0,0.0
20260707,Energy,8,332,0.4195429110556914,0.4195429110556914,0.4195429110556914,0.4195429110556914,0.4195429110556914,0.4195429110556914,1,1,0,0,0.35,0.5166666666666667,0.6666666666666666,0.0,0.0,0.0,0.0,0.0,0.0,0.36666666666666664,0.5166666666666667,0.6666666666666666,0.35,0.5166666666666667,0.6666666666666666,0.6333333333333333,0.6333333333333333,0.7833333333333333,0.35,0.5166666666666667,0.6666666666666666,0.0,0.0,0.0
20260707,Energy,5,110,0.4456787485576495,0.4456787485576495,0.4456787485576495,0.4456787485576495,0.4456787485576495,0.4456787485576495,1,1,0,0,0.0,0.06666666666666667,0.15,0.0,0.0,0.0,0.0,0.0,0.0,0.0,0.06666666666666667,0.15,0.0,0.06666666666666667,0.15,0.0,0.13333333333333333,0.3333333333333333,0.0,0.06666666666666667,0.15,0.0,0.0,0.0
20260707,Energy,5,131,0.45802364331150935,0.45802364331150935,0.45802364331150935,0.45802364331150935,0.45802364331150935,0.45802364331150935,1,1,0,0,0.05,0.08333333333333333,0.3333333333333333,0.0,0.0,0.0,0.0,0.0,0.0,0.05,0.08333333333333333,0.3333333333333333,0.05,0.08333333333333333,0.3333333333333333,0.0,0.0,0.26666666666666666,0.05,0.08333333333333333,0.3333333333333333,0.0,0.0,0.0
20260707,Energy,7,186,0.44399380157444635,0.44921184616586307,0.44921184616586307,0.44399380157444635,0.44399380157444635,0.44921184616586307,1,1,0,0,0.5,0.5333333333333333,0.6833333333333333,0.0,0.0,0.0,0.0,0.0,0.0,0.5,0.5333333333333333,0.6833333333333333,0.5,0.5333333333333333,0.6833333333333333,0.0,0.016666666666666666,0.3333333333333333,0.5,0.5333333333333333,0.6833333333333333,0.0,0.0,0.0
20260707,Energy,8,189,0.4671368332936409,0.4794415252044249,0.4794415252044249,0.4671368332936409,0.4671368332936409,0.4794415252044249,1,1,0,0,0.38333333333333336,0.55,0.7166666666666667,0.0,0.0,0.0,0.0,0.0,0.0,0.38333333333333336,0.55,0.7166666666666667,0.38333333333333336,0.55,0.7166666666666667,0.4666666666666667,0.48333333333333334,0.5166666666666667,0.38333333333333336,0.55,0.7166666666666667,0.0,0.0,0.0
20260707,Energy,4,273,0.4579912671940238,0.46753693377163824,0.46753693377163824,0.4579912671940238,0.4579912671940238,0.46753693377163824,1,1,0,0,0.016666666666666666,0.16666666666666666,0.5333333333333333,0.0,0.0,0.0,0.0,0.0,0.0,0.016666666666666666,0.16666666666666666,0.5333333333333333,0.016666666666666666,0.16666666666666666,0.5333333333333333,0.6333333333333333,0.7,0.7833333333333333,0.016666666666666666,0.16666666666666666,0.5333333333333333,0.0,0.0,0.0
20260707,Energy,7,419,0.43668080816628696,0.45976283794328376,0.45976283794328376,0.43668080816628696,0.43668080816628696,0.45976283794328376,1,1,0,0,0.21666666666666667,0.31666666666666665,0.65,0.0,0.0,0.0,0.0,0.0,0.0,0.21666666666666667,0.31666666666666665,0.65,0.21666666666666667,0.31666666666666665,0.65,0.2,0.45,0.6833333333333333,0.21666666666666667,0.31666666666666665,0.65,0.0,0.0,0.0
20260707,Energy,7,477,0.46709060229721805,0.48574597629927324,0.48574597629927324,0.46709060229721805,0.46709060229721805,0.48574597629927324,1,1,0,0,0.08333333333333333,0.3333333333333333,0.6333333333333333,0.0,0.0,0.0,0.0,0.0,0.0,0.08333333333333333,0.3333333333333333,0.6333333333333333,0.08333333333333333,0.3333333333333333,0.6333333333333333,0.0,0.08333333333333333,0.6,0.08333333333333333,0.3333333333333333,0.6333333333333333,0.0,0.0,0.0
20260707,Energy,4,468,0.4466451186483095,0.4466451186483095,0.4466451186483095,0.4466451186483095,0.4466451186483095,0.4466451186483095,1,1,0,0,0.5833333333333334,0.6333333333333333,0.5666666666666667,0.0,0.0,0.0,0.0,0.0,0.0,0.5833333333333334,0.6333333333333333,0.5666666666666667,0.5833333333333334,0.6333333333333333,0.5666666666666667,0.55,0.7666666666666667,0.8666666666666667,0.5833333333333334,0.6333333333333333,0.5666666666666667,0.0,0.0,0.0
20260707,Energy,7,420,0.45112416898021124,0.4603415019883884,0.4603415019883884,0.45112416898021124,0.45112416898021124,0.4603415019883884,1,1,0,0,0.21666666666666667,0.6333333333333333,0.6333333333333333,0.0,0.0,0.0,0.0,0.0,0.0,0.21666666666666667,0.6333333333333333,0.6333333333333333,0.21666666666666667,0.6333333333333333,0.6333333333333333,0.43333333333333335,0.55,0.75,0.21666666666666667,0.6333333333333333,0.6333333333333333,0.0,0.0,0.0
20260707,Energy,7,121,0.45732010203754164,0.45732010203754164,0.45732010203754164,0.45732010203754164,0.45732010203754164,0.45732010203754164,1,1,0,0,0.4166666666666667,0.6166666666666667,0.6333333333333333,0.0,0.0,0.0,0.0,0.0,0.0,0.4166666666666667,0.6166666666666667,0.6333333333333333,0.4166666666666667,0.6166666666666667,0.6333333333333333,0.0,0.016666666666666666,0.3333333333333333,0.4166666666666667,0.6166666666666667,0.6333333333333333,0.0,0.0,0.0
20260707,Energy,6,76,0.4955735164801189,0.4879528603263699,0.4879528603263699,0.4955735164801189,0.4955735164801189,0.4879528603263699,1,1,0,0,0.5666666666666667,0.6333333333333333,0.7666666666666667,0.0,0.0,0.0,0.0,0.0,0.0,0.5666666666666667,0.6333333333333333,0.7666666666666667,0.5666666666666667,0.6333333333333333,0.7666666666666667,0.11666666666666667,0.4166666666666667,0.6666666666666666,0.5666666666666667,0.6333333333333333,0.7666666666666667,0.0,0.0,0.0
20260707,Energy,5,75,0.5496033164314007,0.537370797545302,0.537370797545302,0.5496033164314007,0.5496033164314007,0.537370797545302,1,1,0,0,0.5333333333333333,0.6833333333333333,0.8833333333333333,0.0,0.0,0.0,0.0,0.0,0.0,0.5333333333333333,0.6833333333333333,0.8833333333333333,0.5333333333333333,0.6833333333333333,0.8833333333333333,0.0,0.1,0.6,0.5333333333333333,0.6833333333333333,0.8833333333333333,0.0,0.0,0.0
20260707,Energy,7,421,0.4268442988517123,0.4268442988517123,0.4268442988517123,0.4268442988517123,0.4268442988517123,0.4268442988517123,1,1,0,0,0.26666666666666666,0.25,0.4166666666666667,0.0,0.0,0.0,0.0,0.0,0.0,0.26666666666666666,0.25,0.4166666666666667,0.26666666666666666,0.25,0.4166666666666667,0.0,0.16666666666666666,0.5,0.26666666666666666,0.25,0.4166666666666667,0.0,0.0,0.0
20260707,Energy,4,283,0.47277500057688754,0.47277500057688754,0.47277500057688754,0.47277500057688754,0.47277500057688754,0.47277500057688754,1,1,0,0,0.13333333333333333,0.48333333333333334,0.8166666666666667,0.0,0.0,0.0,0.0,0.0,0.0,0.13333333333333333,0.48333333333333334,0.8166666666666667,0.13333333333333333,0.48333333333333334,0.8166666666666667,0.0,0.016666666666666666,0.31666666666666665,0.13333333333333333,0.48333333333333334,0.8166666666666667,0.0,0.0,0.0
20260707,Energy,6,202,0.43935106875221447,0.43935106875221447,0.43935106875221447,0.43935106875221447,0.43935106875221447,0.43935106875221447,1,1,0,0,0.0,0.05,0.16666666666666666,0.0,0.0,0.0,0.0,0.0,0.0,0.0,0.05,0.16666666666666666,0.0,0.05,0.16666666666666666,0.21666666666666667,0.31666666666666665,0.45,0.0,0.05,0.16666666666666666,0.0,0.0,0.0
20260707,Energy,5,411,0.4430085059610262,0.4430085059610262,0.4430085059610262,0.4430085059610262,0.4430085059610262,0.4430085059610262,1,1,0,0,0.03333333333333333,0.15,0.36666666666666664,0.0,0.0,0.0,0.0,0.0,0.0,0.03333333333333333,0.15,0.36666666666666664,0.03333333333333333,0.15,0.36666666666666664,0.45,0.5833333333333334,0.5666666666666667,0.03333333333333333,0.15,0.36666666666666664,0.0,0.0,0.0
20260707,Energy,5,346,0.42793134693393386,0.441749883534424,0.441749883534424,0.42793134693393386,0.42793134693393386,0.441749883534424,1,1,0,0,0.0,0.16666666666666666,0.38333333333333336,0.0,0.0,0.0,0.0,0.0,0.0,0.0,0.16666666666666666,0.38333333333333336,0.0,0.16666666666666666,0.38333333333333336,0.0,0.18333333333333332,0.5,0.0,0.16666666666666666,0.38333333333333336,0.0,0.0,0.0
20260707,Energy,7,66,0.5055861136924685,0.5695497573048084,0.5695497573048084,0.5055861136924685,0.5055861136924685,0.5695497573048084,1,1,0,0,0.0,0.03333333333333333,0.16666666666666666,0.0,0.0,0.0,0.0,0.0,0.0,0.0,0.03333333333333333,0.16666666666666666,0.0,0.03333333333333333,0.16666666666666666,0.48333333333333334,0.43333333333333335,0.7,0.0,0.03333333333333333,0.16666666666666666,0.0,0.0,0.0
20260707,Energy,7,239,0.47204643825068815,0.43307875990554384,0.43307875990554384,0.47204643825068815,0.47204643825068815,0.43307875990554384,1,1,0,0,0.35,0.4666666666666667,0.7166666666666667,0.0,0.0,0.0,0.0,0.0,0.0,0.35,0.4666666666666667,0.7166666666666667,0.35,0.4666666666666667,0.7166666666666667,0.0,0.05,0.45,0.35,0.4666666666666667,0.7166666666666667,0.0,0.0,0.0
20260707,Energy,6,181,0.45145515352556026,0.46118099400014534,0.46118099400014534,0.45145515352556026,0.45145515352556026,0.46118099400014534,1,1,0,0,0.08333333333333333,0.2833333333333333,0.31666666666666665,0.0,0.0,0.0,0.0,0.0,0.0,0.08333333333333333,0.2833333333333333,0.31666666666666665,0.08333333333333333,0.2833333333333333,0.31666666666666665,0.0,0.05,0.4666666666666667,0.08333333333333333,0.2833333333333333,0.31666666666666665,0.0,0.0,0.0
20260707,Energy,7,494,0.4148267865847809,0.45711802189482614,0.45711802189482614,0.4148267865847809,0.4148267865847809,0.45711802189482614,1,1,0,0,0.05,0.23333333333333334,0.4666666666666667,0.0,0.0,0.0,0.0,0.0,0.0,0.05,0.23333333333333334,0.4666666666666667,0.05,0.23333333333333334,0.4666666666666667,0.21666666666666667,0.38333333333333336,0.6666666666666666,0.05,0.23333333333333334,0.4666666666666667,0.0,0.0,0.0
20260707,Energy,6,172,0.4850113461118743,0.4850113461118743,0.4850113461118743,0.4850113461118743,0.4850113461118743,0.4850113461118743,1,1,0,0,0.48333333333333334,0.5666666666666667,0.65,0.0,0.0,0.0,0.0,0.0,0.0,0.48333333333333334,0.5666666666666667,0.65,0.48333333333333334,0.5666666666666667,0.65,0.0,0.16666666666666666,0.6333333333333333,0.48333333333333334,0.5666666666666667,0.65,0.0,0.0,0.0
20260707,Energy,7,202,0.41558906957298297,0.458242144615643,0.458242144615643,0.41558906957298297,0.41558906957298297,0.458242144615643,1,1,0,0,0.03333333333333333,0.3,0.5,0.0,0.0,0.0,0.0,0.0,0.0,0.03333333333333333,0.3,0.5,0.03333333333333333,0.3,0.5,0.5166666666666667,0.85,0.9333333333333333,0.03333333333333333,0.3,0.5,0.0,0.0,0.0
20260707,Energy,7,355,0.429687945058763,0.429687945058763,0.429687945058763,0.429687945058763,0.429687945058763,0.429687945058763,1,1,0,0,0.11666666666666667,0.3333333333333333,0.35,0.0,0.0,0.0,0.0,0.0,0.0,0.11666666666666667,0.3333333333333333,0.35,0.11666666666666667,0.3333333333333333,0.35,0.0,0.05,0.31666666666666665,0.11666666666666667,0.3333333333333333,0.35,0.0,0.0,0.0
20260707,Energy,6,117,0.5043658220274823,0.49713798478223215,0.49713798478223215,0.5043658220274823,0.5043658220274823,0.49713798478223215,1,1,0,0,0.016666666666666666,0.16666666666666666,0.5833333333333334,0.0,0.0,0.0,0.0,0.0,0.0,0.016666666666666666,0.16666666666666666,0.5833333333333334,0.016666666666666666,0.16666666666666666,0.5833333333333334,0.2,0.36666666666666664,0.6,0.016666666666666666,0.16666666666666666,0.5833333333333334,0.0,0.0,0.0
20260707,Energy,4,256,0.48229005199511155,0.4795815373060796,0.4795815373060796,0.48229005199511155,0.48229005199511155,0.4795815373060796,1,1,0,0,0.5666666666666667,0.65,0.8166666666666667,0.0,0.0,0.0,0.0,0.0,0.0,0.5666666666666667,0.65,0.8166666666666667,0.5666666666666667,0.65,0.8166666666666667,0.18333333333333332,0.4166666666666667,0.6166666666666667,0.5666666666666667,0.65,0.8166666666666667,0.0,0.0,0.0
20260707,Energy,5,100,0.4451672814369748,0.4772267064343751,0.4772267064343751,0.4451672814369748,0.4451672814369748,0.4772267064343751,1,1,0,0,0.0,0.18333333333333332,0.4,0.0,0.0,0.0,0.0,0.0,0.0,0.0,0.18333333333333332,0.4,0.0,0.18333333333333332,0.4,0.2833333333333333,0.6833333333333333,0.7,0.0,0.18333333333333332,0.4,0.0,0.0,0.0
20260707,Energy,7,64,0.5165322571276973,0.5165322571276973,0.5165322571276973,0.5165322571276973,0.5165322571276973,0.5165322571276973,1,1,0,0,0.5666666666666667,0.43333333333333335,0.5333333333333333,0.0,0.0,0.0,0.0,0.0,0.0,0.5666666666666667,0.43333333333333335,0.5333333333333333,0.5666666666666667,0.43333333333333335,0.5333333333333333,0.4,0.5166666666666667,0.8166666666666667,0.5666666666666667,0.43333333333333335,0.5333333333333333,0.0,0.0,0.0
20260707,Energy,7,309,0.43380993469077284,0.42859719830099874,0.42859719830099874,0.43380993469077284,0.43380993469077284,0.42859719830099874,1,1,0,0,0.3,0.5666666666666667,0.8166666666666667,0.0,0.0,0.0,0.0,0.0,0.0,0.3,0.5666666666666667,0.8166666666666667,0.3,0.5666666666666667,0.8166666666666667,0.6666666666666666,0.8,0.75,0.3,0.5666666666666667,0.8166666666666667,0.0,0.0,0.0
20260707,Energy,5,325,0.4759661333279972,0.4509385925723623,0.4509385925723623,0.4759661333279972,0.4759661333279972,0.4509385925723623,1,1,0,0,0.45,0.7166666666666667,0.8666666666666667,0.0,0.0,0.0,0.0,0.0,0.0,0.45,0.7166666666666667,0.8666666666666667,0.45,0.7166666666666667,0.8666666666666667,0.05,0.15,0.2,0.45,0.7166666666666667,0.8666666666666667,0.0,0.0,0.0
20260707,Energy,8,123,0.42865923139259876,0.42865923139259876,0.42865923139259876,0.42865923139259876,0.42865923139259876,0.42865923139259876,1,1,0,0,0.0,0.0,0.0,0.0,0.0,0.0,0.0,0.0,0.0,0.0,0.0,0.0,0.0,0.0,0.0,0.13333333333333333,0.25,0.6833333333333333,0.0,0.0,0.0,0.0,0.0,0.0
20260707,Energy,4,211,0.47070139860369176,0.49872090801659574,0.49872090801659574,0.47070139860369176,0.47070139860369176,0.49872090801659574,1,1,0,0,0.0,0.0,0.05,0.0,0.0,0.0,0.0,0.0,0.0,0.0,0.0,0.05,0.0,0.0,0.05,0.13333333333333333,0.4666666666666667,0.7833333333333333,0.0,0.0,0.05,0.0,0.0,0.0
20260707,Energy,8,68,0.5821047516238504,0.5989523073499039,0.5989523073499039,0.5821047516238504,0.5821047516238504,0.5989523073499039,1,1,0,0,0.3333333333333333,0.5333333333333333,0.5,0.0,0.0,0.0,0.0,0.0,0.0,0.3333333333333333,0.5333333333333333,0.5,0.3333333333333333,0.5333333333333333,0.5,0.6333333333333333,0.6833333333333333,0.8833333333333333,0.3333333333333333,0.5333333333333333,0.5,0.0,0.0,0.0
20260707,Energy,8,360,0.4291867084692049,0.4564760409900466,0.4564760409900466,0.4291867084692049,0.4291867084692049,0.4564760409900466,1,1,0,0,0.5333333333333333,0.8166666666666667,0.85,0.0,0.0,0.0,0.0,0.0,0.0,0.5333333333333333,0.8166666666666667,0.85,0.5333333333333333,0.8166666666666667,0.85,0.6,0.7166666666666667,0.7166666666666667,0.5333333333333333,0.8166666666666667,0.85,0.0,0.0,0.0
20260707,Energy,5,402,0.42750739681998534,0.4420952224979034,0.4420952224979034,0.42750739681998534,0.42750739681998534,0.4420952224979034,1,1,0,0,0.23333333333333334,0.1,0.2,0.0,0.0,0.0,0.0,0.0,0.0,0.23333333333333334,0.1,0.2,0.23333333333333334,0.1,0.2,0.16666666666666666,0.35,0.5833333333333334,0.23333333333333334,0.1,0.2,0.0,0.0,0.0
20260707,Energy,4,167,0.47727915514345154,0.4958106515722905,0.4958106515722905,0.47727915514345154,0.47727915514345154,0.4958106515722905,1,1,0,0,0.38333333333333336,0.7166666666666667,0.75,0.0,0.0,0.0,0.0,0.0,0.0,0.38333333333333336,0.7166666666666667,0.75,0.38333333333333336,0.7166666666666667,0.75,0.13333333333333333,0.43333333333333335,0.7833333333333333,0.38333333333333336,0.7166666666666667,0.75,0.0,0.0,0.0
20260707,Energy,8,199,0.43705824205435967,0.4271367837881344,0.4271367837881344,0.43705824205435967,0.43705824205435967,0.4271367837881344,1,1,0,0,0.38333333333333336,0.7666666666666667,0.6333333333333333,0.0,0.0,0.0,0.0,0.0,0.0,0.38333333333333336,0.7666666666666667,0.6333333333333333,0.38333333333333336,0.7666666666666667,0.6333333333333333,0.3333333333333333,0.3,0.38333333333333336,0.38333333333333336,0.7666666666666667,0.6333333333333333,0.0,0.0,0.0
20260707,Energy,6,84,0.4822776949602477,0.48114261954641846,0.48114261954641846,0.4822776949602477,0.4822776949602477,0.48114261954641846,1,1,0,0,0.1,0.23333333333333334,0.5833333333333334,0.0,0.0,0.0,0.0,0.0,0.0,0.1,0.23333333333333334,0.5833333333333334,0.1,0.23333333333333334,0.5833333333333334,0.08333333333333333,0.45,0.65,0.1,0.23333333333333334,0.5833333333333334,0.0,0.0,0.0
20260707,Energy,7,217,0.46324985121497514,0.47318649858509154,0.47318649858509154,0.46324985121497514,0.46324985121497514,0.47318649858509154,1,1,0,0,0.0,0.0,0.3,0.0,0.0,0.0,0.0,0.0,0.0,0.0,0.0,0.3,0.0,0.0,0.3,0.2833333333333333,0.48333333333333334,0.85,0.0,0.0,0.3,0.0,0.0,0.0
20260707,Energy,7,413,0.4565506354940665,0.4607139403236278,0.4607139403236278,0.4565506354940665,0.4565506354940665,0.4607139403236278,1,1,0,0,0.65,0.8666666666666667,1.0,0.0,0.0,0.0,0.0,0.0,0.0,0.65,0.8666666666666667,1.0,0.65,0.8666666666666667,1.0,0.55,0.65,0.8333333333333334,0.65,0.8666666666666667,1.0,0.0,0.0,0.0
20260707,Energy,7,104,0.4387333433646133,0.4387333433646133,0.4387333433646133,0.4387333433646133,0.4387333433646133,0.4387333433646133,1,1,0,0,0.0,0.0,0.05,0.0,0.0,0.0,0.0,0.0,0.0,0.0,0.0,0.05,0.0,0.0,0.05,0.05,0.13333333333333333,0.38333333333333336,0.0,0.0,0.05,0.0,0.0,0.0
20260707,Energy,6,356,0.47297029643273114,0.4765439078969505,0.4765439078969505,0.47297029643273114,0.47297029643273114,0.4765439078969505,1,1,0,0,0.2,0.23333333333333334,0.5,0.0,0.0,0.0,0.0,0.0,0.0,0.2,0.23333333333333334,0.5,0.2,0.23333333333333334,0.5,0.0,0.06666666666666667,0.16666666666666666,0.2,0.23333333333333334,0.5,0.0,0.0,0.0
20260707,Energy,7,122,0.46892350928754317,0.496638436502265,0.496638436502265,0.46892350928754317,0.46892350928754317,0.496638436502265,1,1,0,0,0.016666666666666666,0.15,0.3,0.0,0.0,0.0,0.0,0.0,0.0,0.016666666666666666,0.15,0.3,0.016666666666666666,0.15,0.3,0.3,0.48333333333333334,0.6666666666666666,0.016666666666666666,0.15,0.3,0.0,0.0,0.0
20260707,Energy,4,363,0.4158405042305164,0.4158405042305164,0.4158405042305164,0.4158405042305164,0.4158405042305164,0.4158405042305164,1,1,0,0,0.0,0.0,0.016666666666666666,0.0,0.0,0.0,0.0,0.0,0.0,0.0,0.0,0.016666666666666666,0.0,0.0,0.016666666666666666,0.0,0.0,0.2,0.0,0.0,0.016666666666666666,0.0,0.0,0.0
20260707,Energy,4,392,0.46185350633062827,0.46185350633062827,0.46185350633062827,0.46185350633062827,0.46185350633062827,0.46185350633062827,1,1,0,0,0.6,0.7,0.8333333333333334,0.0,0.0,0.0,0.0,0.0,0.0,0.6,0.7,0.8333333333333334,0.6,0.7,0.8333333333333334,0.2833333333333333,0.5,0.75,0.6,0.7,0.8333333333333334,0.0,0.0,0.0
20260707,Energy,6,151,0.48872445196580827,0.47162802346831856,0.47162802346831856,0.48872445196580827,0.48872445196580827,0.47162802346831856,1,1,0,0,0.0,0.15,0.31666666666666665,0.0,0.0,0.0,0.0,0.0,0.0,0.0,0.15,0.31666666666666665,0.0,0.15,0.31666666666666665,0.0,0.0,0.08333333333333333,0.0,0.15,0.31666666666666665,0.0,0.0,0.0
20260707,Energy,5,80,0.47916502419285817,0.5048573354763567,0.5048573354763567,0.47916502419285817,0.47916502419285817,0.5048573354763567,1,1,0,0,0.05,0.13333333333333333,0.35,0.0,0.0,0.0,0.0,0.0,0.0,0.05,0.13333333333333333,0.35,0.05,0.13333333333333333,0.35,0.06666666666666667,0.2,0.5,0.05,0.13333333333333333,0.35,0.0,0.0,0.0
20260707,Concrete,7,239,0.46473653273137133,0.4787184188391599,0.4787184188391599,0.46473653273137133,0.46473653273137133,0.4787184188391599,1,1,0,0,0.4666666666666667,0.6166666666666667,0.8,0.0,0.0,0.0,0.0,0.0,0.0,0.4666666666666667,0.6166666666666667,0.8,0.4666666666666667,0.6166666666666667,0.8,0.0,0.16666666666666666,0.6,0.4666666666666667,0.6166666666666667,0.8,0.0,0.0,0.0
20260707,Concrete,7,314,0.4354637597099032,0.47169670158100857,0.47169670158100857,0.4354637597099032,0.4354637597099032,0.47169670158100857,1,1,0,0,0.35,0.6,0.8,0.0,0.0,0.0,0.0,0.0,0.0,0.35,0.6,0.8,0.35,0.6,0.8,0.5833333333333334,0.8666666666666667,0.9,0.35,0.6,0.8,0.0,0.0,0.0
20260707,Concrete,6,217,0.48695328979233204,0.48695328979233204,0.48695328979233204,0.48695328979233204,0.48695328979233204,0.48695328979233204,1,1,0,0,0.13333333333333333,0.31666666666666665,0.65,0.0,0.0,0.0,0.0,0.0,0.0,0.13333333333333333,0.31666666666666665,0.65,0.13333333333333333,0.31666666666666665,0.65,0.016666666666666666,0.3333333333333333,0.7333333333333333,0.13333333333333333,0.31666666666666665,0.65,0.0,0.0,0.0
20260707,Concrete,4,229,0.48106511385641204,0.48106511385641204,0.48106511385641204,0.48106511385641204,0.48106511385641204,0.48106511385641204,1,1,0,0,0.0,0.16666666666666666,0.38333333333333336,0.0,0.0,0.0,0.0,0.0,0.0,0.0,0.16666666666666666,0.38333333333333336,0.0,0.16666666666666666,0.38333333333333336,0.25,0.65,0.8166666666666667,0.0,0.16666666666666666,0.38333333333333336,0.0,0.0,0.0
20260707,Concrete,4,286,0.4563913856870542,0.4533843654279897,0.4533843654279897,0.4563913856870542,0.4563913856870542,0.4533843654279897,1,1,0,0,0.11666666666666667,0.25,0.38333333333333336,0.0,0.0,0.0,0.0,0.0,0.0,0.11666666666666667,0.25,0.38333333333333336,0.11666666666666667,0.25,0.38333333333333336,0.0,0.05,0.35,0.11666666666666667,0.25,0.38333333333333336,0.0,0.0,0.0
20260707,Concrete,5,274,0.46537840232832944,0.45277881793389896,0.45277881793389896,0.46537840232832944,0.46537840232832944,0.45277881793389896,1,1,0,0,0.4666666666666667,0.6666666666666666,0.8,0.0,0.0,0.0,0.0,0.0,0.0,0.4666666666666667,0.6666666666666666,0.8,0.4666666666666667,0.6666666666666666,0.8,0.0,0.16666666666666666,0.48333333333333334,0.4666666666666667,0.6666666666666666,0.8,0.0,0.0,0.0
20260707,Concrete,8,428,0.44616841582138583,0.44616841582138583,0.44616841582138583,0.44616841582138583,0.44616841582138583,0.44616841582138583,1,1,0,0,0.26666666666666666,0.43333333333333335,0.6333333333333333,0.0,0.0,0.0,0.0,0.0,0.0,0.26666666666666666,0.43333333333333335,0.6333333333333333,0.26666666666666666,0.43333333333333335,0.6333333333333333,0.18333333333333332,0.5,0.75,0.26666666666666666,0.43333333333333335,0.6333333333333333,0.0,0.0,0.0
20260707,Concrete,8,439,0.4215269663961622,0.44537545607599976,0.44537545607599976,0.4215269663961622,0.4215269663961622,0.44537545607599976,1,1,0,0,0.25,0.4166666666666667,0.5333333333333333,0.0,0.0,0.0,0.0,0.0,0.0,0.25,0.4166666666666667,0.5333333333333333,0.25,0.4166666666666667,0.5333333333333333,0.0,0.21666666666666667,0.5833333333333334,0.25,0.4166666666666667,0.5333333333333333,0.0,0.0,0.0
20260707,Concrete,7,409,0.42251530787963826,0.42251530787963826,0.42251530787963826,0.42251530787963826,0.42251530787963826,0.42251530787963826,1,1,0,0,0.13333333333333333,0.3,0.43333333333333335,0.0,0.0,0.0,0.0,0.0,0.0,0.13333333333333333,0.3,0.43333333333333335,0.13333333333333333,0.3,0.43333333333333335,0.08333333333333333,0.3333333333333333,0.55,0.13333333333333333,0.3,0.43333333333333335,0.0,0.0,0.0
20260707,Concrete,6,87,0.4880314588032043,0.4745468473710675,0.4745468473710675,0.4880314588032043,0.4880314588032043,0.4745468473710675,1,1,0,0,0.5166666666666667,0.6166666666666667,0.7,0.0,0.0,0.0,0.0,0.0,0.0,0.5166666666666667,0.6166666666666667,0.7,0.5166666666666667,0.6166666666666667,0.7,0.4,0.4166666666666667,0.5166666666666667,0.5166666666666667,0.6166666666666667,0.7,0.0,0.0,0.0
20260707,Concrete,8,138,0.42583904115078647,0.42583904115078647,0.42583904115078647,0.42583904115078647,0.42583904115078647,0.42583904115078647,1,1,0,0,0.0,0.03333333333333333,0.2,0.0,0.0,0.0,0.0,0.0,0.0,0.0,0.03333333333333333,0.2,0.0,0.03333333333333333,0.2,0.0,0.23333333333333334,0.6833333333333333,0.0,0.03333333333333333,0.2,0.0,0.0,0.0
20260707,Concrete,7,145,0.44493241690157986,0.4558222189180487,0.4558222189180487,0.44493241690157986,0.44493241690157986,0.4558222189180487,1,1,0,0,0.55,0.6,0.8,0.0,0.0,0.0,0.0,0.0,0.0,0.55,0.6,0.8,0.55,0.6,0.8,0.43333333333333335,0.5833333333333334,0.7833333333333333,0.55,0.6,0.8,0.0,0.0,0.0
20260707,Concrete,6,241,0.46809966570005734,0.4715608296029522,0.4715608296029522,0.46809966570005734,0.46809966570005734,0.4715608296029522,1,1,0,0,0.2833333333333333,0.6333333333333333,0.7333333333333333,0.0,0.0,0.0,0.0,0.0,0.0,0.2833333333333333,0.6333333333333333,0.7333333333333333,0.2833333333333333,0.6333333333333333,0.7333333333333333,0.3333333333333333,0.5666666666666667,0.8166666666666667,0.2833333333333333,0.6333333333333333,0.7333333333333333,0.0,0.0,0.0
20260707,Concrete,7,162,0.47317394914676036,0.4714539023117305,0.4714539023117305,0.47317394914676036,0.47317394914676036,0.4714539023117305,1,1,0,0,0.26666666666666666,0.38333333333333336,0.5666666666666667,0.0,0.0,0.0,0.0,0.0,0.0,0.26666666666666666,0.38333333333333336,0.5666666666666667,0.26666666666666666,0.38333333333333336,0.5666666666666667,0.0,0.08333333333333333,0.5333333333333333,0.26666666666666666,0.38333333333333336,0.5666666666666667,0.0,0.0,0.0
20260707,Concrete,4,347,0.4421508283069372,0.4597510572979449,0.4597510572979449,0.4421508283069372,0.4421508283069372,0.4597510572979449,1,1,0,0,0.0,0.23333333333333334,0.5,0.0,0.0,0.0,0.0,0.0,0.0,0.0,0.23333333333333334,0.5,0.0,0.23333333333333334,0.5,0.35,0.6333333333333333,0.7333333333333333,0.0,0.23333333333333334,0.5,0.0,0.0,0.0
20260707,Concrete,4,157,0.4568622082016051,0.4870768371581923,0.4870768371581923,0.4568622082016051,0.4568622082016051,0.4870768371581923,1,1,0,0,0.0,0.1,0.2833333333333333,0.0,0.0,0.0,0.0,0.0,0.0,0.0,0.1,0.2833333333333333,0.0,0.1,0.2833333333333333,0.08333333333333333,0.2833333333333333,0.6833333333333333,0.0,0.1,0.2833333333333333,0.0,0.0,0.0
20260707,Concrete,4,414,0.4368937147295888,0.4467513969489428,0.4467513969489428,0.4368937147295888,0.4368937147295888,0.4467513969489428,1,1,0,0,0.5166666666666667,0.4166666666666667,0.5833333333333334,0.0,0.0,0.0,0.0,0.0,0.0,0.5166666666666667,0.4166666666666667,0.5833333333333334,0.5166666666666667,0.4166666666666667,0.5833333333333334,0.5333333333333333,0.7333333333333333,0.7,0.5166666666666667,0.4166666666666667,0.5833333333333334,0.0,0.0,0.0
20260707,Concrete,5,321,0.4355530768219752,0.45173056571518644,0.45173056571518644,0.4355530768219752,0.4355530768219752,0.45173056571518644,1,1,0,0,0.43333333333333335,0.43333333333333335,0.48333333333333334,0.0,0.0,0.0,0.0,0.0,0.0,0.4166666666666667,0.43333333333333335,0.48333333333333334,0.43333333333333335,0.43333333333333335,0.48333333333333334,0.0,0.016666666666666666,0.45,0.43333333333333335,0.43333333333333335,0.48333333333333334,0.0,0.0,0.0
20260707,Concrete,5,293,0.45990102672079763,0.4609871571125179,0.4609871571125179,0.45990102672079763,0.45990102672079763,0.4609871571125179,1,1,0,0,0.6333333333333333,0.8166666666666667,0.8833333333333333,0.0,0.0,0.0,0.0,0.0,0.0,0.6333333333333333,0.8166666666666667,0.8833333333333333,0.6333333333333333,0.8166666666666667,0.8833333333333333,0.5333333333333333,0.6333333333333333,0.75,0.6333333333333333,0.8166666666666667,0.8833333333333333,0.0,0.0,0.0
20260707,Concrete,6,394,0.4544078807537855,0.47555330055432704,0.47555330055432704,0.4544078807537855,0.4544078807537855,0.47555330055432704,1,1,0,0,0.0,0.03333333333333333,0.26666666666666666,0.0,0.0,0.0,0.0,0.0,0.0,0.0,0.03333333333333333,0.26666666666666666,0.0,0.03333333333333333,0.26666666666666666,0.0,0.23333333333333334,0.7,0.0,0.03333333333333333,0.26666666666666666,0.0,0.0,0.0
20260707,Concrete,6,78,0.4584987866779139,0.46200832559507676,0.46200832559507676,0.4584987866779139,0.4584987866779139,0.46200832559507676,1,1,0,0,0.06666666666666667,0.1,0.35,0.0,0.0,0.0,0.0,0.0,0.0,0.06666666666666667,0.1,0.35,0.06666666666666667,0.1,0.35,0.11666666666666667,0.55,0.6166666666666667,0.06666666666666667,0.1,0.35,0.0,0.0,0.0
20260707,Concrete,7,494,0.4397105063787059,0.4607969708753652,0.4607969708753652,0.4397105063787059,0.4397105063787059,0.4607969708753652,1,1,0,0,0.06666666666666667,0.1,0.16666666666666666,0.0,0.0,0.0,0.0,0.0,0.0,0.06666666666666667,0.1,0.16666666666666666,0.06666666666666667,0.1,0.16666666666666666,0.0,0.06666666666666667,0.21666666666666667,0.06666666666666667,0.1,0.16666666666666666,0.0,0.0,0.0
20260707,Concrete,4,391,0.44492651629303215,0.5023148100879287,0.5023148100879287,0.44492651629303215,0.44492651629303215,0.5023148100879287,1,1,0,0,0.03333333333333333,0.3,0.5,0.0,0.0,0.0,0.0,0.0,0.0,0.03333333333333333,0.3,0.5,0.03333333333333333,0.3,0.5,0.26666666666666666,0.6666666666666666,0.7,0.03333333333333333,0.3,0.5,0.0,0.0,0.0
20260707,Concrete,5,130,0.43482827177648264,0.43482827177648264,0.43482827177648264,0.43482827177648264,0.43482827177648264,0.43482827177648264,1,1,0,0,0.0,0.0,0.0,0.0,0.0,0.0,0.0,0.0,0.0,0.0,0.0,0.0,0.0,0.0,0.0,0.06666666666666667,0.5,0.7,0.0,0.0,0.0,0.0,0.0,0.0
20260707,Concrete,8,162,0.46473601343063076,0.46473601343063076,0.46473601343063076,0.46473601343063076,0.46473601343063076,0.46473601343063076,1,1,0,0,0.1,0.38333333333333336,0.5166666666666667,0.0,0.0,0.0,0.0,0.0,0.0,0.1,0.38333333333333336,0.5166666666666667,0.1,0.38333333333333336,0.5166666666666667,0.0,0.13333333333333333,0.5333333333333333,0.1,0.38333333333333336,0.5166666666666667,0.0,0.0,0.0
20260707,Concrete,6,401,0.4431246931684007,0.45522596792722836,0.45522596792722836,0.4431246931684007,0.4431246931684007,0.45522596792722836,1,1,0,0,0.25,0.4666666666666667,0.6833333333333333,0.0,0.0,0.0,0.0,0.0,0.0,0.25,0.4666666666666667,0.6833333333333333,0.25,0.4666666666666667,0.6833333333333333,0.3,0.8166666666666667,0.85,0.25,0.4666666666666667,0.6833333333333333,0.0,0.0,0.0
20260707,Concrete,5,110,0.493035069386554,0.493035069386554,0.493035069386554,0.493035069386554,0.493035069386554,0.493035069386554,1,1,0,0,0.6,0.8333333333333334,0.85,0.0,0.0,0.0,0.0,0.0,0.0,0.6,0.8333333333333334,0.85,0.6,0.8333333333333334,0.85,0.0,0.016666666666666666,0.5833333333333334,0.6,0.8333333333333334,0.85,0.0,0.0,0.0
20260707,Concrete,8,383,0.4254280092199355,0.45862974985331006,0.45862974985331006,0.4254280092199355,0.4254280092199355,0.45862974985331006,1,1,0,0,0.23333333333333334,0.6166666666666667,0.8333333333333334,0.0,0.0,0.0,0.0,0.0,0.0,0.23333333333333334,0.6166666666666667,0.8333333333333334,0.23333333333333334,0.6166666666666667,0.8333333333333334,0.0,0.18333333333333332,0.6166666666666667,0.23333333333333334,0.6166666666666667,0.8333333333333334,0.0,0.0,0.0
20260707,Concrete,7,498,0.46942840696533833,0.43784586617580845,0.43784586617580845,0.46942840696533833,0.46942840696533833,0.43784586617580845,1,1,0,0,0.3,0.5666666666666667,0.5,0.0,0.0,0.0,0.0,0.0,0.0,0.3,0.5666666666666667,0.5,0.3,0.5666666666666667,0.5,0.0,0.016666666666666666,0.38333333333333336,0.3,0.5666666666666667,0.5,0.0,0.0,0.0
20260707,Concrete,5,165,0.4919816178181617,0.4919816178181617,0.4919816178181617,0.4919816178181617,0.4919816178181617,0.4919816178181617,1,1,0,0,0.6,0.75,0.6666666666666666,0.0,0.0,0.0,0.0,0.0,0.0,0.6,0.75,0.6666666666666666,0.6,0.75,0.6666666666666666,0.0,0.2,0.55,0.6,0.75,0.6666666666666666,0.0,0.0,0.0
20260707,Concrete,8,241,0.4659808302892076,0.4441295831802477,0.4441295831802477,0.4659808302892076,0.4659808302892076,0.4441295831802477,1,1,0,0,0.6333333333333333,0.7,0.85,0.0,0.0,0.0,0.0,0.0,0.0,0.6333333333333333,0.7,0.85,0.6333333333333333,0.7,0.85,0.23333333333333334,0.3,0.4,0.6333333333333333,0.7,0.85,0.0,0.0,0.0
20260707,Concrete,7,141,0.4437583092628057,0.4437583092628057,0.4437583092628057,0.4437583092628057,0.4437583092628057,0.4437583092628057,1,1,0,0,0.26666666666666666,0.26666666666666666,0.38333333333333336,0.0,0.0,0.0,0.0,0.0,0.0,0.26666666666666666,0.26666666666666666,0.38333333333333336,0.26666666666666666,0.26666666666666666,0.38333333333333336,0.0,0.016666666666666666,0.35,0.26666666666666666,0.26666666666666666,0.38333333333333336,0.0,0.0,0.0
20260707,Concrete,7,468,0.43157901463009885,0.43157901463009885,0.43157901463009885,0.43157901463009885,0.43157901463009885,0.43157901463009885,1,1,0,0,0.06666666666666667,0.18333333333333332,0.38333333333333336,0.0,0.0,0.0,0.0,0.0,0.0,0.06666666666666667,0.18333333333333332,0.38333333333333336,0.06666666666666667,0.18333333333333332,0.38333333333333336,0.55,0.43333333333333335,0.65,0.06666666666666667,0.18333333333333332,0.38333333333333336,0.0,0.0,0.0
20260707,Concrete,8,84,0.4887537857939083,0.4887537857939083,0.4887537857939083,0.4887537857939083,0.4887537857939083,0.4887537857939083,1,1,0,0,0.0,0.13333333333333333,0.31666666666666665,0.0,0.0,0.0,0.0,0.0,0.0,0.0,0.13333333333333333,0.31666666666666665,0.0,0.13333333333333333,0.31666666666666665,0.21666666666666667,0.5166666666666667,0.9,0.0,0.13333333333333333,0.31666666666666665,0.0,0.0,0.0
20260707,Concrete,8,441,0.41905599817865824,0.44575237735189716,0.44575237735189716,0.41905599817865824,0.41905599817865824,0.44575237735189716,1,1,0,0,0.26666666666666666,0.48333333333333334,0.55,0.0,0.0,0.0,0.0,0.0,0.0,0.26666666666666666,0.48333333333333334,0.55,0.26666666666666666,0.48333333333333334,0.55,0.38333333333333336,0.5833333333333334,0.7666666666666667,0.26666666666666666,0.48333333333333334,0.55,0.0,0.0,0.0
20260707,Concrete,5,426,0.47263567170359766,0.45052072824110057,0.45052072824110057,0.47263567170359766,0.47263567170359766,0.45052072824110057,1,1,0,0,0.36666666666666664,0.7,0.85,0.0,0.0,0.0,0.0,0.0,0.0,0.36666666666666664,0.7,0.85,0.36666666666666664,0.7,0.85,0.2833333333333333,0.6666666666666666,0.8166666666666667,0.36666666666666664,0.7,0.85,0.0,0.0,0.0
20260707,Concrete,8,300,0.43108688302938797,0.43108688302938797,0.43108688302938797,0.43108688302938797,0.43108688302938797,0.43108688302938797,1,1,0,0,0.4666666666666667,0.6166666666666667,0.7333333333333333,0.0,0.0,0.0,0.0,0.0,0.0,0.4666666666666667,0.6166666666666667,0.7333333333333333,0.4666666666666667,0.6166666666666667,0.7333333333333333,0.0,0.1,0.6333333333333333,0.4666666666666667,0.6166666666666667,0.7333333333333333,0.0,0.0,0.0
20260707,Concrete,4,84,0.4732443511156087,0.4870935613748194,0.4870935613748194,0.4732443511156087,0.4732443511156087,0.4870935613748194,1,1,0,0,0.05,0.21666666666666667,0.5,0.0,0.0,0.0,0.0,0.0,0.0,0.05,0.21666666666666667,0.5,0.05,0.21666666666666667,0.5,0.21666666666666667,0.48333333333333334,0.7333333333333333,0.05,0.21666666666666667,0.5,0.0,0.0,0.0
20260707,Concrete,4,229,0.4543120448265815,0.4788440228372653,0.4788440228372653,0.4543120448265815,0.4543120448265815,0.4788440228372653,1,1,0,0,0.0,0.1,0.3,0.0,0.0,0.0,0.0,0.0,0.0,0.0,0.1,0.3,0.0,0.1,0.3,0.31666666666666665,0.25,0.6333333333333333,0.0,0.1,0.3,0.0,0.0,0.0
20260707,Concrete,6,344,0.4768700390570497,0.4768700390570497,0.4768700390570497,0.4768700390570497,0.4768700390570497,0.4768700390570497,1,1,0,0,0.31666666666666665,0.5166666666666667,0.65,0.0,0.0,0.0,0.0,0.0,0.0,0.31666666666666665,0.5166666666666667,0.65,0.31666666666666665,0.5166666666666667,0.65,0.31666666666666665,0.8,0.9,0.31666666666666665,0.5166666666666667,0.65,0.0,0.0,0.0
20260707,Concrete,7,375,0.4182625214476211,0.4182625214476211,0.4182625214476211,0.4182625214476211,0.4182625214476211,0.4182625214476211,1,1,0,0,0.0,0.06666666666666667,0.3333333333333333,0.0,0.0,0.0,0.0,0.0,0.0,0.0,0.06666666666666667,0.3333333333333333,0.0,0.06666666666666667,0.3333333333333333,0.25,0.26666666666666666,0.4666666666666667,0.0,0.06666666666666667,0.3333333333333333,0.0,0.0,0.0
20260707,Concrete,7,315,0.441111736001264,0.441111736001264,0.441111736001264,0.441111736001264,0.441111736001264,0.441111736001264,1,1,0,0,0.4166666666666667,0.6166666666666667,0.8,0.0,0.0,0.0,0.0,0.0,0.0,0.4166666666666667,0.6166666666666667,0.8,0.4166666666666667,0.6166666666666667,0.8,0.45,0.6666666666666666,0.75,0.4166666666666667,0.6166666666666667,0.8,0.0,0.0,0.0
20260707,Concrete,7,244,0.4563523452428727,0.4563523452428727,0.4563523452428727,0.4563523452428727,0.4563523452428727,0.4563523452428727,1,1,0,0,0.0,0.18333333333333332,0.23333333333333334,0.0,0.0,0.0,0.0,0.0,0.0,0.0,0.18333333333333332,0.23333333333333334,0.0,0.18333333333333332,0.23333333333333334,0.2833333333333333,0.6,0.7333333333333333,0.0,0.18333333333333332,0.23333333333333334,0.0,0.0,0.0
20260707,Concrete,8,239,0.4405038786163339,0.4833375122023372,0.4833375122023372,0.4405038786163339,0.4405038786163339,0.4833375122023372,1,1,0,0,0.25,0.4166666666666667,0.43333333333333335,0.0,0.0,0.0,0.0,0.0,0.0,0.25,0.4166666666666667,0.43333333333333335,0.25,0.4166666666666667,0.43333333333333335,0.5333333333333333,0.7666666666666667,0.8666666666666667,0.25,0.4166666666666667,0.43333333333333335,0.0,0.0,0.0
20260707,Concrete,8,491,0.43130741475327217,0.4514494965070858,0.4514494965070858,0.43130741475327217,0.43130741475327217,0.4514494965070858,1,1,0,0,0.35,0.36666666666666664,0.4166666666666667,0.0,0.0,0.0,0.0,0.0,0.0,0.35,0.36666666666666664,0.4166666666666667,0.35,0.36666666666666664,0.4166666666666667,0.5,0.7166666666666667,0.8833333333333333,0.35,0.36666666666666664,0.4166666666666667,0.0,0.0,0.0
20260707,Concrete,8,479,0.4207788310834131,0.42592973403926826,0.42592973403926826,0.4207788310834131,0.4207788310834131,0.42592973403926826,1,1,0,0,0.11666666666666667,0.5166666666666667,0.7,0.0,0.0,0.0,0.0,0.0,0.0,0.11666666666666667,0.5166666666666667,0.7,0.11666666666666667,0.5166666666666667,0.7,0.06666666666666667,0.25,0.55,0.11666666666666667,0.5166666666666667,0.7,0.0,0.0,0.0
20260707,Concrete,8,206,0.4510106168205887,0.4510106168205887,0.4510106168205887,0.4510106168205887,0.4510106168205887,0.4510106168205887,1,1,0,0,0.31666666666666665,0.38333333333333336,0.5,0.0,0.0,0.0,0.0,0.0,0.0,0.31666666666666665,0.38333333333333336,0.5,0.31666666666666665,0.38333333333333336,0.5,0.03333333333333333,0.26666666666666666,0.4,0.31666666666666665,0.38333333333333336,0.5,0.0,0.0,0.0
20260707,Concrete,4,249,0.44006903473934605,0.44006903473934605,0.44006903473934605,0.44006903473934605,0.44006903473934605,0.44006903473934605,1,1,0,0,0.0,0.0,0.0,0.0,0.0,0.0,0.0,0.0,0.0,0.0,0.0,0.0,0.0,0.0,0.0,0.0,0.1,0.5166666666666667,0.0,0.0,0.0,0.0,0.0,0.0
20260707,Concrete,8,70,0.45353569612815364,0.48382226082896956,0.48382226082896956,0.45353569612815364,0.45353569612815364,0.48382226082896956,1,1,0,0,0.18333333333333332,0.45,0.3,0.0,0.0,0.0,0.0,0.0,0.0,0.18333333333333332,0.45,0.3,0.18333333333333332,0.45,0.3,0.0,0.08333333333333333,0.3,0.18333333333333332,0.45,0.3,0.0,0.0,0.0
20260707,Concrete,8,494,0.4331105973562657,0.4602647969116886,0.4602647969116886,0.4331105973562657,0.4331105973562657,0.4602647969116886,1,1,0,0,0.18333333333333332,0.43333333333333335,0.6,0.0,0.0,0.0,0.0,0.0,0.0,0.18333333333333332,0.43333333333333335,0.6,0.18333333333333332,0.43333333333333335,0.6,0.5333333333333333,0.6833333333333333,0.65,0.18333333333333332,0.43333333333333335,0.6,0.0,0.0,0.0
