seed,family,m,N,tail_lexpr,tail_lexpr1,tail_asf1,tail_asfk,tail_mmrk,tail_raw,agree_lexpr_asfk,agree_lexpr_mmrk,tied_lexpr,tied_lexpr1,flip_lexpr_0.05,flip_lexpr_0.10,flip_lexpr_0.20,flip_lexpr1_0.05,flip_lexpr1_0.10,flip_lexpr1_0.20,flip_asf1_0.05,flip_asf1_0.10,flip_asf1_0.20,flip_asfk_0.05,flip_asfk_0.10,flip_asfk_0.20,flip_mmrk_0.05,flip_mmrk_0.10,flip_mmrk_0.20,flip_raw_0.05,flip_raw_0.10,flip_raw_0.20,classflip_lexpr_0.05,classflip_lexpr_0.10,classflip_lexpr_0.20,classflip_lexpr1_0.05,classflip_lexpr1_0.10,classflip_lexpr1_0.20
20260630,Knapsack,4,156,0.8506181527276357,0.7778915464695999,0.7778915464695999,0.8506181527276357,0.8506181527276357,0.7778915464695999,1,1,0,0,0.0,0.0,0.2,0.0,0.0,0.0,0.0,0.0,0.0,0.0,0.0,0.1166666666666666,0.0,0.0,0.1166666666666666,0.7,0.7333333333333333,0.9333333333333332,0.0,0.0,0.2,0.0,0.0,0.0
20260630,Knapsack,3,219,0.9030391247209468,0.8385824036237396,0.8385824036237396,0.9030391247209468,0.9030391247209468,0.8385824036237396,1,1,0,1,0.4833333333333333,0.6166666666666667,0.7333333333333333,0.0,0.0,0.0,0.0,0.0,0.0,0.4833333333333333,0.6166666666666667,0.7333333333333333,0.4833333333333333,0.6166666666666667,0.75,0.5333333333333333,0.8333333333333334,0.95,0.4833333333333333,0.6166666666666667,0.7333333333333333,0.0,0.0,0.0
20260630,Knapsack,4,206,0.7907042978451895,0.7497291617184244,0.7497291617184244,0.7907042978451895,0.7907042978451895,0.7497291617184244,1,1,0,0,0.0,0.0166666666666666,0.2833333333333333,0.0,0.0,0.0,0.0,0.0,0.0,0.0,0.0166666666666666,0.2833333333333333,0.0,0.0166666666666666,0.2833333333333333,0.45,0.75,0.9666666666666668,0.0,0.0166666666666666,0.2833333333333333,0.0,0.0,0.0
20260630,Knapsack,3,263,0.914849470132125,0.8397733187677228,0.8397733187677228,0.914849470132125,0.914849470132125,0.8397733187677228,1,1,0,0,0.35,0.5333333333333333,0.8333333333333334,0.0,0.0,0.0,0.0,0.0,0.0,0.1333333333333333,0.2333333333333333,0.6833333333333333,0.2,0.3166666666666666,0.7333333333333333,0.75,0.9,1.0,0.35,0.5333333333333333,0.8333333333333334,0.0,0.0,0.0
20260630,Knapsack,4,216,0.8817503856926497,0.7942847416987451,0.7942847416987451,0.8817503856926497,0.8817503856926497,0.7942847416987451,1,1,0,0,0.05,0.1666666666666666,0.6666666666666666,0.0,0.0,0.0,0.0,0.0,0.0,0.05,0.1666666666666666,0.6666666666666666,0.05,0.25,0.7333333333333333,0.6,0.6666666666666666,0.9666666666666668,0.05,0.1666666666666666,0.6666666666666666,0.0,0.0,0.0
20260630,Knapsack,3,210,0.8963436531047861,0.8407220699851343,0.8244572508011881,0.9266832244569494,0.8963436531047861,0.8244572508011881,0,1,0,0,0.0,0.1,0.4666666666666667,0.0,0.0,0.0,0.0,0.0,0.0,0.0,0.0,0.3333333333333333,0.0,0.1,0.45,0.65,0.95,0.9833333333333332,0.0,0.1,0.4666666666666667,0.0,0.0,0.0
20260630,Knapsack,3,158,0.88131469163141,0.8207669891345983,0.8207669891345983,0.88131469163141,0.88131469163141,0.8207669891345983,1,1,0,0,0.45,0.8166666666666667,0.8666666666666667,0.0,0.0,0.0,0.0,0.0,0.0,0.3833333333333333,0.5833333333333334,0.6666666666666666,0.5333333333333333,0.8166666666666667,0.8833333333333333,0.6166666666666667,0.85,0.9833333333333332,0.45,0.8166666666666667,0.8666666666666667,0.0,0.0,0.0
20260630,Knapsack,3,232,0.8740103431045547,0.8274712085069326,0.8274712085069326,0.8740103431045547,0.8740103431045547,0.8274712085069326,1,1,0,0,0.55,0.5333333333333333,0.6833333333333333,0.0,0.0,0.0,0.0,0.0,0.0,0.55,0.55,0.6833333333333333,0.55,0.5333333333333333,0.6833333333333333,0.7333333333333333,0.9666666666666668,1.0,0.55,0.5333333333333333,0.6833333333333333,0.0,0.0,0.0
20260630,Knapsack,3,246,0.8395965554306972,0.8166388027356345,0.8166388027356345,0.8395965554306972,0.8781832855005847,0.8166388027356345,1,0,0,0,0.4,0.5666666666666667,0.8166666666666667,0.0,0.0,0.0,0.0,0.0,0.0,0.4,0.5666666666666667,0.8166666666666667,0.7166666666666667,0.7333333333333333,0.9,0.8166666666666667,0.9333333333333332,0.9833333333333332,0.4,0.5666666666666667,0.8166666666666667,0.0,0.0,0.0
20260630,Knapsack,3,175,0.8938733308294627,0.8291348084387348,0.8291348084387348,0.9086447809922658,0.8938733308294627,0.8291348084387348,0,1,0,0,0.5,0.4666666666666667,0.6833333333333333,0.0,0.0,0.0,0.0,0.0,0.0,0.5,0.4166666666666667,0.5333333333333333,0.5,0.45,0.6833333333333333,0.6333333333333333,0.8666666666666667,1.0,0.5,0.4666666666666667,0.6833333333333333,0.0,0.0,0.0
20260630,Knapsack,3,278,0.9199156212202488,0.8348826458379255,0.8354746006628988,0.9199156212202488,0.9199156212202488,0.8354746006628988,1,1,0,0,0.2,0.3666666666666666,0.6333333333333333,0.0,0.0,0.0,0.0,0.0,0.0,0.2,0.3666666666666666,0.6166666666666667,0.2,0.3666666666666666,0.6166666666666667,0.7666666666666667,0.9,1.0,0.2,0.3666666666666666,0.6333333333333333,0.0,0.0,0.0
20260630,Knapsack,3,99,0.8611024556623869,0.8417264024710497,0.8417264024710497,0.8611024556623869,0.8611024556623869,0.8417264024710497,1,1,0,0,0.0833333333333333,0.35,0.4666666666666667,0.0,0.0,0.0,0.0,0.0,0.0,0.0833333333333333,0.35,0.4666666666666667,0.0833333333333333,0.35,0.4666666666666667,0.55,0.8166666666666667,0.9,0.0833333333333333,0.35,0.4666666666666667,0.0,0.0,0.0
20260630,Knapsack,5,278,0.7778018565331314,0.7563147640362898,0.7563147640362898,0.7778018565331314,0.7778018565331314,0.7563147640362898,1,1,0,0,0.2333333333333333,0.5166666666666667,0.7666666666666667,0.0,0.0,0.0,0.0,0.0,0.0,0.2333333333333333,0.5166666666666667,0.7666666666666667,0.2333333333333333,0.5166666666666667,0.7666666666666667,0.3833333333333333,0.6666666666666666,0.9333333333333332,0.2333333333333333,0.5166666666666667,0.7666666666666667,0.0,0.0,0.0
20260630,Knapsack,5,64,0.8349294029315376,0.7643333993528998,0.7643333993528998,0.8349294029315376,0.8349294029315376,0.7643333993528998,1,1,0,0,0.0,0.0333333333333333,0.1333333333333333,0.0,0.0,0.0,0.0,0.0,0.0,0.0,0.0333333333333333,0.1333333333333333,0.0,0.0333333333333333,0.1333333333333333,0.6,0.7166666666666667,0.8833333333333333,0.0,0.0333333333333333,0.1333333333333333,0.0,0.0,0.0
20260630,Knapsack,3,212,0.8944964749884157,0.8320034460599339,0.8320034460599339,0.8944964749884157,0.8910001105934419,0.8320034460599339,1,0,0,0,0.4,0.5833333333333334,0.6833333333333333,0.0,0.0,0.0,0.0,0.0,0.0,0.2166666666666666,0.5333333333333333,0.5666666666666667,0.6166666666666667,0.6,0.75,0.6166666666666667,0.8833333333333333,0.95,0.4,0.5833333333333334,0.6833333333333333,0.0,0.0,0.0
20260630,Knapsack,4,140,0.8737142815429663,0.7856031177477206,0.7856031177477206,0.8737142815429663,0.8737142815429663,0.7856031177477206,1,1,0,0,0.6166666666666667,0.5333333333333333,0.75,0.0,0.0,0.0,0.0,0.0,0.0,0.6166666666666667,0.5333333333333333,0.75,0.6166666666666667,0.5333333333333333,0.75,0.4666666666666667,0.8666666666666667,0.9666666666666668,0.6166666666666667,0.5333333333333333,0.75,0.0,0.0,0.0
20260630,Knapsack,5,274,0.8308501657086528,0.7731890549457784,0.7731890549457784,0.8308501657086528,0.8308501657086528,0.7731890549457784,1,1,0,0,0.0,0.0166666666666666,0.4833333333333333,0.0,0.0,0.0,0.0,0.0,0.0,0.0,0.0166666666666666,0.4666666666666667,0.0,0.0166666666666666,0.5,0.5666666666666667,0.8,0.9666666666666668,0.0,0.0166666666666666,0.4833333333333333,0.0,0.0,0.0
20260630,Knapsack,4,280,0.8782608204285992,0.799302929839013,0.7846387014726534,0.8782608204285992,0.8782608204285992,0.7846387014726534,1,1,0,0,0.5,0.6166666666666667,0.6166666666666667,0.0,0.0,0.0,0.0,0.0,0.0,0.5,0.6166666666666667,0.6166666666666667,0.5,0.6166666666666667,0.6166666666666667,0.65,0.7833333333333333,0.9333333333333332,0.5,0.6166666666666667,0.6166666666666667,0.0,0.0,0.0
20260630,Knapsack,4,102,0.8286461505135336,0.7530385262289817,0.7530385262289817,0.8286461505135336,0.8286461505135336,0.7530385262289817,1,1,0,0,0.0,0.05,0.4,0.0,0.0,0.0,0.0,0.0,0.0,0.0,0.0166666666666666,0.3333333333333333,0.0,0.05,0.4,0.6666666666666666,0.8166666666666667,0.9833333333333332,0.0,0.05,0.4,0.0,0.0,0.0
20260630,Knapsack,3,218,0.8816293141827934,0.8421285462740364,0.8421285462740364,0.9416395701050216,0.8993598374744065,0.8421285462740364,0,0,0,0,0.2,0.4666666666666667,0.7666666666666667,0.0,0.0,0.0,0.0,0.0,0.0,0.45,0.7333333333333333,0.8333333333333334,0.5333333333333333,0.7166666666666667,0.8,0.7333333333333333,0.95,0.95,0.2,0.4666666666666667,0.7666666666666667,0.0,0.0,0.0
20260630,Knapsack,4,139,0.8232510742201579,0.7692004931975504,0.7692004931975504,0.8232510742201579,0.8232510742201579,0.7692004931975504,1,1,0,0,0.0833333333333333,0.3,0.45,0.0,0.0,0.0,0.0,0.0,0.0,0.0833333333333333,0.3,0.45,0.0833333333333333,0.3,0.45,0.5166666666666667,0.7166666666666667,0.9666666666666668,0.0833333333333333,0.3,0.45,0.0,0.0,0.0
20260630,Knapsack,3,174,0.8762732913115594,0.7963004188198416,0.7963004188198416,0.8959784200666677,0.8959784200666677,0.7963004188198416,0,0,0,0,0.0,0.0666666666666666,0.3833333333333333,0.0,0.0,0.0,0.0,0.0,0.0,0.4666666666666667,0.4666666666666667,0.75,0.0,0.0666666666666666,0.3833333333333333,0.55,0.85,0.9333333333333332,0.0,0.0666666666666666,0.3833333333333333,0.0,0.0,0.0
20260630,Knapsack,5,177,0.8104568034228071,0.7818497877111964,0.7818497877111964,0.8104568034228071,0.8104568034228071,0.7818497877111964,1,1,0,0,0.0,0.1333333333333333,0.4666666666666667,0.0,0.0,0.0,0.0,0.0,0.0,0.0,0.1333333333333333,0.4666666666666667,0.0,0.1333333333333333,0.4666666666666667,0.7666666666666667,0.8833333333333333,1.0,0.0,0.1333333333333333,0.4666666666666667,0.0,0.0,0.0
20260630,Knapsack,3,68,0.9278407291477712,0.8448419333197473,0.8448419333197473,0.9278407291477712,0.9278407291477712,0.8448419333197473,1,1,0,0,0.0,0.1833333333333333,0.3166666666666666,0.0,0.0,0.0,0.0,0.0,0.0,0.0,0.1833333333333333,0.3166666666666666,0.0,0.1833333333333333,0.3166666666666666,0.6833333333333333,0.8166666666666667,0.9833333333333332,0.0,0.1833333333333333,0.3166666666666666,0.0,0.0,0.0
20260630,Knapsack,3,124,0.9443840975950824,0.8519273822040456,0.8519273822040456,0.9443840975950824,0.9443840975950824,0.8519273822040456,1,1,0,0,0.2666666666666666,0.6166666666666667,0.8333333333333334,0.0,0.0,0.0,0.0,0.0,0.0,0.2666666666666666,0.6166666666666667,0.8333333333333334,0.2666666666666666,0.6166666666666667,0.8333333333333334,0.7,0.85,1.0,0.2666666666666666,0.6166666666666667,0.8333333333333334,0.0,0.0,0.0
20260630,Knapsack,4,298,0.842266972193457,0.8130338647565445,0.8051678135525847,0.842266972193457,0.842266972193457,0.8051678135525847,1,1,0,0,0.0666666666666666,0.1833333333333333,0.65,0.0,0.0,0.0,0.0,0.0,0.0,0.0666666666666666,0.1833333333333333,0.65,0.0666666666666666,0.1833333333333333,0.65,0.8666666666666667,0.8833333333333333,0.9666666666666668,0.0666666666666666,0.1833333333333333,0.65,0.0,0.0,0.0
20260630,Knapsack,5,159,0.8228481907147126,0.7638597834448525,0.7638597834448525,0.8228481907147126,0.8228481907147126,0.7638597834448525,1,1,0,0,0.3333333333333333,0.65,0.9666666666666668,0.0,0.0,0.0,0.0,0.0,0.0,0.3333333333333333,0.65,0.9666666666666668,0.3333333333333333,0.65,0.9666666666666668,0.7166666666666667,0.8833333333333333,0.9833333333333332,0.3333333333333333,0.65,0.9666666666666668,0.0,0.0,0.0
20260630,Knapsack,4,185,0.8569083325276566,0.7620423454416216,0.7620423454416216,0.8569083325276566,0.8569083325276566,0.7620423454416216,1,1,0,0,0.0,0.0166666666666666,0.3166666666666666,0.0,0.0,0.0,0.0,0.0,0.0,0.0,0.0166666666666666,0.3166666666666666,0.0,0.0166666666666666,0.3166666666666666,0.4,0.8833333333333333,0.9833333333333332,0.0,0.0166666666666666,0.3166666666666666,0.0,0.0,0.0
20260630,Knapsack,3,117,0.876867130717493,0.8368212916352115,0.8368212916352115,0.876867130717493,0.876867130717493,0.8368212916352115,1,1,0,0,0.05,0.3166666666666666,0.5833333333333334,0.0,0.0,0.0,0.0,0.0,0.0,0.05,0.3166666666666666,0.5833333333333334,0.05,0.3166666666666666,0.5833333333333334,0.5666666666666667,0.8666666666666667,0.95,0.05,0.3166666666666666,0.5833333333333334,0.0,0.0,0.0
20260630,Knapsack,4,182,0.8336665154790956,0.7969143808437731,0.7870767152396153,0.8336665154790956,0.8336665154790956,0.7870767152396153,1,1,0,0,0.0,0.15,0.5,0.0,0.0,0.0,0.0,0.0,0.0,0.0,0.15,0.5,0.0,0.15,0.5,0.9166666666666666,0.9666666666666668,0.9666666666666668,0.0,0.15,0.5,0.0,0.0,0.0
20260630,Knapsack,4,281,0.8798547614096108,0.773829550370101,0.773829550370101,0.8384572432011623,0.8798547614096108,0.773829550370101,0,1,0,0,0.0,0.0333333333333333,0.1833333333333333,0.0,0.0,0.0,0.0,0.0,0.0,0.05,0.2666666666666666,0.4,0.0,0.0333333333333333,0.1666666666666666,0.6833333333333333,0.9166666666666666,0.9833333333333332,0.0,0.0333333333333333,0.1833333333333333,0.0,0.0,0.0
20260630,Knapsack,5,93,0.839461270669967,0.7682408604889168,0.7682408604889168,0.839461270669967,0.839461270669967,0.7682408604889168,1,1,0,0,0.25,0.5666666666666667,0.8,0.0,0.0,0.0,0.0,0.0,0.0,0.25,0.5666666666666667,0.8,0.25,0.5666666666666667,0.8,0.4333333333333333,0.65,0.9,0.25,0.5666666666666667,0.8,0.0,0.0,0.0
20260630,Knapsack,3,287,0.8940343117560207,0.8602311950831746,0.8602311950831746,0.8940343117560207,0.8940343117560207,0.8602311950831746,1,1,0,0,0.5333333333333333,0.7666666666666667,0.8166666666666667,0.0,0.0,0.0,0.0,0.0,0.0,0.5333333333333333,0.7666666666666667,0.8166666666666667,0.5333333333333333,0.7666666666666667,0.8166666666666667,0.7666666666666667,0.9333333333333332,0.9833333333333332,0.5333333333333333,0.7666666666666667,0.8166666666666667,0.0,0.0,0.0
20260630,Knapsack,4,139,0.8300893322990175,0.7613479911096481,0.7613479911096481,0.8300893322990175,0.8300893322990175,0.7613479911096481,1,1,0,0,0.0,0.0166666666666666,0.3166666666666666,0.0,0.0,0.0,0.0,0.0,0.0,0.0,0.0166666666666666,0.3166666666666666,0.0,0.0166666666666666,0.3166666666666666,0.5,0.75,0.95,0.0,0.0166666666666666,0.3166666666666666,0.0,0.0,0.0
20260630,Knapsack,4,256,0.8474581606729339,0.7801649839380164,0.7801649839380164,0.8474581606729339,0.8474581606729339,0.7801649839380164,1,1,0,0,0.0,0.0,0.0166666666666666,0.0,0.0,0.0,0.0,0.0,0.0,0.0,0.0,0.0166666666666666,0.0,0.0,0.0166666666666666,0.6666666666666666,0.75,0.9,0.0,0.0,0.0166666666666666,0.0,0.0,0.0
20260630,Knapsack,4,200,0.8298759984391497,0.7976667474239089,0.7976667474239089,0.8298759984391497,0.8298759984391497,0.7976667474239089,1,1,0,0,0.4,0.6166666666666667,0.7666666666666667,0.0,0.0,0.0,0.0,0.0,0.0,0.4,0.6166666666666667,0.7666666666666667,0.4,0.6166666666666667,0.7666666666666667,0.35,0.7166666666666667,0.9666666666666668,0.4,0.6166666666666667,0.7666666666666667,0.0,0.0,0.0
20260630,Knapsack,5,78,0.7941617732377669,0.7641332475118593,0.7641332475118593,0.7941617732377669,0.7941617732377669,0.7641332475118593,1,1,0,0,0.3333333333333333,0.4333333333333333,0.5833333333333334,0.0,0.0,0.0,0.0,0.0,0.0,0.15,0.35,0.4666666666666667,0.3333333333333333,0.4166666666666667,0.5,0.4333333333333333,0.7666666666666667,0.8833333333333333,0.3333333333333333,0.4333333333333333,0.5833333333333334,0.0,0.0,0.0
20260630,Knapsack,3,146,0.8948170271246573,0.821933037700357,0.821933037700357,0.8948170271246573,0.8948170271246573,0.821933037700357,1,1,0,0,0.0666666666666666,0.1166666666666666,0.5666666666666667,0.0,0.0,0.0,0.0,0.0,0.0,0.0,0.0333333333333333,0.5166666666666667,0.0666666666666666,0.1166666666666666,0.5666666666666667,0.4333333333333333,0.8,0.95,0.0666666666666666,0.1166666666666666,0.5666666666666667,0.0,0.0,0.0
20260630,Knapsack,3,231,0.9180844830530314,0.8405624762259511,0.8405624762259511,0.9497727148348036,0.9180844830530314,0.8405624762259511,0,1,0,0,0.3666666666666666,0.4666666666666667,0.8,0.0,0.0,0.0,0.0,0.0,0.0,0.3666666666666666,0.45,0.7,0.3666666666666666,0.4666666666666667,0.7833333333333333,0.7166666666666667,0.95,0.9833333333333332,0.3666666666666666,0.4666666666666667,0.8,0.0,0.0,0.0
20260630,Knapsack,3,105,0.9482792391051936,0.8535657869292151,0.8535657869292151,0.9482792391051936,0.9482792391051936,0.8535657869292151,1,1,0,0,0.0,0.3166666666666666,0.6833333333333333,0.0,0.0,0.0,0.0,0.0,0.0,0.0,0.3166666666666666,0.6833333333333333,0.0,0.3166666666666666,0.6833333333333333,0.4,0.8666666666666667,0.9,0.0,0.3166666666666666,0.6833333333333333,0.0,0.0,0.0
20260630,Knapsack,3,256,0.862862791923741,0.8258148489186987,0.8258148489186987,0.862862791923741,0.862862791923741,0.8258148489186987,1,1,0,0,0.2333333333333333,0.3666666666666666,0.6666666666666666,0.0,0.0,0.0,0.0,0.0,0.0,0.2333333333333333,0.3666666666666666,0.6666666666666666,0.2333333333333333,0.3666666666666666,0.6666666666666666,0.8166666666666667,0.9666666666666668,0.9666666666666668,0.2333333333333333,0.3666666666666666,0.6666666666666666,0.0,0.0,0.0
20260630,Knapsack,3,297,0.8930747138057856,0.8271514333914607,0.8271514333914607,0.8930747138057856,0.914982698835634,0.8271514333914607,1,0,0,0,0.1833333333333333,0.5166666666666667,0.75,0.0,0.0,0.0,0.0,0.0,0.0,0.35,0.6666666666666666,0.7666666666666667,0.1166666666666666,0.4,0.7166666666666667,0.7666666666666667,0.8333333333333334,0.95,0.1833333333333333,0.5166666666666667,0.75,0.0,0.0,0.0
20260630,Knapsack,4,298,0.8396563619270389,0.7877753139577436,0.7877753139577436,0.8473462872521632,0.8473462872521632,0.7877753139577436,0,0,0,0,0.0333333333333333,0.1166666666666666,0.4166666666666667,0.0,0.0,0.0,0.0,0.0,0.0,0.0,0.0166666666666666,0.1,0.0,0.0166666666666666,0.1,0.6,0.8333333333333334,0.9833333333333332,0.0333333333333333,0.1166666666666666,0.4166666666666667,0.0,0.0,0.0
20260630,Knapsack,3,111,0.8757540243445991,0.8808557943515714,0.8808557943515714,0.8757540243445991,0.8757540243445991,0.8808557943515714,1,1,0,0,0.4666666666666667,0.4833333333333333,0.65,0.0,0.0,0.0,0.0,0.0,0.0,0.4666666666666667,0.4833333333333333,0.65,0.4666666666666667,0.4833333333333333,0.65,0.6833333333333333,0.95,0.9833333333333332,0.4666666666666667,0.4833333333333333,0.65,0.0,0.0,0.0
20260630,Knapsack,3,217,0.919477471724472,0.849657154114975,0.849657154114975,0.919477471724472,0.919477471724472,0.849657154114975,1,1,0,0,0.1666666666666666,0.4,0.5,0.0,0.0,0.0,0.0,0.0,0.0,0.1666666666666666,0.4,0.5,0.1666666666666666,0.4,0.5,0.7833333333333333,0.9666666666666668,1.0,0.1666666666666666,0.4,0.5,0.0,0.0,0.0
20260630,Knapsack,3,105,0.9362477497394868,0.8379415542150056,0.8392017559045358,0.9362477497394868,0.9362477497394868,0.8392017559045358,1,1,0,1,0.1333333333333333,0.3666666666666666,0.8166666666666667,0.0,0.0,0.0,0.0,0.0,0.0,0.1333333333333333,0.3666666666666666,0.8166666666666667,0.1333333333333333,0.3666666666666666,0.8166666666666667,0.9,0.85,0.9833333333333332,0.1333333333333333,0.3666666666666666,0.8166666666666667,0.0,0.0,0.0
20260630,Knapsack,3,162,0.9085948054977052,0.8570613935001393,0.8570613935001393,0.9085948054977052,0.9085948054977052,0.8570613935001393,1,1,0,0,0.45,0.35,0.55,0.0,0.0,0.0,0.0,0.0,0.0,0.45,0.35,0.55,0.45,0.35,0.55,0.65,0.9166666666666666,0.9833333333333332,0.45,0.35,0.55,0.0,0.0,0.0
20260630,Knapsack,5,88,0.7721519211935984,0.7704317798091626,0.7704317798091626,0.7721519211935984,0.7721519211935984,0.7704317798091626,1,1,0,0,0.05,0.25,0.6333333333333333,0.0,0.0,0.0,0.0,0.0,0.0,0.05,0.25,0.6333333333333333,0.05,0.25,0.6333333333333333,0.6,0.7,0.9166666666666666,0.05,0.25,0.6333333333333333,0.0,0.0,0.0
20260630,Knapsack,3,216,0.8906236026380284,0.84766905292469,0.84766905292469,0.8906236026380284,0.8906236026380284,0.84766905292469,1,1,0,0,0.5666666666666667,0.6833333333333333,0.7666666666666667,0.0,0.0,0.0,0.0,0.0,0.0,0.5666666666666667,0.6833333333333333,0.7666666666666667,0.5666666666666667,0.6833333333333333,0.7666666666666667,0.8,0.8666666666666667,1.0,0.5666666666666667,0.6833333333333333,0.7666666666666667,0.0,0.0,0.0
20260630,Knapsack,4,61,0.8420584777609547,0.7532080850762656,0.7532080850762656,0.8420584777609547,0.8420584777609547,0.7532080850762656,1,1,0,0,0.0333333333333333,0.3333333333333333,0.5,0.0,0.0,0.0,0.0,0.0,0.0,0.0333333333333333,0.3333333333333333,0.5,0.0333333333333333,0.3333333333333333,0.5,0.4,0.8666666666666667,0.9333333333333332,0.0333333333333333,0.3333333333333333,0.5,0.0,0.0,0.0
20260630,Knapsack,4,144,0.8511564117574236,0.7732423613765657,0.7732423613765657,0.8511564117574236,0.8849508761045013,0.7732423613765657,1,0,0,0,0.0666666666666666,0.3666666666666666,0.8166666666666667,0.0,0.0,0.0,0.0,0.0,0.0,0.1,0.4833333333333333,0.8333333333333334,0.0666666666666666,0.3666666666666666,0.8166666666666667,0.6166666666666667,0.9833333333333332,0.9666666666666668,0.0666666666666666,0.3666666666666666,0.8166666666666667,0.0,0.0,0.0
20260630,Knapsack,5,225,0.7849706252363488,0.7552817538133649,0.7552817538133649,0.7849706252363488,0.7849706252363488,0.7552817538133649,1,1,0,0,0.4166666666666667,0.75,0.8666666666666667,0.0,0.0,0.0,0.0,0.0,0.0,0.4166666666666667,0.75,0.8666666666666667,0.4166666666666667,0.75,0.8666666666666667,0.1333333333333333,0.6166666666666667,0.9,0.4166666666666667,0.75,0.8666666666666667,0.0,0.0,0.0
20260630,Knapsack,3,174,0.8969269788206743,0.8386569332228527,0.8386569332228527,0.8969269788206743,0.8969269788206743,0.8386569332228527,1,1,0,0,0.0,0.0833333333333333,0.2833333333333333,0.0,0.0,0.0,0.0,0.0,0.0,0.0,0.0833333333333333,0.2833333333333333,0.0,0.0833333333333333,0.2833333333333333,0.6666666666666666,0.8166666666666667,0.95,0.0,0.0833333333333333,0.2833333333333333,0.0,0.0,0.0
20260630,Knapsack,3,296,0.917636272173788,0.8622931125272523,0.8622931125272523,0.917636272173788,0.917636272173788,0.8622931125272523,1,1,0,0,0.2,0.2666666666666666,0.4833333333333333,0.0,0.0,0.0,0.0,0.0,0.0,0.2,0.2666666666666666,0.45,0.2,0.2666666666666666,0.45,0.7333333333333333,0.9166666666666666,1.0,0.2,0.2666666666666666,0.4833333333333333,0.0,0.0,0.0
20260630,Knapsack,3,68,0.8794231258889749,0.866190524681789,0.866190524681789,0.8794231258889749,0.8794231258889749,0.866190524681789,1,1,0,0,0.7666666666666667,0.7333333333333333,0.9166666666666666,0.0,0.0,0.0,0.0,0.0,0.0,0.7666666666666667,0.7333333333333333,0.9166666666666666,0.7666666666666667,0.7333333333333333,0.9166666666666666,0.2666666666666666,0.5333333333333333,0.9333333333333332,0.7666666666666667,0.7333333333333333,0.9166666666666666,0.0,0.0,0.0
20260630,Knapsack,5,91,0.7896318417611645,0.7540109594454684,0.7540109594454684,0.7896318417611645,0.7896318417611645,0.7540109594454684,1,1,0,0,0.0,0.15,0.6,0.0,0.0,0.0,0.0,0.0,0.0,0.0,0.0666666666666666,0.5,0.0,0.15,0.6,0.3666666666666666,0.65,0.8833333333333333,0.0,0.15,0.6,0.0,0.0,0.0
20260630,Knapsack,4,244,0.862532706177391,0.78550367906744,0.78550367906744,0.862532706177391,0.862532706177391,0.78550367906744,1,1,0,0,0.0,0.0666666666666666,0.2333333333333333,0.0,0.0,0.0,0.0,0.0,0.0,0.0,0.0666666666666666,0.2333333333333333,0.0,0.0666666666666666,0.2333333333333333,0.6666666666666666,0.85,0.9166666666666666,0.0,0.0666666666666666,0.2333333333333333,0.0,0.0,0.0
20260630,Knapsack,4,75,0.8722674720066603,0.7960293235440361,0.7960293235440361,0.8722674720066603,0.8722674720066603,0.7960293235440361,1,1,0,0,0.0,0.0,0.0666666666666666,0.0,0.0,0.0,0.0,0.0,0.0,0.0,0.0166666666666666,0.2166666666666666,0.0,0.0,0.05,0.65,0.9,0.9166666666666666,0.0,0.0,0.0666666666666666,0.0,0.0,0.0
20260630,Knapsack,4,129,0.8226934167712038,0.7697475219306091,0.7697475219306091,0.8226934167712038,0.8226934167712038,0.7697475219306091,1,1,0,0,0.4333333333333333,0.6,0.9,0.0,0.0,0.0,0.0,0.0,0.0,0.4333333333333333,0.6,0.9,0.4333333333333333,0.6,0.9,0.4,0.5833333333333334,0.9333333333333332,0.4333333333333333,0.6,0.9,0.0,0.0,0.0
20260630,Knapsack,3,213,0.8837552792467318,0.8369277613041226,0.8369277613041226,0.8837552792467318,0.8837552792467318,0.8369277613041226,1,1,0,0,0.3166666666666666,0.5833333333333334,0.85,0.0,0.0,0.0,0.0,0.0,0.0,0.3166666666666666,0.5833333333333334,0.85,0.3166666666666666,0.5833333333333334,0.85,0.7666666666666667,0.9333333333333332,0.9833333333333332,0.3166666666666666,0.5833333333333334,0.85,0.0,0.0,0.0
20260630,Knapsack,5,140,0.8282548431532603,0.7535470595313379,0.7535470595313379,0.8282548431532603,0.8282548431532603,0.7535470595313379,1,1,0,0,0.1666666666666666,0.2,0.5333333333333333,0.0,0.0,0.0,0.0,0.0,0.0,0.1666666666666666,0.2,0.5333333333333333,0.1666666666666666,0.2,0.5333333333333333,0.4666666666666667,0.85,0.9333333333333332,0.1666666666666666,0.2,0.5333333333333333,0.0,0.0,0.0
20260630,Knapsack,4,207,0.8389974869357872,0.7715939066364071,0.7715939066364071,0.8389974869357872,0.8389974869357872,0.7715939066364071,1,1,0,0,0.1333333333333333,0.3333333333333333,0.3666666666666666,0.0,0.0,0.0,0.0,0.0,0.0,0.1333333333333333,0.3333333333333333,0.3666666666666666,0.1333333333333333,0.3333333333333333,0.3666666666666666,0.7,0.8,0.9666666666666668,0.1333333333333333,0.3333333333333333,0.3666666666666666,0.0,0.0,0.0
20260630,Knapsack,4,207,0.8651139807007542,0.7757658766195606,0.7757658766195606,0.8651139807007542,0.8651139807007542,0.7757658766195606,1,1,0,0,0.0,0.1666666666666666,0.4166666666666667,0.0,0.0,0.0,0.0,0.0,0.0,0.0,0.1833333333333333,0.4333333333333333,0.0,0.1666666666666666,0.4166666666666667,0.7166666666666667,0.8833333333333333,0.9666666666666668,0.0,0.1666666666666666,0.4166666666666667,0.0,0.0,0.0
20260630,Knapsack,3,179,0.910662092354874,0.8429246731940376,0.8429246731940376,0.910662092354874,0.910662092354874,0.8429246731940376,1,1,0,0,0.2666666666666666,0.35,0.6166666666666667,0.0,0.0,0.0,0.0,0.0,0.0,0.2666666666666666,0.3833333333333333,0.6666666666666666,0.2666666666666666,0.3833333333333333,0.6666666666666666,0.8333333333333334,0.9,0.9833333333333332,0.2666666666666666,0.35,0.6166666666666667,0.0,0.0,0.0
20260630,Knapsack,5,297,0.7837001118470025,0.7405649671849311,0.7405649671849311,0.7837001118470025,0.7837001118470025,0.7405649671849311,1,1,0,0,0.1833333333333333,0.4333333333333333,0.45,0.0,0.0,0.0,0.0,0.0,0.0,0.1833333333333333,0.4333333333333333,0.5333333333333333,0.1833333333333333,0.4333333333333333,0.4333333333333333,0.9666666666666668,0.95,0.95,0.1833333333333333,0.4333333333333333,0.45,0.0,0.0,0.0
20260630,Knapsack,5,156,0.773489054951073,0.7671019341628075,0.7671019341628075,0.773489054951073,0.773489054951073,0.7671019341628075,1,1,0,0,0.4333333333333333,0.5,0.65,0.0,0.0,0.0,0.0,0.0,0.0,0.4333333333333333,0.5,0.65,0.4333333333333333,0.5,0.65,0.4833333333333333,0.8333333333333334,0.95,0.4333333333333333,0.5,0.65,0.0,0.0,0.0
20260630,Knapsack,5,138,0.7957854546072579,0.745895419315277,0.745895419315277,0.7957854546072579,0.7957854546072579,0.745895419315277,1,1,0,0,0.1333333333333333,0.3666666666666666,0.6666666666666666,0.0,0.0,0.0,0.0,0.0,0.0,0.05,0.25,0.5833333333333334,0.0,0.1333333333333333,0.3833333333333333,0.5666666666666667,0.7333333333333333,0.85,0.1333333333333333,0.3666666666666666,0.6666666666666666,0.0,0.0,0.0
20260630,Knapsack,3,66,0.8616384444520602,0.8104979728702872,0.8104979728702872,0.8616384444520602,0.8616384444520602,0.8104979728702872,1,1,0,0,0.4833333333333333,0.65,0.9333333333333332,0.0,0.0,0.0,0.0,0.0,0.0,0.4833333333333333,0.65,0.9333333333333332,0.4833333333333333,0.65,0.9333333333333332,0.8333333333333334,0.8833333333333333,0.9833333333333332,0.4833333333333333,0.65,0.9333333333333332,0.0,0.0,0.0
20260630,Knapsack,5,203,0.7550800882335733,0.7483191429089061,0.7483191429089061,0.7550800882335733,0.7550800882335733,0.7483191429089061,1,1,0,0,0.0,0.05,0.5666666666666667,0.0,0.0,0.0,0.0,0.0,0.0,0.0,0.05,0.5166666666666667,0.0,0.0666666666666666,0.5666666666666667,0.1666666666666666,0.7833333333333333,0.9833333333333332,0.0,0.05,0.5666666666666667,0.0,0.0,0.0
20260630,Knapsack,4,259,0.7996433587257369,0.785477583560049,0.785477583560049,0.7996433587257369,0.7996433587257369,0.785477583560049,1,1,0,0,0.0,0.05,0.3166666666666666,0.0,0.0,0.0,0.0,0.0,0.0,0.0,0.05,0.3166666666666666,0.0,0.05,0.3166666666666666,0.5666666666666667,0.75,0.95,0.0,0.05,0.3166666666666666,0.0,0.0,0.0
20260630,Knapsack,4,266,0.8313806192176979,0.7725613161073067,0.7725613161073067,0.8313806192176979,0.8313806192176979,0.7725613161073067,1,1,0,0,0.1666666666666666,0.3,0.4666666666666667,0.0,0.0,0.0,0.0,0.0,0.0,0.1666666666666666,0.3,0.4666666666666667,0.1666666666666666,0.3,0.4666666666666667,0.8333333333333334,0.8,0.9666666666666668,0.1666666666666666,0.3,0.4666666666666667,0.0,0.0,0.0
20260630,Knapsack,4,239,0.8804281416659969,0.781458879171017,0.781458879171017,0.8804281416659969,0.8804281416659969,0.781458879171017,1,1,0,0,0.4333333333333333,0.5333333333333333,0.8166666666666667,0.0,0.0,0.0,0.0,0.0,0.0,0.4166666666666667,0.5833333333333334,0.85,0.4333333333333333,0.5333333333333333,0.8166666666666667,0.4333333333333333,0.7833333333333333,0.95,0.4333333333333333,0.5333333333333333,0.8166666666666667,0.0,0.0,0.0
20260630,Knapsack,5,267,0.8117187128359974,0.7850861757409804,0.7850861757409804,0.8117187128359974,0.8117187128359974,0.7850861757409804,1,1,0,0,0.45,0.4,0.65,0.0,0.0,0.0,0.0,0.0,0.0,0.45,0.4,0.65,0.45,0.4,0.65,0.3833333333333333,0.8,0.9666666666666668,0.45,0.4,0.65,0.0,0.0,0.0
20260630,Knapsack,4,262,0.8761686606659881,0.7980601127717598,0.7980601127717598,0.8761686606659881,0.8761686606659881,0.7980601127717598,1,1,0,0,0.3,0.5,0.8,0.0,0.0,0.0,0.0,0.0,0.0,0.3,0.5,0.8,0.3,0.5,0.8,0.7333333333333333,0.85,0.9166666666666666,0.3,0.5,0.8,0.0,0.0,0.0
20260630,Knapsack,5,237,0.8107269875772605,0.7443834436192208,0.7433145980422992,0.8107269875772605,0.8107269875772605,0.7433145980422992,1,1,0,0,0.0666666666666666,0.35,0.8333333333333334,0.0,0.0,0.0,0.0,0.0,0.0,0.0666666666666666,0.35,0.8166666666666667,0.0666666666666666,0.35,0.8,0.8,0.9166666666666666,0.95,0.0666666666666666,0.35,0.8333333333333334,0.0,0.0,0.0
20260630,Knapsack,3,136,0.8689077487447637,0.830525291163935,0.830525291163935,0.8689077487447637,0.8689077487447637,0.830525291163935,1,1,0,0,0.0,0.05,0.35,0.0,0.0,0.0,0.0,0.0,0.0,0.0,0.05,0.35,0.0,0.05,0.35,0.4166666666666667,0.6833333333333333,0.8833333333333333,0.0,0.05,0.35,0.0,0.0,0.0
20260630,Knapsack,3,169,0.9471480722577058,0.855256564092127,0.855256564092127,0.9471480722577058,0.9471480722577058,0.855256564092127,1,1,0,0,0.0,0.2333333333333333,0.5833333333333334,0.0,0.0,0.0,0.0,0.0,0.0,0.0,0.2333333333333333,0.5833333333333334,0.0,0.2333333333333333,0.5833333333333334,0.8666666666666667,0.9833333333333332,0.9666666666666668,0.0,0.2333333333333333,0.5833333333333334,0.0,0.0,0.0
20260630,Knapsack,5,140,0.8183144751772171,0.782349046855158,0.7651912148704663,0.8183144751772171,0.8183144751772171,0.7651912148704663,1,1,0,0,0.1833333333333333,0.4,0.6333333333333333,0.0,0.0,0.0,0.0,0.0,0.0,0.1833333333333333,0.4,0.6333333333333333,0.1833333333333333,0.4,0.6333333333333333,0.7666666666666667,0.9,0.9833333333333332,0.1833333333333333,0.4,0.6333333333333333,0.0,0.0,0.0
20260630,Knapsack,4,289,0.8115178283411145,0.7925540440280864,0.7875495941473803,0.8115178283411145,0.8115178283411145,0.7875495941473803,1,1,0,0,0.0,0.0166666666666666,0.1833333333333333,0.0,0.0,0.0,0.0,0.0,0.0,0.0,0.0166666666666666,0.1833333333333333,0.0,0.0166666666666666,0.1833333333333333,0.75,0.9833333333333332,0.9833333333333332,0.0,0.0166666666666666,0.1833333333333333,0.0,0.0,0.0
20260630,Knapsack,4,233,0.8563346686918696,0.7935681457287952,0.7935681457287952,0.8563346686918696,0.8563346686918696,0.7935681457287952,1,1,0,0,0.2166666666666666,0.4833333333333333,0.7666666666666667,0.0,0.0,0.0,0.0,0.0,0.0,0.2166666666666666,0.4833333333333333,0.7666666666666667,0.2166666666666666,0.4833333333333333,0.7666666666666667,0.7,0.9333333333333332,0.9833333333333332,0.2166666666666666,0.4833333333333333,0.7666666666666667,0.0,0.0,0.0
20260630,Knapsack,5,252,0.8014228991994445,0.756595570167963,0.756595570167963,0.8014228991994445,0.8014228991994445,0.756595570167963,1,1,0,0,0.4,0.3833333333333333,0.6333333333333333,0.0,0.0,0.0,0.0,0.0,0.0,0.4,0.3833333333333333,0.6333333333333333,0.4,0.3833333333333333,0.6333333333333333,0.5666666666666667,0.8833333333333333,0.9666666666666668,0.4,0.3833333333333333,0.6333333333333333,0.0,0.0,0.0
20260630,Knapsack,4,164,0.8782271345055008,0.7845252152392155,0.7845252152392155,0.8782271345055008,0.8782271345055008,0.7845252152392155,1,1,0,0,0.3833333333333333,0.45,0.5166666666666667,0.0,0.0,0.0,0.0,0.0,0.0,0.3833333333333333,0.45,0.5166666666666667,0.3833333333333333,0.45,0.5166666666666667,0.6833333333333333,0.8666666666666667,0.9833333333333332,0.3833333333333333,0.45,0.5166666666666667,0.0,0.0,0.0
20260630,Knapsack,4,263,0.8067580096203704,0.7831347778909186,0.7831347778909186,0.8067580096203704,0.8067580096203704,0.7831347778909186,1,1,0,0,0.2,0.5666666666666667,0.6833333333333333,0.0,0.0,0.0,0.0,0.0,0.0,0.2,0.5666666666666667,0.6833333333333333,0.2,0.5666666666666667,0.6833333333333333,0.4,0.7666666666666667,0.9666666666666668,0.2,0.5666666666666667,0.6833333333333333,0.0,0.0,0.0
20260630,Knapsack,4,276,0.8604534429997756,0.7975658091303689,0.7975658091303689,0.8604534429997756,0.8604534429997756,0.7975658091303689,1,1,0,0,0.05,0.3,0.6833333333333333,0.0,0.0,0.0,0.0,0.0,0.0,0.05,0.4,0.75,0.05,0.3,0.6833333333333333,0.55,0.8333333333333334,0.9833333333333332,0.05,0.3,0.6833333333333333,0.0,0.0,0.0
20260630,Knapsack,5,160,0.8285525725800548,0.7728747349341322,0.7728747349341322,0.8285525725800548,0.8285525725800548,0.7728747349341322,1,1,0,0,0.0166666666666666,0.2666666666666666,0.4833333333333333,0.0,0.0,0.0,0.0,0.0,0.0,0.0166666666666666,0.2666666666666666,0.4833333333333333,0.0166666666666666,0.2666666666666666,0.4833333333333333,0.5166666666666667,0.8166666666666667,0.9333333333333332,0.0166666666666666,0.2666666666666666,0.4833333333333333,0.0,0.0,0.0
20260630,Knapsack,3,260,0.930138594288458,0.8494434035670052,0.8494434035670052,0.930138594288458,0.930138594288458,0.8494434035670052,1,1,0,0,0.1166666666666666,0.4833333333333333,0.6333333333333333,0.0,0.0,0.0,0.0,0.0,0.0,0.1166666666666666,0.4833333333333333,0.6166666666666667,0.1166666666666666,0.4833333333333333,0.6333333333333333,0.7333333333333333,0.8833333333333333,0.95,0.1166666666666666,0.4833333333333333,0.6333333333333333,0.0,0.0,0.0
20260630,Knapsack,5,118,0.7560334875893131,0.779735836828063,0.779735836828063,0.7560334875893131,0.7560334875893131,0.779735836828063,1,1,0,0,0.0,0.0,0.0,0.0,0.0,0.0,0.0,0.0,0.0,0.0,0.0,0.0166666666666666,0.0,0.0,0.0,0.7166666666666667,0.9,0.9833333333333332,0.0,0.0,0.0,0.0,0.0,0.0
20260630,Knapsack,4,107,0.803707780403951,0.7612135077578154,0.7612135077578154,0.803707780403951,0.7870623241677307,0.7612135077578154,1,0,0,0,0.3333333333333333,0.4166666666666667,0.7666666666666667,0.0,0.0,0.0,0.0,0.0,0.0,0.3333333333333333,0.4166666666666667,0.75,0.3333333333333333,0.4333333333333333,0.75,0.6,0.7833333333333333,0.9333333333333332,0.3333333333333333,0.4166666666666667,0.7666666666666667,0.0,0.0,0.0
20260630,Knapsack,3,280,0.8930024302117857,0.8305925356839896,0.8305925356839896,0.8930024302117857,0.8930024302117857,0.8305925356839896,1,1,0,0,0.1166666666666666,0.6833333333333333,0.7666666666666667,0.0,0.0,0.0,0.0,0.0,0.0,0.1166666666666666,0.6833333333333333,0.7666666666666667,0.1166666666666666,0.6833333333333333,0.7666666666666667,0.6333333333333333,0.85,0.9833333333333332,0.1166666666666666,0.6833333333333333,0.7666666666666667,0.0,0.0,0.0
20260630,Knapsack,4,197,0.8329848360466434,0.7745518071362054,0.7745518071362054,0.8329848360466434,0.8329848360466434,0.7745518071362054,1,1,0,0,0.3333333333333333,0.4,0.55,0.0,0.0,0.0,0.0,0.0,0.0,0.3333333333333333,0.4,0.55,0.3333333333333333,0.4,0.55,0.4666666666666667,0.7166666666666667,0.9166666666666666,0.3333333333333333,0.4,0.55,0.0,0.0,0.0
20260630,Knapsack,5,269,0.7935284823895347,0.7319868563977487,0.7319868563977487,0.7935284823895347,0.7935284823895347,0.7319868563977487,1,1,0,0,0.4833333333333333,0.25,0.3666666666666666,0.0,0.0,0.0,0.0,0.0,0.0,0.0,0.1,0.2333333333333333,0.4833333333333333,0.25,0.3666666666666666,0.5166666666666667,0.9,0.9833333333333332,0.4833333333333333,0.25,0.3666666666666666,0.0,0.0,0.0
20260630,Knapsack,4,106,0.8687847686076936,0.7828969170136637,0.7754139295435502,0.8687847686076936,0.8687847686076936,0.7754139295435502,1,1,0,0,0.15,0.2,0.45,0.0,0.0,0.0,0.0,0.0,0.0,0.15,0.2,0.45,0.15,0.2,0.45,0.6666666666666666,0.7666666666666667,0.9333333333333332,0.15,0.2,0.45,0.0,0.0,0.0
20260630,Knapsack,5,214,0.8041999025702401,0.7742441134460905,0.7535003120446374,0.8010427185312555,0.8010427185312555,0.7535003120446374,0,0,0,0,0.0,0.0166666666666666,0.2,0.0,0.0,0.0,0.0,0.0,0.0,0.0,0.0,0.0666666666666666,0.0,0.1166666666666666,0.2166666666666666,0.9166666666666666,0.9,1.0,0.0,0.0166666666666666,0.2,0.0,0.0,0.0
20260630,Knapsack,3,298,0.90266970827169,0.8622517212557916,0.8622517212557916,0.90266970827169,0.90266970827169,0.8622517212557916,1,1,0,0,0.7,0.9166666666666666,0.9833333333333332,0.0,0.0,0.0,0.0,0.0,0.0,0.7,0.9166666666666666,0.9833333333333332,0.7,0.9166666666666666,0.9833333333333332,0.8166666666666667,0.95,1.0,0.7,0.9166666666666666,0.9833333333333332,0.0,0.0,0.0
20260630,Knapsack,4,124,0.8734397676858348,0.8004995789955414,0.8004995789955414,0.8734397676858348,0.8734397676858348,0.8004995789955414,1,1,0,0,0.45,0.45,0.5333333333333333,0.0,0.0,0.0,0.0,0.0,0.0,0.45,0.45,0.5333333333333333,0.45,0.45,0.5333333333333333,0.6,0.85,0.9666666666666668,0.45,0.45,0.5333333333333333,0.0,0.0,0.0
20260630,Knapsack,3,227,0.8860122623948011,0.8493873915324135,0.8493873915324135,0.8860122623948011,0.8860122623948011,0.8493873915324135,1,1,0,0,0.2833333333333333,0.4666666666666667,0.6833333333333333,0.0,0.0,0.0,0.0,0.0,0.0,0.2833333333333333,0.45,0.6166666666666667,0.2833333333333333,0.4666666666666667,0.7,0.8666666666666667,0.9333333333333332,1.0,0.2833333333333333,0.4666666666666667,0.6833333333333333,0.0,0.0,0.0
20260630,Knapsack,4,99,0.8495193848008346,0.7942237917652453,0.7942237917652453,0.8495193848008346,0.8495193848008346,0.7942237917652453,1,1,0,0,0.0,0.1,0.3166666666666666,0.0,0.0,0.0,0.0,0.0,0.0,0.0,0.1,0.3166666666666666,0.0,0.1,0.3166666666666666,0.3666666666666666,0.7333333333333333,0.9333333333333332,0.0,0.1,0.3166666666666666,0.0,0.0,0.0
20260630,Knapsack,4,225,0.8608924494995024,0.7851769416074696,0.7851769416074696,0.8608924494995024,0.8608924494995024,0.7851769416074696,1,1,0,0,0.0333333333333333,0.3833333333333333,0.7,0.0,0.0,0.0,0.0,0.0,0.0,0.0333333333333333,0.3833333333333333,0.7,0.0333333333333333,0.3833333333333333,0.7,0.65,0.9666666666666668,0.9333333333333332,0.0333333333333333,0.3833333333333333,0.7,0.0,0.0,0.0
20260630,Knapsack,3,191,0.8885090269368123,0.842954088954116,0.842954088954116,0.8885090269368123,0.8885090269368123,0.842954088954116,1,1,0,0,0.3333333333333333,0.4833333333333333,0.7666666666666667,0.0,0.0,0.0,0.0,0.0,0.0,0.3333333333333333,0.4833333333333333,0.7666666666666667,0.3333333333333333,0.4833333333333333,0.7666666666666667,0.7666666666666667,0.9833333333333332,0.9833333333333332,0.3333333333333333,0.4833333333333333,0.7666666666666667,0.0,0.0,0.0
20260630,Knapsack,3,144,0.903778084649621,0.8428536577328796,0.8428536577328796,0.903778084649621,0.903778084649621,0.8428536577328796,1,1,0,0,0.15,0.4333333333333333,0.75,0.0,0.0,0.0,0.0,0.0,0.0,0.15,0.4333333333333333,0.75,0.15,0.4333333333333333,0.75,0.6333333333333333,0.8333333333333334,0.95,0.15,0.4333333333333333,0.75,0.0,0.0,0.0
20260630,Job-shop,3,244,0.498393208682965,0.4995906198339794,0.4990954634035116,0.498393208682965,0.498393208682965,0.4990954634035116,1,1,0,0,0.7,0.9,0.9,0.0,0.0,0.0,0.0,0.0,0.0,0.7,0.9,0.9,0.7,0.9,0.9,0.55,0.7666666666666667,0.85,0.7,0.9,0.9,0.0,0.0,0.0
20260630,Job-shop,4,109,0.500436316181041,0.485548090896113,0.485548090896113,0.500436316181041,0.500436316181041,0.485548090896113,1,1,0,0,0.1166666666666666,0.5833333333333334,0.7166666666666667,0.0,0.0,0.0,0.0,0.0,0.0,0.1166666666666666,0.5833333333333334,0.7166666666666667,0.1333333333333333,0.5833333333333334,0.7166666666666667,0.4333333333333333,0.75,0.7833333333333333,0.1166666666666666,0.5833333333333334,0.7166666666666667,0.0,0.0,0.0
20260630,Job-shop,4,101,0.5110659708835462,0.5235895065231865,0.5110659708835462,0.5110659708835462,0.5110659708835462,0.5110659708835462,1,1,0,0,0.6833333333333333,0.8166666666666667,0.9166666666666666,0.0,0.0,0.0,0.0,0.0,0.0,0.45,0.6333333333333333,0.7833333333333333,0.4166666666666667,0.6,0.7333333333333333,0.3,0.75,0.7666666666666667,0.6833333333333333,0.8166666666666667,0.9166666666666666,0.0,0.0,0.0
20260630,Job-shop,4,296,0.5121447782175974,0.5052377184102956,0.5052377184102956,0.5121447782175974,0.5121447782175974,0.5052377184102956,1,1,0,0,0.2333333333333333,0.5333333333333333,0.6833333333333333,0.0,0.0,0.0,0.0,0.0,0.0,0.2333333333333333,0.5333333333333333,0.6833333333333333,0.2333333333333333,0.5333333333333333,0.6833333333333333,0.1166666666666666,0.35,0.65,0.2333333333333333,0.5333333333333333,0.6833333333333333,0.0,0.0,0.0
20260630,Job-shop,5,222,0.4582744843961393,0.4582744843961393,0.4582744843961393,0.4582744843961393,0.4582744843961393,0.4582744843961393,1,1,0,0,0.0666666666666666,0.1833333333333333,0.5166666666666667,0.0,0.0,0.0,0.0,0.0,0.0,0.0666666666666666,0.1833333333333333,0.5166666666666667,0.0666666666666666,0.1833333333333333,0.5166666666666667,0.25,0.4666666666666667,0.5166666666666667,0.0666666666666666,0.1833333333333333,0.5166666666666667,0.0,0.0,0.0
20260630,Job-shop,3,100,0.5391383378097487,0.5323335233080111,0.5323335233080111,0.5391383378097487,0.5391383378097487,0.5323335233080111,1,1,0,0,0.2666666666666666,0.55,0.7166666666666667,0.0,0.0,0.0,0.0,0.0,0.0,0.2666666666666666,0.55,0.7166666666666667,0.2666666666666666,0.55,0.7166666666666667,0.1333333333333333,0.35,0.8,0.2666666666666666,0.55,0.7166666666666667,0.0,0.0,0.0
20260630,Job-shop,5,211,0.5019670734923398,0.4675906319295391,0.4675906319295391,0.5019670734923398,0.5019670734923398,0.4675906319295391,1,1,0,0,0.8666666666666667,0.95,0.95,0.0,0.0,0.0,0.0,0.0,0.0,0.8666666666666667,0.95,0.9333333333333332,0.8666666666666667,0.95,0.9333333333333332,0.0,0.0,0.2333333333333333,0.8666666666666667,0.95,0.95,0.0,0.0,0.0
20260630,Job-shop,4,259,0.4874096702850805,0.5180747675867886,0.5182101793992031,0.4874096702850805,0.4874096702850805,0.5182101793992031,1,1,0,0,0.4166666666666667,0.5666666666666667,0.6166666666666667,0.0,0.0,0.0,0.0,0.0,0.0,0.4166666666666667,0.5666666666666667,0.6166666666666667,0.4166666666666667,0.6333333333333333,0.6833333333333333,0.5833333333333334,0.7166666666666667,0.8666666666666667,0.4166666666666667,0.5666666666666667,0.6166666666666667,0.0,0.0,0.0
20260630,Job-shop,5,92,0.4928564422795143,0.4928564422795143,0.4928564422795143,0.4928564422795143,0.4928564422795143,0.4928564422795143,1,1,0,0,0.1,0.25,0.3833333333333333,0.0,0.0,0.0,0.0,0.0,0.0,0.1,0.25,0.3833333333333333,0.1,0.25,0.3833333333333333,0.0,0.0,0.0833333333333333,0.1,0.25,0.3833333333333333,0.0,0.0,0.0
20260630,Job-shop,5,65,0.4792062088188821,0.5335824157555487,0.5335824157555487,0.4792062088188821,0.4792062088188821,0.5335824157555487,1,1,0,0,0.0833333333333333,0.3833333333333333,0.3833333333333333,0.0,0.0,0.0,0.0,0.0,0.0,0.0833333333333333,0.3833333333333333,0.3833333333333333,0.0833333333333333,0.3833333333333333,0.3833333333333333,0.15,0.35,0.6,0.0833333333333333,0.3833333333333333,0.3833333333333333,0.0,0.0,0.0
20260630,Job-shop,5,112,0.4712517889487617,0.4712517889487617,0.4712517889487617,0.4712517889487617,0.4712517889487617,0.4712517889487617,1,1,0,0,0.1333333333333333,0.2833333333333333,0.65,0.0,0.0,0.0,0.0,0.0,0.0,0.1333333333333333,0.2833333333333333,0.65,0.1333333333333333,0.2833333333333333,0.65,0.3,0.3666666666666666,0.55,0.1333333333333333,0.2833333333333333,0.65,0.0,0.0,0.0
20260630,Job-shop,5,194,0.4835695495818005,0.4795704479814917,0.4795704479814917,0.4835695495818005,0.4835695495818005,0.4795704479814917,1,1,0,0,0.45,0.75,0.7833333333333333,0.0,0.0,0.0,0.0,0.0,0.0,0.45,0.75,0.7666666666666667,0.45,0.75,0.7833333333333333,0.0,0.0166666666666666,0.3166666666666666,0.45,0.75,0.7833333333333333,0.0,0.0,0.0
20260630,Job-shop,5,224,0.4880698612880952,0.4761058632499558,0.4761058632499558,0.4880698612880952,0.4880698612880952,0.4761058632499558,1,1,0,0,0.35,0.3666666666666666,0.7,0.0,0.0,0.0,0.0,0.0,0.0,0.35,0.3666666666666666,0.7,0.35,0.3666666666666666,0.7,0.0,0.05,0.3666666666666666,0.35,0.3666666666666666,0.7,0.0,0.0,0.0
20260630,Job-shop,3,200,0.4757840873065673,0.4757840873065673,0.4757840873065673,0.4757840873065673,0.4757840873065673,0.4757840873065673,1,1,0,0,0.0,0.0166666666666666,0.1333333333333333,0.0,0.0,0.0,0.0,0.0,0.0,0.0,0.0166666666666666,0.1333333333333333,0.0,0.0166666666666666,0.1333333333333333,0.0,0.0833333333333333,0.4333333333333333,0.0,0.0166666666666666,0.1333333333333333,0.0,0.0,0.0
20260630,Job-shop,3,104,0.5109746091449432,0.5211345699273934,0.5109746091449432,0.5109746091449432,0.5109746091449432,0.5109746091449432,1,1,0,0,0.1666666666666666,0.4,0.5166666666666667,0.0,0.0,0.0,0.0,0.0,0.0,0.15,0.3166666666666666,0.45,0.1666666666666666,0.4,0.5166666666666667,0.6666666666666666,0.65,0.75,0.1666666666666666,0.4,0.5166666666666667,0.0,0.0,0.0
20260630,Job-shop,4,158,0.511583961616078,0.4997012654013938,0.4997012654013938,0.511583961616078,0.511583961616078,0.4997012654013938,1,1,0,0,0.3333333333333333,0.65,0.6,0.0,0.0,0.0,0.0,0.0,0.0,0.3166666666666666,0.5666666666666667,0.5666666666666667,0.35,0.6666666666666666,0.6166666666666667,0.2666666666666666,0.5166666666666667,0.7166666666666667,0.3333333333333333,0.65,0.6,0.0,0.0,0.0
20260630,Job-shop,3,117,0.499552906630335,0.516608479627761,0.499552906630335,0.499552906630335,0.499552906630335,0.499552906630335,1,1,0,0,0.0166666666666666,0.1333333333333333,0.35,0.0,0.0,0.0,0.0,0.0,0.0,0.0166666666666666,0.1,0.2166666666666666,0.0166666666666666,0.1,0.2166666666666666,0.0833333333333333,0.3333333333333333,0.6,0.0166666666666666,0.1333333333333333,0.35,0.0,0.0,0.0
20260630,Job-shop,3,275,0.5353231893231576,0.5187085363760283,0.5187085363760283,0.5353231893231576,0.5353231893231576,0.5187085363760283,1,1,0,0,0.2833333333333333,0.5833333333333334,0.7333333333333333,0.0,0.0,0.0,0.0,0.0,0.0,0.2166666666666666,0.5,0.7166666666666667,0.4666666666666667,0.65,0.7333333333333333,0.5333333333333333,0.8333333333333334,0.8333333333333334,0.2833333333333333,0.5833333333333334,0.7333333333333333,0.0,0.0,0.0
20260630,Job-shop,3,293,0.5401102028056128,0.553152149503582,0.553152149503582,0.5401102028056128,0.5401102028056128,0.553152149503582,1,1,0,0,0.8666666666666667,0.9166666666666666,0.9333333333333332,0.0,0.0,0.0,0.0,0.0,0.0,0.8666666666666667,0.9166666666666666,0.95,0.8666666666666667,0.9166666666666666,0.9333333333333332,0.25,0.6333333333333333,0.9166666666666666,0.8666666666666667,0.9166666666666666,0.9333333333333332,0.0,0.0,0.0
20260630,Job-shop,3,91,0.5035349514242359,0.5035349514242359,0.5035349514242359,0.5035349514242359,0.5132442744923507,0.5035349514242359,1,0,0,0,0.0,0.0833333333333333,0.3833333333333333,0.0,0.0,0.0,0.0,0.0,0.0,0.1666666666666666,0.2833333333333333,0.6,0.05,0.1166666666666666,0.25,0.4833333333333333,0.5666666666666667,0.7833333333333333,0.0,0.0833333333333333,0.3833333333333333,0.0,0.0,0.0
20260630,Job-shop,4,125,0.4999981252292158,0.4997085174631829,0.4997085174631829,0.4999981252292158,0.4999981252292158,0.4997085174631829,1,1,0,0,0.35,0.45,0.6833333333333333,0.0,0.0,0.0,0.0,0.0,0.0,0.35,0.45,0.6833333333333333,0.35,0.45,0.6833333333333333,0.0333333333333333,0.2666666666666666,0.4666666666666667,0.35,0.45,0.6833333333333333,0.0,0.0,0.0
20260630,Job-shop,3,79,0.5013048802983583,0.5013048802983583,0.5013048802983583,0.5013048802983583,0.5013048802983583,0.5013048802983583,1,1,0,0,0.3333333333333333,0.45,0.65,0.0,0.0,0.0,0.0,0.0,0.0,0.3333333333333333,0.45,0.65,0.3333333333333333,0.45,0.65,0.05,0.1333333333333333,0.4,0.3333333333333333,0.45,0.65,0.0,0.0,0.0
20260630,Job-shop,3,264,0.5000406656687969,0.51552560885753,0.51552560885753,0.5000406656687969,0.5000406656687969,0.51552560885753,1,1,0,0,0.0,0.0666666666666666,0.3833333333333333,0.0,0.0,0.0,0.0,0.0,0.0,0.0,0.0666666666666666,0.3666666666666666,0.0,0.0666666666666666,0.3833333333333333,0.1166666666666666,0.45,0.8166666666666667,0.0,0.0666666666666666,0.3833333333333333,0.0,0.0,0.0
20260630,Job-shop,3,215,0.4979232169729325,0.5184272942785656,0.5184272942785656,0.4979232169729325,0.4979232169729325,0.5184272942785656,1,1,0,0,0.0333333333333333,0.1833333333333333,0.2666666666666666,0.0,0.0,0.0,0.0,0.0,0.0,0.0333333333333333,0.1833333333333333,0.2666666666666666,0.0333333333333333,0.2333333333333333,0.2833333333333333,0.5166666666666667,0.5333333333333333,0.8166666666666667,0.0333333333333333,0.1833333333333333,0.2666666666666666,0.0,0.0,0.0
20260630,Job-shop,5,260,0.4647250856763826,0.4647250856763826,0.4647250856763826,0.4647250856763826,0.4647250856763826,0.4647250856763826,1,1,0,0,0.3833333333333333,0.5833333333333334,0.7833333333333333,0.0,0.0,0.0,0.0,0.0,0.0,0.3833333333333333,0.5833333333333334,0.7833333333333333,0.3833333333333333,0.5833333333333334,0.7833333333333333,0.0,0.2333333333333333,0.7333333333333333,0.3833333333333333,0.5833333333333334,0.7833333333333333,0.0,0.0,0.0
20260630,Job-shop,5,96,0.4850497961971073,0.4850497961971073,0.4850497961971073,0.4850497961971073,0.4850497961971073,0.4850497961971073,1,1,0,0,0.0,0.1166666666666666,0.3666666666666666,0.0,0.0,0.0,0.0,0.0,0.0,0.0,0.1166666666666666,0.3666666666666666,0.0,0.1166666666666666,0.3666666666666666,0.0,0.0,0.3333333333333333,0.0,0.1166666666666666,0.3666666666666666,0.0,0.0,0.0
20260630,Job-shop,5,236,0.4591455780362163,0.4804923384594184,0.4804923384594184,0.4591455780362163,0.4591455780362163,0.4804923384594184,1,1,0,0,0.0166666666666666,0.2333333333333333,0.5,0.0,0.0,0.0,0.0,0.0,0.0,0.0166666666666666,0.1833333333333333,0.4666666666666667,0.0166666666666666,0.25,0.5166666666666667,0.4333333333333333,0.5166666666666667,0.65,0.0166666666666666,0.2333333333333333,0.5,0.0,0.0,0.0
20260630,Job-shop,3,139,0.5207197962275522,0.5076613248729763,0.5076613248729763,0.5207197962275522,0.5207197962275522,0.5076613248729763,1,1,0,0,0.7833333333333333,0.8833333333333333,0.9,0.0,0.0,0.0,0.0,0.0,0.0,0.7833333333333333,0.8833333333333333,0.9166666666666666,0.7833333333333333,0.95,0.9333333333333332,0.05,0.4166666666666667,0.6833333333333333,0.7833333333333333,0.8833333333333333,0.9,0.0,0.0,0.0
20260630,Job-shop,5,69,0.4984312167071004,0.5168285888415433,0.5168285888415433,0.4984312167071004,0.4984312167071004,0.5168285888415433,1,1,0,0,0.0166666666666666,0.25,0.4666666666666667,0.0,0.0,0.0,0.0,0.0,0.0,0.0166666666666666,0.25,0.4666666666666667,0.0166666666666666,0.2666666666666666,0.5,0.0,0.2666666666666666,0.6166666666666667,0.0166666666666666,0.25,0.4666666666666667,0.0,0.0,0.0
20260630,Job-shop,5,207,0.4914045302320987,0.4969630041215145,0.4969630041215145,0.4914045302320987,0.4914045302320987,0.4969630041215145,1,1,0,0,0.55,0.65,0.8666666666666667,0.0,0.0,0.0,0.0,0.0,0.0,0.5,0.65,0.8666666666666667,0.4333333333333333,0.5666666666666667,0.8333333333333334,0.0166666666666666,0.15,0.55,0.55,0.65,0.8666666666666667,0.0,0.0,0.0
20260630,Job-shop,3,149,0.5183559088542287,0.5130745912191822,0.5130745912191822,0.5183559088542287,0.5183559088542287,0.5130745912191822,1,1,0,0,0.8,0.9333333333333332,0.9666666666666668,0.0,0.0,0.0,0.0,0.0,0.0,0.8,0.9333333333333332,0.9666666666666668,0.8166666666666667,0.9333333333333332,0.9666666666666668,0.0,0.2666666666666666,0.7166666666666667,0.8,0.9333333333333332,0.9666666666666668,0.0,0.0,0.0
20260630,Job-shop,3,171,0.5077964198700557,0.5299831812127986,0.5299831812127986,0.5077964198700557,0.5077964198700557,0.5299831812127986,1,1,0,0,0.2666666666666666,0.4166666666666667,0.75,0.0,0.0,0.0,0.0,0.0,0.0,0.2666666666666666,0.4166666666666667,0.75,0.2833333333333333,0.45,0.8333333333333334,0.0833333333333333,0.3166666666666666,0.5166666666666667,0.2666666666666666,0.4166666666666667,0.75,0.0,0.0,0.0
20260630,Job-shop,3,298,0.5016967727497833,0.5512717174774809,0.5512717174774809,0.5016967727497833,0.5016967727497833,0.5512717174774809,1,1,0,1,0.0,0.2166666666666666,0.5833333333333334,0.0,0.0,0.0,0.0,0.0,0.0,0.0,0.2333333333333333,0.6166666666666667,0.0333333333333333,0.3333333333333333,0.6333333333333333,0.3666666666666666,0.9,0.95,0.0,0.2166666666666666,0.5833333333333334,0.0,0.0,0.0
20260630,Job-shop,5,150,0.4744193751725373,0.4744193751725373,0.4744193751725373,0.4744193751725373,0.4744193751725373,0.4744193751725373,1,1,0,0,0.4333333333333333,0.55,0.6833333333333333,0.0,0.0,0.0,0.0,0.0,0.0,0.4333333333333333,0.55,0.6833333333333333,0.4333333333333333,0.55,0.6833333333333333,0.5166666666666667,0.4833333333333333,0.5333333333333333,0.4333333333333333,0.55,0.6833333333333333,0.0,0.0,0.0
20260630,Job-shop,5,267,0.5077987708623499,0.4822507642046745,0.4822507642046745,0.5077987708623499,0.5077987708623499,0.4822507642046745,1,1,0,0,0.8,0.8166666666666667,0.85,0.0,0.0,0.0,0.0,0.0,0.0,0.5333333333333333,0.6333333333333333,0.7833333333333333,0.35,0.5666666666666667,0.7333333333333333,0.35,0.5833333333333334,0.6833333333333333,0.8,0.8166666666666667,0.85,0.0,0.0,0.0
20260630,Job-shop,5,203,0.4606544646655915,0.4813025680527152,0.4813025680527152,0.4606544646655915,0.4606544646655915,0.4813025680527152,1,1,0,0,0.0333333333333333,0.3666666666666666,0.5,0.0,0.0,0.0,0.0,0.0,0.0,0.0333333333333333,0.3666666666666666,0.5,0.0333333333333333,0.3666666666666666,0.5,0.6,0.8833333333333333,0.85,0.0333333333333333,0.3666666666666666,0.5,0.0,0.0,0.0
20260630,Job-shop,3,272,0.4988384195320021,0.4988384195320021,0.4988384195320021,0.4988384195320021,0.4988384195320021,0.4988384195320021,1,1,0,0,0.1833333333333333,0.2666666666666666,0.3333333333333333,0.0,0.0,0.0,0.0,0.0,0.0,0.1833333333333333,0.2666666666666666,0.3333333333333333,0.1833333333333333,0.2666666666666666,0.3333333333333333,0.4333333333333333,0.6833333333333333,0.8166666666666667,0.1833333333333333,0.2666666666666666,0.3333333333333333,0.0,0.0,0.0
20260630,Job-shop,3,231,0.5092510103731095,0.5188797054747548,0.5188797054747548,0.5092510103731095,0.5092510103731095,0.5188797054747548,1,1,0,0,0.1833333333333333,0.4,0.6666666666666666,0.0,0.0,0.0,0.0,0.0,0.0,0.1833333333333333,0.4,0.6666666666666666,0.1833333333333333,0.4,0.6666666666666666,0.2666666666666666,0.6166666666666667,0.7666666666666667,0.1833333333333333,0.4,0.6666666666666666,0.0,0.0,0.0
20260630,Job-shop,3,146,0.5177128698228826,0.5282665879560816,0.5282665879560816,0.5177128698228826,0.5177128698228826,0.5282665879560816,1,1,0,0,0.0,0.15,0.3166666666666666,0.0,0.0,0.0,0.0,0.0,0.0,0.0,0.15,0.3166666666666666,0.0,0.15,0.3166666666666666,0.55,0.6833333333333333,0.8,0.0,0.15,0.3166666666666666,0.0,0.0,0.0
20260630,Job-shop,4,244,0.4590169646756852,0.4852948569261792,0.4852948569261792,0.4590169646756852,0.4701396203436617,0.4852948569261792,1,0,0,0,0.15,0.3,0.5833333333333334,0.0,0.0,0.0,0.0,0.0,0.0,0.4833333333333333,0.55,0.6833333333333333,0.0666666666666666,0.25,0.5,0.3333333333333333,0.5,0.6166666666666667,0.15,0.3,0.5833333333333334,0.0,0.0,0.0
20260630,Job-shop,5,278,0.4730416423287105,0.4849966317662339,0.4849966317662339,0.4730416423287105,0.4730416423287105,0.4849966317662339,1,1,0,0,0.0166666666666666,0.1166666666666666,0.3,0.0,0.0,0.0,0.0,0.0,0.0,0.0166666666666666,0.1166666666666666,0.3,0.0166666666666666,0.1333333333333333,0.3,0.6333333333333333,0.7,0.6833333333333333,0.0166666666666666,0.1166666666666666,0.3,0.0,0.0,0.0
20260630,Job-shop,3,159,0.5107053985888474,0.5107053985888474,0.5107053985888474,0.5107053985888474,0.5107053985888474,0.5107053985888474,1,1,0,0,0.0,0.05,0.2166666666666666,0.0,0.0,0.0,0.0,0.0,0.0,0.0,0.05,0.2166666666666666,0.0,0.05,0.2166666666666666,0.0333333333333333,0.2333333333333333,0.5,0.0,0.05,0.2166666666666666,0.0,0.0,0.0
20260630,Job-shop,5,194,0.4759230784603873,0.4839714294838643,0.4839714294838643,0.4759230784603873,0.4759230784603873,0.4839714294838643,1,1,0,0,0.1833333333333333,0.5,0.6833333333333333,0.0,0.0,0.0,0.0,0.0,0.0,0.1166666666666666,0.3666666666666666,0.6666666666666666,0.1833333333333333,0.5,0.6833333333333333,0.0,0.2,0.4666666666666667,0.1833333333333333,0.5,0.6833333333333333,0.0,0.0,0.0
20260630,Job-shop,3,191,0.5133941846412802,0.5325569224498454,0.5325569224498454,0.5130121350775939,0.5130121350775939,0.5325569224498454,0,0,0,0,0.1833333333333333,0.45,0.5333333333333333,0.0,0.0,0.0,0.0,0.0,0.0,0.6166666666666667,0.7333333333333333,0.7,0.2666666666666666,0.4166666666666667,0.55,0.4166666666666667,0.5833333333333334,0.7833333333333333,0.1833333333333333,0.45,0.5333333333333333,0.0,0.0,0.0
20260630,Job-shop,5,208,0.4716585745791494,0.47641777894127,0.47641777894127,0.4716585745791494,0.4716585745791494,0.47641777894127,1,1,0,0,0.35,0.6,0.8,0.0,0.0,0.0,0.0,0.0,0.0,0.35,0.6,0.8,0.35,0.6,0.8,0.65,0.65,0.7333333333333333,0.35,0.6,0.8,0.0,0.0,0.0
20260630,Job-shop,3,166,0.5290913752514038,0.5119094099459008,0.5119094099459008,0.5290913752514038,0.5290913752514038,0.5119094099459008,1,1,0,0,0.6833333333333333,0.7333333333333333,0.85,0.0,0.0,0.0,0.0,0.0,0.0,0.6833333333333333,0.7333333333333333,0.85,0.6833333333333333,0.7333333333333333,0.85,0.2333333333333333,0.5666666666666667,0.8666666666666667,0.6833333333333333,0.7333333333333333,0.85,0.0,0.0,0.0
20260630,Job-shop,3,93,0.5027184821105403,0.5027184821105403,0.5027184821105403,0.5027184821105403,0.5027184821105403,0.5027184821105403,1,1,0,0,0.3166666666666666,0.5333333333333333,0.6166666666666667,0.0,0.0,0.0,0.0,0.0,0.0,0.3166666666666666,0.6166666666666667,0.7666666666666667,0.4333333333333333,0.7333333333333333,0.8,0.2333333333333333,0.5,0.6833333333333333,0.3166666666666666,0.5333333333333333,0.6166666666666667,0.0,0.0,0.0
20260630,Job-shop,3,157,0.4852545269931901,0.5018595932034491,0.5018595932034491,0.4852545269931901,0.4852545269931901,0.5018595932034491,1,1,0,0,0.1833333333333333,0.3666666666666666,0.4,0.0,0.0,0.0,0.0,0.0,0.0,0.1833333333333333,0.3666666666666666,0.4,0.1833333333333333,0.3666666666666666,0.4,0.55,0.6166666666666667,0.9333333333333332,0.1833333333333333,0.3666666666666666,0.4,0.0,0.0,0.0
20260630,Job-shop,4,292,0.5068059237804909,0.4706871190834329,0.4706871190834329,0.5068059237804909,0.5068059237804909,0.4706871190834329,1,1,0,0,0.6166666666666667,0.7,0.9,0.0,0.0,0.0,0.0,0.0,0.0,0.6166666666666667,0.7,0.9,0.6166666666666667,0.7,0.9,0.0,0.0333333333333333,0.4,0.6166666666666667,0.7,0.9,0.0,0.0,0.0
20260630,Job-shop,5,275,0.4882418889251535,0.4838405353707988,0.4838405353707988,0.4882418889251535,0.4882418889251535,0.4838405353707988,1,1,0,0,0.7333333333333333,0.7833333333333333,0.7833333333333333,0.0,0.0,0.0,0.0,0.0,0.0,0.7333333333333333,0.7833333333333333,0.7833333333333333,0.7333333333333333,0.7833333333333333,0.7833333333333333,0.0,0.0,0.3,0.7333333333333333,0.7833333333333333,0.7833333333333333,0.0,0.0,0.0
20260630,Job-shop,3,182,0.5288775779941898,0.5343841946206389,0.5343841946206389,0.5288775779941898,0.5288775779941898,0.5343841946206389,1,1,0,0,0.0,0.25,0.4166666666666667,0.0,0.0,0.0,0.0,0.0,0.0,0.0,0.25,0.4166666666666667,0.0,0.25,0.4166666666666667,0.1166666666666666,0.35,0.6833333333333333,0.0,0.25,0.4166666666666667,0.0,0.0,0.0
20260630,Job-shop,3,256,0.5076203793812071,0.5230036357193543,0.5230036357193543,0.5076203793812071,0.5076203793812071,0.5230036357193543,1,1,0,1,0.05,0.2833333333333333,0.4166666666666667,0.0,0.0,0.0,0.0,0.0,0.0,0.05,0.2666666666666666,0.4,0.05,0.2833333333333333,0.4166666666666667,0.45,0.6666666666666666,0.7666666666666667,0.05,0.2833333333333333,0.4166666666666667,0.0,0.0,0.0
20260630,Job-shop,3,170,0.4885109948329801,0.5021349537651161,0.5021349537651161,0.4885109948329801,0.4885109948329801,0.5021349537651161,1,1,0,0,0.0833333333333333,0.1666666666666666,0.4,0.0,0.0,0.0,0.0,0.0,0.0,0.0833333333333333,0.1666666666666666,0.4,0.0833333333333333,0.1666666666666666,0.4,0.4,0.5833333333333334,0.8,0.0833333333333333,0.1666666666666666,0.4,0.0,0.0,0.0
20260630,Job-shop,5,297,0.4917772294711381,0.4913565650161944,0.5174552222411153,0.4980508239300302,0.4917772294711381,0.5174552222411153,0,1,0,0,0.4833333333333333,0.5666666666666667,0.8666666666666667,0.0,0.0,0.0,0.0,0.0,0.0,0.0666666666666666,0.4,0.8,0.6333333333333333,0.8333333333333334,0.9666666666666668,0.65,0.7833333333333333,0.9166666666666666,0.4833333333333333,0.5666666666666667,0.8666666666666667,0.0,0.0,0.0
20260630,Job-shop,4,284,0.5023639629879273,0.48008443544005,0.48008443544005,0.5023639629879273,0.5023639629879273,0.48008443544005,1,1,0,0,0.4166666666666667,0.6333333333333333,0.8166666666666667,0.0,0.0,0.0,0.0,0.0,0.0,0.4166666666666667,0.6333333333333333,0.8166666666666667,0.4166666666666667,0.6333333333333333,0.8166666666666667,0.5833333333333334,0.5,0.4333333333333333,0.4166666666666667,0.6333333333333333,0.8166666666666667,0.0,0.0,0.0
20260630,Job-shop,4,107,0.532351041781397,0.4979063369354574,0.4979063369354574,0.532351041781397,0.532351041781397,0.4979063369354574,1,1,0,0,0.4833333333333333,0.7333333333333333,0.7666666666666667,0.0,0.0,0.0,0.0,0.0,0.0,0.4833333333333333,0.7333333333333333,0.7666666666666667,0.4833333333333333,0.7333333333333333,0.7666666666666667,0.0,0.0333333333333333,0.25,0.4833333333333333,0.7333333333333333,0.7666666666666667,0.0,0.0,0.0
20260630,Job-shop,5,186,0.4785131110552844,0.4993690758167712,0.4993690758167712,0.4785131110552844,0.4785131110552844,0.4993690758167712,1,1,0,0,0.0333333333333333,0.25,0.4833333333333333,0.0,0.0,0.0,0.0,0.0,0.0,0.0333333333333333,0.25,0.4833333333333333,0.0333333333333333,0.25,0.4833333333333333,0.0,0.0333333333333333,0.5166666666666667,0.0333333333333333,0.25,0.4833333333333333,0.0,0.0,0.0
20260630,Job-shop,5,61,0.4768976109449562,0.5350581230615227,0.5350581230615227,0.4768976109449562,0.4768976109449562,0.5350581230615227,1,1,0,0,0.0333333333333333,0.1,0.1666666666666666,0.0,0.0,0.0,0.0,0.0,0.0,0.0333333333333333,0.1,0.1666666666666666,0.0333333333333333,0.1,0.1666666666666666,0.1666666666666666,0.3166666666666666,0.5166666666666667,0.0333333333333333,0.1,0.1666666666666666,0.0,0.0,0.0
20260630,Job-shop,5,209,0.479440968044602,0.4803725346733068,0.4803725346733068,0.479440968044602,0.479440968044602,0.4803725346733068,1,1,0,0,0.6833333333333333,0.7333333333333333,0.8166666666666667,0.0,0.0,0.0,0.0,0.0,0.0,0.6833333333333333,0.7333333333333333,0.8166666666666667,0.6833333333333333,0.7333333333333333,0.8166666666666667,0.2333333333333333,0.6166666666666667,0.9,0.6833333333333333,0.7333333333333333,0.8166666666666667,0.0,0.0,0.0
20260630,Job-shop,4,224,0.5163714013709879,0.4867652887989836,0.4867652887989836,0.5163714013709879,0.5163714013709879,0.4867652887989836,1,1,0,0,0.6166666666666667,0.8166666666666667,0.9166666666666666,0.0,0.0,0.0,0.0,0.0,0.0,0.7666666666666667,0.8833333333333333,0.9666666666666668,0.5333333333333333,0.8,0.9166666666666666,0.0,0.2333333333333333,0.5333333333333333,0.6166666666666667,0.8166666666666667,0.9166666666666666,0.0,0.0,0.0
20260630,Job-shop,4,202,0.4734791422384028,0.4756365449762762,0.4756365449762762,0.4734791422384028,0.4734791422384028,0.4756365449762762,1,1,0,0,0.3666666666666666,0.6166666666666667,0.5666666666666667,0.0,0.0,0.0,0.0,0.0,0.0,0.3666666666666666,0.6166666666666667,0.5666666666666667,0.3666666666666666,0.6166666666666667,0.7,0.1833333333333333,0.4,0.8,0.3666666666666666,0.6166666666666667,0.5666666666666667,0.0,0.0,0.0
20260630,Job-shop,4,235,0.5302996918774088,0.507993340556906,0.507993340556906,0.5302996918774088,0.5302996918774088,0.507993340556906,1,1,0,0,0.7166666666666667,0.85,0.85,0.0,0.0,0.0,0.0,0.0,0.0,0.7166666666666667,0.85,0.85,0.7166666666666667,0.85,0.85,0.3333333333333333,0.5,0.75,0.7166666666666667,0.85,0.85,0.0,0.0,0.0
20260630,Job-shop,3,216,0.4829511884455854,0.4829511884455854,0.4829511884455854,0.4829511884455854,0.4829511884455854,0.4829511884455854,1,1,0,0,0.0,0.1,0.4333333333333333,0.0,0.0,0.0,0.0,0.0,0.0,0.35,0.5333333333333333,0.7,0.0,0.0833333333333333,0.4166666666666667,0.45,0.5833333333333334,0.7833333333333333,0.0,0.1,0.4333333333333333,0.0,0.0,0.0
20260630,Job-shop,5,274,0.4536191065708109,0.4638873958729553,0.4638873958729553,0.4536191065708109,0.4536191065708109,0.4638873958729553,1,1,0,0,0.05,0.4166666666666667,0.4666666666666667,0.0,0.0,0.0,0.0,0.0,0.0,0.05,0.4166666666666667,0.4666666666666667,0.05,0.4166666666666667,0.4666666666666667,0.1666666666666666,0.55,0.8833333333333333,0.05,0.4166666666666667,0.4666666666666667,0.0,0.0,0.0
20260630,Job-shop,5,108,0.4971687176880582,0.4862898632628222,0.4862898632628222,0.4971687176880582,0.4971687176880582,0.4862898632628222,1,1,0,0,0.3833333333333333,0.5833333333333334,0.7666666666666667,0.0,0.0,0.0,0.0,0.0,0.0,0.3833333333333333,0.5833333333333334,0.7666666666666667,0.3833333333333333,0.5833333333333334,0.7666666666666667,0.2,0.35,0.4833333333333333,0.3833333333333333,0.5833333333333334,0.7666666666666667,0.0,0.0,0.0
20260630,Job-shop,5,82,0.4922683412029633,0.4922683412029633,0.4922683412029633,0.4922683412029633,0.4922683412029633,0.4922683412029633,1,1,0,0,0.65,0.8666666666666667,0.8666666666666667,0.0,0.0,0.0,0.0,0.0,0.0,0.65,0.8666666666666667,0.8666666666666667,0.65,0.8666666666666667,0.8666666666666667,0.0,0.0166666666666666,0.1166666666666666,0.65,0.8666666666666667,0.8666666666666667,0.0,0.0,0.0
20260630,Job-shop,4,129,0.505275600044847,0.5035771606650299,0.5035771606650299,0.505275600044847,0.505275600044847,0.5035771606650299,1,1,0,0,0.8333333333333334,0.8333333333333334,0.9666666666666668,0.0,0.0,0.0,0.0,0.0,0.0,0.8333333333333334,0.8333333333333334,0.9666666666666668,0.8333333333333334,0.8333333333333334,0.9666666666666668,0.0833333333333333,0.35,0.5666666666666667,0.8333333333333334,0.8333333333333334,0.9666666666666668,0.0,0.0,0.0
20260630,Job-shop,5,138,0.5138922093778492,0.4984395620316501,0.4984395620316501,0.5138922093778492,0.5138922093778492,0.4984395620316501,1,1,0,0,0.6333333333333333,0.6833333333333333,0.7666666666666667,0.0,0.0,0.0,0.0,0.0,0.0,0.6333333333333333,0.6833333333333333,0.7666666666666667,0.6333333333333333,0.6833333333333333,0.7666666666666667,0.0166666666666666,0.1833333333333333,0.5333333333333333,0.6333333333333333,0.6833333333333333,0.7666666666666667,0.0,0.0,0.0
20260630,Job-shop,4,139,0.5031094304238858,0.5032024292020648,0.5032024292020648,0.5031094304238858,0.5031094304238858,0.5032024292020648,1,1,0,0,0.4666666666666667,0.6333333333333333,0.85,0.0,0.0,0.0,0.0,0.0,0.0,0.4666666666666667,0.6333333333333333,0.8333333333333334,0.4666666666666667,0.6166666666666667,0.7833333333333333,0.0,0.2,0.5,0.4666666666666667,0.6333333333333333,0.85,0.0,0.0,0.0
20260630,Job-shop,3,200,0.4872787904754057,0.5016987000198465,0.5016987000198465,0.4872787904754057,0.4872787904754057,0.5016987000198465,1,1,0,0,0.0,0.05,0.25,0.0,0.0,0.0,0.0,0.0,0.0,0.0,0.05,0.2333333333333333,0.0,0.05,0.3,0.2833333333333333,0.6666666666666666,0.85,0.0,0.05,0.25,0.0,0.0,0.0
20260630,Job-shop,5,128,0.4917251405321503,0.4502891384470026,0.4502891384470026,0.4917251405321503,0.4917251405321503,0.4502891384470026,1,1,0,0,0.7666666666666667,0.9,0.8666666666666667,0.0,0.0,0.0,0.0,0.0,0.0,0.7666666666666667,0.9,0.8666666666666667,0.8,0.9,0.8833333333333333,0.0333333333333333,0.1833333333333333,0.5,0.7666666666666667,0.9,0.8666666666666667,0.0,0.0,0.0
20260630,Job-shop,5,288,0.4512790518253126,0.4545620803125349,0.4545620803125349,0.4512790518253126,0.4512790518253126,0.4545620803125349,1,1,0,0,0.1,0.3,0.6666666666666666,0.0,0.0,0.0,0.0,0.0,0.0,0.1,0.3,0.6666666666666666,0.1,0.3,0.6666666666666666,0.5666666666666667,0.6166666666666667,0.7666666666666667,0.1,0.3,0.6666666666666666,0.0,0.0,0.0
20260630,Job-shop,5,121,0.5113018123514549,0.5294995614488115,0.5294995614488115,0.5113018123514549,0.5113018123514549,0.5294995614488115,1,1,0,0,0.1166666666666666,0.35,0.6333333333333333,0.0,0.0,0.0,0.0,0.0,0.0,0.1166666666666666,0.35,0.6333333333333333,0.1166666666666666,0.35,0.6333333333333333,0.0833333333333333,0.2333333333333333,0.75,0.1166666666666666,0.35,0.6333333333333333,0.0,0.0,0.0
20260630,Job-shop,5,80,0.5124920533128088,0.5212442795758262,0.5212442795758262,0.5124920533128088,0.5124920533128088,0.5212442795758262,1,1,0,0,0.15,0.4333333333333333,0.6833333333333333,0.0,0.0,0.0,0.0,0.0,0.0,0.15,0.4333333333333333,0.6833333333333333,0.15,0.4333333333333333,0.6833333333333333,0.45,0.5333333333333333,0.6,0.15,0.4333333333333333,0.6833333333333333,0.0,0.0,0.0
20260630,Job-shop,4,108,0.5002326328215271,0.5002326328215271,0.5002326328215271,0.5002326328215271,0.5002326328215271,0.5002326328215271,1,1,0,0,0.2166666666666666,0.35,0.55,0.0,0.0,0.0,0.0,0.0,0.0,0.2166666666666666,0.35,0.55,0.2166666666666666,0.35,0.55,0.0,0.3,0.4666666666666667,0.2166666666666666,0.35,0.55,0.0,0.0,0.0
20260630,Job-shop,3,269,0.5020678914124154,0.51743743608175,0.51743743608175,0.5003098977443919,0.5003098977443919,0.51743743608175,0,0,1,1,0.1333333333333333,0.2333333333333333,0.6166666666666667,0.0,0.0,0.0,0.0,0.0,0.0,0.45,0.4,0.5666666666666667,0.05,0.15,0.4333333333333333,0.1666666666666666,0.5,0.7333333333333333,0.1333333333333333,0.2333333333333333,0.6166666666666667,0.0,0.0,0.0
20260630,Job-shop,4,145,0.5362031417890506,0.495143510849514,0.495143510849514,0.5362031417890506,0.5362031417890506,0.495143510849514,1,1,0,0,0.4833333333333333,0.5833333333333334,0.6333333333333333,0.0,0.0,0.0,0.0,0.0,0.0,0.4833333333333333,0.5833333333333334,0.6333333333333333,0.4833333333333333,0.5833333333333334,0.6333333333333333,0.0,0.0833333333333333,0.35,0.4833333333333333,0.5833333333333334,0.6333333333333333,0.0,0.0,0.0
20260630,Job-shop,4,110,0.5276236000956653,0.5276236000956653,0.5276236000956653,0.5276236000956653,0.5276236000956653,0.5276236000956653,1,1,0,0,0.5833333333333334,0.6,0.7166666666666667,0.0,0.0,0.0,0.0,0.0,0.0,0.5666666666666667,0.5833333333333334,0.7333333333333333,0.5833333333333334,0.6,0.7166666666666667,0.4333333333333333,0.5333333333333333,0.7166666666666667,0.5833333333333334,0.6,0.7166666666666667,0.0,0.0,0.0
20260630,Job-shop,4,178,0.4736930474919537,0.4736930474919537,0.4736930474919537,0.4736930474919537,0.4736930474919537,0.4736930474919537,1,1,0,0,0.0666666666666666,0.3,0.5166666666666667,0.0,0.0,0.0,0.0,0.0,0.0,0.0666666666666666,0.3,0.5166666666666667,0.0666666666666666,0.3,0.5166666666666667,0.1333333333333333,0.3166666666666666,0.6666666666666666,0.0666666666666666,0.3,0.5166666666666667,0.0,0.0,0.0
20260630,Job-shop,4,117,0.5193699236930563,0.4911078008224347,0.4911078008224347,0.5193699236930563,0.5193699236930563,0.4911078008224347,1,1,0,0,0.7,0.7666666666666667,0.9,0.0,0.0,0.0,0.0,0.0,0.0,0.7,0.7666666666666667,0.9,0.7,0.7666666666666667,0.9,0.2833333333333333,0.3833333333333333,0.5166666666666667,0.7,0.7666666666666667,0.9,0.0,0.0,0.0
20260630,Job-shop,4,262,0.4734353600602258,0.4734353600602258,0.4734353600602258,0.4734353600602258,0.4734353600602258,0.4734353600602258,1,1,0,0,0.0,0.2166666666666666,0.5,0.0,0.0,0.0,0.0,0.0,0.0,0.0,0.2166666666666666,0.5,0.0,0.2166666666666666,0.5,0.05,0.2833333333333333,0.4333333333333333,0.0,0.2166666666666666,0.5,0.0,0.0,0.0
20260630,Job-shop,4,66,0.4799681008632722,0.4799681008632722,0.4799681008632722,0.4799681008632722,0.4799681008632722,0.4799681008632722,1,1,0,0,0.0,0.0333333333333333,0.0833333333333333,0.0,0.0,0.0,0.0,0.0,0.0,0.0,0.0333333333333333,0.0833333333333333,0.0,0.0333333333333333,0.0833333333333333,0.0,0.0,0.1166666666666666,0.0,0.0333333333333333,0.0833333333333333,0.0,0.0,0.0
20260630,Job-shop,4,128,0.4735571985303534,0.5055220193438369,0.5055220193438369,0.4735571985303534,0.4735571985303534,0.5055220193438369,1,1,0,0,0.0333333333333333,0.1333333333333333,0.3166666666666666,0.0,0.0,0.0,0.0,0.0,0.0,0.0333333333333333,0.1333333333333333,0.3166666666666666,0.0333333333333333,0.1333333333333333,0.3166666666666666,0.1666666666666666,0.25,0.6666666666666666,0.0333333333333333,0.1333333333333333,0.3166666666666666,0.0,0.0,0.0
20260630,Job-shop,4,78,0.5262745087413085,0.5382627421310109,0.5382627421310109,0.5262745087413085,0.5262745087413085,0.5382627421310109,1,1,0,0,0.4833333333333333,0.6666666666666666,0.6333333333333333,0.0,0.0,0.0,0.0,0.0,0.0,0.4833333333333333,0.6666666666666666,0.6333333333333333,0.4833333333333333,0.6666666666666666,0.6333333333333333,0.0666666666666666,0.4333333333333333,0.6333333333333333,0.4833333333333333,0.6666666666666666,0.6333333333333333,0.0,0.0,0.0
20260630,Job-shop,5,155,0.4345574205665578,0.4345574205665578,0.4345574205665578,0.4345574205665578,0.4345574205665578,0.4345574205665578,1,1,0,0,0.1,0.2166666666666666,0.2833333333333333,0.0,0.0,0.0,0.0,0.0,0.0,0.1,0.2166666666666666,0.2833333333333333,0.1,0.2166666666666666,0.2833333333333333,0.0,0.15,0.2666666666666666,0.1,0.2166666666666666,0.2833333333333333,0.0,0.0,0.0
20260630,Job-shop,5,70,0.5317474114370725,0.5148133907674672,0.5148133907674672,0.5317474114370725,0.5317474114370725,0.5148133907674672,1,1,0,0,0.0,0.1,0.3833333333333333,0.0,0.0,0.0,0.0,0.0,0.0,0.0,0.1,0.3833333333333333,0.0,0.1,0.3833333333333333,0.0,0.1333333333333333,0.2833333333333333,0.0,0.1,0.3833333333333333,0.0,0.0,0.0
20260630,Job-shop,5,155,0.4689130897113223,0.4689130897113223,0.4689130897113223,0.4689130897113223,0.4689130897113223,0.4689130897113223,1,1,0,0,0.1666666666666666,0.3,0.45,0.0,0.0,0.0,0.0,0.0,0.0,0.1666666666666666,0.3,0.45,0.1666666666666666,0.3,0.45,0.2666666666666666,0.4333333333333333,0.6333333333333333,0.1666666666666666,0.3,0.45,0.0,0.0,0.0
20260630,Job-shop,3,73,0.505615508215095,0.505615508215095,0.505615508215095,0.505615508215095,0.505615508215095,0.505615508215095,1,1,0,0,0.0,0.0333333333333333,0.05,0.0,0.0,0.0,0.0,0.0,0.0,0.0,0.0333333333333333,0.05,0.0,0.0333333333333333,0.05,0.15,0.35,0.6,0.0,0.0333333333333333,0.05,0.0,0.0,0.0
20260630,Job-shop,5,239,0.4862675222442936,0.4862675222442936,0.4862675222442936,0.4862675222442936,0.4862675222442936,0.4862675222442936,1,1,0,0,0.7,0.8,0.7833333333333333,0.0,0.0,0.0,0.0,0.0,0.0,0.7,0.8,0.7833333333333333,0.7,0.8,0.7833333333333333,0.0,0.0333333333333333,0.3666666666666666,0.7,0.8,0.7833333333333333,0.0,0.0,0.0
20260630,Job-shop,5,284,0.4809644011736927,0.4809644011736927,0.4809644011736927,0.4809644011736927,0.4809644011736927,0.4809644011736927,1,1,0,0,0.5166666666666667,0.65,0.7833333333333333,0.0,0.0,0.0,0.0,0.0,0.0,0.5166666666666667,0.65,0.7833333333333333,0.5166666666666667,0.65,0.7833333333333333,0.3,0.55,0.8333333333333334,0.5166666666666667,0.65,0.7833333333333333,0.0,0.0,0.0
20260630,Job-shop,5,198,0.4765678816842116,0.4934462381029044,0.4961646549337338,0.4765678816842116,0.4765678816842116,0.4961646549337338,1,1,0,0,0.45,0.5166666666666667,0.7666666666666667,0.0,0.0,0.0,0.0,0.0,0.0,0.45,0.5166666666666667,0.7666666666666667,0.45,0.5166666666666667,0.7666666666666667,0.4166666666666667,0.8166666666666667,0.9166666666666666,0.45,0.5166666666666667,0.7666666666666667,0.0,0.0,0.0
20260630,Job-shop,3,271,0.5015160912490831,0.5118275162124295,0.5118275162124295,0.5015160912490831,0.5015160912490831,0.5118275162124295,1,1,0,0,0.0166666666666666,0.2,0.4833333333333333,0.0,0.0,0.0,0.0,0.0,0.0,0.0166666666666666,0.2,0.5333333333333333,0.0166666666666666,0.2,0.5666666666666667,0.5,0.6,0.9333333333333332,0.0166666666666666,0.2,0.4833333333333333,0.0,0.0,0.0
20260630,Job-shop,5,125,0.4971549174519906,0.4887274944925308,0.4887274944925308,0.4971549174519906,0.4971549174519906,0.4887274944925308,1,1,0,0,0.7833333333333333,0.7666666666666667,0.8166666666666667,0.0,0.0,0.0,0.0,0.0,0.0,0.7833333333333333,0.7666666666666667,0.8166666666666667,0.7833333333333333,0.7666666666666667,0.8166666666666667,0.0,0.1666666666666666,0.3833333333333333,0.7833333333333333,0.7666666666666667,0.8166666666666667,0.0,0.0,0.0
20260630,Job-shop,5,296,0.4776972867335229,0.488993410572644,0.488993410572644,0.4776972867335229,0.4938569343506407,0.488993410572644,1,0,0,0,0.45,0.6333333333333333,0.8166666666666667,0.0,0.0,0.0,0.0,0.0,0.0,0.45,0.6166666666666667,0.7833333333333333,0.75,0.8333333333333334,0.9333333333333332,0.2666666666666666,0.6166666666666667,0.6333333333333333,0.45,0.6333333333333333,0.8166666666666667,0.0,0.0,0.0
20260630,Job-shop,4,173,0.4838030644885548,0.4943560792694335,0.4943560792694335,0.4838030644885548,0.4838030644885548,0.4943560792694335,1,1,0,0,0.0,0.1333333333333333,0.2666666666666666,0.0,0.0,0.0,0.0,0.0,0.0,0.0,0.1333333333333333,0.2666666666666666,0.0,0.1333333333333333,0.2666666666666666,0.15,0.2833333333333333,0.6,0.0,0.1333333333333333,0.2666666666666666,0.0,0.0,0.0
20260630,Job-shop,3,163,0.5190228528805405,0.5131807827011521,0.5131807827011521,0.5190228528805405,0.5045740744483804,0.5131807827011521,1,0,0,1,0.6666666666666666,0.85,0.9333333333333332,0.0,0.0,0.0,0.0,0.0,0.0,0.5333333333333333,0.8166666666666667,0.9,0.8833333333333333,0.8333333333333334,0.9666666666666668,0.8833333333333333,0.7333333333333333,0.8333333333333334,0.6666666666666666,0.85,0.9333333333333332,0.0,0.0,0.0
20260630,Job-shop,5,300,0.4810523162728611,0.4901388578307622,0.4901388578307622,0.4810523162728611,0.5193172035267897,0.4901388578307622,1,0,0,0,0.3,0.4833333333333333,0.6833333333333333,0.0,0.0,0.0,0.0,0.0,0.0,0.3666666666666666,0.6,0.7333333333333333,0.6,0.5666666666666667,0.6833333333333333,0.0333333333333333,0.3833333333333333,0.7666666666666667,0.3,0.4833333333333333,0.6833333333333333,0.0,0.0,0.0
20260630,Job-shop,5,75,0.4901921795145031,0.494108753114601,0.494108753114601,0.4901921795145031,0.5009008820816067,0.494108753114601,1,0,0,0,0.2166666666666666,0.6833333333333333,0.8333333333333334,0.0,0.0,0.0,0.0,0.0,0.0,0.2166666666666666,0.6833333333333333,0.8,0.7333333333333333,0.7833333333333333,0.9,0.0,0.2166666666666666,0.4666666666666667,0.2166666666666666,0.6833333333333333,0.8333333333333334,0.0,0.0,0.0
20260630,Job-shop,4,294,0.4677904611246694,0.4800474472605484,0.4800474472605484,0.4677904611246694,0.4677904611246694,0.4800474472605484,1,1,0,0,0.0,0.05,0.3833333333333333,0.0,0.0,0.0,0.0,0.0,0.0,0.0,0.05,0.3833333333333333,0.0,0.0666666666666666,0.4166666666666667,0.0666666666666666,0.1833333333333333,0.6333333333333333,0.0,0.05,0.3833333333333333,0.0,0.0,0.0
20260630,Job-shop,3,291,0.4815702581966855,0.4815702581966855,0.4815702581966855,0.4815702581966855,0.4815702581966855,0.4815702581966855,1,1,0,0,0.0,0.1166666666666666,0.15,0.0,0.0,0.0,0.0,0.0,0.0,0.0,0.1166666666666666,0.15,0.0,0.1166666666666666,0.15,0.0666666666666666,0.35,0.5666666666666667,0.0,0.1166666666666666,0.15,0.0,0.0,0.0
20260630,WFG2,8,239,0.4800540013945214,0.4800540013945214,0.4800540013945214,0.4800540013945214,0.4800540013945214,0.4800540013945214,1,1,0,0,0.0,0.0,0.0,0.0,0.0,0.0,0.0,0.0,0.0,0.0,0.0,0.0,0.0,0.0,0.0,0.2333333333333333,0.3833333333333333,0.6666666666666666,0.0,0.0,0.0,0.0,0.0,0.0
20260630,WFG2,11,286,0.3964495214252567,0.3964495214252567,0.3964495214252567,0.3964495214252567,0.3964495214252567,0.3964495214252567,1,1,0,0,0.0,0.0,0.0,0.0,0.0,0.0,0.0,0.0,0.0,0.0,0.0,0.0,0.0,0.0,0.0,0.4666666666666667,0.6666666666666666,0.6666666666666666,0.0,0.0,0.0,0.0,0.0,0.0
20260630,WFG2,14,72,0.5161729446358294,0.5161729446358294,0.5161729446358294,0.5161729446358294,0.5161729446358294,0.5161729446358294,1,1,0,0,0.0,0.0,0.0,0.0,0.0,0.0,0.0,0.0,0.0,0.0,0.0,0.0,0.0,0.0,0.0,0.5666666666666667,0.6,0.6833333333333333,0.0,0.0,0.0,0.0,0.0,0.0
20260630,WFG2,14,61,0.6085175988809698,0.6085175988809698,0.6085175988809698,0.6085175988809698,0.6085175988809698,0.6085175988809698,1,1,0,0,0.0,0.0,0.0,0.0,0.0,0.0,0.0,0.0,0.0,0.0,0.0,0.0,0.0,0.0,0.0,0.3666666666666666,0.4666666666666667,0.8,0.0,0.0,0.0,0.0,0.0,0.0
20260630,WFG2,14,106,0.6178584488854428,0.6178584488854428,0.6178584488854428,0.6178584488854428,0.6178584488854428,0.6178584488854428,1,1,0,0,0.0,0.0,0.0,0.0,0.0,0.0,0.0,0.0,0.0,0.0,0.0,0.0,0.0,0.0,0.0,0.2166666666666666,0.5166666666666667,0.8666666666666667,0.0,0.0,0.0,0.0,0.0,0.0
20260630,WFG2,7,405,0.4238913925935376,0.4238913925935376,0.4238913925935376,0.4238913925935376,0.4238913925935376,0.4238913925935376,1,1,0,0,0.0,0.0,0.0166666666666666,0.0,0.0,0.0,0.0,0.0,0.0,0.0,0.0,0.0166666666666666,0.0,0.0,0.0166666666666666,0.0833333333333333,0.3666666666666666,0.8166666666666667,0.0,0.0,0.0166666666666666,0.0,0.0,0.0
20260630,WFG2,11,297,0.5025815954716406,0.5025815954716406,0.5025815954716406,0.5025815954716406,0.5025815954716406,0.5025815954716406,1,1,0,0,0.0,0.0,0.0,0.0,0.0,0.0,0.0,0.0,0.0,0.0,0.0,0.0,0.0,0.0,0.0,0.4166666666666667,0.5333333333333333,0.7666666666666667,0.0,0.0,0.0,0.0,0.0,0.0
20260630,WFG2,11,175,0.4593872472508598,0.4593872472508598,0.4593872472508598,0.4593872472508598,0.4593872472508598,0.4593872472508598,1,1,0,0,0.0,0.0,0.0,0.0,0.0,0.0,0.0,0.0,0.0,0.0,0.0,0.0,0.0,0.0,0.0,0.45,0.4833333333333333,0.6666666666666666,0.0,0.0,0.0,0.0,0.0,0.0
20260630,WFG2,9,481,0.4443336977852486,0.4443336977852486,0.4443336977852486,0.4443336977852486,0.4443336977852486,0.4443336977852486,1,1,0,0,0.0,0.0,0.0166666666666666,0.0,0.0,0.0,0.0,0.0,0.0,0.0,0.0,0.0166666666666666,0.0,0.0,0.0166666666666666,0.5166666666666667,0.6333333333333333,0.7333333333333333,0.0,0.0,0.0166666666666666,0.0,0.0,0.0
20260630,WFG2,8,338,0.3562359790499422,0.3562359790499422,0.3562359790499422,0.3562359790499422,0.3562359790499422,0.3562359790499422,1,1,0,0,0.0,0.0,0.0,0.0,0.0,0.0,0.0,0.0,0.0,0.0,0.0,0.0,0.0,0.0,0.0,0.3,0.6166666666666667,0.8166666666666667,0.0,0.0,0.0,0.0,0.0,0.0
20260630,WFG2,9,479,0.3827800032665627,0.4502442820701005,0.4502442820701005,0.3827800032665627,0.3827800032665627,0.4502442820701005,1,1,0,0,0.05,0.15,0.4666666666666667,0.0,0.0,0.0,0.0,0.0,0.0,0.05,0.1333333333333333,0.4666666666666667,0.05,0.15,0.4666666666666667,0.0,0.3666666666666666,0.6333333333333333,0.05,0.15,0.4666666666666667,0.0,0.0,0.0
20260630,WFG2,11,249,0.5265758052415906,0.5265758052415906,0.5265758052415906,0.5265758052415906,0.5265758052415906,0.5265758052415906,1,1,0,0,0.0,0.0,0.0166666666666666,0.0,0.0,0.0,0.0,0.0,0.0,0.0,0.0,0.0166666666666666,0.0,0.0,0.0166666666666666,0.0166666666666666,0.55,0.8833333333333333,0.0,0.0,0.0166666666666666,0.0,0.0,0.0
20260630,WFG2,15,77,0.552333118102245,0.552333118102245,0.552333118102245,0.552333118102245,0.552333118102245,0.552333118102245,1,1,0,0,0.0,0.0,0.0,0.0,0.0,0.0,0.0,0.0,0.0,0.0,0.0,0.0,0.0,0.0,0.0,0.1833333333333333,0.3,0.2,0.0,0.0,0.0,0.0,0.0,0.0
20260630,WFG2,11,310,0.4461170876873699,0.4461170876873699,0.4461170876873699,0.4461170876873699,0.4461170876873699,0.4461170876873699,1,1,0,0,0.0,0.0,0.0,0.0,0.0,0.0,0.0,0.0,0.0,0.0,0.0,0.0,0.0,0.0,0.0,0.4666666666666667,0.5666666666666667,0.8,0.0,0.0,0.0,0.0,0.0,0.0
20260630,WFG2,9,434,0.4459501414405292,0.4711080042853421,0.4711080042853421,0.4459501414405292,0.4459501414405292,0.4711080042853421,1,1,0,0,0.0,0.0,0.05,0.0,0.0,0.0,0.0,0.0,0.0,0.0,0.0,0.05,0.0,0.0,0.05,0.8,0.7333333333333333,0.9666666666666668,0.0,0.0,0.05,0.0,0.0,0.0
20260630,WFG2,13,328,0.5018128222172538,0.5018128222172538,0.5018128222172538,0.5018128222172538,0.5018128222172538,0.5018128222172538,1,1,0,0,0.0,0.0,0.0,0.0,0.0,0.0,0.0,0.0,0.0,0.0,0.0,0.0,0.0,0.0,0.0,0.5166666666666667,0.55,0.75,0.0,0.0,0.0,0.0,0.0,0.0
20260630,WFG2,13,124,0.4830357971313128,0.4830357971313128,0.4830357971313128,0.4830357971313128,0.4830357971313128,0.4830357971313128,1,1,0,0,0.0,0.0,0.0,0.0,0.0,0.0,0.0,0.0,0.0,0.0,0.0,0.0,0.0,0.0,0.0,0.4833333333333333,0.3833333333333333,0.5666666666666667,0.0,0.0,0.0,0.0,0.0,0.0
20260630,WFG2,6,268,0.3547615412528694,0.3547615412528694,0.3547615412528694,0.3547615412528694,0.3547615412528694,0.3547615412528694,1,1,0,0,0.0,0.0,0.0,0.0,0.0,0.0,0.0,0.0,0.0,0.0,0.0,0.0,0.0,0.0,0.0,0.3166666666666666,0.55,0.8,0.0,0.0,0.0,0.0,0.0,0.0
20260630,WFG2,8,91,0.4167873622723921,0.4167873622723921,0.4167873622723921,0.4167873622723921,0.4167873622723921,0.4167873622723921,1,1,0,0,0.0,0.0,0.0,0.0,0.0,0.0,0.0,0.0,0.0,0.0,0.0,0.0,0.0,0.0,0.0,0.2,0.65,0.9,0.0,0.0,0.0,0.0,0.0,0.0
20260630,WFG2,12,362,0.4887307190799539,0.4887307190799539,0.4887307190799539,0.4887307190799539,0.4887307190799539,0.4887307190799539,1,1,0,0,0.0,0.0,0.0,0.0,0.0,0.0,0.0,0.0,0.0,0.0,0.0,0.0,0.0,0.0,0.0,0.4,0.8833333333333333,0.95,0.0,0.0,0.0,0.0,0.0,0.0
20260630,WFG2,8,119,0.4017564444196682,0.4017564444196682,0.4017564444196682,0.4017564444196682,0.4017564444196682,0.4017564444196682,1,1,0,0,0.0,0.0,0.0,0.0,0.0,0.0,0.0,0.0,0.0,0.0,0.0,0.0,0.0,0.0,0.0,0.0,0.0166666666666666,0.2166666666666666,0.0,0.0,0.0,0.0,0.0,0.0
20260630,WFG2,3,48,0.2727287624306421,0.2727287624306421,0.2727287624306421,0.2727287624306421,0.2727287624306421,0.2727287624306421,1,1,0,0,0.0,0.0,0.0,0.0,0.0,0.0,0.0,0.0,0.0,0.0,0.0,0.0,0.0,0.0,0.0,0.0166666666666666,0.1666666666666666,0.3833333333333333,0.0,0.0,0.0,0.0,0.0,0.0
20260630,WFG2,13,144,0.4783341173505913,0.4783341173505913,0.4783341173505913,0.4783341173505913,0.4783341173505913,0.4783341173505913,1,1,0,0,0.0,0.0,0.0,0.0,0.0,0.0,0.0,0.0,0.0,0.0,0.0,0.0,0.0,0.0,0.0,0.15,0.5833333333333334,0.75,0.0,0.0,0.0,0.0,0.0,0.0
20260630,WFG2,12,287,0.4599708332205345,0.4599708332205345,0.4599708332205345,0.4599708332205345,0.4599708332205345,0.4599708332205345,1,1,0,0,0.0,0.0,0.0,0.0,0.0,0.0,0.0,0.0,0.0,0.0,0.0,0.0,0.0,0.0,0.0,0.45,0.7333333333333333,0.8666666666666667,0.0,0.0,0.0,0.0,0.0,0.0
20260630,WFG2,4,217,0.1809021602580635,0.1809021602580635,0.1809021602580635,0.1809021602580635,0.1809021602580635,0.1809021602580635,1,1,0,0,0.0,0.0,0.0,0.0,0.0,0.0,0.0,0.0,0.0,0.0,0.0,0.0,0.0,0.0,0.0,0.2166666666666666,0.2833333333333333,0.5,0.0,0.0,0.0,0.0,0.0,0.0
20260630,WFG2,14,429,0.4701442252418236,0.4701442252418236,0.4701442252418236,0.4701442252418236,0.4701442252418236,0.4701442252418236,1,1,0,0,0.0,0.0,0.0,0.0,0.0,0.0,0.0,0.0,0.0,0.0,0.0,0.0,0.0,0.0,0.0,0.05,0.3,0.8,0.0,0.0,0.0,0.0,0.0,0.0
20260630,WFG2,11,447,0.5108084924680955,0.5108084924680955,0.5108084924680955,0.5108084924680955,0.5108084924680955,0.5108084924680955,1,1,0,0,0.0,0.0,0.0,0.0,0.0,0.0,0.0,0.0,0.0,0.0,0.0,0.0,0.0,0.0,0.0,0.5,0.6833333333333333,0.9333333333333332,0.0,0.0,0.0,0.0,0.0,0.0
20260630,WFG2,8,321,0.3292591322825475,0.3292591322825475,0.3292591322825475,0.3292591322825475,0.3292591322825475,0.3292591322825475,1,1,0,0,0.0,0.0,0.0,0.0,0.0,0.0,0.0,0.0,0.0,0.0,0.0,0.0,0.0,0.0,0.0,0.0,0.0,0.05,0.0,0.0,0.0,0.0,0.0,0.0
20260630,WFG2,8,323,0.458974529123705,0.458974529123705,0.458974529123705,0.458974529123705,0.458974529123705,0.458974529123705,1,1,0,0,0.0,0.0,0.0,0.0,0.0,0.0,0.0,0.0,0.0,0.0,0.0,0.0,0.0,0.0,0.0,0.2833333333333333,0.6166666666666667,0.8333333333333334,0.0,0.0,0.0,0.0,0.0,0.0
20260630,WFG2,11,378,0.4473877769206327,0.4473877769206327,0.4473877769206327,0.4473877769206327,0.4473877769206327,0.4473877769206327,1,1,0,0,0.0,0.0,0.0166666666666666,0.0,0.0,0.0,0.0,0.0,0.0,0.0,0.0,0.0166666666666666,0.0,0.0,0.0166666666666666,0.0,0.0,0.25,0.0,0.0,0.0166666666666666,0.0,0.0,0.0
20260630,WFG2,10,268,0.449507436837426,0.449507436837426,0.449507436837426,0.449507436837426,0.449507436837426,0.449507436837426,1,1,0,0,0.0,0.0,0.0,0.0,0.0,0.0,0.0,0.0,0.0,0.0,0.0,0.0,0.0,0.0,0.0,0.1333333333333333,0.3166666666666666,0.4833333333333333,0.0,0.0,0.0,0.0,0.0,0.0
20260630,WFG2,6,265,0.4434259623936992,0.4434259623936992,0.4434259623936992,0.4434259623936992,0.4434259623936992,0.4434259623936992,1,1,0,0,0.0,0.0,0.0,0.0,0.0,0.0,0.0,0.0,0.0,0.0,0.0,0.0,0.0,0.0,0.0,0.3,0.6666666666666666,0.7833333333333333,0.0,0.0,0.0,0.0,0.0,0.0
20260630,WFG2,6,129,0.3787249667761029,0.3787249667761029,0.3787249667761029,0.3787249667761029,0.3787249667761029,0.3787249667761029,1,1,0,0,0.0,0.0,0.0,0.0,0.0,0.0,0.0,0.0,0.0,0.0,0.0,0.0,0.0,0.0,0.0,0.0,0.1666666666666666,0.5666666666666667,0.0,0.0,0.0,0.0,0.0,0.0
20260630,WFG2,12,271,0.482659460357523,0.482659460357523,0.482659460357523,0.482659460357523,0.482659460357523,0.482659460357523,1,1,0,0,0.0,0.0,0.0,0.0,0.0,0.0,0.0,0.0,0.0,0.0,0.0,0.0,0.0,0.0,0.0,0.3333333333333333,0.65,0.9666666666666668,0.0,0.0,0.0,0.0,0.0,0.0
20260630,WFG2,6,231,0.4002560459908925,0.4002560459908925,0.4002560459908925,0.4002560459908925,0.4002560459908925,0.4002560459908925,1,1,0,0,0.0,0.0,0.0,0.0,0.0,0.0,0.0,0.0,0.0,0.0,0.0,0.0,0.0,0.0,0.0,0.7166666666666667,0.75,0.8166666666666667,0.0,0.0,0.0,0.0,0.0,0.0
20260630,WFG2,3,134,0.1425136978015579,0.1425136978015579,0.1425136978015579,0.1425136978015579,0.1425136978015579,0.1425136978015579,1,1,0,0,0.0,0.0,0.0,0.0,0.0,0.0,0.0,0.0,0.0,0.0,0.0,0.0,0.0,0.0,0.0,0.0,0.2,0.25,0.0,0.0,0.0,0.0,0.0,0.0
20260630,WFG2,9,232,0.4752318189418772,0.6004837140674848,0.6004837140674848,0.4752318189418772,0.4752318189418772,0.6004837140674848,1,1,0,0,0.0,0.0,0.0,0.0,0.0,0.0,0.0,0.0,0.0,0.0,0.0,0.0,0.0,0.0,0.0,0.2333333333333333,0.5166666666666667,0.9166666666666666,0.0,0.0,0.0,0.0,0.0,0.0
20260630,WFG2,15,351,0.5529691553597015,0.5529691553597015,0.5529691553597015,0.5529691553597015,0.5529691553597015,0.5529691553597015,1,1,0,0,0.0,0.0,0.0,0.0,0.0,0.0,0.0,0.0,0.0,0.0,0.0,0.0,0.0,0.0,0.0,0.75,0.9,0.9833333333333332,0.0,0.0,0.0,0.0,0.0,0.0
20260630,WFG2,9,268,0.4299689997433262,0.4299689997433262,0.4299689997433262,0.4299689997433262,0.4299689997433262,0.4299689997433262,1,1,0,0,0.0,0.0,0.0,0.0,0.0,0.0,0.0,0.0,0.0,0.0,0.0,0.0,0.0,0.0,0.0,0.4333333333333333,0.6333333333333333,0.7,0.0,0.0,0.0,0.0,0.0,0.0
20260630,WFG2,5,217,0.2577030925611909,0.2577030925611909,0.2577030925611909,0.2577030925611909,0.2577030925611909,0.2577030925611909,1,1,0,0,0.0,0.0,0.0,0.0,0.0,0.0,0.0,0.0,0.0,0.0,0.0,0.0,0.0,0.0,0.0,0.0,0.0166666666666666,0.15,0.0,0.0,0.0,0.0,0.0,0.0
20260630,WFG2,7,361,0.3814573250235241,0.4454153162085703,0.4454153162085703,0.3814573250235241,0.3814573250235241,0.4454153162085703,1,1,0,0,0.0,0.0166666666666666,0.1333333333333333,0.0,0.0,0.0,0.0,0.0,0.0,0.0,0.0166666666666666,0.1333333333333333,0.0,0.0166666666666666,0.1333333333333333,0.2833333333333333,0.5333333333333333,0.7166666666666667,0.0,0.0166666666666666,0.1333333333333333,0.0,0.0,0.0
20260630,WFG2,11,141,0.5077440919748338,0.5077440919748338,0.5077440919748338,0.5077440919748338,0.5077440919748338,0.5077440919748338,1,1,0,0,0.0,0.0,0.0,0.0,0.0,0.0,0.0,0.0,0.0,0.0,0.0,0.0,0.0,0.0,0.0,0.4166666666666667,0.65,0.85,0.0,0.0,0.0,0.0,0.0,0.0
20260630,WFG2,10,131,0.4488387114803738,0.4488387114803738,0.4488387114803738,0.4488387114803738,0.4488387114803738,0.4488387114803738,1,1,0,0,0.0,0.0,0.0,0.0,0.0,0.0,0.0,0.0,0.0,0.0,0.0,0.0,0.0,0.0,0.0,0.1333333333333333,0.2833333333333333,0.5166666666666667,0.0,0.0,0.0,0.0,0.0,0.0
20260630,WFG2,3,88,0.1434904325969476,0.1434904325969476,0.1434904325969476,0.1434904325969476,0.1434904325969476,0.1434904325969476,1,1,0,0,0.0,0.0,0.0,0.0,0.0,0.0,0.0,0.0,0.0,0.0,0.0,0.0,0.0,0.0,0.0,0.0,0.0833333333333333,0.2666666666666666,0.0,0.0,0.0,0.0,0.0,0.0
20260630,WFG2,3,75,0.12294956050566,0.12294956050566,0.12294956050566,0.12294956050566,0.12294956050566,0.12294956050566,1,1,0,0,0.0,0.0,0.0,0.0,0.0,0.0,0.0,0.0,0.0,0.0,0.0,0.0,0.0,0.0,0.0,0.0,0.0,0.0,0.0,0.0,0.0,0.0,0.0,0.0
20260630,WFG2,9,251,0.4542804927749916,0.4542804927749916,0.4542804927749916,0.4542804927749916,0.4542804927749916,0.4542804927749916,1,1,0,0,0.0,0.0,0.0,0.0,0.0,0.0,0.0,0.0,0.0,0.0,0.0,0.0,0.0,0.0,0.0,0.4166666666666667,0.7666666666666667,0.8666666666666667,0.0,0.0,0.0,0.0,0.0,0.0
20260630,WFG2,7,423,0.3114844883108213,0.3114844883108213,0.3114844883108213,0.3114844883108213,0.3114844883108213,0.3114844883108213,1,1,0,0,0.0,0.0,0.0,0.0,0.0,0.0,0.0,0.0,0.0,0.0,0.0,0.0,0.0,0.0,0.0,0.0,0.05,0.5,0.0,0.0,0.0,0.0,0.0,0.0
20260630,WFG2,7,105,0.4416735537650708,0.4416735537650708,0.4416735537650708,0.4416735537650708,0.4416735537650708,0.4416735537650708,1,1,0,0,0.0,0.0,0.0,0.0,0.0,0.0,0.0,0.0,0.0,0.0,0.0,0.0,0.0,0.0,0.0,0.4333333333333333,0.55,0.7166666666666667,0.0,0.0,0.0,0.0,0.0,0.0
20260630,WFG2,7,161,0.4861896690705373,0.4861896690705373,0.4861896690705373,0.4861896690705373,0.4861896690705373,0.4861896690705373,1,1,0,0,0.0,0.0,0.0,0.0,0.0,0.0,0.0,0.0,0.0,0.0,0.0,0.0,0.0,0.0,0.0,0.8166666666666667,0.9,0.9333333333333332,0.0,0.0,0.0,0.0,0.0,0.0
20260630,WFG2,8,304,0.4231464133346941,0.4231464133346941,0.4231464133346941,0.4231464133346941,0.4231464133346941,0.4231464133346941,1,1,0,0,0.0,0.0,0.0,0.0,0.0,0.0,0.0,0.0,0.0,0.0,0.0,0.0,0.0,0.0,0.0,0.15,0.6,0.8,0.0,0.0,0.0,0.0,0.0,0.0
20260630,WFG2,15,104,0.5212196357966961,0.5212196357966961,0.5212196357966961,0.5212196357966961,0.5212196357966961,0.5212196357966961,1,1,0,0,0.0,0.0,0.0,0.0,0.0,0.0,0.0,0.0,0.0,0.0,0.0,0.0,0.0,0.0,0.0,0.0,0.0833333333333333,0.2833333333333333,0.0,0.0,0.0,0.0,0.0,0.0
20260630,WFG2,6,150,0.4288102017642468,0.4288102017642468,0.4288102017642468,0.4288102017642468,0.4288102017642468,0.4288102017642468,1,1,0,0,0.0,0.0,0.0,0.0,0.0,0.0,0.0,0.0,0.0,0.0,0.0,0.0,0.0,0.0,0.0,0.2833333333333333,0.5,0.75,0.0,0.0,0.0,0.0,0.0,0.0
20260630,WFG2,13,165,0.5033398054143976,0.5033398054143976,0.5033398054143976,0.5033398054143976,0.5033398054143976,0.5033398054143976,1,1,0,0,0.0,0.0,0.0,0.0,0.0,0.0,0.0,0.0,0.0,0.0,0.0,0.0,0.0,0.0,0.0,0.65,0.5,0.9,0.0,0.0,0.0,0.0,0.0,0.0
20260630,WFG2,12,390,0.4528958808469078,0.4528958808469078,0.4528958808469078,0.4528958808469078,0.4528958808469078,0.4528958808469078,1,1,0,0,0.0,0.0,0.0,0.0,0.0,0.0,0.0,0.0,0.0,0.0,0.0,0.0,0.0,0.0,0.0,0.0833333333333333,0.5166666666666667,0.75,0.0,0.0,0.0,0.0,0.0,0.0
20260630,WFG2,10,489,0.445399523503141,0.445399523503141,0.445399523503141,0.445399523503141,0.445399523503141,0.445399523503141,1,1,0,0,0.0,0.0,0.0,0.0,0.0,0.0,0.0,0.0,0.0,0.0,0.0,0.0,0.0,0.0,0.0,0.3,0.7833333333333333,0.9,0.0,0.0,0.0,0.0,0.0,0.0
20260630,WFG2,5,94,0.3006090859862703,0.3006090859862703,0.3006090859862703,0.3006090859862703,0.3006090859862703,0.3006090859862703,1,1,0,0,0.0,0.0,0.0,0.0,0.0,0.0,0.0,0.0,0.0,0.0,0.0,0.0,0.0,0.0,0.0,0.0,0.1666666666666666,0.35,0.0,0.0,0.0,0.0,0.0,0.0
20260630,WFG2,14,79,0.545803690067218,0.545803690067218,0.545803690067218,0.545803690067218,0.545803690067218,0.545803690067218,1,1,0,0,0.0,0.0,0.0,0.0,0.0,0.0,0.0,0.0,0.0,0.0,0.0,0.0,0.0,0.0,0.0,0.5333333333333333,0.75,0.8333333333333334,0.0,0.0,0.0,0.0,0.0,0.0
20260630,WFG2,3,90,0.0910258191838235,0.0910258191838235,0.0910258191838235,0.0910258191838235,0.0910258191838235,0.0910258191838235,1,1,0,0,0.0,0.0,0.0,0.0,0.0,0.0,0.0,0.0,0.0,0.0,0.0,0.0,0.0,0.0,0.0,0.0,0.0,0.05,0.0,0.0,0.0,0.0,0.0,0.0
20260630,WFG2,8,137,0.4525444816315345,0.4525444816315345,0.4525444816315345,0.4525444816315345,0.4525444816315345,0.4525444816315345,1,1,0,0,0.0,0.0,0.0,0.0,0.0,0.0,0.0,0.0,0.0,0.0,0.0,0.0,0.0,0.0,0.0,0.3,0.4333333333333333,0.6166666666666667,0.0,0.0,0.0,0.0,0.0,0.0
20260630,WFG2,11,407,0.4968764993527633,0.4968764993527633,0.4968764993527633,0.4968764993527633,0.4968764993527633,0.4968764993527633,1,1,0,0,0.0,0.0,0.0,0.0,0.0,0.0,0.0,0.0,0.0,0.0,0.0,0.0,0.0,0.0,0.0,0.1833333333333333,0.6333333333333333,0.9833333333333332,0.0,0.0,0.0,0.0,0.0,0.0
20260630,WFG2,4,193,0.2270979733591529,0.2270979733591529,0.2270979733591529,0.2270979733591529,0.2270979733591529,0.2270979733591529,1,1,0,0,0.0,0.0,0.0,0.0,0.0,0.0,0.0,0.0,0.0,0.0,0.0,0.0,0.0,0.0,0.0,0.0,0.0666666666666666,0.3,0.0,0.0,0.0,0.0,0.0,0.0
20260630,WFG2,8,199,0.4524209752242114,0.4524209752242114,0.4524209752242114,0.4524209752242114,0.4524209752242114,0.4524209752242114,1,1,0,0,0.0,0.0,0.0,0.0,0.0,0.0,0.0,0.0,0.0,0.0,0.0,0.0,0.0,0.0,0.0,0.55,0.6333333333333333,0.7166666666666667,0.0,0.0,0.0,0.0,0.0,0.0
20260630,WFG2,9,338,0.3655463887091597,0.3655463887091597,0.3655463887091597,0.3655463887091597,0.3655463887091597,0.3655463887091597,1,1,0,0,0.0,0.0,0.0,0.0,0.0,0.0,0.0,0.0,0.0,0.0,0.0,0.0,0.0,0.0,0.0,0.4333333333333333,0.4666666666666667,0.5666666666666667,0.0,0.0,0.0,0.0,0.0,0.0
20260630,WFG2,12,73,0.5813210677516791,0.6786130175021508,0.6786130175021508,0.5813210677516791,0.5813210677516791,0.6786130175021508,1,1,0,0,0.0,0.0,0.0,0.0,0.0,0.0,0.0,0.0,0.0,0.0,0.0,0.0,0.0,0.0,0.0,0.4333333333333333,0.6666666666666666,0.85,0.0,0.0,0.0,0.0,0.0,0.0
20260630,WFG2,15,472,0.504375329645294,0.5898798277576671,0.5898798277576671,0.504375329645294,0.504375329645294,0.5898798277576671,1,1,0,0,0.0,0.0,0.0333333333333333,0.0,0.0,0.0,0.0,0.0,0.0,0.0,0.0,0.0333333333333333,0.0,0.0,0.0333333333333333,0.8666666666666667,0.9666666666666668,0.9833333333333332,0.0,0.0,0.0333333333333333,0.0,0.0,0.0
20260630,WFG2,5,297,0.2739494259836501,0.2739494259836501,0.2739494259836501,0.2739494259836501,0.2739494259836501,0.2739494259836501,1,1,0,0,0.0,0.0,0.0,0.0,0.0,0.0,0.0,0.0,0.0,0.0,0.0,0.0,0.0,0.0,0.0,0.0166666666666666,0.2166666666666666,0.6,0.0,0.0,0.0,0.0,0.0,0.0
20260630,WFG2,9,212,0.4036149010911536,0.4036149010911536,0.4036149010911536,0.4036149010911536,0.4036149010911536,0.4036149010911536,1,1,0,0,0.0,0.0,0.0,0.0,0.0,0.0,0.0,0.0,0.0,0.0,0.0,0.0,0.0,0.0,0.0,0.2166666666666666,0.3166666666666666,0.6333333333333333,0.0,0.0,0.0,0.0,0.0,0.0
20260630,WFG2,4,62,0.2864458146512116,0.2864458146512116,0.2864458146512116,0.2864458146512116,0.2864458146512116,0.2864458146512116,1,1,0,0,0.0,0.0,0.0,0.0,0.0,0.0,0.0,0.0,0.0,0.0,0.0,0.0,0.0,0.0,0.0,0.0,0.2166666666666666,0.4833333333333333,0.0,0.0,0.0,0.0,0.0,0.0
20260630,WFG2,11,491,0.4603317489817504,0.4603317489817504,0.4603317489817504,0.4603317489817504,0.4603317489817504,0.4603317489817504,1,1,0,0,0.0,0.0,0.0,0.0,0.0,0.0,0.0,0.0,0.0,0.0,0.0,0.0,0.0,0.0,0.0,0.3333333333333333,0.6,0.7,0.0,0.0,0.0,0.0,0.0,0.0
20260630,WFG2,14,240,0.4952143651250684,0.4952143651250684,0.4952143651250684,0.4952143651250684,0.4952143651250684,0.4952143651250684,1,1,0,0,0.0,0.0,0.0,0.0,0.0,0.0,0.0,0.0,0.0,0.0,0.0,0.0,0.0,0.0,0.0,0.4666666666666667,0.6,0.85,0.0,0.0,0.0,0.0,0.0,0.0
20260630,WFG2,7,384,0.2654195158545501,0.2654195158545501,0.2654195158545501,0.2654195158545501,0.2654195158545501,0.2654195158545501,1,1,0,0,0.0,0.0,0.0,0.0,0.0,0.0,0.0,0.0,0.0,0.0,0.0,0.0,0.0,0.0,0.0,0.0,0.1,0.1166666666666666,0.0,0.0,0.0,0.0,0.0,0.0
20260630,WFG2,12,446,0.4258579358395376,0.4919796347059896,0.4919796347059896,0.4258579358395376,0.4258579358395376,0.4919796347059896,1,1,0,0,0.25,0.5333333333333333,0.6166666666666667,0.0,0.0,0.0,0.0,0.0,0.0,0.25,0.5333333333333333,0.6166666666666667,0.25,0.5333333333333333,0.6166666666666667,0.6833333333333333,0.7,0.8666666666666667,0.25,0.5333333333333333,0.6166666666666667,0.0,0.0,0.0
20260630,WFG2,13,316,0.5000616361535628,0.5000616361535628,0.5000616361535628,0.5000616361535628,0.5000616361535628,0.5000616361535628,1,1,0,0,0.0,0.0,0.0,0.0,0.0,0.0,0.0,0.0,0.0,0.0,0.0,0.0,0.0,0.0,0.0,0.25,0.5666666666666667,0.8833333333333333,0.0,0.0,0.0,0.0,0.0,0.0
20260630,WFG2,5,123,0.3652809563064958,0.3652809563064958,0.3652809563064958,0.3652809563064958,0.3652809563064958,0.3652809563064958,1,1,0,0,0.0,0.0,0.0666666666666666,0.0,0.0,0.0,0.0,0.0,0.0,0.0,0.0,0.0666666666666666,0.0,0.0,0.0666666666666666,0.2,0.2166666666666666,0.6333333333333333,0.0,0.0,0.0666666666666666,0.0,0.0,0.0
20260630,WFG2,12,330,0.4552852761487149,0.4552852761487149,0.4552852761487149,0.4552852761487149,0.4552852761487149,0.4552852761487149,1,1,0,0,0.0,0.0,0.0,0.0,0.0,0.0,0.0,0.0,0.0,0.0,0.0,0.0,0.0,0.0,0.0,0.3166666666666666,0.6333333333333333,0.7833333333333333,0.0,0.0,0.0,0.0,0.0,0.0
20260630,WFG2,15,385,0.4761937458063741,0.4761937458063741,0.4761937458063741,0.4761937458063741,0.4761937458063741,0.4761937458063741,1,1,0,0,0.0,0.0,0.0,0.0,0.0,0.0,0.0,0.0,0.0,0.0,0.0,0.0,0.0,0.0,0.0,0.1166666666666666,0.4166666666666667,0.7,0.0,0.0,0.0,0.0,0.0,0.0
20260630,WFG2,9,192,0.4503334421440393,0.4503334421440393,0.4503334421440393,0.4503334421440393,0.4503334421440393,0.4503334421440393,1,1,0,0,0.0,0.0,0.0,0.0,0.0,0.0,0.0,0.0,0.0,0.0,0.0,0.0,0.0,0.0,0.0,0.0,0.1666666666666666,0.6833333333333333,0.0,0.0,0.0,0.0,0.0,0.0
20260630,WFG2,6,361,0.3929882518001859,0.3929882518001859,0.3929882518001859,0.3929882518001859,0.3929882518001859,0.3929882518001859,1,1,0,0,0.0,0.0,0.0,0.0,0.0,0.0,0.0,0.0,0.0,0.0,0.0,0.0,0.0,0.0,0.0,0.1333333333333333,0.7333333333333333,0.9666666666666668,0.0,0.0,0.0,0.0,0.0,0.0
20260630,WFG2,3,67,0.1485981210640753,0.1485981210640753,0.1485981210640753,0.1485981210640753,0.1485981210640753,0.1485981210640753,1,1,0,0,0.0,0.0,0.0,0.0,0.0,0.0,0.0,0.0,0.0,0.0,0.0,0.0,0.0,0.0,0.0,0.0,0.0,0.0,0.0,0.0,0.0,0.0,0.0,0.0
20260630,WFG2,6,225,0.4120161033334619,0.4120161033334619,0.4120161033334619,0.4120161033334619,0.4120161033334619,0.4120161033334619,1,1,0,0,0.0,0.0,0.0,0.0,0.0,0.0,0.0,0.0,0.0,0.0,0.0,0.0,0.0,0.0,0.0,0.3,0.5333333333333333,0.7666666666666667,0.0,0.0,0.0,0.0,0.0,0.0
20260630,WFG2,5,287,0.3249874212518347,0.3249874212518347,0.3249874212518347,0.3249874212518347,0.3249874212518347,0.3249874212518347,1,1,0,0,0.0,0.0,0.0,0.0,0.0,0.0,0.0,0.0,0.0,0.0,0.0,0.0,0.0,0.0,0.0,0.0,0.0833333333333333,0.35,0.0,0.0,0.0,0.0,0.0,0.0
20260630,WFG2,8,477,0.4601963001726679,0.4601963001726679,0.4601963001726679,0.4601963001726679,0.4601963001726679,0.4601963001726679,1,1,0,0,0.0,0.0833333333333333,0.15,0.0,0.0,0.0,0.0,0.0,0.0,0.0,0.0833333333333333,0.15,0.0,0.0833333333333333,0.15,0.0,0.2333333333333333,0.8,0.0,0.0833333333333333,0.15,0.0,0.0,0.0
20260630,WFG2,3,39,0.2441951043040037,0.2441951043040037,0.2441951043040037,0.2441951043040037,0.2441951043040037,0.2441951043040037,1,1,0,0,0.0,0.0,0.0,0.0,0.0,0.0,0.0,0.0,0.0,0.0,0.0,0.0,0.0,0.0,0.0,0.0,0.0,0.3166666666666666,0.0,0.0,0.0,0.0,0.0,0.0
20260630,WFG2,7,485,0.3289799280966278,0.3289799280966278,0.3289799280966278,0.3289799280966278,0.3289799280966278,0.3289799280966278,1,1,0,0,0.0,0.0,0.0,0.0,0.0,0.0,0.0,0.0,0.0,0.0,0.0,0.0,0.0,0.0,0.0,0.1666666666666666,0.3666666666666666,0.8,0.0,0.0,0.0,0.0,0.0,0.0
20260630,WFG2,9,353,0.3759359902503654,0.3759359902503654,0.3759359902503654,0.3759359902503654,0.3759359902503654,0.3759359902503654,1,1,0,0,0.0,0.0,0.0,0.0,0.0,0.0,0.0,0.0,0.0,0.0,0.0,0.0,0.0,0.0,0.0,0.3666666666666666,0.3833333333333333,0.3333333333333333,0.0,0.0,0.0,0.0,0.0,0.0
20260630,WFG2,9,149,0.4502175588985749,0.4502175588985749,0.4502175588985749,0.4502175588985749,0.4502175588985749,0.4502175588985749,1,1,0,0,0.0,0.0,0.0,0.0,0.0,0.0,0.0,0.0,0.0,0.0,0.0,0.0,0.0,0.0,0.0,0.0,0.15,0.55,0.0,0.0,0.0,0.0,0.0,0.0
20260630,WFG2,3,64,0.127865314562027,0.127865314562027,0.127865314562027,0.127865314562027,0.127865314562027,0.127865314562027,1,1,0,0,0.0,0.0,0.0,0.0,0.0,0.0,0.0,0.0,0.0,0.0,0.0,0.0,0.0,0.0,0.0,0.0,0.0,0.05,0.0,0.0,0.0,0.0,0.0,0.0
20260630,WFG2,7,294,0.3306252760121655,0.3306252760121655,0.3306252760121655,0.3306252760121655,0.3306252760121655,0.3306252760121655,1,1,0,0,0.0,0.0,0.0,0.0,0.0,0.0,0.0,0.0,0.0,0.0,0.0,0.0,0.0,0.0,0.0,0.0,0.0333333333333333,0.35,0.0,0.0,0.0,0.0,0.0,0.0
20260630,WFG2,15,190,0.5615867040038353,0.5615867040038353,0.5615867040038353,0.5615867040038353,0.5615867040038353,0.5615867040038353,1,1,0,0,0.0,0.0,0.0,0.0,0.0,0.0,0.0,0.0,0.0,0.0,0.0,0.0,0.0,0.0,0.0,0.3666666666666666,0.2666666666666666,0.7,0.0,0.0,0.0,0.0,0.0,0.0
20260630,WFG2,6,311,0.3490432410322757,0.3490432410322757,0.3490432410322757,0.3490432410322757,0.3490432410322757,0.3490432410322757,1,1,0,0,0.0,0.0,0.0,0.0,0.0,0.0,0.0,0.0,0.0,0.0,0.0,0.0,0.0,0.0,0.0,0.1166666666666666,0.3666666666666666,0.5333333333333333,0.0,0.0,0.0,0.0,0.0,0.0
20260630,WFG2,7,415,0.3983593420431501,0.4573415119180534,0.4573415119180534,0.3983593420431501,0.3983593420431501,0.4573415119180534,1,1,0,0,0.0,0.0,0.0,0.0,0.0,0.0,0.0,0.0,0.0,0.0,0.0,0.0,0.0,0.0,0.0,0.35,0.5333333333333333,0.6333333333333333,0.0,0.0,0.0,0.0,0.0,0.0
20260630,WFG2,4,64,0.1659158773452744,0.1659158773452744,0.1659158773452744,0.1659158773452744,0.1659158773452744,0.1659158773452744,1,1,0,0,0.0,0.0,0.0,0.0,0.0,0.0,0.0,0.0,0.0,0.0,0.0,0.0,0.0,0.0,0.0,0.0,0.0,0.0,0.0,0.0,0.0,0.0,0.0,0.0
20260630,WFG2,7,282,0.3647704103552568,0.3647704103552568,0.3647704103552568,0.3647704103552568,0.3647704103552568,0.3647704103552568,1,1,0,0,0.0,0.0,0.0,0.0,0.0,0.0,0.0,0.0,0.0,0.0,0.0,0.0,0.0,0.0,0.0,0.4333333333333333,0.6666666666666666,0.65,0.0,0.0,0.0,0.0,0.0,0.0
20260630,WFG2,8,418,0.3347328511837865,0.3347328511837865,0.3347328511837865,0.3347328511837865,0.3347328511837865,0.3347328511837865,1,1,0,0,0.0,0.0,0.0,0.0,0.0,0.0,0.0,0.0,0.0,0.0,0.0,0.0,0.0,0.0,0.0,0.2666666666666666,0.6166666666666667,0.6666666666666666,0.0,0.0,0.0,0.0,0.0,0.0
20260630,WFG2,4,121,0.2239840478173955,0.2239840478173955,0.2239840478173955,0.2239840478173955,0.2239840478173955,0.2239840478173955,1,1,0,0,0.0,0.0,0.0,0.0,0.0,0.0,0.0,0.0,0.0,0.0,0.0,0.0,0.0,0.0,0.0,0.0,0.0,0.0166666666666666,0.0,0.0,0.0,0.0,0.0,0.0
20260630,WFG2,14,88,0.553992890289995,0.553992890289995,0.553992890289995,0.553992890289995,0.553992890289995,0.553992890289995,1,1,0,0,0.0,0.0,0.0,0.0,0.0,0.0,0.0,0.0,0.0,0.0,0.0,0.0,0.0,0.0,0.0,0.0,0.3833333333333333,0.75,0.0,0.0,0.0,0.0,0.0,0.0
20260630,WFG2,4,181,0.1912108111422599,0.1912108111422599,0.1912108111422599,0.1912108111422599,0.1912108111422599,0.1912108111422599,1,1,0,0,0.0,0.0,0.0,0.0,0.0,0.0,0.0,0.0,0.0,0.0,0.0,0.0,0.0,0.0,0.0,0.0,0.0833333333333333,0.2,0.0,0.0,0.0,0.0,0.0,0.0
20260630,WFG2,13,261,0.494825863470776,0.5977670540172995,0.5977670540172995,0.494825863470776,0.494825863470776,0.5977670540172995,1,1,0,0,0.0,0.15,0.2,0.0,0.0,0.0,0.0,0.0,0.0,0.0,0.15,0.2,0.0,0.15,0.2,0.3333333333333333,0.5666666666666667,0.85,0.0,0.15,0.2,0.0,0.0,0.0
20260630,WFG2,11,111,0.4736938201312607,0.6390087924073976,0.6390087924073976,0.4736938201312607,0.4736938201312607,0.6390087924073976,1,1,0,0,0.0,0.0,0.0,0.0,0.0,0.0,0.0,0.0,0.0,0.0,0.0,0.0,0.0,0.0,0.0,0.2166666666666666,0.5833333333333334,0.7166666666666667,0.0,0.0,0.0,0.0,0.0,0.0
20260630,WFG2,6,294,0.2994091282342701,0.2994091282342701,0.2994091282342701,0.2994091282342701,0.2994091282342701,0.2994091282342701,1,1,0,0,0.0,0.0,0.0,0.0,0.0,0.0,0.0,0.0,0.0,0.0,0.0,0.0,0.0,0.0,0.0,0.15,0.2833333333333333,0.2666666666666666,0.0,0.0,0.0,0.0,0.0,0.0
20260630,DTLZ,14,121,0.7865093879953349,0.7739899321122002,0.7739899321122002,0.7865093879953349,0.7865093879953349,0.7739899321122002,1,1,0,0,0.0,0.0,0.35,0.0,0.0,0.0,0.0,0.0,0.0,0.0,0.0,0.35,0.0,0.0,0.35,0.25,0.6333333333333333,0.9333333333333332,0.0,0.0,0.35,0.0,0.0,0.0
20260630,DTLZ,3,348,0.911670075053703,0.8677266109628713,0.8677266109628713,0.911670075053703,0.911670075053703,0.8677266109628713,1,1,0,0,0.1333333333333333,0.35,0.6666666666666666,0.0,0.0,0.0,0.0,0.0,0.0,0.1333333333333333,0.35,0.6666666666666666,0.1333333333333333,0.35,0.6666666666666666,0.7333333333333333,0.9166666666666666,0.9833333333333332,0.1333333333333333,0.35,0.6666666666666666,0.0,0.0,0.0
20260630,DTLZ,12,411,0.7608602775532586,0.7503660260643427,0.7503660260643427,0.7608602775532586,0.7608602775532586,0.7503660260643427,1,1,0,0,0.1833333333333333,0.65,0.85,0.0,0.0,0.0,0.0,0.0,0.0,0.1833333333333333,0.65,0.85,0.1833333333333333,0.65,0.85,0.9333333333333332,0.9833333333333332,1.0,0.1833333333333333,0.65,0.85,0.0,0.0,0.0
20260630,DTLZ,14,113,0.7802966832116128,0.734849944068634,0.734849944068634,0.7802966832116128,0.7802966832116128,0.734849944068634,1,1,0,0,0.0,0.0666666666666666,0.3333333333333333,0.0,0.0,0.0,0.0,0.0,0.0,0.0,0.0666666666666666,0.3333333333333333,0.0,0.0666666666666666,0.3333333333333333,0.3,0.7166666666666667,0.85,0.0,0.0666666666666666,0.3333333333333333,0.0,0.0,0.0
20260630,DTLZ,8,277,0.7621342370534716,0.7302843557541949,0.7302843557541949,0.7621342370534716,0.7621342370534716,0.7302843557541949,1,1,0,0,0.3833333333333333,0.7166666666666667,0.9333333333333332,0.0,0.0,0.0,0.0,0.0,0.0,0.3833333333333333,0.7166666666666667,0.9333333333333332,0.3833333333333333,0.7166666666666667,0.9333333333333332,0.6666666666666666,0.8166666666666667,0.95,0.3833333333333333,0.7166666666666667,0.9333333333333332,0.0,0.0,0.0
20260630,DTLZ,6,464,0.7447165028586958,0.7559559763990583,0.7559559763990583,0.7447165028586958,0.7447165028586958,0.7559559763990583,1,1,0,0,0.2,0.3666666666666666,0.5666666666666667,0.0,0.0,0.0,0.0,0.0,0.0,0.2,0.3666666666666666,0.5666666666666667,0.2,0.3666666666666666,0.5666666666666667,0.5,0.8333333333333334,0.95,0.2,0.3666666666666666,0.5666666666666667,0.0,0.0,0.0
20260630,DTLZ,6,406,0.7699668276766596,0.7567581611054609,0.7567581611054609,0.7699668276766596,0.7699668276766596,0.7567581611054609,1,1,0,0,0.0,0.1833333333333333,0.7333333333333333,0.0,0.0,0.0,0.0,0.0,0.0,0.0,0.1833333333333333,0.7333333333333333,0.0,0.1833333333333333,0.7333333333333333,0.8,0.9333333333333332,0.9333333333333332,0.0,0.1833333333333333,0.7333333333333333,0.0,0.0,0.0
20260630,DTLZ,10,172,0.751307561245267,0.7407913168869048,0.7407913168869048,0.751307561245267,0.751307561245267,0.7407913168869048,1,1,0,0,0.3166666666666666,0.45,0.6833333333333333,0.0,0.0,0.0,0.0,0.0,0.0,0.3166666666666666,0.45,0.6833333333333333,0.3166666666666666,0.45,0.6833333333333333,0.5,0.7333333333333333,0.9333333333333332,0.3166666666666666,0.45,0.6833333333333333,0.0,0.0,0.0
20260630,DTLZ,9,484,0.7479934878430695,0.7383273647540086,0.7383273647540086,0.7479934878430695,0.7479934878430695,0.7383273647540086,1,1,0,0,0.1166666666666666,0.25,0.5166666666666667,0.0,0.0,0.0,0.0,0.0,0.0,0.1166666666666666,0.25,0.5166666666666667,0.1166666666666666,0.25,0.5166666666666667,0.6333333333333333,0.75,0.9166666666666666,0.1166666666666666,0.25,0.5166666666666667,0.0,0.0,0.0
20260630,DTLZ,8,465,0.7542066944179525,0.723616449730733,0.723616449730733,0.7542066944179525,0.7542066944179525,0.723616449730733,1,1,0,0,0.6166666666666667,0.7166666666666667,0.9,0.0,0.0,0.0,0.0,0.0,0.0,0.6166666666666667,0.7166666666666667,0.9,0.6166666666666667,0.7166666666666667,0.9,0.4333333333333333,0.8166666666666667,0.95,0.6166666666666667,0.7166666666666667,0.9,0.0,0.0,0.0
20260630,DTLZ,13,344,0.7350496508465317,0.7566662101163657,0.7566662101163657,0.7350496508465317,0.7350496508465317,0.7566662101163657,1,1,0,0,0.7,0.8666666666666667,0.9333333333333332,0.0,0.0,0.0,0.0,0.0,0.0,0.7,0.8666666666666667,0.9333333333333332,0.7,0.8666666666666667,0.9333333333333332,0.7333333333333333,0.85,1.0,0.7,0.8666666666666667,0.9333333333333332,0.0,0.0,0.0
20260630,DTLZ,10,74,0.7459107030633381,0.7459107030633381,0.7459107030633381,0.7459107030633381,0.7459107030633381,0.7459107030633381,1,1,0,0,0.0,0.05,0.1833333333333333,0.0,0.0,0.0,0.0,0.0,0.0,0.0,0.05,0.1833333333333333,0.0,0.05,0.1833333333333333,0.5166666666666667,0.75,0.8666666666666667,0.0,0.05,0.1833333333333333,0.0,0.0,0.0
20260630,DTLZ,3,447,0.9595702537470534,0.8656810645837386,0.8656810645837386,0.9595702537470534,0.9595702537470534,0.8656810645837386,1,1,0,0,0.0,0.05,0.2833333333333333,0.0,0.0,0.0,0.0,0.0,0.0,0.0,0.05,0.2833333333333333,0.0,0.05,0.2833333333333333,0.9166666666666666,0.9833333333333332,0.9833333333333332,0.0,0.05,0.2833333333333333,0.0,0.0,0.0
20260630,DTLZ,7,462,0.787632171703996,0.7412174702830232,0.7412174702830232,0.787632171703996,0.787632171703996,0.7412174702830232,1,1,0,0,0.4833333333333333,0.5833333333333334,0.9166666666666666,0.0,0.0,0.0,0.0,0.0,0.0,0.4833333333333333,0.5833333333333334,0.9166666666666666,0.4833333333333333,0.5833333333333334,0.9166666666666666,0.3166666666666666,0.7,0.9666666666666668,0.4833333333333333,0.5833333333333334,0.9166666666666666,0.0,0.0,0.0
20260630,DTLZ,7,177,0.7081826498418934,0.7218018322622932,0.7218018322622932,0.7081826498418934,0.7081826498418934,0.7218018322622932,1,1,0,0,0.1333333333333333,0.4166666666666667,0.45,0.0,0.0,0.0,0.0,0.0,0.0,0.1333333333333333,0.4166666666666667,0.45,0.1333333333333333,0.4166666666666667,0.45,0.6666666666666666,0.75,0.9166666666666666,0.1333333333333333,0.4166666666666667,0.45,0.0,0.0,0.0
20260630,DTLZ,8,141,0.7598832178092068,0.7423348820889487,0.7423348820889487,0.7598832178092068,0.7598832178092068,0.7423348820889487,1,1,0,0,0.2166666666666666,0.3833333333333333,0.3833333333333333,0.0,0.0,0.0,0.0,0.0,0.0,0.2166666666666666,0.3833333333333333,0.3833333333333333,0.2166666666666666,0.3833333333333333,0.3833333333333333,0.25,0.7666666666666667,0.8666666666666667,0.2166666666666666,0.3833333333333333,0.3833333333333333,0.0,0.0,0.0
20260630,DTLZ,8,186,0.7645052686306019,0.7378317146313952,0.7378317146313952,0.7645052686306019,0.7645052686306019,0.7378317146313952,1,1,0,0,0.2,0.75,0.85,0.0,0.0,0.0,0.0,0.0,0.0,0.2,0.75,0.85,0.2,0.75,0.85,0.55,0.85,1.0,0.2,0.75,0.85,0.0,0.0,0.0
20260630,DTLZ,15,131,0.7757845569275311,0.7757845569275311,0.7757845569275311,0.7757845569275311,0.7757845569275311,0.7757845569275311,1,1,0,0,0.0,0.0,0.0,0.0,0.0,0.0,0.0,0.0,0.0,0.0,0.0,0.0,0.0,0.0,0.0,0.9,1.0,1.0,0.0,0.0,0.0,0.0,0.0,0.0
20260630,DTLZ,14,490,0.7728806201831576,0.7450211528369216,0.7450211528369216,0.7728806201831576,0.7728806201831576,0.7450211528369216,1,1,0,0,0.0333333333333333,0.2,0.4166666666666667,0.0,0.0,0.0,0.0,0.0,0.0,0.0333333333333333,0.2,0.4166666666666667,0.0333333333333333,0.2,0.4166666666666667,0.3833333333333333,0.7833333333333333,0.9666666666666668,0.0333333333333333,0.2,0.4166666666666667,0.0,0.0,0.0
20260630,DTLZ,7,455,0.7523360091299391,0.7309130491541995,0.7309130491541995,0.7523360091299391,0.7523360091299391,0.7309130491541995,1,1,0,0,0.35,0.6666666666666666,0.8333333333333334,0.0,0.0,0.0,0.0,0.0,0.0,0.35,0.6666666666666666,0.8333333333333334,0.35,0.6666666666666666,0.8333333333333334,0.2166666666666666,0.6333333333333333,0.95,0.35,0.6666666666666666,0.8333333333333334,0.0,0.0,0.0
20260630,DTLZ,10,235,0.7782854898553635,0.7532372579604053,0.7532372579604053,0.7782854898553635,0.7782854898553635,0.7532372579604053,1,1,0,0,0.0833333333333333,0.3166666666666666,0.6,0.0,0.0,0.0,0.0,0.0,0.0,0.0833333333333333,0.3166666666666666,0.6,0.0833333333333333,0.3166666666666666,0.6,0.5,0.7833333333333333,0.95,0.0833333333333333,0.3166666666666666,0.6,0.0,0.0,0.0
20260630,DTLZ,8,448,0.6815373427907582,0.720882852680446,0.720882852680446,0.6815373427907582,0.6815373427907582,0.720882852680446,1,1,0,0,0.0,0.0333333333333333,0.2666666666666666,0.0,0.0,0.0,0.0,0.0,0.0,0.0,0.0333333333333333,0.2666666666666666,0.0,0.0333333333333333,0.2666666666666666,0.7666666666666667,0.8333333333333334,0.9166666666666666,0.0,0.0333333333333333,0.2666666666666666,0.0,0.0,0.0
20260630,DTLZ,14,352,0.7407087519632543,0.7552073334548671,0.7552073334548671,0.7407087519632543,0.7407087519632543,0.7552073334548671,1,1,0,0,0.2166666666666666,0.4,0.55,0.0,0.0,0.0,0.0,0.0,0.0,0.2166666666666666,0.4,0.55,0.2166666666666666,0.4,0.55,0.4666666666666667,0.7833333333333333,1.0,0.2166666666666666,0.4,0.55,0.0,0.0,0.0
20260630,DTLZ,14,170,0.7485685546340165,0.7708773124419336,0.7708773124419336,0.7485685546340165,0.7485685546340165,0.7708773124419336,1,1,0,0,0.2833333333333333,0.35,0.6166666666666667,0.0,0.0,0.0,0.0,0.0,0.0,0.2833333333333333,0.35,0.6166666666666667,0.2833333333333333,0.35,0.6166666666666667,0.6666666666666666,0.95,1.0,0.2833333333333333,0.35,0.6166666666666667,0.0,0.0,0.0
20260630,DTLZ,3,123,0.8897270773927553,0.846536717180626,0.846536717180626,0.8897270773927553,0.8897270773927553,0.846536717180626,1,1,0,0,0.4,0.5333333333333333,0.5666666666666667,0.0,0.0,0.0,0.0,0.0,0.0,0.4,0.5333333333333333,0.5666666666666667,0.4,0.5333333333333333,0.5666666666666667,0.7,0.85,0.9833333333333332,0.4,0.5333333333333333,0.5666666666666667,0.0,0.0,0.0
20260630,DTLZ,15,230,0.7988925792879702,0.7554925128739292,0.7554925128739292,0.7988925792879702,0.7988925792879702,0.7554925128739292,1,1,0,0,0.0166666666666666,0.2,0.2333333333333333,0.0,0.0,0.0,0.0,0.0,0.0,0.0166666666666666,0.2,0.2333333333333333,0.0166666666666666,0.2,0.2333333333333333,0.5833333333333334,0.7666666666666667,0.9333333333333332,0.0166666666666666,0.2,0.2333333333333333,0.0,0.0,0.0
20260630,DTLZ,9,397,0.7875544732468368,0.7382504528192837,0.7382504528192837,0.7875544732468368,0.7875544732468368,0.7382504528192837,1,1,0,0,0.0,0.0333333333333333,0.2333333333333333,0.0,0.0,0.0,0.0,0.0,0.0,0.0,0.0333333333333333,0.2333333333333333,0.0,0.0333333333333333,0.2333333333333333,0.6833333333333333,0.8666666666666667,0.9833333333333332,0.0,0.0333333333333333,0.2333333333333333,0.0,0.0,0.0
20260630,DTLZ,10,351,0.7433063883583261,0.7548049009709532,0.7548049009709532,0.7368796167416777,0.7433063883583261,0.7548049009709532,0,1,0,0,0.8333333333333334,0.85,0.8833333333333333,0.0,0.0,0.0,0.0,0.0,0.0,0.5333333333333333,0.4666666666666667,0.4666666666666667,0.8333333333333334,0.85,0.8833333333333333,0.8166666666666667,0.95,1.0,0.8333333333333334,0.85,0.8833333333333333,0.0,0.0,0.0
20260630,DTLZ,13,348,0.7137112377184354,0.7173488824607374,0.7173488824607374,0.7137112377184354,0.7137112377184354,0.7173488824607374,1,1,0,0,0.1,0.3166666666666666,0.6666666666666666,0.0,0.0,0.0,0.0,0.0,0.0,0.1,0.3166666666666666,0.6666666666666666,0.1,0.3166666666666666,0.6666666666666666,0.4166666666666667,0.8166666666666667,0.8833333333333333,0.1,0.3166666666666666,0.6666666666666666,0.0,0.0,0.0
20260630,DTLZ,10,189,0.7614850536388776,0.7567079183604829,0.7567079183604829,0.7614850536388776,0.7614850536388776,0.7567079183604829,1,1,0,0,0.45,0.5833333333333334,0.7333333333333333,0.0,0.0,0.0,0.0,0.0,0.0,0.45,0.5833333333333334,0.7333333333333333,0.45,0.5833333333333334,0.7333333333333333,0.5166666666666667,0.7666666666666667,0.95,0.45,0.5833333333333334,0.7333333333333333,0.0,0.0,0.0
20260630,DTLZ,8,91,0.7647538425149246,0.7709529543963483,0.7709529543963483,0.7647538425149246,0.7647538425149246,0.7709529543963483,1,1,0,0,0.0333333333333333,0.1666666666666666,0.6166666666666667,0.0,0.0,0.0,0.0,0.0,0.0,0.0333333333333333,0.1666666666666666,0.6166666666666667,0.0333333333333333,0.1666666666666666,0.6166666666666667,0.2833333333333333,0.75,0.8666666666666667,0.0333333333333333,0.1666666666666666,0.6166666666666667,0.0,0.0,0.0
20260630,DTLZ,12,242,0.7366976662911751,0.725782629731462,0.725782629731462,0.7366976662911751,0.7366976662911751,0.725782629731462,1,1,0,0,0.4,0.7666666666666667,0.7333333333333333,0.0,0.0,0.0,0.0,0.0,0.0,0.4,0.7666666666666667,0.7333333333333333,0.4,0.7666666666666667,0.7333333333333333,0.45,0.7333333333333333,0.9166666666666666,0.4,0.7666666666666667,0.7333333333333333,0.0,0.0,0.0
20260630,DTLZ,13,208,0.7979884572935002,0.7813576620218714,0.7813576620218714,0.7979884572935002,0.7979884572935002,0.7813576620218714,1,1,0,0,0.6333333333333333,0.7166666666666667,0.8333333333333334,0.0,0.0,0.0,0.0,0.0,0.0,0.6333333333333333,0.7166666666666667,0.8333333333333334,0.6333333333333333,0.7166666666666667,0.8333333333333334,0.7,0.9166666666666666,0.95,0.6333333333333333,0.7166666666666667,0.8333333333333334,0.0,0.0,0.0
20260630,DTLZ,11,305,0.7239398522996437,0.735894700407598,0.735894700407598,0.7239398522996437,0.7239398522996437,0.735894700407598,1,1,0,0,0.0,0.0166666666666666,0.3166666666666666,0.0,0.0,0.0,0.0,0.0,0.0,0.0,0.0166666666666666,0.3166666666666666,0.0,0.0166666666666666,0.3166666666666666,0.2833333333333333,0.5833333333333334,0.95,0.0,0.0166666666666666,0.3166666666666666,0.0,0.0,0.0
20260630,DTLZ,11,418,0.7332839477456187,0.7430305960422395,0.7430305960422395,0.7332839477456187,0.7332839477456187,0.7430305960422395,1,1,0,0,0.4,0.45,0.5166666666666667,0.0,0.0,0.0,0.0,0.0,0.0,0.4,0.45,0.5166666666666667,0.4,0.45,0.5166666666666667,0.6166666666666667,0.8333333333333334,0.9333333333333332,0.4,0.45,0.5166666666666667,0.0,0.0,0.0
20260630,DTLZ,12,431,0.7132803400157102,0.7253342292025491,0.7253342292025491,0.7132803400157102,0.7132803400157102,0.7253342292025491,1,1,0,0,0.2,0.4666666666666667,0.6333333333333333,0.0,0.0,0.0,0.0,0.0,0.0,0.2,0.4666666666666667,0.6333333333333333,0.2,0.4666666666666667,0.6333333333333333,0.3666666666666666,0.5333333333333333,0.9833333333333332,0.2,0.4666666666666667,0.6333333333333333,0.0,0.0,0.0
20260630,DTLZ,11,319,0.778064794988436,0.738793945931975,0.738793945931975,0.778064794988436,0.778064794988436,0.738793945931975,1,1,0,0,0.0833333333333333,0.3166666666666666,0.7166666666666667,0.0,0.0,0.0,0.0,0.0,0.0,0.0833333333333333,0.3166666666666666,0.7166666666666667,0.0833333333333333,0.3166666666666666,0.7166666666666667,0.2833333333333333,0.6,0.8166666666666667,0.0833333333333333,0.3166666666666666,0.7166666666666667,0.0,0.0,0.0
20260630,DTLZ,5,433,0.8325695901995459,0.7518682715235128,0.7518682715235128,0.8325695901995459,0.8325695901995459,0.7518682715235128,1,1,0,0,0.55,0.5666666666666667,0.5333333333333333,0.0,0.0,0.0,0.0,0.0,0.0,0.55,0.5666666666666667,0.5333333333333333,0.55,0.5666666666666667,0.5333333333333333,0.6,0.8666666666666667,0.9666666666666668,0.55,0.5666666666666667,0.5333333333333333,0.0,0.0,0.0
20260630,DTLZ,7,167,0.7128683240432546,0.7329128359112436,0.7329128359112436,0.7128683240432546,0.7128683240432546,0.7329128359112436,1,1,0,0,0.0,0.0333333333333333,0.3166666666666666,0.0,0.0,0.0,0.0,0.0,0.0,0.0,0.0333333333333333,0.3166666666666666,0.0,0.0333333333333333,0.3166666666666666,0.2333333333333333,0.5666666666666667,0.9166666666666666,0.0,0.0333333333333333,0.3166666666666666,0.0,0.0,0.0
20260630,DTLZ,14,64,0.7742588650149205,0.7742588650149205,0.7742588650149205,0.7742588650149205,0.7742588650149205,0.7742588650149205,1,1,0,0,0.3833333333333333,0.4,0.3666666666666666,0.0,0.0,0.0,0.0,0.0,0.0,0.3833333333333333,0.4,0.3666666666666666,0.3833333333333333,0.4,0.3666666666666666,0.65,0.85,0.8666666666666667,0.3833333333333333,0.4,0.3666666666666666,0.0,0.0,0.0
20260630,DTLZ,6,209,0.7690470376907198,0.7480778164031681,0.7480778164031681,0.7690470376907198,0.7690470376907198,0.7480778164031681,1,1,0,0,0.3833333333333333,0.4166666666666667,0.8166666666666667,0.0,0.0,0.0,0.0,0.0,0.0,0.3833333333333333,0.4166666666666667,0.8166666666666667,0.3833333333333333,0.4166666666666667,0.8166666666666667,0.6666666666666666,0.9,0.8666666666666667,0.3833333333333333,0.4166666666666667,0.8166666666666667,0.0,0.0,0.0
20260630,DTLZ,11,383,0.7800592014558556,0.7457628246599389,0.7457628246599389,0.7800592014558556,0.7800592014558556,0.7457628246599389,1,1,0,0,0.0,0.0333333333333333,0.3166666666666666,0.0,0.0,0.0,0.0,0.0,0.0,0.0,0.0333333333333333,0.3166666666666666,0.0,0.0333333333333333,0.3166666666666666,0.9,0.9833333333333332,0.9333333333333332,0.0,0.0333333333333333,0.3166666666666666,0.0,0.0,0.0
20260630,DTLZ,12,289,0.7914950852591692,0.7501544127288488,0.7501544127288488,0.7914950852591692,0.7914950852591692,0.7501544127288488,1,1,0,0,0.0,0.0166666666666666,0.3166666666666666,0.0,0.0,0.0,0.0,0.0,0.0,0.0,0.0166666666666666,0.3166666666666666,0.0,0.0166666666666666,0.3166666666666666,0.7166666666666667,0.8666666666666667,0.9333333333333332,0.0,0.0166666666666666,0.3166666666666666,0.0,0.0,0.0
20260630,DTLZ,5,325,0.8140142987272576,0.7696169253431504,0.7696169253431504,0.8140142987272576,0.8140142987272576,0.7696169253431504,1,1,0,0,0.0,0.2,0.4833333333333333,0.0,0.0,0.0,0.0,0.0,0.0,0.0,0.2,0.4833333333333333,0.0,0.2,0.4833333333333333,0.3833333333333333,0.9166666666666666,0.9666666666666668,0.0,0.2,0.4833333333333333,0.0,0.0,0.0
20260630,DTLZ,12,123,0.7303544672242129,0.7682439020860728,0.7682439020860728,0.7303544672242129,0.7303544672242129,0.7682439020860728,1,1,0,0,0.3166666666666666,0.55,0.6833333333333333,0.0,0.0,0.0,0.0,0.0,0.0,0.3166666666666666,0.55,0.6833333333333333,0.3166666666666666,0.55,0.6833333333333333,0.55,0.85,0.95,0.3166666666666666,0.55,0.6833333333333333,0.0,0.0,0.0
20260630,DTLZ,13,209,0.8243925851101186,0.8243925851101186,0.8243925851101186,0.8243925851101186,0.8243925851101186,0.8243925851101186,1,1,0,0,0.0,0.0,0.0,0.0,0.0,0.0,0.0,0.0,0.0,0.0,0.0,0.0,0.0,0.0,0.0,0.9,1.0,1.0,0.0,0.0,0.0,0.0,0.0,0.0
20260630,DTLZ,15,185,0.7500930504521371,0.7540151971711364,0.7540151971711364,0.7500930504521371,0.7500930504521371,0.7540151971711364,1,1,0,0,0.35,0.75,0.85,0.0,0.0,0.0,0.0,0.0,0.0,0.35,0.75,0.85,0.35,0.75,0.85,0.8833333333333333,0.8833333333333333,0.8833333333333333,0.35,0.75,0.85,0.0,0.0,0.0
20260630,DTLZ,14,424,0.7457441638879955,0.746100943386167,0.746100943386167,0.7457441638879955,0.7457441638879955,0.746100943386167,1,1,0,0,0.1,0.1833333333333333,0.6166666666666667,0.0,0.0,0.0,0.0,0.0,0.0,0.1,0.1833333333333333,0.6166666666666667,0.1,0.1833333333333333,0.6166666666666667,0.7833333333333333,0.9333333333333332,1.0,0.1,0.1833333333333333,0.6166666666666667,0.0,0.0,0.0
20260630,DTLZ,6,104,0.7731252299122231,0.738355835227744,0.738355835227744,0.7731252299122231,0.7731252299122231,0.738355835227744,1,1,0,0,0.8166666666666667,0.9666666666666668,1.0,0.0,0.0,0.0,0.0,0.0,0.0,0.8166666666666667,0.9666666666666668,1.0,0.8166666666666667,0.9666666666666668,1.0,0.0333333333333333,0.3,0.7833333333333333,0.8166666666666667,0.9666666666666668,1.0,0.0,0.0,0.0
20260630,DTLZ,3,400,0.9149985480875146,0.8579150731317955,0.8579150731317955,0.9149985480875146,0.9149985480875146,0.8579150731317955,1,1,0,0,0.3833333333333333,0.45,0.65,0.0,0.0,0.0,0.0,0.0,0.0,0.3833333333333333,0.45,0.65,0.3833333333333333,0.45,0.65,0.9,0.9666666666666668,1.0,0.3833333333333333,0.45,0.65,0.0,0.0,0.0
20260630,DTLZ,11,176,0.7720608250366435,0.7765938690438409,0.7765938690438409,0.7720608250366435,0.7720608250366435,0.7765938690438409,1,1,0,0,0.5,0.4666666666666667,0.6666666666666666,0.0,0.0,0.0,0.0,0.0,0.0,0.5,0.4666666666666667,0.6666666666666666,0.5,0.4666666666666667,0.6666666666666666,0.5166666666666667,0.8333333333333334,0.9666666666666668,0.5,0.4666666666666667,0.6666666666666666,0.0,0.0,0.0
20260630,DTLZ,4,477,0.882451648364413,0.791011744899767,0.791011744899767,0.882451648364413,0.882451648364413,0.791011744899767,1,1,0,0,0.15,0.3166666666666666,0.5,0.0,0.0,0.0,0.0,0.0,0.0,0.15,0.3166666666666666,0.5,0.15,0.3166666666666666,0.5,0.8,0.9166666666666666,0.9833333333333332,0.15,0.3166666666666666,0.5,0.0,0.0,0.0
20260630,DTLZ,7,420,0.7556066527675095,0.7431981564199621,0.7431981564199621,0.7556066527675095,0.7556066527675095,0.7431981564199621,1,1,0,0,0.0,0.0,0.2833333333333333,0.0,0.0,0.0,0.0,0.0,0.0,0.0,0.0,0.2833333333333333,0.0,0.0,0.2833333333333333,0.55,0.8833333333333333,0.9666666666666668,0.0,0.0,0.2833333333333333,0.0,0.0,0.0
20260630,DTLZ,15,201,0.7392779126682479,0.76447673487835,0.76447673487835,0.7392779126682479,0.7392779126682479,0.76447673487835,1,1,0,0,0.2166666666666666,0.4166666666666667,0.4833333333333333,0.0,0.0,0.0,0.0,0.0,0.0,0.2166666666666666,0.4166666666666667,0.4833333333333333,0.2166666666666666,0.4166666666666667,0.4833333333333333,0.3333333333333333,0.7333333333333333,1.0,0.2166666666666666,0.4166666666666667,0.4833333333333333,0.0,0.0,0.0
20260630,DTLZ,4,197,0.8766494891730119,0.7620281945840303,0.7620281945840303,0.8766494891730119,0.8766494891730119,0.7620281945840303,1,1,0,0,0.05,0.2166666666666666,0.5,0.0,0.0,0.0,0.0,0.0,0.0,0.05,0.2166666666666666,0.5,0.05,0.2166666666666666,0.5,0.5833333333333334,0.7666666666666667,0.9666666666666668,0.05,0.2166666666666666,0.5,0.0,0.0,0.0
20260630,DTLZ,13,75,0.8085349816403773,0.7647962127186823,0.7647962127186823,0.8085349816403773,0.8085349816403773,0.7647962127186823,1,1,0,0,0.0166666666666666,0.2833333333333333,0.7166666666666667,0.0,0.0,0.0,0.0,0.0,0.0,0.0166666666666666,0.2833333333333333,0.7166666666666667,0.0166666666666666,0.2833333333333333,0.7166666666666667,0.55,0.7666666666666667,0.8666666666666667,0.0166666666666666,0.2833333333333333,0.7166666666666667,0.0,0.0,0.0
20260630,DTLZ,15,398,0.7368411598821647,0.740339516130368,0.740339516130368,0.7368411598821647,0.7368411598821647,0.740339516130368,1,1,0,0,0.6333333333333333,0.8333333333333334,0.9333333333333332,0.0,0.0,0.0,0.0,0.0,0.0,0.6333333333333333,0.8333333333333334,0.9333333333333332,0.6333333333333333,0.8333333333333334,0.9333333333333332,0.6166666666666667,0.9,0.9833333333333332,0.6333333333333333,0.8333333333333334,0.9333333333333332,0.0,0.0,0.0
20260630,DTLZ,15,163,0.8060861913931704,0.752052536990703,0.752052536990703,0.8060861913931704,0.8060861913931704,0.752052536990703,1,1,0,0,0.1,0.3833333333333333,0.7166666666666667,0.0,0.0,0.0,0.0,0.0,0.0,0.1,0.3833333333333333,0.7166666666666667,0.1,0.3833333333333333,0.7166666666666667,0.3333333333333333,0.7166666666666667,0.8833333333333333,0.1,0.3833333333333333,0.7166666666666667,0.0,0.0,0.0
20260630,DTLZ,6,94,0.73718501783122,0.7555588870902237,0.7555588870902237,0.73718501783122,0.73718501783122,0.7555588870902237,1,1,0,0,0.4666666666666667,0.6,0.7666666666666667,0.0,0.0,0.0,0.0,0.0,0.0,0.4666666666666667,0.6,0.7666666666666667,0.4666666666666667,0.6,0.7666666666666667,0.4,0.6833333333333333,0.9333333333333332,0.4666666666666667,0.6,0.7666666666666667,0.0,0.0,0.0
20260630,DTLZ,9,296,0.7468731496713132,0.7457996955660221,0.7457996955660221,0.7468731496713132,0.7468731496713132,0.7457996955660221,1,1,0,0,0.0166666666666666,0.1833333333333333,0.3666666666666666,0.0,0.0,0.0,0.0,0.0,0.0,0.0166666666666666,0.1833333333333333,0.3666666666666666,0.0166666666666666,0.1833333333333333,0.3666666666666666,0.7,0.9,0.9333333333333332,0.0166666666666666,0.1833333333333333,0.3666666666666666,0.0,0.0,0.0
20260630,DTLZ,7,326,0.7286864936351165,0.7513316442940531,0.7513316442940531,0.7286864936351165,0.7286864936351165,0.7513316442940531,1,1,0,0,0.4666666666666667,0.5,0.7,0.0,0.0,0.0,0.0,0.0,0.0,0.4666666666666667,0.5,0.7,0.4666666666666667,0.5,0.7,0.3333333333333333,0.7666666666666667,0.9,0.4666666666666667,0.5,0.7,0.0,0.0,0.0
20260630,DTLZ,5,366,0.8017010965924081,0.7635868273158387,0.7635868273158387,0.8017010965924081,0.8017010965924081,0.7635868273158387,1,1,0,0,0.35,0.4833333333333333,0.5,0.0,0.0,0.0,0.0,0.0,0.0,0.35,0.4833333333333333,0.5,0.35,0.4833333333333333,0.5,0.55,0.8333333333333334,0.9833333333333332,0.35,0.4833333333333333,0.5,0.0,0.0,0.0
20260630,DTLZ,10,148,0.7480674127384136,0.7293400808542728,0.7293400808542728,0.7480674127384136,0.7480674127384136,0.7293400808542728,1,1,0,0,0.0,0.1,0.2833333333333333,0.0,0.0,0.0,0.0,0.0,0.0,0.0,0.1,0.2833333333333333,0.0,0.1,0.2833333333333333,0.0333333333333333,0.3833333333333333,0.9166666666666666,0.0,0.1,0.2833333333333333,0.0,0.0,0.0
20260630,DTLZ,7,69,0.8243381198675686,0.783651190773586,0.783651190773586,0.8243381198675686,0.8243381198675686,0.783651190773586,1,1,0,0,0.6666666666666666,0.7166666666666667,0.7833333333333333,0.0,0.0,0.0,0.0,0.0,0.0,0.6666666666666666,0.7166666666666667,0.7833333333333333,0.6666666666666666,0.7166666666666667,0.7833333333333333,0.6,0.8166666666666667,0.9333333333333332,0.6666666666666666,0.7166666666666667,0.7833333333333333,0.0,0.0,0.0
20260630,DTLZ,7,172,0.7442540254586654,0.7599243432044879,0.7599243432044879,0.7442540254586654,0.7442540254586654,0.7599243432044879,1,1,0,0,0.1333333333333333,0.2833333333333333,0.5,0.0,0.0,0.0,0.0,0.0,0.0,0.1333333333333333,0.2833333333333333,0.5,0.1333333333333333,0.2833333333333333,0.5,0.5333333333333333,0.8333333333333334,0.95,0.1333333333333333,0.2833333333333333,0.5,0.0,0.0,0.0
20260630,DTLZ,14,458,0.7549735138249782,0.7393996947769039,0.7393996947769039,0.7549735138249782,0.7549735138249782,0.7393996947769039,1,1,0,0,0.0,0.0166666666666666,0.2666666666666666,0.0,0.0,0.0,0.0,0.0,0.0,0.0,0.0166666666666666,0.2666666666666666,0.0,0.0166666666666666,0.2666666666666666,0.5833333333333334,0.6333333333333333,0.8666666666666667,0.0,0.0166666666666666,0.2666666666666666,0.0,0.0,0.0
20260630,DTLZ,4,485,0.8081544488437239,0.7850076371272066,0.7850076371272066,0.8081544488437239,0.8081544488437239,0.7850076371272066,1,1,0,0,0.0,0.0166666666666666,0.2833333333333333,0.0,0.0,0.0,0.0,0.0,0.0,0.0,0.0166666666666666,0.2833333333333333,0.0,0.0166666666666666,0.2833333333333333,0.6833333333333333,0.8833333333333333,0.95,0.0,0.0166666666666666,0.2833333333333333,0.0,0.0,0.0
20260630,DTLZ,10,63,0.770882578208657,0.7525940814362561,0.7525940814362561,0.770882578208657,0.770882578208657,0.7525940814362561,1,1,0,0,0.0333333333333333,0.2166666666666666,0.5666666666666667,0.0,0.0,0.0,0.0,0.0,0.0,0.0333333333333333,0.2166666666666666,0.5666666666666667,0.0333333333333333,0.2166666666666666,0.5666666666666667,0.8166666666666667,0.8666666666666667,0.95,0.0333333333333333,0.2166666666666666,0.5666666666666667,0.0,0.0,0.0
20260630,DTLZ,13,106,0.7586760696218342,0.7379474954361761,0.7379474954361761,0.7586760696218342,0.7586760696218342,0.7379474954361761,1,1,0,0,0.0166666666666666,0.1666666666666666,0.6,0.0,0.0,0.0,0.0,0.0,0.0,0.0166666666666666,0.1666666666666666,0.6,0.0166666666666666,0.1666666666666666,0.6,0.7166666666666667,0.75,0.8,0.0166666666666666,0.1666666666666666,0.6,0.0,0.0,0.0
20260630,DTLZ,13,350,0.7539825751389907,0.7249753533974821,0.7249753533974821,0.7539825751389907,0.7539825751389907,0.7249753533974821,1,1,0,0,0.45,0.6833333333333333,0.9166666666666666,0.0,0.0,0.0,0.0,0.0,0.0,0.45,0.6833333333333333,0.9166666666666666,0.45,0.6833333333333333,0.9166666666666666,0.6,0.7166666666666667,0.9833333333333332,0.45,0.6833333333333333,0.9166666666666666,0.0,0.0,0.0
20260630,DTLZ,13,184,0.7441692317007583,0.7527694791504767,0.7527694791504767,0.7441692317007583,0.7441692317007583,0.7527694791504767,1,1,0,0,0.0,0.1,0.3666666666666666,0.0,0.0,0.0,0.0,0.0,0.0,0.0,0.1,0.3666666666666666,0.0,0.1,0.3666666666666666,0.75,0.8833333333333333,0.9166666666666666,0.0,0.1,0.3666666666666666,0.0,0.0,0.0
20260630,DTLZ,14,248,0.7720389819877176,0.7503515826121679,0.7503515826121679,0.7720389819877176,0.7720389819877176,0.7503515826121679,1,1,0,0,0.4333333333333333,0.45,0.4166666666666667,0.0,0.0,0.0,0.0,0.0,0.0,0.4333333333333333,0.45,0.4166666666666667,0.4333333333333333,0.45,0.4166666666666667,0.7,0.8166666666666667,0.95,0.4333333333333333,0.45,0.4166666666666667,0.0,0.0,0.0
20260630,DTLZ,15,95,0.7618878602304098,0.788218280274839,0.788218280274839,0.7618878602304098,0.7618878602304098,0.788218280274839,1,1,0,0,0.0,0.1833333333333333,0.5333333333333333,0.0,0.0,0.0,0.0,0.0,0.0,0.0,0.1833333333333333,0.5333333333333333,0.0,0.1833333333333333,0.5333333333333333,0.3333333333333333,0.7833333333333333,0.9333333333333332,0.0,0.1833333333333333,0.5333333333333333,0.0,0.0,0.0
20260630,DTLZ,13,210,0.7743902297085614,0.7543083240964352,0.7543083240964352,0.7743902297085614,0.7743902297085614,0.7543083240964352,1,1,0,0,0.0166666666666666,0.1,0.3166666666666666,0.0,0.0,0.0,0.0,0.0,0.0,0.0166666666666666,0.1,0.3166666666666666,0.0166666666666666,0.1,0.3166666666666666,0.7666666666666667,0.9833333333333332,0.9666666666666668,0.0166666666666666,0.1,0.3166666666666666,0.0,0.0,0.0
20260630,DTLZ,9,435,0.777031758713434,0.7360598070216361,0.7360598070216361,0.777031758713434,0.777031758713434,0.7360598070216361,1,1,0,0,0.05,0.1833333333333333,0.7666666666666667,0.0,0.0,0.0,0.0,0.0,0.0,0.05,0.1833333333333333,0.7666666666666667,0.05,0.1833333333333333,0.7666666666666667,0.8166666666666667,0.8833333333333333,0.8833333333333333,0.05,0.1833333333333333,0.7666666666666667,0.0,0.0,0.0
20260630,DTLZ,8,210,0.7488053243056234,0.7344164655820049,0.7344164655820049,0.7488053243056234,0.7488053243056234,0.7344164655820049,1,1,0,0,0.0166666666666666,0.1,0.5166666666666667,0.0,0.0,0.0,0.0,0.0,0.0,0.0166666666666666,0.1,0.5166666666666667,0.0166666666666666,0.1,0.5166666666666667,0.5,0.5833333333333334,0.9166666666666666,0.0166666666666666,0.1,0.5166666666666667,0.0,0.0,0.0
20260630,DTLZ,15,124,0.7728962709502044,0.7428245195634593,0.7428245195634593,0.7728962709502044,0.7728962709502044,0.7428245195634593,1,1,0,0,0.15,0.3833333333333333,0.5333333333333333,0.0,0.0,0.0,0.0,0.0,0.0,0.15,0.3833333333333333,0.5333333333333333,0.15,0.3833333333333333,0.5333333333333333,0.6666666666666666,0.7166666666666667,0.7833333333333333,0.15,0.3833333333333333,0.5333333333333333,0.0,0.0,0.0
20260630,DTLZ,9,82,0.7633134868094104,0.7468276281962017,0.7468276281962017,0.7633134868094104,0.7633134868094104,0.7468276281962017,1,1,0,0,0.0833333333333333,0.2166666666666666,0.3833333333333333,0.0,0.0,0.0,0.0,0.0,0.0,0.0833333333333333,0.2166666666666666,0.3833333333333333,0.0833333333333333,0.2166666666666666,0.3833333333333333,0.6333333333333333,0.8333333333333334,0.9166666666666666,0.0833333333333333,0.2166666666666666,0.3833333333333333,0.0,0.0,0.0
20260630,DTLZ,12,374,0.7443524507947984,0.7351641412158201,0.7351641412158201,0.7443524507947984,0.7443524507947984,0.7351641412158201,1,1,0,0,0.3166666666666666,0.4666666666666667,0.85,0.0,0.0,0.0,0.0,0.0,0.0,0.3166666666666666,0.4666666666666667,0.85,0.3166666666666666,0.4666666666666667,0.85,0.4666666666666667,0.8,0.9166666666666666,0.3166666666666666,0.4666666666666667,0.85,0.0,0.0,0.0
20260630,DTLZ,13,173,0.7342879968409302,0.7428420437323545,0.7428420437323545,0.7342879968409302,0.7342879968409302,0.7428420437323545,1,1,0,0,0.4166666666666667,0.7166666666666667,0.9,0.0,0.0,0.0,0.0,0.0,0.0,0.4166666666666667,0.7166666666666667,0.9,0.4166666666666667,0.7166666666666667,0.9,0.2666666666666666,0.7,0.95,0.4166666666666667,0.7166666666666667,0.9,0.0,0.0,0.0
20260630,DTLZ,13,93,0.7793624843474272,0.7793624843474272,0.7793624843474272,0.7793624843474272,0.7793624843474272,0.7793624843474272,1,1,0,0,0.2333333333333333,0.3666666666666666,0.3333333333333333,0.0,0.0,0.0,0.0,0.0,0.0,0.2333333333333333,0.3666666666666666,0.3333333333333333,0.2333333333333333,0.3666666666666666,0.3333333333333333,0.65,0.8,0.9,0.2333333333333333,0.3666666666666666,0.3333333333333333,0.0,0.0,0.0
20260630,DTLZ,11,420,0.7559017215254458,0.7308334688899466,0.7308334688899466,0.7559017215254458,0.7559017215254458,0.7308334688899466,1,1,0,0,0.0,0.0166666666666666,0.2166666666666666,0.0,0.0,0.0,0.0,0.0,0.0,0.0,0.0166666666666666,0.2166666666666666,0.0,0.0166666666666666,0.2166666666666666,0.4333333333333333,0.5333333333333333,0.8166666666666667,0.0,0.0166666666666666,0.2166666666666666,0.0,0.0,0.0
20260630,DTLZ,10,430,0.736099729510494,0.7423109719751267,0.7423109719751267,0.736099729510494,0.736099729510494,0.7423109719751267,1,1,0,0,0.1166666666666666,0.5,0.7333333333333333,0.0,0.0,0.0,0.0,0.0,0.0,0.1166666666666666,0.5,0.7333333333333333,0.1166666666666666,0.5,0.7333333333333333,0.1833333333333333,0.7666666666666667,0.9,0.1166666666666666,0.5,0.7333333333333333,0.0,0.0,0.0
20260630,DTLZ,10,388,0.7392244725197921,0.7383792693732137,0.7383792693732137,0.7392244725197921,0.7392244725197921,0.7383792693732137,1,1,0,0,0.4,0.4,0.7666666666666667,0.0,0.0,0.0,0.0,0.0,0.0,0.4,0.4,0.7666666666666667,0.4,0.4,0.7666666666666667,0.7833333333333333,0.8666666666666667,0.9833333333333332,0.4,0.4,0.7666666666666667,0.0,0.0,0.0
20260630,DTLZ,9,328,0.7875429265991999,0.7593501862388609,0.7593501862388609,0.7875429265991999,0.7875429265991999,0.7593501862388609,1,1,0,0,0.1666666666666666,0.3166666666666666,0.8,0.0,0.0,0.0,0.0,0.0,0.0,0.1666666666666666,0.3166666666666666,0.8,0.1666666666666666,0.3166666666666666,0.8,0.7,0.9166666666666666,0.9833333333333332,0.1666666666666666,0.3166666666666666,0.8,0.0,0.0,0.0
20260630,DTLZ,4,441,0.848095364452084,0.7973427878297342,0.7973427878297342,0.848095364452084,0.848095364452084,0.7973427878297342,1,1,0,0,0.4833333333333333,0.8,0.9166666666666666,0.0,0.0,0.0,0.0,0.0,0.0,0.4833333333333333,0.8,0.9166666666666666,0.4833333333333333,0.8,0.9166666666666666,0.7166666666666667,0.8833333333333333,0.9833333333333332,0.4833333333333333,0.8,0.9166666666666666,0.0,0.0,0.0
20260630,DTLZ,8,92,0.7402843953523188,0.7402843953523188,0.7402843953523188,0.7402843953523188,0.7402843953523188,0.7402843953523188,1,1,0,0,0.1,0.3833333333333333,0.3,0.0,0.0,0.0,0.0,0.0,0.0,0.1,0.3833333333333333,0.3,0.1,0.3833333333333333,0.3,0.4666666666666667,0.65,0.95,0.1,0.3833333333333333,0.3,0.0,0.0,0.0
20260630,DTLZ,13,299,0.7670733635091154,0.731455725342965,0.731455725342965,0.7670733635091154,0.7670733635091154,0.731455725342965,1,1,0,0,0.0166666666666666,0.5166666666666667,0.7833333333333333,0.0,0.0,0.0,0.0,0.0,0.0,0.0166666666666666,0.5166666666666667,0.7833333333333333,0.0166666666666666,0.5166666666666667,0.7833333333333333,0.75,0.8333333333333334,0.9,0.0166666666666666,0.5166666666666667,0.7833333333333333,0.0,0.0,0.0
20260630,DTLZ,4,441,0.8742660047106294,0.7970185508120026,0.7970185508120026,0.8742660047106294,0.8742660047106294,0.7970185508120026,1,1,0,0,0.3833333333333333,0.35,0.4,0.0,0.0,0.0,0.0,0.0,0.0,0.3833333333333333,0.35,0.4,0.3833333333333333,0.35,0.4,0.6333333333333333,0.9,1.0,0.3833333333333333,0.35,0.4,0.0,0.0,0.0
20260630,DTLZ,3,442,0.9223060054658908,0.8744406133977622,0.8744406133977622,0.9223060054658908,0.9223060054658908,0.8744406133977622,1,1,0,0,0.2333333333333333,0.3833333333333333,0.7,0.0,0.0,0.0,0.0,0.0,0.0,0.2333333333333333,0.3833333333333333,0.7,0.2333333333333333,0.3833333333333333,0.7,0.6833333333333333,0.8333333333333334,0.9833333333333332,0.2333333333333333,0.3833333333333333,0.7,0.0,0.0,0.0
20260630,DTLZ,15,289,0.746872645429481,0.7492427801934031,0.7492427801934031,0.746872645429481,0.746872645429481,0.7492427801934031,1,1,0,0,0.5,0.4333333333333333,0.4666666666666667,0.0,0.0,0.0,0.0,0.0,0.0,0.5,0.4333333333333333,0.4666666666666667,0.5,0.4333333333333333,0.4666666666666667,0.5166666666666667,0.7,0.9166666666666666,0.5,0.4333333333333333,0.4666666666666667,0.0,0.0,0.0
20260630,DTLZ,12,173,0.7972710184862772,0.7511694738754142,0.7511694738754142,0.7972710184862772,0.7972710184862772,0.7511694738754142,1,1,0,0,0.0833333333333333,0.25,0.5166666666666667,0.0,0.0,0.0,0.0,0.0,0.0,0.0833333333333333,0.25,0.5166666666666667,0.0833333333333333,0.25,0.5166666666666667,0.7833333333333333,0.9,1.0,0.0833333333333333,0.25,0.5166666666666667,0.0,0.0,0.0
20260630,DTLZ,5,406,0.7910083448423194,0.75572456105551,0.75572456105551,0.7910083448423194,0.7910083448423194,0.75572456105551,1,1,0,0,0.15,0.5666666666666667,0.55,0.0,0.0,0.0,0.0,0.0,0.0,0.15,0.5666666666666667,0.55,0.15,0.5666666666666667,0.55,0.45,0.8166666666666667,0.95,0.15,0.5666666666666667,0.55,0.0,0.0,0.0
20260630,DTLZ,11,127,0.801888659610164,0.7754637677660919,0.7754637677660919,0.801888659610164,0.801888659610164,0.7754637677660919,1,1,0,0,0.0833333333333333,0.2333333333333333,0.75,0.0,0.0,0.0,0.0,0.0,0.0,0.0833333333333333,0.2333333333333333,0.75,0.0833333333333333,0.2333333333333333,0.75,0.5166666666666667,0.6833333333333333,0.9833333333333332,0.0833333333333333,0.2333333333333333,0.75,0.0,0.0,0.0
20260630,DTLZ,4,379,0.8676668772945455,0.8067789177606387,0.8067789177606387,0.8676668772945455,0.8676668772945455,0.8067789177606387,1,1,0,0,0.0833333333333333,0.2833333333333333,0.4666666666666667,0.0,0.0,0.0,0.0,0.0,0.0,0.0833333333333333,0.2833333333333333,0.4666666666666667,0.0833333333333333,0.2833333333333333,0.4666666666666667,0.7833333333333333,0.9333333333333332,0.9833333333333332,0.0833333333333333,0.2833333333333333,0.4666666666666667,0.0,0.0,0.0
20260630,DTLZ,15,346,0.7196201927363269,0.7392365515576541,0.7392365515576541,0.7196201927363269,0.7196201927363269,0.7392365515576541,1,1,0,0,0.0,0.05,0.2166666666666666,0.0,0.0,0.0,0.0,0.0,0.0,0.0,0.05,0.2166666666666666,0.0,0.05,0.2166666666666666,0.65,0.8333333333333334,0.9833333333333332,0.0,0.05,0.2166666666666666,0.0,0.0,0.0
20260630,DTLZ,5,329,0.8006051753751698,0.738366880899454,0.738366880899454,0.8006051753751698,0.8006051753751698,0.738366880899454,1,1,0,0,0.0,0.0,0.1,0.0,0.0,0.0,0.0,0.0,0.0,0.0,0.0,0.1,0.0,0.0,0.1,0.5166666666666667,0.7666666666666667,0.9333333333333332,0.0,0.0,0.1,0.0,0.0,0.0
20260630,DTLZ,9,134,0.776916865059583,0.7366619075100593,0.7366619075100593,0.776916865059583,0.776916865059583,0.7366619075100593,1,1,0,0,0.3166666666666666,0.4,0.5,0.0,0.0,0.0,0.0,0.0,0.0,0.3166666666666666,0.4,0.5,0.3166666666666666,0.4,0.5,0.5333333333333333,0.7333333333333333,0.9333333333333332,0.3166666666666666,0.4,0.5,0.0,0.0,0.0
20260630,DTLZ,3,486,0.8976221641815653,0.8477242236570409,0.8477242236570409,0.8976221641815653,0.8976221641815653,0.8477242236570409,1,1,0,0,0.15,0.4333333333333333,0.75,0.0,0.0,0.0,0.0,0.0,0.0,0.15,0.4333333333333333,0.75,0.15,0.4333333333333333,0.75,0.7833333333333333,0.95,0.9833333333333332,0.15,0.4333333333333333,0.75,0.0,0.0,0.0
20260630,DTLZ,7,310,0.7609664324094645,0.7377045282060334,0.7377045282060334,0.7609664324094645,0.7609664324094645,0.7377045282060334,1,1,0,0,0.2,0.6666666666666666,0.9,0.0,0.0,0.0,0.0,0.0,0.0,0.2,0.6666666666666666,0.9,0.2,0.6666666666666666,0.9,0.8,0.9,0.9,0.2,0.6666666666666666,0.9,0.0,0.0,0.0
20260630,Energy,6,152,0.4191899731995286,0.4939977285168677,0.4939977285168677,0.4191899731995286,0.4191899731995286,0.4939977285168677,1,1,0,0,0.0,0.03333333333333333,0.21666666666666667,0.0,0.0,0.0,0.0,0.0,0.0,0.0,0.03333333333333333,0.21666666666666667,0.0,0.03333333333333333,0.21666666666666667,0.5333333333333333,0.6166666666666667,0.85,0.0,0.03333333333333333,0.21666666666666667,0.0,0.0,0.0
20260630,Energy,7,383,0.44630362105004645,0.47461486094662253,0.47461486094662253,0.44630362105004645,0.44630362105004645,0.47461486094662253,1,1,0,0,0.4166666666666667,0.38333333333333336,0.4666666666666667,0.0,0.0,0.0,0.0,0.0,0.0,0.4166666666666667,0.38333333333333336,0.4666666666666667,0.4166666666666667,0.38333333333333336,0.4666666666666667,0.43333333333333335,0.38333333333333336,0.6333333333333333,0.4166666666666667,0.38333333333333336,0.4666666666666667,0.0,0.0,0.0
20260630,Energy,7,440,0.4370802994454029,0.4516466733792449,0.4516466733792449,0.4370802994454029,0.4370802994454029,0.4516466733792449,1,1,0,0,0.03333333333333333,0.25,0.6,0.0,0.0,0.0,0.0,0.0,0.0,0.03333333333333333,0.25,0.6,0.03333333333333333,0.25,0.6,0.0,0.13333333333333333,0.6333333333333333,0.03333333333333333,0.25,0.6,0.0,0.0,0.0
20260630,Energy,4,283,0.46383407079017935,0.4743406276131613,0.4743406276131613,0.46383407079017935,0.46383407079017935,0.4743406276131613,1,1,0,0,0.5666666666666667,0.6666666666666666,0.5333333333333333,0.0,0.0,0.0,0.0,0.0,0.0,0.5666666666666667,0.6666666666666666,0.5333333333333333,0.5666666666666667,0.6666666666666666,0.5333333333333333,0.016666666666666666,0.3,0.6333333333333333,0.5666666666666667,0.6666666666666666,0.5333333333333333,0.0,0.0,0.0
20260630,Energy,4,106,0.512670761634583,0.512670761634583,0.512670761634583,0.512670761634583,0.512670761634583,0.512670761634583,1,1,0,0,0.25,0.4166666666666667,0.6,0.0,0.0,0.0,0.0,0.0,0.0,0.25,0.4166666666666667,0.6,0.25,0.4166666666666667,0.6,0.45,0.7,0.9333333333333333,0.25,0.4166666666666667,0.6,0.0,0.0,0.0
20260630,Energy,8,307,0.4432233432312657,0.45631240123280636,0.45631240123280636,0.4432233432312657,0.4432233432312657,0.45631240123280636,1,1,0,0,0.5333333333333333,0.7833333333333333,0.8166666666666667,0.0,0.0,0.0,0.0,0.0,0.0,0.5333333333333333,0.7833333333333333,0.8166666666666667,0.5333333333333333,0.7833333333333333,0.8166666666666667,0.5,0.65,0.8,0.5333333333333333,0.7833333333333333,0.8166666666666667,0.0,0.0,0.0
20260630,Energy,7,81,0.45197658227832915,0.4637828554537631,0.4637828554537631,0.45197658227832915,0.45197658227832915,0.4637828554537631,1,1,0,0,0.0,0.016666666666666666,0.2,0.0,0.0,0.0,0.0,0.0,0.0,0.0,0.016666666666666666,0.2,0.0,0.016666666666666666,0.2,0.25,0.45,0.65,0.0,0.016666666666666666,0.2,0.0,0.0,0.0
20260630,Energy,5,146,0.43854683533071653,0.4540108062549083,0.4540108062549083,0.43854683533071653,0.43854683533071653,0.4540108062549083,1,1,0,0,0.3333333333333333,0.4,0.7,0.0,0.0,0.0,0.0,0.0,0.0,0.3333333333333333,0.4,0.7,0.3333333333333333,0.4,0.7,0.1,0.4166666666666667,0.7166666666666667,0.3333333333333333,0.4,0.7,0.0,0.0,0.0
20260630,Energy,8,166,0.4333520470783817,0.47894589908635143,0.47894589908635143,0.4333520470783817,0.4333520470783817,0.47894589908635143,1,1,0,0,0.26666666666666666,0.21666666666666667,0.36666666666666664,0.0,0.0,0.0,0.0,0.0,0.0,0.26666666666666666,0.21666666666666667,0.36666666666666664,0.26666666666666666,0.21666666666666667,0.36666666666666664,0.4166666666666667,0.7,0.85,0.26666666666666666,0.21666666666666667,0.36666666666666664,0.0,0.0,0.0
20260630,Energy,5,340,0.4825278599759683,0.491779951343265,0.491779951343265,0.4825278599759683,0.4825278599759683,0.491779951343265,1,1,0,0,0.3,0.36666666666666664,0.6,0.0,0.0,0.0,0.0,0.0,0.0,0.3,0.36666666666666664,0.6,0.3,0.36666666666666664,0.6,0.4166666666666667,0.6333333333333333,0.8666666666666667,0.3,0.36666666666666664,0.6,0.0,0.0,0.0
20260630,Energy,8,297,0.45000137185309014,0.45000137185309014,0.45000137185309014,0.45000137185309014,0.45000137185309014,0.45000137185309014,1,1,0,0,0.0,0.1,0.4,0.0,0.0,0.0,0.0,0.0,0.0,0.0,0.1,0.4,0.0,0.1,0.4,0.1,0.4,0.8333333333333334,0.0,0.1,0.4,0.0,0.0,0.0
20260630,Energy,5,274,0.47298907389416056,0.4693066579079293,0.4693066579079293,0.47298907389416056,0.47298907389416056,0.4693066579079293,1,1,0,0,0.35,0.6666666666666666,0.7333333333333333,0.0,0.0,0.0,0.0,0.0,0.0,0.35,0.6666666666666666,0.7333333333333333,0.35,0.6666666666666666,0.7333333333333333,0.05,0.23333333333333334,0.5166666666666667,0.35,0.6666666666666666,0.7333333333333333,0.0,0.0,0.0
20260630,Energy,5,493,0.41867843759794554,0.4868583747412402,0.4868583747412402,0.41867843759794554,0.41867843759794554,0.4868583747412402,1,1,0,0,0.05,0.11666666666666667,0.45,0.0,0.0,0.0,0.0,0.0,0.0,0.05,0.11666666666666667,0.45,0.05,0.11666666666666667,0.45,0.6833333333333333,0.85,1.0,0.05,0.11666666666666667,0.45,0.0,0.0,0.0
20260630,Energy,8,105,0.4848290456528448,0.4848290456528448,0.4848290456528448,0.4848290456528448,0.4848290456528448,0.4848290456528448,1,1,0,0,0.11666666666666667,0.2833333333333333,0.4666666666666667,0.0,0.0,0.0,0.0,0.0,0.0,0.11666666666666667,0.2833333333333333,0.4666666666666667,0.11666666666666667,0.2833333333333333,0.4666666666666667,0.4166666666666667,0.6166666666666667,0.7333333333333333,0.11666666666666667,0.2833333333333333,0.4666666666666667,0.0,0.0,0.0
20260630,Energy,5,444,0.4959180023143649,0.49701839064962666,0.49701839064962666,0.4959180023143649,0.4959180023143649,0.49701839064962666,1,1,0,0,0.6666666666666666,0.8333333333333334,0.8833333333333333,0.0,0.0,0.0,0.0,0.0,0.0,0.6666666666666666,0.8333333333333334,0.8833333333333333,0.6666666666666666,0.8333333333333334,0.8833333333333333,0.5,0.85,0.9666666666666667,0.6666666666666666,0.8333333333333334,0.8833333333333333,0.0,0.0,0.0
20260630,Energy,8,336,0.39530802361814293,0.4323605887697466,0.4323605887697466,0.39530802361814293,0.39530802361814293,0.4323605887697466,1,1,0,0,0.0,0.05,0.18333333333333332,0.0,0.0,0.0,0.0,0.0,0.0,0.0,0.05,0.18333333333333332,0.0,0.05,0.18333333333333332,0.05,0.15,0.4,0.0,0.05,0.18333333333333332,0.0,0.0,0.0
20260630,Energy,4,137,0.4657592409734512,0.4657592409734512,0.4657592409734512,0.4657592409734512,0.4657592409734512,0.4657592409734512,1,1,0,0,0.03333333333333333,0.1,0.2,0.0,0.0,0.0,0.0,0.0,0.0,0.03333333333333333,0.1,0.2,0.03333333333333333,0.1,0.2,0.38333333333333336,0.6166666666666667,0.6666666666666666,0.03333333333333333,0.1,0.2,0.0,0.0,0.0
20260630,Energy,6,281,0.42619305536077506,0.44260627002488434,0.44260627002488434,0.42619305536077506,0.42619305536077506,0.44260627002488434,1,1,0,0,0.4166666666666667,0.38333333333333336,0.6333333333333333,0.0,0.0,0.0,0.0,0.0,0.0,0.4166666666666667,0.38333333333333336,0.6333333333333333,0.4166666666666667,0.38333333333333336,0.6333333333333333,0.4,0.5333333333333333,0.7666666666666667,0.4166666666666667,0.38333333333333336,0.6333333333333333,0.0,0.0,0.0
20260630,Energy,4,356,0.4475531095797956,0.4579606041951772,0.4579606041951772,0.4475531095797956,0.4475531095797956,0.4579606041951772,1,1,0,0,0.25,0.5833333333333334,0.7,0.0,0.0,0.0,0.0,0.0,0.0,0.25,0.5833333333333334,0.7,0.25,0.5833333333333334,0.7,0.0,0.16666666666666666,0.45,0.25,0.5833333333333334,0.7,0.0,0.0,0.0
20260630,Energy,8,81,0.47283084694797367,0.47283084694797367,0.47283084694797367,0.47283084694797367,0.47283084694797367,0.47283084694797367,1,1,0,0,0.08333333333333333,0.3333333333333333,0.5,0.0,0.0,0.0,0.0,0.0,0.0,0.08333333333333333,0.3333333333333333,0.5,0.08333333333333333,0.3333333333333333,0.5,0.0,0.05,0.35,0.08333333333333333,0.3333333333333333,0.5,0.0,0.0,0.0
20260630,Energy,5,317,0.5118905154574376,0.4962235846758703,0.4962235846758703,0.5118905154574376,0.5118905154574376,0.4962235846758703,1,1,0,0,0.7166666666666667,0.7833333333333333,0.8666666666666667,0.0,0.0,0.0,0.0,0.0,0.0,0.7166666666666667,0.7833333333333333,0.8666666666666667,0.7166666666666667,0.7833333333333333,0.8666666666666667,0.6,0.7,0.9333333333333333,0.7166666666666667,0.7833333333333333,0.8666666666666667,0.0,0.0,0.0
20260630,Energy,4,401,0.4370725869911142,0.4370725869911142,0.4370725869911142,0.4370725869911142,0.4370725869911142,0.4370725869911142,1,1,0,0,0.5,0.3,0.5,0.0,0.0,0.0,0.0,0.0,0.0,0.5,0.3,0.5,0.5,0.3,0.5,0.4666666666666667,0.3333333333333333,0.6166666666666667,0.5,0.3,0.5,0.0,0.0,0.0
20260630,Energy,8,456,0.4504440735068016,0.4566696074081548,0.4566696074081548,0.4504440735068016,0.4504440735068016,0.4566696074081548,1,1,0,0,0.6833333333333333,0.7833333333333333,0.8666666666666667,0.0,0.0,0.0,0.0,0.0,0.0,0.6833333333333333,0.7833333333333333,0.8666666666666667,0.6833333333333333,0.7833333333333333,0.8666666666666667,0.1,0.3,0.7,0.6833333333333333,0.7833333333333333,0.8666666666666667,0.0,0.0,0.0
20260630,Energy,4,342,0.4448772176463838,0.4448772176463838,0.4448772176463838,0.4448772176463838,0.4448772176463838,0.4448772176463838,1,1,0,0,0.0,0.03333333333333333,0.2,0.0,0.0,0.0,0.0,0.0,0.0,0.0,0.03333333333333333,0.2,0.0,0.03333333333333333,0.2,0.5333333333333333,0.55,0.7833333333333333,0.0,0.03333333333333333,0.2,0.0,0.0,0.0
20260630,Energy,4,418,0.4348381756864684,0.4484322814054964,0.4484322814054964,0.4348381756864684,0.4348381756864684,0.4484322814054964,1,1,0,0,0.016666666666666666,0.21666666666666667,0.5666666666666667,0.0,0.0,0.0,0.0,0.0,0.0,0.016666666666666666,0.21666666666666667,0.5666666666666667,0.016666666666666666,0.21666666666666667,0.5666666666666667,0.3333333333333333,0.5333333333333333,0.9,0.016666666666666666,0.21666666666666667,0.5666666666666667,0.0,0.0,0.0
20260630,Energy,8,204,0.4483189504888501,0.4225752092737984,0.4225752092737984,0.4483189504888501,0.4483189504888501,0.4225752092737984,1,1,0,0,0.5833333333333334,0.7666666666666667,0.7833333333333333,0.0,0.0,0.0,0.0,0.0,0.0,0.5833333333333334,0.7666666666666667,0.7833333333333333,0.5833333333333334,0.7666666666666667,0.7833333333333333,0.16666666666666666,0.4166666666666667,0.6333333333333333,0.5833333333333334,0.7666666666666667,0.7833333333333333,0.0,0.0,0.0
20260630,Energy,5,197,0.45578788692719724,0.45578788692719724,0.45578788692719724,0.45578788692719724,0.45578788692719724,0.45578788692719724,1,1,0,0,0.08333333333333333,0.38333333333333336,0.4166666666666667,0.0,0.0,0.0,0.0,0.0,0.0,0.08333333333333333,0.38333333333333336,0.4166666666666667,0.08333333333333333,0.38333333333333336,0.4166666666666667,0.0,0.21666666666666667,0.4666666666666667,0.08333333333333333,0.38333333333333336,0.4166666666666667,0.0,0.0,0.0
20260630,Energy,6,374,0.43078351498482376,0.4543514339448483,0.4543514339448483,0.43078351498482376,0.43078351498482376,0.4543514339448483,1,1,0,0,0.4666666666666667,0.6,0.7166666666666667,0.0,0.0,0.0,0.0,0.0,0.0,0.4666666666666667,0.6,0.7166666666666667,0.4666666666666667,0.6,0.7166666666666667,0.21666666666666667,0.5,0.8,0.4666666666666667,0.6,0.7166666666666667,0.0,0.0,0.0
20260630,Energy,8,172,0.42164857677266254,0.42164857677266254,0.42164857677266254,0.42164857677266254,0.42164857677266254,0.42164857677266254,1,1,0,0,0.06666666666666667,0.25,0.16666666666666666,0.0,0.0,0.0,0.0,0.0,0.0,0.06666666666666667,0.25,0.16666666666666666,0.06666666666666667,0.25,0.16666666666666666,0.11666666666666667,0.43333333333333335,0.48333333333333334,0.06666666666666667,0.25,0.16666666666666666,0.0,0.0,0.0
20260630,Energy,5,355,0.4260245987038026,0.4260245987038026,0.4260245987038026,0.4260245987038026,0.4260245987038026,0.4260245987038026,1,1,0,0,0.0,0.0,0.15,0.0,0.0,0.0,0.0,0.0,0.0,0.0,0.0,0.15,0.0,0.0,0.15,0.03333333333333333,0.23333333333333334,0.55,0.0,0.0,0.15,0.0,0.0,0.0
20260630,Energy,5,206,0.4730042597525828,0.48674747214403435,0.48674747214403435,0.4730042597525828,0.4730042597525828,0.48674747214403435,1,1,0,0,0.6666666666666666,0.7666666666666667,0.9333333333333333,0.0,0.0,0.0,0.0,0.0,0.0,0.6666666666666666,0.7666666666666667,0.9333333333333333,0.6666666666666666,0.7666666666666667,0.9333333333333333,0.25,0.43333333333333335,0.8,0.6666666666666666,0.7666666666666667,0.9333333333333333,0.0,0.0,0.0
20260630,Energy,5,146,0.45699916607087676,0.45699916607087676,0.45699916607087676,0.45699916607087676,0.45699916607087676,0.45699916607087676,1,1,0,0,0.0,0.08333333333333333,0.35,0.0,0.0,0.0,0.0,0.0,0.0,0.0,0.08333333333333333,0.35,0.0,0.08333333333333333,0.35,0.2833333333333333,0.48333333333333334,0.55,0.0,0.08333333333333333,0.35,0.0,0.0,0.0
20260630,Energy,8,109,0.46053491665229557,0.46053491665229557,0.46053491665229557,0.46053491665229557,0.46053491665229557,0.46053491665229557,1,1,0,0,0.3,0.5833333333333334,0.65,0.0,0.0,0.0,0.0,0.0,0.0,0.3,0.5833333333333334,0.65,0.3,0.5833333333333334,0.65,0.21666666666666667,0.43333333333333335,0.6666666666666666,0.3,0.5833333333333334,0.65,0.0,0.0,0.0
20260630,Energy,4,267,0.44896025049063437,0.45847843459254095,0.45847843459254095,0.44896025049063437,0.44896025049063437,0.45847843459254095,1,1,0,0,0.5166666666666667,0.55,0.6166666666666667,0.0,0.0,0.0,0.0,0.0,0.0,0.5166666666666667,0.55,0.6166666666666667,0.5166666666666667,0.55,0.6166666666666667,0.4166666666666667,0.48333333333333334,0.6,0.5166666666666667,0.55,0.6166666666666667,0.0,0.0,0.0
20260630,Energy,8,357,0.44723335299559835,0.44723335299559835,0.44723335299559835,0.44723335299559835,0.44723335299559835,0.44723335299559835,1,1,0,0,0.16666666666666666,0.48333333333333334,0.4666666666666667,0.0,0.0,0.0,0.0,0.0,0.0,0.16666666666666666,0.48333333333333334,0.4666666666666667,0.16666666666666666,0.48333333333333334,0.4666666666666667,0.65,0.8,0.9,0.16666666666666666,0.48333333333333334,0.4666666666666667,0.0,0.0,0.0
20260630,Energy,8,162,0.4360691669618403,0.45601782796384366,0.45601782796384366,0.4360691669618403,0.4360691669618403,0.45601782796384366,1,1,0,0,0.43333333333333335,0.65,0.7833333333333333,0.0,0.0,0.0,0.0,0.0,0.0,0.43333333333333335,0.65,0.7833333333333333,0.43333333333333335,0.65,0.7833333333333333,0.43333333333333335,0.7166666666666667,0.6833333333333333,0.43333333333333335,0.65,0.7833333333333333,0.0,0.0,0.0
20260630,Energy,5,237,0.4395479495358883,0.4395479495358883,0.4395479495358883,0.4395479495358883,0.4395479495358883,0.4395479495358883,1,1,0,0,0.11666666666666667,0.35,0.55,0.0,0.0,0.0,0.0,0.0,0.0,0.11666666666666667,0.35,0.55,0.11666666666666667,0.35,0.55,0.05,0.25,0.55,0.11666666666666667,0.35,0.55,0.0,0.0,0.0
20260630,Energy,7,282,0.451695002266485,0.48289623736022275,0.48289623736022275,0.451695002266485,0.451695002266485,0.48289623736022275,1,1,0,0,0.43333333333333335,0.5666666666666667,0.7166666666666667,0.0,0.0,0.0,0.0,0.0,0.0,0.43333333333333335,0.5666666666666667,0.7166666666666667,0.43333333333333335,0.5666666666666667,0.7166666666666667,0.55,0.65,0.8666666666666667,0.43333333333333335,0.5666666666666667,0.7166666666666667,0.0,0.0,0.0
20260630,Energy,8,148,0.4412058978132159,0.4779367603578052,0.4779367603578052,0.4412058978132159,0.4412058978132159,0.4779367603578052,1,1,0,0,0.0,0.03333333333333333,0.05,0.0,0.0,0.0,0.0,0.0,0.0,0.0,0.03333333333333333,0.05,0.0,0.03333333333333333,0.05,0.06666666666666667,0.18333333333333332,0.7333333333333333,0.0,0.03333333333333333,0.05,0.0,0.0,0.0
20260630,Energy,6,442,0.4867708817646555,0.4748715542357061,0.4748715542357061,0.4867708817646555,0.4867708817646555,0.4748715542357061,1,1,0,0,0.016666666666666666,0.23333333333333334,0.55,0.0,0.0,0.0,0.0,0.0,0.0,0.016666666666666666,0.23333333333333334,0.55,0.016666666666666666,0.23333333333333334,0.55,0.016666666666666666,0.15,0.5166666666666667,0.016666666666666666,0.23333333333333334,0.55,0.0,0.0,0.0
20260630,Energy,8,491,0.4338839346806814,0.4338839346806814,0.4338839346806814,0.4338839346806814,0.4338839346806814,0.4338839346806814,1,1,0,0,0.55,0.5666666666666667,0.6,0.0,0.0,0.0,0.0,0.0,0.0,0.55,0.5666666666666667,0.6,0.55,0.5666666666666667,0.6,0.5333333333333333,0.5666666666666667,0.7666666666666667,0.55,0.5666666666666667,0.6,0.0,0.0,0.0
20260630,Energy,6,253,0.423507191132441,0.43208850743677624,0.43208850743677624,0.423507191132441,0.423507191132441,0.43208850743677624,1,1,0,0,0.6833333333333333,0.8,0.9333333333333333,0.0,0.0,0.0,0.0,0.0,0.0,0.6833333333333333,0.8,0.9333333333333333,0.6833333333333333,0.8,0.9333333333333333,0.08333333333333333,0.4166666666666667,0.7333333333333333,0.6833333333333333,0.8,0.9333333333333333,0.0,0.0,0.0
20260630,Energy,7,86,0.4631317676375842,0.4714637998857325,0.4714637998857325,0.4631317676375842,0.4631317676375842,0.4714637998857325,1,1,0,0,0.0,0.08333333333333333,0.26666666666666666,0.0,0.0,0.0,0.0,0.0,0.0,0.0,0.08333333333333333,0.26666666666666666,0.0,0.08333333333333333,0.26666666666666666,0.0,0.11666666666666667,0.2833333333333333,0.0,0.08333333333333333,0.26666666666666666,0.0,0.0,0.0
20260630,Energy,5,195,0.39941874762351354,0.39941874762351354,0.39941874762351354,0.39941874762351354,0.39941874762351354,0.39941874762351354,1,1,0,0,0.0,0.0,0.03333333333333333,0.0,0.0,0.0,0.0,0.0,0.0,0.0,0.0,0.03333333333333333,0.0,0.0,0.03333333333333333,0.18333333333333332,0.25,0.43333333333333335,0.0,0.0,0.03333333333333333,0.0,0.0,0.0
20260630,Energy,7,370,0.40343888085666635,0.40343888085666635,0.40343888085666635,0.40343888085666635,0.40343888085666635,0.40343888085666635,1,1,0,0,0.0,0.0,0.1,0.0,0.0,0.0,0.0,0.0,0.0,0.0,0.0,0.1,0.0,0.0,0.1,0.0,0.05,0.48333333333333334,0.0,0.0,0.1,0.0,0.0,0.0
20260630,Energy,6,174,0.4798047344310261,0.4998044998560035,0.4998044998560035,0.4798047344310261,0.4798047344310261,0.4998044998560035,1,1,0,0,0.0,0.25,0.5666666666666667,0.0,0.0,0.0,0.0,0.0,0.0,0.0,0.25,0.5666666666666667,0.0,0.25,0.5666666666666667,0.5333333333333333,0.55,0.7166666666666667,0.0,0.25,0.5666666666666667,0.0,0.0,0.0
20260630,Energy,8,301,0.42367889853984064,0.45039261054128127,0.45039261054128127,0.42367889853984064,0.42367889853984064,0.45039261054128127,1,1,0,0,0.55,0.5833333333333334,0.75,0.0,0.0,0.0,0.0,0.0,0.0,0.55,0.5833333333333334,0.75,0.55,0.5833333333333334,0.75,0.15,0.48333333333333334,0.7833333333333333,0.55,0.5833333333333334,0.75,0.0,0.0,0.0
20260630,Energy,6,194,0.4446494490755621,0.4446494490755621,0.4446494490755621,0.4446494490755621,0.4446494490755621,0.4446494490755621,1,1,0,0,0.8,0.85,1.0,0.0,0.0,0.0,0.0,0.0,0.0,0.8,0.85,1.0,0.8,0.85,1.0,0.016666666666666666,0.16666666666666666,0.5833333333333334,0.8,0.85,1.0,0.0,0.0,0.0
20260630,Energy,6,173,0.4517367443247142,0.4517367443247142,0.4517367443247142,0.4517367443247142,0.4517367443247142,0.4517367443247142,1,1,0,0,0.016666666666666666,0.3,0.4666666666666667,0.0,0.0,0.0,0.0,0.0,0.0,0.016666666666666666,0.3,0.4666666666666667,0.016666666666666666,0.3,0.4666666666666667,0.4166666666666667,0.5,0.6666666666666666,0.016666666666666666,0.3,0.4666666666666667,0.0,0.0,0.0
20260630,Energy,6,101,0.5117269708589268,0.5035225314004962,0.5035225314004962,0.5117269708589268,0.5117269708589268,0.5035225314004962,1,1,0,0,0.6666666666666666,0.7666666666666667,0.7833333333333333,0.0,0.0,0.0,0.0,0.0,0.0,0.6666666666666666,0.7666666666666667,0.7833333333333333,0.6666666666666666,0.7666666666666667,0.7833333333333333,0.15,0.3333333333333333,0.45,0.6666666666666666,0.7666666666666667,0.7833333333333333,0.0,0.0,0.0
20260630,Concrete,5,193,0.467561641506414,0.45526547514632904,0.45526547514632904,0.467561641506414,0.467561641506414,0.45526547514632904,1,1,0,0,0.7,0.7666666666666667,0.8,0.0,0.0,0.0,0.0,0.0,0.0,0.7,0.7666666666666667,0.8,0.7,0.7666666666666667,0.8,0.0,0.25,0.5166666666666667,0.7,0.7666666666666667,0.8,0.0,0.0,0.0
20260630,Concrete,4,112,0.48202615861428205,0.48379277977484836,0.48379277977484836,0.48202615861428205,0.48202615861428205,0.48379277977484836,1,1,0,0,0.2833333333333333,0.5166666666666667,0.6666666666666666,0.0,0.0,0.0,0.0,0.0,0.0,0.2833333333333333,0.5166666666666667,0.6666666666666666,0.2833333333333333,0.5166666666666667,0.6666666666666666,0.13333333333333333,0.26666666666666666,0.5833333333333334,0.2833333333333333,0.5166666666666667,0.6666666666666666,0.0,0.0,0.0
20260630,Concrete,5,368,0.45584314094771644,0.46138368432691823,0.46138368432691823,0.45584314094771644,0.45584314094771644,0.46138368432691823,1,1,0,0,0.4166666666666667,0.6,0.7,0.0,0.0,0.0,0.0,0.0,0.0,0.4166666666666667,0.6,0.7,0.4166666666666667,0.6,0.7,0.18333333333333332,0.38333333333333336,0.8833333333333333,0.4166666666666667,0.6,0.7,0.0,0.0,0.0
20260630,Concrete,4,370,0.44924610320981995,0.4675273648452661,0.4675273648452661,0.44924610320981995,0.44924610320981995,0.4675273648452661,1,1,0,0,0.0,0.03333333333333333,0.2833333333333333,0.0,0.0,0.0,0.0,0.0,0.0,0.0,0.03333333333333333,0.2833333333333333,0.0,0.03333333333333333,0.2833333333333333,0.0,0.1,0.6,0.0,0.03333333333333333,0.2833333333333333,0.0,0.0,0.0
20260630,Concrete,7,194,0.4523454330007664,0.4706499756862919,0.4706499756862919,0.4523454330007664,0.4523454330007664,0.4706499756862919,1,1,0,0,0.5166666666666667,0.38333333333333336,0.3333333333333333,0.0,0.0,0.0,0.0,0.0,0.0,0.5166666666666667,0.38333333333333336,0.3333333333333333,0.5166666666666667,0.38333333333333336,0.3333333333333333,0.55,0.38333333333333336,0.7333333333333333,0.5166666666666667,0.38333333333333336,0.3333333333333333,0.0,0.0,0.0
20260630,Concrete,5,297,0.4813342438378539,0.49252692834489725,0.49252692834489725,0.4813342438378539,0.4813342438378539,0.49252692834489725,1,1,0,0,0.5833333333333334,0.65,0.6833333333333333,0.0,0.0,0.0,0.0,0.0,0.0,0.5833333333333334,0.65,0.6833333333333333,0.5833333333333334,0.65,0.6833333333333333,0.26666666666666666,0.26666666666666666,0.6666666666666666,0.5833333333333334,0.65,0.6833333333333333,0.0,0.0,0.0
20260630,Concrete,8,466,0.4378339523806041,0.4378339523806041,0.4378339523806041,0.4378339523806041,0.4378339523806041,0.4378339523806041,1,1,0,0,0.35,0.48333333333333334,0.6333333333333333,0.0,0.0,0.0,0.0,0.0,0.0,0.35,0.48333333333333334,0.6333333333333333,0.35,0.48333333333333334,0.6333333333333333,0.3,0.3333333333333333,0.5,0.35,0.48333333333333334,0.6333333333333333,0.0,0.0,0.0
20260630,Concrete,8,354,0.43439156466393875,0.43439156466393875,0.43439156466393875,0.43439156466393875,0.43439156466393875,0.43439156466393875,1,1,0,0,0.5,0.4666666666666667,0.6,0.0,0.0,0.0,0.0,0.0,0.0,0.5,0.4666666666666667,0.6,0.5,0.4666666666666667,0.6,0.16666666666666666,0.43333333333333335,0.75,0.5,0.4666666666666667,0.6,0.0,0.0,0.0
20260630,Concrete,4,421,0.4518294158137818,0.46021768712079425,0.46021768712079425,0.4518294158137818,0.4518294158137818,0.46021768712079425,1,1,0,0,0.2,0.48333333333333334,0.5833333333333334,0.0,0.0,0.0,0.0,0.0,0.0,0.2,0.48333333333333334,0.5833333333333334,0.2,0.48333333333333334,0.5833333333333334,0.0,0.26666666666666666,0.65,0.2,0.48333333333333334,0.5833333333333334,0.0,0.0,0.0
20260630,Concrete,7,81,0.4901259435478656,0.47866729795521196,0.47866729795521196,0.4901259435478656,0.4901259435478656,0.47866729795521196,1,1,0,0,0.08333333333333333,0.16666666666666666,0.36666666666666664,0.0,0.0,0.0,0.0,0.0,0.0,0.08333333333333333,0.16666666666666666,0.36666666666666664,0.08333333333333333,0.16666666666666666,0.36666666666666664,0.0,0.05,0.31666666666666665,0.08333333333333333,0.16666666666666666,0.36666666666666664,0.0,0.0,0.0
20260630,Concrete,4,141,0.4584109216413804,0.4584109216413804,0.4584109216413804,0.4584109216413804,0.4584109216413804,0.4584109216413804,1,1,0,0,0.0,0.0,0.1,0.0,0.0,0.0,0.0,0.0,0.0,0.0,0.0,0.1,0.0,0.0,0.1,0.3333333333333333,0.23333333333333334,0.5166666666666667,0.0,0.0,0.1,0.0,0.0,0.0
20260630,Concrete,4,491,0.46177792195630635,0.47148285133077167,0.47148285133077167,0.46177792195630635,0.46177792195630635,0.47148285133077167,1,1,0,0,0.03333333333333333,0.3333333333333333,0.65,0.0,0.0,0.0,0.0,0.0,0.0,0.03333333333333333,0.3333333333333333,0.65,0.03333333333333333,0.3333333333333333,0.65,0.5666666666666667,0.5166666666666667,0.75,0.03333333333333333,0.3333333333333333,0.65,0.0,0.0,0.0
20260630,Concrete,6,453,0.4309882506151114,0.450752002506427,0.450752002506427,0.4309882506151114,0.4309882506151114,0.450752002506427,1,1,0,0,0.016666666666666666,0.3,0.4166666666666667,0.0,0.0,0.0,0.0,0.0,0.0,0.016666666666666666,0.3,0.4166666666666667,0.016666666666666666,0.3,0.4166666666666667,0.35,0.6333333333333333,0.6666666666666666,0.016666666666666666,0.3,0.4166666666666667,0.0,0.0,0.0
20260630,Concrete,7,75,0.47109201612803947,0.47109201612803947,0.47109201612803947,0.47109201612803947,0.47109201612803947,0.47109201612803947,1,1,0,0,0.0,0.1,0.15,0.0,0.0,0.0,0.0,0.0,0.0,0.0,0.1,0.15,0.0,0.1,0.15,0.0,0.2,0.4166666666666667,0.0,0.1,0.15,0.0,0.0,0.0
20260630,Concrete,6,377,0.4348565964325101,0.45625734572716553,0.45625734572716553,0.4348565964325101,0.4348565964325101,0.45625734572716553,1,1,0,0,0.6166666666666667,0.7166666666666667,0.85,0.0,0.0,0.0,0.0,0.0,0.0,0.6166666666666667,0.7166666666666667,0.85,0.6166666666666667,0.7166666666666667,0.85,0.43333333333333335,0.6166666666666667,0.6333333333333333,0.6166666666666667,0.7166666666666667,0.85,0.0,0.0,0.0
20260630,Concrete,8,152,0.4461744133090345,0.4461744133090345,0.4461744133090345,0.4461744133090345,0.4461744133090345,0.4461744133090345,1,1,0,0,0.0,0.0,0.0,0.0,0.0,0.0,0.0,0.0,0.0,0.0,0.0,0.0,0.0,0.0,0.0,0.03333333333333333,0.4166666666666667,0.6166666666666667,0.0,0.0,0.0,0.0,0.0,0.0
20260630,Concrete,7,463,0.420769412223225,0.4650681709684379,0.4650681709684379,0.420769412223225,0.420769412223225,0.4650681709684379,1,1,0,0,0.016666666666666666,0.06666666666666667,0.38333333333333336,0.0,0.0,0.0,0.0,0.0,0.0,0.016666666666666666,0.06666666666666667,0.38333333333333336,0.016666666666666666,0.06666666666666667,0.38333333333333336,0.0,0.16666666666666666,0.6333333333333333,0.016666666666666666,0.06666666666666667,0.38333333333333336,0.0,0.0,0.0
20260630,Concrete,7,145,0.4568639033969891,0.48735723896488387,0.48735723896488387,0.4568639033969891,0.4568639033969891,0.48735723896488387,1,1,0,0,0.15,0.23333333333333334,0.4666666666666667,0.0,0.0,0.0,0.0,0.0,0.0,0.15,0.23333333333333334,0.4666666666666667,0.15,0.23333333333333334,0.4666666666666667,0.0,0.05,0.5166666666666667,0.15,0.23333333333333334,0.4666666666666667,0.0,0.0,0.0
20260630,Concrete,8,103,0.4543518737472079,0.4543518737472079,0.4543518737472079,0.4543518737472079,0.4543518737472079,0.4543518737472079,1,1,0,0,0.0,0.05,0.21666666666666667,0.0,0.0,0.0,0.0,0.0,0.0,0.0,0.05,0.21666666666666667,0.0,0.05,0.21666666666666667,0.0,0.0,0.3,0.0,0.05,0.21666666666666667,0.0,0.0,0.0
20260630,Concrete,4,339,0.47016394835376674,0.47285724622341063,0.47285724622341063,0.47016394835376674,0.47016394835376674,0.47285724622341063,1,1,0,0,0.4666666666666667,0.6166666666666667,0.75,0.0,0.0,0.0,0.0,0.0,0.0,0.4666666666666667,0.6166666666666667,0.75,0.4666666666666667,0.6166666666666667,0.75,0.3333333333333333,0.36666666666666664,0.5833333333333334,0.4666666666666667,0.6166666666666667,0.75,0.0,0.0,0.0
20260630,Concrete,8,98,0.4639428181186906,0.4639428181186906,0.4639428181186906,0.4639428181186906,0.4639428181186906,0.4639428181186906,1,1,0,0,0.016666666666666666,0.08333333333333333,0.4,0.0,0.0,0.0,0.0,0.0,0.0,0.016666666666666666,0.08333333333333333,0.4,0.016666666666666666,0.08333333333333333,0.4,0.4666666666666667,0.65,0.75,0.016666666666666666,0.08333333333333333,0.4,0.0,0.0,0.0
20260630,Concrete,4,139,0.46680119473473664,0.5126600832469089,0.5126600832469089,0.46680119473473664,0.46680119473473664,0.5126600832469089,1,1,0,0,0.0,0.03333333333333333,0.16666666666666666,0.0,0.0,0.0,0.0,0.0,0.0,0.0,0.03333333333333333,0.16666666666666666,0.0,0.03333333333333333,0.16666666666666666,0.48333333333333334,0.5666666666666667,0.8166666666666667,0.0,0.03333333333333333,0.16666666666666666,0.0,0.0,0.0
20260630,Concrete,5,62,0.5307031067035346,0.5866502097945864,0.5866502097945864,0.5307031067035346,0.5307031067035346,0.5866502097945864,1,1,0,0,0.38333333333333336,0.45,0.4666666666666667,0.0,0.0,0.0,0.0,0.0,0.0,0.38333333333333336,0.45,0.4666666666666667,0.38333333333333336,0.45,0.4666666666666667,0.23333333333333334,0.35,0.85,0.38333333333333336,0.45,0.4666666666666667,0.0,0.0,0.0
20260630,Concrete,8,442,0.44897467125235874,0.4456429385736349,0.4456429385736349,0.44897467125235874,0.44897467125235874,0.4456429385736349,1,1,0,0,0.05,0.23333333333333334,0.6833333333333333,0.0,0.0,0.0,0.0,0.0,0.0,0.05,0.23333333333333334,0.6833333333333333,0.05,0.23333333333333334,0.6833333333333333,0.0,0.18333333333333332,0.6166666666666667,0.05,0.23333333333333334,0.6833333333333333,0.0,0.0,0.0
20260630,Concrete,4,211,0.4562282773945327,0.4631048546040843,0.4631048546040843,0.4562282773945327,0.4562282773945327,0.4631048546040843,1,1,0,0,0.31666666666666665,0.4666666666666667,0.6333333333333333,0.0,0.0,0.0,0.0,0.0,0.0,0.31666666666666665,0.4666666666666667,0.6333333333333333,0.31666666666666665,0.4666666666666667,0.6333333333333333,0.36666666666666664,0.5,0.6666666666666666,0.31666666666666665,0.4666666666666667,0.6333333333333333,0.0,0.0,0.0
20260630,Concrete,6,64,0.5176295745771157,0.4955601015068301,0.4955601015068301,0.5176295745771157,0.5176295745771157,0.4955601015068301,1,1,0,0,0.5,0.45,0.6166666666666667,0.0,0.0,0.0,0.0,0.0,0.0,0.5,0.45,0.6166666666666667,0.5,0.45,0.6166666666666667,0.0,0.016666666666666666,0.31666666666666665,0.5,0.45,0.6166666666666667,0.0,0.0,0.0
20260630,Concrete,7,465,0.43186866756341286,0.439200495501896,0.439200495501896,0.43186866756341286,0.43186866756341286,0.439200495501896,1,1,0,0,0.2833333333333333,0.5666666666666667,0.7166666666666667,0.0,0.0,0.0,0.0,0.0,0.0,0.2833333333333333,0.5666666666666667,0.7166666666666667,0.2833333333333333,0.5666666666666667,0.7166666666666667,0.4666666666666667,0.75,0.7833333333333333,0.2833333333333333,0.5666666666666667,0.7166666666666667,0.0,0.0,0.0
20260630,Concrete,6,174,0.44974950251897766,0.4563644750294911,0.4563644750294911,0.44974950251897766,0.44974950251897766,0.4563644750294911,1,1,0,0,0.8666666666666667,0.8666666666666667,1.0,0.0,0.0,0.0,0.0,0.0,0.0,0.8666666666666667,0.8666666666666667,1.0,0.8666666666666667,0.8666666666666667,1.0,0.23333333333333334,0.6666666666666666,0.85,0.8666666666666667,0.8666666666666667,1.0,0.0,0.0,0.0
20260630,Concrete,4,291,0.45409348663377996,0.499711786450093,0.499711786450093,0.45409348663377996,0.45409348663377996,0.499711786450093,1,1,0,0,0.5333333333333333,0.7666666666666667,0.7833333333333333,0.0,0.0,0.0,0.0,0.0,0.0,0.5333333333333333,0.7666666666666667,0.7833333333333333,0.5333333333333333,0.7666666666666667,0.7833333333333333,0.18333333333333332,0.5,0.8833333333333333,0.5333333333333333,0.7666666666666667,0.7833333333333333,0.0,0.0,0.0
20260630,Concrete,4,458,0.44253867844504396,0.4712214705847765,0.4712214705847765,0.44253867844504396,0.44253867844504396,0.4712214705847765,1,1,0,0,0.2833333333333333,0.31666666666666665,0.6166666666666667,0.0,0.0,0.0,0.0,0.0,0.0,0.2833333333333333,0.31666666666666665,0.6166666666666667,0.2833333333333333,0.31666666666666665,0.6166666666666667,0.6,0.7333333333333333,0.8,0.2833333333333333,0.31666666666666665,0.6166666666666667,0.0,0.0,0.0
20260630,Concrete,8,293,0.46158833374218544,0.4643002127366322,0.4643002127366322,0.46158833374218544,0.46158833374218544,0.4643002127366322,1,1,0,0,0.3,0.16666666666666666,0.7166666666666667,0.0,0.0,0.0,0.0,0.0,0.0,0.3,0.16666666666666666,0.7166666666666667,0.3,0.16666666666666666,0.7166666666666667,0.0,0.23333333333333334,0.6166666666666667,0.3,0.16666666666666666,0.7166666666666667,0.0,0.0,0.0
20260630,Concrete,4,478,0.4486599917122744,0.4486599917122744,0.4486599917122744,0.4486599917122744,0.4486599917122744,0.4486599917122744,1,1,0,0,0.16666666666666666,0.21666666666666667,0.36666666666666664,0.0,0.0,0.0,0.0,0.0,0.0,0.16666666666666666,0.21666666666666667,0.36666666666666664,0.16666666666666666,0.21666666666666667,0.36666666666666664,0.0,0.35,0.65,0.16666666666666666,0.21666666666666667,0.36666666666666664,0.0,0.0,0.0
20260630,Concrete,8,378,0.42923390419959795,0.42923390419959795,0.42923390419959795,0.42923390419959795,0.42923390419959795,0.42923390419959795,1,1,0,0,0.0,0.05,0.21666666666666667,0.0,0.0,0.0,0.0,0.0,0.0,0.0,0.05,0.21666666666666667,0.0,0.05,0.21666666666666667,0.3,0.5333333333333333,0.75,0.0,0.05,0.21666666666666667,0.0,0.0,0.0
20260630,Concrete,5,471,0.45267849941143273,0.45267849941143273,0.45267849941143273,0.45267849941143273,0.45267849941143273,0.45267849941143273,1,1,0,0,0.26666666666666666,0.6166666666666667,0.7166666666666667,0.0,0.0,0.0,0.0,0.0,0.0,0.26666666666666666,0.6166666666666667,0.7166666666666667,0.26666666666666666,0.6166666666666667,0.7166666666666667,0.2,0.5,0.7,0.26666666666666666,0.6166666666666667,0.7166666666666667,0.0,0.0,0.0
20260630,Concrete,8,348,0.4367042370362364,0.44852896417733124,0.44852896417733124,0.4367042370362364,0.4367042370362364,0.44852896417733124,1,1,0,0,0.25,0.4666666666666667,0.55,0.0,0.0,0.0,0.0,0.0,0.0,0.25,0.4666666666666667,0.55,0.25,0.4666666666666667,0.55,0.0,0.016666666666666666,0.48333333333333334,0.25,0.4666666666666667,0.55,0.0,0.0,0.0
20260630,Concrete,5,73,0.4818174800125465,0.5590376955630969,0.5590376955630969,0.4818174800125465,0.4818174800125465,0.5590376955630969,1,1,0,0,0.06666666666666667,0.21666666666666667,0.38333333333333336,0.0,0.0,0.0,0.0,0.0,0.0,0.06666666666666667,0.21666666666666667,0.38333333333333336,0.06666666666666667,0.21666666666666667,0.38333333333333336,0.0,0.0,0.6,0.06666666666666667,0.21666666666666667,0.38333333333333336,0.0,0.0,0.0
20260630,Concrete,8,427,0.44476170487820965,0.45942185374238925,0.45942185374238925,0.44476170487820965,0.44476170487820965,0.45942185374238925,1,1,0,0,0.08333333333333333,0.2833333333333333,0.45,0.0,0.0,0.0,0.0,0.0,0.0,0.08333333333333333,0.2833333333333333,0.45,0.08333333333333333,0.2833333333333333,0.45,0.2833333333333333,0.31666666666666665,0.6166666666666667,0.08333333333333333,0.2833333333333333,0.45,0.0,0.0,0.0
20260630,Concrete,6,279,0.4501899928527792,0.45292375762582054,0.45292375762582054,0.4501899928527792,0.4501899928527792,0.45292375762582054,1,1,0,0,0.0,0.3,0.45,0.0,0.0,0.0,0.0,0.0,0.0,0.0,0.3,0.45,0.0,0.3,0.45,0.31666666666666665,0.48333333333333334,0.6,0.0,0.3,0.45,0.0,0.0,0.0
20260630,Concrete,5,436,0.446952791503013,0.4673224161313379,0.4673224161313379,0.446952791503013,0.446952791503013,0.4673224161313379,1,1,0,0,0.03333333333333333,0.13333333333333333,0.4166666666666667,0.0,0.0,0.0,0.0,0.0,0.0,0.03333333333333333,0.13333333333333333,0.4166666666666667,0.03333333333333333,0.13333333333333333,0.4166666666666667,0.31666666666666665,0.3,0.6833333333333333,0.03333333333333333,0.13333333333333333,0.4166666666666667,0.0,0.0,0.0
20260630,Concrete,5,486,0.4619629670659497,0.4669086880558495,0.4669086880558495,0.4619629670659497,0.4619629670659497,0.4669086880558495,1,1,0,0,0.4166666666666667,0.5833333333333334,0.6166666666666667,0.0,0.0,0.0,0.0,0.0,0.0,0.4166666666666667,0.5833333333333334,0.6166666666666667,0.4166666666666667,0.5833333333333334,0.6166666666666667,0.3,0.5,0.75,0.4166666666666667,0.5833333333333334,0.6166666666666667,0.0,0.0,0.0
20260630,Concrete,8,371,0.4437154554978833,0.4690268480507123,0.4690268480507123,0.4437154554978833,0.4437154554978833,0.4690268480507123,1,1,0,0,0.06666666666666667,0.23333333333333334,0.5833333333333334,0.0,0.0,0.0,0.0,0.0,0.0,0.06666666666666667,0.23333333333333334,0.5833333333333334,0.06666666666666667,0.23333333333333334,0.5833333333333334,0.5333333333333333,0.43333333333333335,0.7333333333333333,0.06666666666666667,0.23333333333333334,0.5833333333333334,0.0,0.0,0.0
20260630,Concrete,6,300,0.45340177082949945,0.493395694499454,0.493395694499454,0.45340177082949945,0.45340177082949945,0.493395694499454,1,1,0,0,0.15,0.4,0.5333333333333333,0.0,0.0,0.0,0.0,0.0,0.0,0.15,0.4,0.5333333333333333,0.15,0.4,0.5333333333333333,0.6,0.75,0.9333333333333333,0.15,0.4,0.5333333333333333,0.0,0.0,0.0
20260630,Concrete,6,438,0.45181600894989465,0.4672486230054999,0.4672486230054999,0.45181600894989465,0.45181600894989465,0.4672486230054999,1,1,0,0,0.43333333333333335,0.6166666666666667,0.6166666666666667,0.0,0.0,0.0,0.0,0.0,0.0,0.43333333333333335,0.6166666666666667,0.6166666666666667,0.43333333333333335,0.6166666666666667,0.6166666666666667,0.016666666666666666,0.26666666666666666,0.6166666666666667,0.43333333333333335,0.6166666666666667,0.6166666666666667,0.0,0.0,0.0
20260630,Concrete,8,385,0.45076013933742637,0.442923129259337,0.442923129259337,0.45076013933742637,0.45076013933742637,0.442923129259337,1,1,0,0,0.38333333333333336,0.5166666666666667,0.7333333333333333,0.0,0.0,0.0,0.0,0.0,0.0,0.38333333333333336,0.5166666666666667,0.7333333333333333,0.38333333333333336,0.5166666666666667,0.7333333333333333,0.0,0.11666666666666667,0.6666666666666666,0.38333333333333336,0.5166666666666667,0.7333333333333333,0.0,0.0,0.0
20260630,Concrete,8,466,0.41225724655651524,0.4447781363539126,0.4447781363539126,0.41225724655651524,0.41225724655651524,0.4447781363539126,1,1,0,0,0.0,0.016666666666666666,0.0,0.0,0.0,0.0,0.0,0.0,0.0,0.0,0.016666666666666666,0.0,0.0,0.016666666666666666,0.0,0.3,0.65,0.8833333333333333,0.0,0.016666666666666666,0.0,0.0,0.0,0.0
20260630,Concrete,5,307,0.44985698618654496,0.44478022989201577,0.44478022989201577,0.44985698618654496,0.44985698618654496,0.44478022989201577,1,1,0,0,0.6833333333333333,0.8666666666666667,0.95,0.0,0.0,0.0,0.0,0.0,0.0,0.6833333333333333,0.8666666666666667,0.95,0.6833333333333333,0.8666666666666667,0.95,0.4,0.5,0.6333333333333333,0.6833333333333333,0.8666666666666667,0.95,0.0,0.0,0.0
20260630,Concrete,6,463,0.438522663399148,0.438522663399148,0.438522663399148,0.438522663399148,0.438522663399148,0.438522663399148,1,1,0,0,0.03333333333333333,0.08333333333333333,0.5,0.0,0.0,0.0,0.0,0.0,0.0,0.03333333333333333,0.08333333333333333,0.5,0.03333333333333333,0.08333333333333333,0.5,0.36666666666666664,0.4,0.6333333333333333,0.03333333333333333,0.08333333333333333,0.5,0.0,0.0,0.0
20260630,Concrete,8,185,0.44234577255710733,0.4819631737846119,0.4819631737846119,0.44234577255710733,0.44234577255710733,0.4819631737846119,1,1,0,0,0.05,0.13333333333333333,0.21666666666666667,0.0,0.0,0.0,0.0,0.0,0.0,0.05,0.13333333333333333,0.21666666666666667,0.05,0.13333333333333333,0.21666666666666667,0.0,0.08333333333333333,0.6,0.05,0.13333333333333333,0.21666666666666667,0.0,0.0,0.0
20260630,Concrete,8,288,0.465106442433941,0.465106442433941,0.465106442433941,0.465106442433941,0.465106442433941,0.465106442433941,1,1,0,0,0.15,0.3333333333333333,0.4666666666666667,0.0,0.0,0.0,0.0,0.0,0.0,0.15,0.3333333333333333,0.4666666666666667,0.15,0.3333333333333333,0.4666666666666667,0.6666666666666666,0.7666666666666667,0.8666666666666667,0.15,0.3333333333333333,0.4666666666666667,0.0,0.0,0.0
20260630,Concrete,6,411,0.43884630314991907,0.4726494105581197,0.4726494105581197,0.43884630314991907,0.43884630314991907,0.4726494105581197,1,1,0,0,0.05,0.4166666666666667,0.6166666666666667,0.0,0.0,0.0,0.0,0.0,0.0,0.05,0.4166666666666667,0.6166666666666667,0.05,0.4166666666666667,0.6166666666666667,0.0,0.31666666666666665,0.6166666666666667,0.05,0.4166666666666667,0.6166666666666667,0.0,0.0,0.0
