seed,family,m,N,tail_lexpr,tail_lexpr1,tail_asf1,tail_asfk,tail_mmrk,tail_raw,agree_lexpr_asfk,agree_lexpr_mmrk,tied_lexpr,tied_lexpr1,flip_lexpr_0.05,flip_lexpr_0.10,flip_lexpr_0.20,flip_lexpr1_0.05,flip_lexpr1_0.10,flip_lexpr1_0.20,flip_asf1_0.05,flip_asf1_0.10,flip_asf1_0.20,flip_asfk_0.05,flip_asfk_0.10,flip_asfk_0.20,flip_mmrk_0.05,flip_mmrk_0.10,flip_mmrk_0.20,flip_raw_0.05,flip_raw_0.10,flip_raw_0.20,classflip_lexpr_0.05,classflip_lexpr_0.10,classflip_lexpr_0.20,classflip_lexpr1_0.05,classflip_lexpr1_0.10,classflip_lexpr1_0.20
20260705,Knapsack,5,295,0.8078906285320862,0.7475709162093144,0.7475709162093144,0.8078906285320862,0.8078906285320862,0.7475709162093144,1,1,0,0,0.0,0.0666666666666666,0.3666666666666666,0.0,0.0,0.0,0.0,0.0,0.0,0.0,0.0666666666666666,0.3666666666666666,0.0,0.0666666666666666,0.3666666666666666,0.6833333333333333,0.9,1.0,0.0,0.0666666666666666,0.3666666666666666,0.0,0.0,0.0
20260705,Knapsack,5,232,0.7766869694336223,0.743957372562808,0.743957372562808,0.7766869694336223,0.7766869694336223,0.743957372562808,1,1,0,0,0.5333333333333333,0.6666666666666666,0.8833333333333333,0.0,0.0,0.0,0.0,0.0,0.0,0.5333333333333333,0.6666666666666666,0.8833333333333333,0.5333333333333333,0.6666666666666666,0.8833333333333333,0.6833333333333333,0.8333333333333334,0.95,0.5333333333333333,0.6666666666666666,0.8833333333333333,0.0,0.0,0.0
20260705,Knapsack,3,94,0.9832087587070926,0.8550547367957567,0.8550547367957567,0.9832087587070926,0.9832087587070926,0.8550547367957567,1,1,0,0,0.0666666666666666,0.3833333333333333,0.7666666666666667,0.0,0.0,0.0,0.0,0.0,0.0,0.0666666666666666,0.3833333333333333,0.7666666666666667,0.0666666666666666,0.3833333333333333,0.7666666666666667,0.3833333333333333,0.7166666666666667,0.8833333333333333,0.0666666666666666,0.3833333333333333,0.7666666666666667,0.0,0.0,0.0
20260705,Knapsack,3,271,0.9127729947494256,0.8655505043559245,0.8655505043559245,0.9127729947494256,0.9127729947494256,0.8655505043559245,1,1,0,0,0.5833333333333334,0.5833333333333334,0.8,0.0,0.0,0.0,0.0,0.0,0.0,0.5666666666666667,0.5666666666666667,0.7833333333333333,0.5833333333333334,0.5833333333333334,0.8,0.75,0.95,1.0,0.5833333333333334,0.5833333333333334,0.8,0.0,0.0,0.0
20260705,Knapsack,4,69,0.8381087029005061,0.7640117143815875,0.7640117143815875,0.8381087029005061,0.8381087029005061,0.7640117143815875,1,1,0,0,0.0,0.0,0.0,0.0,0.0,0.0,0.0,0.0,0.0,0.0,0.0,0.0,0.0,0.0,0.0,0.8333333333333334,0.9,0.9833333333333332,0.0,0.0,0.0,0.0,0.0,0.0
20260705,Knapsack,3,96,0.9086538690575928,0.8290328876467872,0.8290328876467872,0.9086538690575928,0.9086538690575928,0.8290328876467872,1,1,0,0,0.0,0.0166666666666666,0.1666666666666666,0.0,0.0,0.0,0.0,0.0,0.0,0.0,0.0166666666666666,0.1666666666666666,0.0,0.0166666666666666,0.1666666666666666,0.7666666666666667,0.9166666666666666,0.95,0.0,0.0166666666666666,0.1666666666666666,0.0,0.0,0.0
20260705,Knapsack,4,136,0.8345097896525104,0.7985605606367188,0.7985605606367188,0.8345097896525104,0.8345097896525104,0.7985605606367188,1,1,0,0,0.3666666666666666,0.5333333333333333,0.4666666666666667,0.0,0.0,0.0,0.0,0.0,0.0,0.3666666666666666,0.5333333333333333,0.4666666666666667,0.3666666666666666,0.5333333333333333,0.4666666666666667,0.5333333333333333,0.7666666666666667,0.9833333333333332,0.3666666666666666,0.5333333333333333,0.4666666666666667,0.0,0.0,0.0
20260705,Knapsack,4,95,0.9255055014110796,0.7706974095935691,0.7706974095935691,0.9255055014110796,0.9255055014110796,0.7706974095935691,1,1,0,0,0.0166666666666666,0.3,0.7,0.0,0.0,0.0,0.0,0.0,0.0,0.0166666666666666,0.3,0.7,0.0166666666666666,0.3,0.7,0.5,0.7666666666666667,0.9166666666666666,0.0166666666666666,0.3,0.7,0.0,0.0,0.0
20260705,Knapsack,4,213,0.8533251522472273,0.7833409999588488,0.7833409999588488,0.8533251522472273,0.8533251522472273,0.7833409999588488,1,1,0,0,0.0,0.0,0.15,0.0,0.0,0.0,0.0,0.0,0.0,0.0,0.0,0.1666666666666666,0.0,0.0,0.15,0.5833333333333334,0.8666666666666667,1.0,0.0,0.0,0.15,0.0,0.0,0.0
20260705,Knapsack,3,251,0.8896213213385875,0.8489577034276067,0.8489577034276067,0.8896213213385875,0.8896213213385875,0.8489577034276067,1,1,0,0,0.0,0.1333333333333333,0.4666666666666667,0.0,0.0,0.0,0.0,0.0,0.0,0.4666666666666667,0.6,0.65,0.0,0.0666666666666666,0.3,0.5833333333333334,0.8333333333333334,0.9833333333333332,0.0,0.1333333333333333,0.4666666666666667,0.0,0.0,0.0
20260705,Knapsack,3,194,0.9387683831684642,0.8320768089319048,0.8320768089319048,0.9387683831684642,0.9387683831684642,0.8320768089319048,1,1,0,0,0.3166666666666666,0.6,0.6333333333333333,0.0,0.0,0.0,0.0,0.0,0.0,0.3166666666666666,0.6,0.6333333333333333,0.3166666666666666,0.6,0.6333333333333333,0.6833333333333333,0.8833333333333333,0.9333333333333332,0.3166666666666666,0.6,0.6333333333333333,0.0,0.0,0.0
20260705,Knapsack,3,198,0.8800507511796494,0.8357314335131918,0.8357314335131918,0.8800507511796494,0.8800507511796494,0.8357314335131918,1,1,0,0,0.0,0.2,0.2833333333333333,0.0,0.0,0.0,0.0,0.0,0.0,0.0,0.2,0.2833333333333333,0.0,0.2,0.2833333333333333,0.85,0.9166666666666666,1.0,0.0,0.2,0.2833333333333333,0.0,0.0,0.0
20260705,Knapsack,4,246,0.8185720728459782,0.7625267625110136,0.7625267625110136,0.8185720728459782,0.8185720728459782,0.7625267625110136,1,1,0,0,0.2833333333333333,0.4666666666666667,0.6,0.0,0.0,0.0,0.0,0.0,0.0,0.2833333333333333,0.4666666666666667,0.6,0.2833333333333333,0.4666666666666667,0.6,0.35,0.95,0.9666666666666668,0.2833333333333333,0.4666666666666667,0.6,0.0,0.0,0.0
20260705,Knapsack,4,159,0.8059827667680568,0.766078265502464,0.766078265502464,0.8059827667680568,0.8059827667680568,0.766078265502464,1,1,0,0,0.0,0.0,0.0833333333333333,0.0,0.0,0.0,0.0,0.0,0.0,0.0,0.0,0.0833333333333333,0.0,0.0,0.0833333333333333,0.5666666666666667,0.7333333333333333,0.9833333333333332,0.0,0.0,0.0833333333333333,0.0,0.0,0.0
20260705,Knapsack,4,110,0.7919515319421865,0.7779041258244658,0.7779041258244658,0.7919515319421865,0.7919515319421865,0.7779041258244658,1,1,0,0,0.6333333333333333,0.8,0.9833333333333332,0.0,0.0,0.0,0.0,0.0,0.0,0.6333333333333333,0.8,0.9833333333333332,0.6333333333333333,0.8,0.9833333333333332,0.5166666666666667,0.65,0.9,0.6333333333333333,0.8,0.9833333333333332,0.0,0.0,0.0
20260705,Knapsack,5,141,0.7933972459471288,0.7443810177818402,0.7443810177818402,0.7933972459471288,0.7933972459471288,0.7443810177818402,1,1,0,0,0.0,0.0166666666666666,0.35,0.0,0.0,0.0,0.0,0.0,0.0,0.0,0.0166666666666666,0.3333333333333333,0.0,0.0166666666666666,0.35,0.4,0.8333333333333334,1.0,0.0,0.0166666666666666,0.35,0.0,0.0,0.0
20260705,Knapsack,4,61,0.7630611225797954,0.7375994458685773,0.7375994458685773,0.7630611225797954,0.7630611225797954,0.7375994458685773,1,1,0,0,0.1166666666666666,0.2166666666666666,0.3,0.0,0.0,0.0,0.0,0.0,0.0,0.1166666666666666,0.2166666666666666,0.3,0.1166666666666666,0.2166666666666666,0.3,0.4,0.6333333333333333,0.9833333333333332,0.1166666666666666,0.2166666666666666,0.3,0.0,0.0,0.0
20260705,Knapsack,5,192,0.8387952124159599,0.7258817389918503,0.7258817389918503,0.8387952124159599,0.8387952124159599,0.7258817389918503,1,1,0,0,0.0,0.1666666666666666,0.4,0.0,0.0,0.0,0.0,0.0,0.0,0.0,0.1666666666666666,0.3833333333333333,0.0,0.1666666666666666,0.4,0.6,0.7166666666666667,0.95,0.0,0.1666666666666666,0.4,0.0,0.0,0.0
20260705,Knapsack,4,208,0.8488980393034278,0.7833807064718294,0.7833807064718294,0.8488980393034278,0.8488980393034278,0.7833807064718294,1,1,0,0,0.3166666666666666,0.3,0.4,0.0,0.0,0.0,0.0,0.0,0.0,0.3166666666666666,0.3,0.4,0.3166666666666666,0.3,0.4,0.5666666666666667,0.7333333333333333,0.8833333333333333,0.3166666666666666,0.3,0.4,0.0,0.0,0.0
20260705,Knapsack,5,243,0.7668132072827646,0.7465590202044479,0.7465590202044479,0.7668132072827646,0.7668132072827646,0.7465590202044479,1,1,0,0,0.0333333333333333,0.45,0.5,0.0,0.0,0.0,0.0,0.0,0.0,0.0333333333333333,0.4333333333333333,0.5166666666666667,0.15,0.5,0.5833333333333334,0.6666666666666666,0.7833333333333333,0.9166666666666666,0.0333333333333333,0.45,0.5,0.0,0.0,0.0
20260705,Knapsack,4,128,0.8631542276593116,0.7808249323461017,0.7808249323461017,0.8631542276593116,0.8631542276593116,0.7808249323461017,1,1,0,0,0.0833333333333333,0.2833333333333333,0.6833333333333333,0.0,0.0,0.0,0.0,0.0,0.0,0.0833333333333333,0.2833333333333333,0.6833333333333333,0.0833333333333333,0.2833333333333333,0.6833333333333333,0.3166666666666666,0.6,0.95,0.0833333333333333,0.2833333333333333,0.6833333333333333,0.0,0.0,0.0
20260705,Knapsack,5,224,0.7829335001547276,0.7517248864152616,0.7517248864152616,0.7829335001547276,0.7829335001547276,0.7517248864152616,1,1,0,0,0.0,0.0333333333333333,0.3166666666666666,0.0,0.0,0.0,0.0,0.0,0.0,0.0,0.0333333333333333,0.3166666666666666,0.0,0.0333333333333333,0.3166666666666666,0.5,0.8666666666666667,0.9333333333333332,0.0,0.0333333333333333,0.3166666666666666,0.0,0.0,0.0
20260705,Knapsack,4,73,0.813620983058215,0.7617706441421123,0.7617706441421123,0.813620983058215,0.8373793377481579,0.7617706441421123,1,0,0,0,0.0333333333333333,0.3333333333333333,0.6166666666666667,0.0,0.0,0.0,0.0,0.0,0.0,0.0666666666666666,0.4333333333333333,0.7833333333333333,0.3833333333333333,0.5833333333333334,0.4833333333333333,0.5666666666666667,0.8166666666666667,0.95,0.0333333333333333,0.3333333333333333,0.6166666666666667,0.0,0.0,0.0
20260705,Knapsack,4,214,0.8331030651811834,0.7866541356075689,0.7757099212367583,0.8331030651811834,0.8331030651811834,0.7757099212367583,1,1,0,0,0.1,0.25,0.4666666666666667,0.0,0.0,0.0,0.0,0.0,0.0,0.0166666666666666,0.1333333333333333,0.3666666666666666,0.0,0.05,0.25,0.8,0.9666666666666668,0.95,0.1,0.25,0.4666666666666667,0.0,0.0,0.0
20260705,Knapsack,3,104,0.9007190050065039,0.8282324183212643,0.8282324183212643,0.9007190050065039,0.9007190050065039,0.8282324183212643,1,1,0,0,0.1,0.2333333333333333,0.4666666666666667,0.0,0.0,0.0,0.0,0.0,0.0,0.1,0.2333333333333333,0.5333333333333333,0.1,0.25,0.5833333333333334,0.3333333333333333,0.75,0.9333333333333332,0.1,0.2333333333333333,0.4666666666666667,0.0,0.0,0.0
20260705,Knapsack,4,221,0.8598291620765489,0.7976267584245017,0.7976267584245017,0.8598291620765489,0.8598291620765489,0.7976267584245017,1,1,0,0,0.25,0.4833333333333333,0.6833333333333333,0.0,0.0,0.0,0.0,0.0,0.0,0.25,0.4833333333333333,0.6833333333333333,0.25,0.4833333333333333,0.6833333333333333,0.1833333333333333,0.7333333333333333,0.9333333333333332,0.25,0.4833333333333333,0.6833333333333333,0.0,0.0,0.0
20260705,Knapsack,4,297,0.8511747793670911,0.7982981952120238,0.7982981952120238,0.8511747793670911,0.8511747793670911,0.7982981952120238,1,1,0,0,0.0333333333333333,0.2,0.3166666666666666,0.0,0.0,0.0,0.0,0.0,0.0,0.0333333333333333,0.2,0.3166666666666666,0.0333333333333333,0.2,0.3166666666666666,0.75,0.8666666666666667,0.9833333333333332,0.0333333333333333,0.2,0.3166666666666666,0.0,0.0,0.0
20260705,Knapsack,4,201,0.8499621441818547,0.7604108565769503,0.7604108565769503,0.8499621441818547,0.8499621441818547,0.7604108565769503,1,1,0,0,0.3666666666666666,0.75,0.9,0.0,0.0,0.0,0.0,0.0,0.0,0.3333333333333333,0.6833333333333333,0.8666666666666667,0.3333333333333333,0.65,0.8333333333333334,0.5833333333333334,0.7833333333333333,1.0,0.3666666666666666,0.75,0.9,0.0,0.0,0.0
20260705,Knapsack,5,240,0.8186539170311823,0.7849498021205183,0.7849498021205183,0.8186539170311823,0.8186539170311823,0.7849498021205183,1,1,0,0,0.3333333333333333,0.35,0.5333333333333333,0.0,0.0,0.0,0.0,0.0,0.0,0.3333333333333333,0.35,0.5333333333333333,0.3333333333333333,0.35,0.5333333333333333,0.7166666666666667,0.8333333333333334,0.9666666666666668,0.3333333333333333,0.35,0.5333333333333333,0.0,0.0,0.0
20260705,Knapsack,5,204,0.7940027993623855,0.7561216381438255,0.7561216381438255,0.7940027993623855,0.7940027993623855,0.7561216381438255,1,1,0,0,0.45,0.5833333333333334,0.6833333333333333,0.0,0.0,0.0,0.0,0.0,0.0,0.45,0.5833333333333334,0.6833333333333333,0.45,0.5833333333333334,0.6833333333333333,0.9666666666666668,0.9333333333333332,1.0,0.45,0.5833333333333334,0.6833333333333333,0.0,0.0,0.0
20260705,Knapsack,4,141,0.8416015072129526,0.7903900881846297,0.7903900881846297,0.8416015072129526,0.8416015072129526,0.7903900881846297,1,1,0,0,0.0,0.0166666666666666,0.25,0.0,0.0,0.0,0.0,0.0,0.0,0.0,0.0166666666666666,0.25,0.0,0.0166666666666666,0.25,0.7333333333333333,0.9,0.95,0.0,0.0166666666666666,0.25,0.0,0.0,0.0
20260705,Knapsack,3,93,0.8786734833952321,0.8340127563064994,0.8340127563064994,0.8786734833952321,0.8786734833952321,0.8340127563064994,1,1,0,0,0.6833333333333333,0.6166666666666667,0.7666666666666667,0.0,0.0,0.0,0.0,0.0,0.0,0.05,0.25,0.7,0.3666666666666666,0.3166666666666666,0.6166666666666667,0.6833333333333333,0.7833333333333333,0.9333333333333332,0.6833333333333333,0.6166666666666667,0.7666666666666667,0.0,0.0,0.0
20260705,Knapsack,3,95,0.9026859741273076,0.8579531213709035,0.8579531213709035,0.9026859741273076,0.9026859741273076,0.8579531213709035,1,1,0,0,0.35,0.45,0.55,0.0,0.0,0.0,0.0,0.0,0.0,0.35,0.45,0.55,0.35,0.45,0.55,0.45,0.65,0.9833333333333332,0.35,0.45,0.55,0.0,0.0,0.0
20260705,Knapsack,5,129,0.8376571404247173,0.7664967741725127,0.7664967741725127,0.8376571404247173,0.8376571404247173,0.7664967741725127,1,1,0,0,0.1666666666666666,0.2666666666666666,0.4166666666666667,0.0,0.0,0.0,0.0,0.0,0.0,0.1666666666666666,0.2666666666666666,0.4166666666666667,0.1666666666666666,0.2666666666666666,0.4166666666666667,0.6666666666666666,0.9,0.9833333333333332,0.1666666666666666,0.2666666666666666,0.4166666666666667,0.0,0.0,0.0
20260705,Knapsack,4,146,0.8584073309089164,0.8010126807132117,0.8010126807132117,0.8584073309089164,0.8584073309089164,0.8010126807132117,1,1,0,0,0.0,0.0833333333333333,0.4333333333333333,0.0,0.0,0.0,0.0,0.0,0.0,0.0,0.0833333333333333,0.4333333333333333,0.0,0.0833333333333333,0.4333333333333333,0.25,0.7,0.9166666666666666,0.0,0.0833333333333333,0.4333333333333333,0.0,0.0,0.0
20260705,Knapsack,5,173,0.8026610103144229,0.7432079942489219,0.7432079942489219,0.8026610103144229,0.8026610103144229,0.7432079942489219,1,1,0,0,0.0666666666666666,0.2166666666666666,0.5666666666666667,0.0,0.0,0.0,0.0,0.0,0.0,0.0666666666666666,0.2166666666666666,0.5666666666666667,0.0666666666666666,0.2166666666666666,0.5666666666666667,0.6833333333333333,0.7666666666666667,0.9166666666666666,0.0666666666666666,0.2166666666666666,0.5666666666666667,0.0,0.0,0.0
20260705,Knapsack,5,120,0.8865548793414341,0.7558498849335341,0.7558498849335341,0.8865548793414341,0.8865548793414341,0.7558498849335341,1,1,0,0,0.0333333333333333,0.4166666666666667,0.8333333333333334,0.0,0.0,0.0,0.0,0.0,0.0,0.0333333333333333,0.4166666666666667,0.8333333333333334,0.0333333333333333,0.4166666666666667,0.8333333333333334,0.1,0.5833333333333334,0.8166666666666667,0.0333333333333333,0.4166666666666667,0.8333333333333334,0.0,0.0,0.0
20260705,Knapsack,5,184,0.8218603996646372,0.7504357695285063,0.7504357695285063,0.8218603996646372,0.8218603996646372,0.7504357695285063,1,1,0,0,0.0166666666666666,0.1666666666666666,0.3833333333333333,0.0,0.0,0.0,0.0,0.0,0.0,0.0166666666666666,0.1666666666666666,0.3833333333333333,0.0166666666666666,0.1666666666666666,0.4,0.3333333333333333,0.75,0.9833333333333332,0.0166666666666666,0.1666666666666666,0.3833333333333333,0.0,0.0,0.0
20260705,Knapsack,4,247,0.8130975684547785,0.7824070828196175,0.7824070828196175,0.8130975684547785,0.8130975684547785,0.7824070828196175,1,1,0,0,0.0333333333333333,0.45,0.8166666666666667,0.0,0.0,0.0,0.0,0.0,0.0,0.0333333333333333,0.45,0.8166666666666667,0.0333333333333333,0.45,0.8166666666666667,0.7333333333333333,0.9,1.0,0.0333333333333333,0.45,0.8166666666666667,0.0,0.0,0.0
20260705,Knapsack,3,174,0.914168602327003,0.8304521963307904,0.8304521963307904,0.914168602327003,0.914168602327003,0.8304521963307904,1,1,0,0,0.35,0.7333333333333333,0.8166666666666667,0.0,0.0,0.0,0.0,0.0,0.0,0.2166666666666666,0.6,0.7666666666666667,0.1833333333333333,0.5166666666666667,0.7,0.9333333333333332,0.95,0.9833333333333332,0.35,0.7333333333333333,0.8166666666666667,0.0,0.0,0.0
20260705,Knapsack,3,183,0.8993867372946992,0.8533729784164976,0.8539568807940137,0.8993867372946992,0.8993867372946992,0.8539568807940137,1,1,0,0,0.2,0.5,0.8,0.0,0.0,0.0,0.0,0.0,0.0,0.2,0.5,0.8,0.2,0.5,0.8,0.95,0.8666666666666667,0.95,0.2,0.5,0.8,0.0,0.0,0.0
20260705,Knapsack,4,106,0.8778630707569381,0.7692171566590387,0.7692171566590387,0.8778630707569381,0.8778630707569381,0.7692171566590387,1,1,0,0,0.0,0.0333333333333333,0.2,0.0,0.0,0.0,0.0,0.0,0.0,0.0,0.0333333333333333,0.2,0.0,0.0333333333333333,0.2,0.3666666666666666,0.7666666666666667,0.9833333333333332,0.0,0.0333333333333333,0.2,0.0,0.0,0.0
20260705,Knapsack,3,272,0.935187473141976,0.8595992037665944,0.8595992037665944,0.935187473141976,0.935187473141976,0.8595992037665944,1,1,0,0,0.5166666666666667,0.65,0.8833333333333333,0.0,0.0,0.0,0.0,0.0,0.0,0.5166666666666667,0.65,0.8833333333333333,0.5166666666666667,0.65,0.8833333333333333,0.8666666666666667,0.9333333333333332,0.9833333333333332,0.5166666666666667,0.65,0.8833333333333333,0.0,0.0,0.0
20260705,Knapsack,5,113,0.7716549960697613,0.7590151320393352,0.7590151320393352,0.7716549960697613,0.7716549960697613,0.7590151320393352,1,1,0,0,0.0,0.0333333333333333,0.3833333333333333,0.0,0.0,0.0,0.0,0.0,0.0,0.0,0.0333333333333333,0.4166666666666667,0.0,0.0333333333333333,0.4666666666666667,0.4166666666666667,0.5166666666666667,0.95,0.0,0.0333333333333333,0.3833333333333333,0.0,0.0,0.0
20260705,Knapsack,5,98,0.802580331799733,0.760025577094874,0.760025577094874,0.802580331799733,0.802580331799733,0.760025577094874,1,1,0,0,0.7833333333333333,0.8166666666666667,0.9333333333333332,0.0,0.0,0.0,0.0,0.0,0.0,0.7833333333333333,0.8166666666666667,0.9333333333333332,0.7833333333333333,0.8166666666666667,0.9333333333333332,0.65,0.7833333333333333,0.95,0.7833333333333333,0.8166666666666667,0.9333333333333332,0.0,0.0,0.0
20260705,Knapsack,3,277,0.8787937671938256,0.836745627930806,0.836745627930806,0.8787937671938256,0.8787937671938256,0.836745627930806,1,1,0,0,0.5833333333333334,0.75,0.7,0.0,0.0,0.0,0.0,0.0,0.0,0.5833333333333334,0.75,0.7,0.5833333333333334,0.75,0.7,0.7666666666666667,0.9333333333333332,0.9833333333333332,0.5833333333333334,0.75,0.7,0.0,0.0,0.0
20260705,Knapsack,4,155,0.8262328977617196,0.7588826718999137,0.7596620478027873,0.932568846464909,0.932568846464909,0.7596620478027873,0,0,0,0,0.5,0.4333333333333333,0.6333333333333333,0.0,0.0,0.0,0.0,0.0,0.0,0.25,0.5666666666666667,0.8166666666666667,0.5,0.6166666666666667,0.8,0.8,0.8333333333333334,0.95,0.5,0.4333333333333333,0.6333333333333333,0.0,0.0,0.0
20260705,Knapsack,3,113,0.8975506356792913,0.8198735186397083,0.8198735186397083,0.8975506356792913,0.8975506356792913,0.8198735186397083,1,1,0,0,0.0,0.15,0.5,0.0,0.0,0.0,0.0,0.0,0.0,0.0,0.15,0.5,0.0,0.15,0.5,0.7666666666666667,0.9,0.9833333333333332,0.0,0.15,0.5,0.0,0.0,0.0
20260705,Knapsack,4,289,0.8731085612170867,0.7814079885325171,0.784166065947525,0.8731085612170867,0.8731085612170867,0.784166065947525,1,1,0,0,0.4333333333333333,0.5333333333333333,0.8833333333333333,0.0,0.0,0.0,0.0,0.0,0.0,0.0666666666666666,0.2166666666666666,0.5333333333333333,0.4333333333333333,0.5666666666666667,0.9,0.6,0.85,0.9666666666666668,0.4333333333333333,0.5333333333333333,0.8833333333333333,0.0,0.0,0.0
20260705,Knapsack,4,122,0.8765904473543072,0.7916644292610707,0.7916644292610707,0.8765904473543072,0.8765904473543072,0.7916644292610707,1,1,0,0,0.0,0.0,0.1333333333333333,0.0,0.0,0.0,0.0,0.0,0.0,0.0,0.0,0.1,0.0,0.0,0.1333333333333333,0.6666666666666666,0.8333333333333334,0.95,0.0,0.0,0.1333333333333333,0.0,0.0,0.0
20260705,Knapsack,4,104,0.8262824868156641,0.790508719680671,0.790508719680671,0.8262824868156641,0.8262824868156641,0.790508719680671,1,1,0,0,0.0,0.0,0.2,0.0,0.0,0.0,0.0,0.0,0.0,0.0,0.0,0.2,0.0,0.0,0.2,0.4666666666666667,0.8333333333333334,0.95,0.0,0.0,0.2,0.0,0.0,0.0
20260705,Knapsack,3,181,0.8670040205917622,0.8273871856888181,0.8273871856888181,0.8670040205917622,0.8670040205917622,0.8273871856888181,1,1,0,0,0.1,0.2833333333333333,0.4,0.0,0.0,0.0,0.0,0.0,0.0,0.15,0.3,0.4,0.1,0.2833333333333333,0.3166666666666666,0.7166666666666667,0.95,0.9833333333333332,0.1,0.2833333333333333,0.4,0.0,0.0,0.0
20260705,Knapsack,5,291,0.7827464728656857,0.7431289914591941,0.7431289914591941,0.7827464728656857,0.7827464728656857,0.7431289914591941,1,1,0,0,0.1833333333333333,0.35,0.6,0.0,0.0,0.0,0.0,0.0,0.0,0.1833333333333333,0.35,0.6,0.1833333333333333,0.35,0.6,0.65,0.8333333333333334,0.9833333333333332,0.1833333333333333,0.35,0.6,0.0,0.0,0.0
20260705,Knapsack,5,66,0.7820787768737371,0.7506327914500143,0.7506327914500143,0.7820787768737371,0.7820787768737371,0.7506327914500143,1,1,0,0,0.0,0.15,0.3,0.0,0.0,0.0,0.0,0.0,0.0,0.0,0.15,0.3,0.0,0.15,0.3,0.15,0.6666666666666666,0.8833333333333333,0.0,0.15,0.3,0.0,0.0,0.0
20260705,Knapsack,5,139,0.8154541386984541,0.7473998554830442,0.7473998554830442,0.8154541386984541,0.8154541386984541,0.7473998554830442,1,1,0,0,0.3833333333333333,0.5166666666666667,0.5166666666666667,0.0,0.0,0.0,0.0,0.0,0.0,0.3833333333333333,0.5166666666666667,0.5166666666666667,0.3833333333333333,0.5166666666666667,0.5166666666666667,0.3666666666666666,0.65,0.9833333333333332,0.3833333333333333,0.5166666666666667,0.5166666666666667,0.0,0.0,0.0
20260705,Knapsack,5,144,0.8590777239884644,0.7352830107108748,0.7352830107108748,0.8579025468730508,0.8590777239884644,0.7352830107108748,0,1,0,0,0.3833333333333333,0.6166666666666667,0.9,0.0,0.0,0.0,0.0,0.0,0.0,0.5166666666666667,0.8333333333333334,0.9333333333333332,0.2333333333333333,0.5166666666666667,0.8833333333333333,0.35,0.6833333333333333,0.9333333333333332,0.3833333333333333,0.6166666666666667,0.9,0.0,0.0,0.0
20260705,Knapsack,5,291,0.7592810251505652,0.7447036219503931,0.7447036219503931,0.7592810251505652,0.7592810251505652,0.7447036219503931,1,1,0,0,0.0666666666666666,0.3,0.6333333333333333,0.0,0.0,0.0,0.0,0.0,0.0,0.0666666666666666,0.2166666666666666,0.45,0.0666666666666666,0.1833333333333333,0.45,0.6166666666666667,0.85,0.9666666666666668,0.0666666666666666,0.3,0.6333333333333333,0.0,0.0,0.0
20260705,Knapsack,4,231,0.8286957196621001,0.7727711225175801,0.7727711225175801,0.8286957196621001,0.8286957196621001,0.7727711225175801,1,1,0,0,0.0,0.0,0.3333333333333333,0.0,0.0,0.0,0.0,0.0,0.0,0.0,0.0,0.3333333333333333,0.0,0.0,0.3333333333333333,0.5666666666666667,0.7833333333333333,0.9666666666666668,0.0,0.0,0.3333333333333333,0.0,0.0,0.0
20260705,Knapsack,5,81,0.7839118042336459,0.7542776155588734,0.7542776155588734,0.7839118042336459,0.7839118042336459,0.7542776155588734,1,1,0,0,0.0333333333333333,0.2666666666666666,0.2833333333333333,0.0,0.0,0.0,0.0,0.0,0.0,0.0333333333333333,0.2666666666666666,0.2833333333333333,0.0333333333333333,0.2666666666666666,0.2833333333333333,0.3333333333333333,0.85,0.9333333333333332,0.0333333333333333,0.2666666666666666,0.2833333333333333,0.0,0.0,0.0
20260705,Knapsack,4,300,0.8370751305127667,0.7764860534954515,0.7764860534954515,0.8370751305127667,0.8370751305127667,0.7764860534954515,1,1,0,0,0.3,0.6,0.5666666666666667,0.0,0.0,0.0,0.0,0.0,0.0,0.3,0.6,0.5666666666666667,0.3,0.6,0.5666666666666667,0.65,0.9166666666666666,0.9833333333333332,0.3,0.6,0.5666666666666667,0.0,0.0,0.0
20260705,Knapsack,4,67,0.770977264023321,0.7648417426318497,0.7648417426318497,0.770977264023321,0.770977264023321,0.7648417426318497,1,1,0,0,0.2333333333333333,0.3333333333333333,0.5333333333333333,0.0,0.0,0.0,0.0,0.0,0.0,0.2333333333333333,0.3333333333333333,0.5333333333333333,0.2333333333333333,0.3333333333333333,0.5333333333333333,0.4,0.5666666666666667,0.8833333333333333,0.2333333333333333,0.3333333333333333,0.5333333333333333,0.0,0.0,0.0
20260705,Knapsack,5,279,0.7680128433521757,0.7455289868568739,0.7455289868568739,0.7680128433521757,0.7680128433521757,0.7455289868568739,1,1,0,0,0.2833333333333333,0.4166666666666667,0.8333333333333334,0.0,0.0,0.0,0.0,0.0,0.0,0.2833333333333333,0.4166666666666667,0.8333333333333334,0.2833333333333333,0.4166666666666667,0.8333333333333334,0.5,0.7,0.95,0.2833333333333333,0.4166666666666667,0.8333333333333334,0.0,0.0,0.0
20260705,Knapsack,4,170,0.8525446938105994,0.773428890491802,0.773428890491802,0.8525446938105994,0.8525446938105994,0.773428890491802,1,1,0,0,0.0,0.0166666666666666,0.2,0.0,0.0,0.0,0.0,0.0,0.0,0.0,0.0166666666666666,0.2,0.0,0.0166666666666666,0.2,0.5333333333333333,0.9,0.9833333333333332,0.0,0.0166666666666666,0.2,0.0,0.0,0.0
20260705,Knapsack,4,147,0.8505013664085913,0.7750454310086693,0.7750454310086693,0.8505013664085913,0.8505013664085913,0.7750454310086693,1,1,0,0,0.0166666666666666,0.2,0.3666666666666666,0.0,0.0,0.0,0.0,0.0,0.0,0.0166666666666666,0.2,0.3666666666666666,0.0166666666666666,0.2,0.3666666666666666,0.1833333333333333,0.55,0.9833333333333332,0.0166666666666666,0.2,0.3666666666666666,0.0,0.0,0.0
20260705,Knapsack,4,207,0.8631934482678095,0.778887383613053,0.778887383613053,0.8631934482678095,0.8631934482678095,0.778887383613053,1,1,0,0,0.3,0.4,0.6166666666666667,0.0,0.0,0.0,0.0,0.0,0.0,0.3,0.4,0.6166666666666667,0.3,0.4,0.6166666666666667,0.2833333333333333,0.8,0.9166666666666666,0.3,0.4,0.6166666666666667,0.0,0.0,0.0
20260705,Knapsack,5,138,0.8648818811453656,0.7570900783965347,0.7570900783965347,0.8648818811453656,0.8648818811453656,0.7570900783965347,1,1,0,0,0.1,0.2166666666666666,0.4666666666666667,0.0,0.0,0.0,0.0,0.0,0.0,0.1,0.2166666666666666,0.4666666666666667,0.1,0.2166666666666666,0.4666666666666667,0.4833333333333333,0.6833333333333333,0.95,0.1,0.2166666666666666,0.4666666666666667,0.0,0.0,0.0
20260705,Knapsack,3,235,0.9208863486210224,0.8572767453050555,0.8572767453050555,0.9208863486210224,0.9208863486210224,0.8572767453050555,1,1,0,0,0.0,0.0,0.2333333333333333,0.0,0.0,0.0,0.0,0.0,0.0,0.0,0.0,0.2333333333333333,0.0,0.0,0.2333333333333333,0.8,0.9,0.9666666666666668,0.0,0.0,0.2333333333333333,0.0,0.0,0.0
20260705,Knapsack,3,171,0.9196747391537048,0.8211163279396307,0.8211163279396307,0.9141303005587886,0.9196747391537048,0.8211163279396307,0,1,0,0,0.4833333333333333,0.8833333333333333,0.8666666666666667,0.0,0.0,0.0,0.0,0.0,0.0,0.2333333333333333,0.3,0.65,0.4166666666666667,0.85,0.85,0.6,0.9,0.9833333333333332,0.4833333333333333,0.8833333333333333,0.8666666666666667,0.0,0.0,0.0
20260705,Knapsack,4,278,0.81716672462826,0.7938592616634491,0.7938592616634491,0.81716672462826,0.81716672462826,0.7938592616634491,1,1,0,0,0.0,0.0333333333333333,0.2333333333333333,0.0,0.0,0.0,0.0,0.0,0.0,0.0,0.0333333333333333,0.2333333333333333,0.0,0.0333333333333333,0.2333333333333333,0.7333333333333333,0.9166666666666666,0.9833333333333332,0.0,0.0333333333333333,0.2333333333333333,0.0,0.0,0.0
20260705,Knapsack,3,105,0.8801846747178208,0.8251554353332702,0.8251554353332702,0.8801846747178208,0.8801846747178208,0.8251554353332702,1,1,0,0,0.0833333333333333,0.35,0.6166666666666667,0.0,0.0,0.0,0.0,0.0,0.0,0.0833333333333333,0.35,0.6166666666666667,0.0833333333333333,0.35,0.6166666666666667,0.6,0.8,0.9333333333333332,0.0833333333333333,0.35,0.6166666666666667,0.0,0.0,0.0
20260705,Knapsack,5,206,0.769892513093969,0.7800736967690447,0.7714960283470684,0.769892513093969,0.769892513093969,0.7714960283470684,1,1,0,0,0.4,0.4833333333333333,0.5666666666666667,0.0,0.0,0.0,0.0,0.0,0.0,0.4,0.4833333333333333,0.5666666666666667,0.4,0.4833333333333333,0.5666666666666667,0.8333333333333334,0.9166666666666666,0.9833333333333332,0.4,0.4833333333333333,0.5666666666666667,0.0,0.0,0.0
20260705,Knapsack,5,296,0.7584321160107195,0.7534550356637877,0.7534550356637877,0.7584321160107195,0.7584321160107195,0.7534550356637877,1,1,0,0,0.2333333333333333,0.3833333333333333,0.5166666666666667,0.0,0.0,0.0,0.0,0.0,0.0,0.2333333333333333,0.3833333333333333,0.5166666666666667,0.2333333333333333,0.3833333333333333,0.5166666666666667,0.35,0.7,0.9833333333333332,0.2333333333333333,0.3833333333333333,0.5166666666666667,0.0,0.0,0.0
20260705,Knapsack,5,110,0.7763595430815775,0.744672633398009,0.744672633398009,0.7763595430815775,0.7763595430815775,0.744672633398009,1,1,0,0,0.0,0.0833333333333333,0.25,0.0,0.0,0.0,0.0,0.0,0.0,0.0,0.0833333333333333,0.25,0.0,0.0833333333333333,0.25,0.4666666666666667,0.7833333333333333,0.9166666666666666,0.0,0.0833333333333333,0.25,0.0,0.0,0.0
20260705,Knapsack,3,286,0.882056693490397,0.8507459271261333,0.8507459271261333,0.882056693490397,0.882056693490397,0.8507459271261333,1,1,0,0,0.2,0.5166666666666667,0.6666666666666666,0.0,0.0,0.0,0.0,0.0,0.0,0.2,0.5166666666666667,0.6666666666666666,0.2,0.5166666666666667,0.6666666666666666,0.8333333333333334,0.95,1.0,0.2,0.5166666666666667,0.6666666666666666,0.0,0.0,0.0
20260705,Knapsack,4,152,0.822344190436062,0.7682556472712233,0.7682556472712233,0.822344190436062,0.822344190436062,0.7682556472712233,1,1,0,0,0.0,0.0166666666666666,0.2,0.0,0.0,0.0,0.0,0.0,0.0,0.0,0.0166666666666666,0.2,0.0,0.0166666666666666,0.2,0.4833333333333333,0.7166666666666667,0.95,0.0,0.0166666666666666,0.2,0.0,0.0,0.0
20260705,Knapsack,3,84,0.8512588194848006,0.8121733417620767,0.8121733417620767,0.8512588194848006,0.8512588194848006,0.8121733417620767,1,1,0,0,0.4333333333333333,0.5833333333333334,0.55,0.0,0.0,0.0,0.0,0.0,0.0,0.4333333333333333,0.5833333333333334,0.55,0.4333333333333333,0.5833333333333334,0.55,0.55,0.7666666666666667,0.8333333333333334,0.4333333333333333,0.5833333333333334,0.55,0.0,0.0,0.0
20260705,Knapsack,5,280,0.7916631070952498,0.7436315797100376,0.7436315797100376,0.7916631070952498,0.7916631070952498,0.7436315797100376,1,1,0,0,0.0,0.0,0.3,0.0,0.0,0.0,0.0,0.0,0.0,0.0,0.0,0.3,0.0,0.0,0.3,0.6,0.7,0.9666666666666668,0.0,0.0,0.3,0.0,0.0,0.0
20260705,Knapsack,4,83,0.8563153735397541,0.7777894326281014,0.7777894326281014,0.8563153735397541,0.8563153735397541,0.7777894326281014,1,1,0,0,0.1833333333333333,0.4833333333333333,0.6333333333333333,0.0,0.0,0.0,0.0,0.0,0.0,0.1833333333333333,0.4833333333333333,0.6333333333333333,0.1833333333333333,0.4833333333333333,0.6333333333333333,0.8333333333333334,0.9666666666666668,0.9666666666666668,0.1833333333333333,0.4833333333333333,0.6333333333333333,0.0,0.0,0.0
20260705,Knapsack,5,188,0.8422895715512541,0.7687646735741841,0.7687646735741841,0.8422895715512541,0.8422895715512541,0.7687646735741841,1,1,0,0,0.5833333333333334,0.6666666666666666,0.8166666666666667,0.0,0.0,0.0,0.0,0.0,0.0,0.5833333333333334,0.6666666666666666,0.8166666666666667,0.5833333333333334,0.6666666666666666,0.8166666666666667,0.8166666666666667,0.95,0.9666666666666668,0.5833333333333334,0.6666666666666666,0.8166666666666667,0.0,0.0,0.0
20260705,Knapsack,4,105,0.802448295296186,0.7743150395031321,0.7743150395031321,0.802448295296186,0.802448295296186,0.7743150395031321,1,1,0,0,0.05,0.2,0.3666666666666666,0.0,0.0,0.0,0.0,0.0,0.0,0.05,0.2,0.3666666666666666,0.05,0.2,0.3666666666666666,0.4,0.6166666666666667,0.8666666666666667,0.05,0.2,0.3666666666666666,0.0,0.0,0.0
20260705,Knapsack,4,99,0.8768388369739619,0.7991901493164375,0.7991901493164375,0.8768388369739619,0.8768388369739619,0.7991901493164375,1,1,0,0,0.2666666666666666,0.35,0.6,0.0,0.0,0.0,0.0,0.0,0.0,0.2666666666666666,0.35,0.6166666666666667,0.2666666666666666,0.35,0.6,0.2333333333333333,0.7166666666666667,0.9333333333333332,0.2666666666666666,0.35,0.6,0.0,0.0,0.0
20260705,Knapsack,4,122,0.859462745376071,0.7883722372424217,0.7883722372424217,0.859462745376071,0.859462745376071,0.7883722372424217,1,1,0,0,0.1166666666666666,0.3666666666666666,0.45,0.0,0.0,0.0,0.0,0.0,0.0,0.1166666666666666,0.3666666666666666,0.45,0.1166666666666666,0.3666666666666666,0.45,0.3166666666666666,0.8333333333333334,0.9333333333333332,0.1166666666666666,0.3666666666666666,0.45,0.0,0.0,0.0
20260705,Knapsack,4,121,0.799471180488007,0.788872074940598,0.7674968206823475,0.799471180488007,0.799471180488007,0.7674968206823475,1,1,0,0,0.2166666666666666,0.5,0.5833333333333334,0.0,0.0,0.0,0.0,0.0,0.0,0.1,0.35,0.5333333333333333,0.2166666666666666,0.5,0.5833333333333334,0.8333333333333334,0.8333333333333334,0.9333333333333332,0.2166666666666666,0.5,0.5833333333333334,0.0,0.0,0.0
20260705,Knapsack,4,115,0.8340751535612687,0.7797416133307851,0.7797416133307851,0.8340751535612687,0.8340751535612687,0.7797416133307851,1,1,0,0,0.2666666666666666,0.4333333333333333,0.5833333333333334,0.0,0.0,0.0,0.0,0.0,0.0,0.2666666666666666,0.4333333333333333,0.5833333333333334,0.2666666666666666,0.4333333333333333,0.5833333333333334,0.5833333333333334,0.7833333333333333,0.95,0.2666666666666666,0.4333333333333333,0.5833333333333334,0.0,0.0,0.0
20260705,Knapsack,4,254,0.8463686219354282,0.7864406782534483,0.7864406782534483,0.8463686219354282,0.8463686219354282,0.7864406782534483,1,1,0,0,0.0,0.0666666666666666,0.4333333333333333,0.0,0.0,0.0,0.0,0.0,0.0,0.0,0.0666666666666666,0.4333333333333333,0.0,0.0666666666666666,0.4333333333333333,0.8833333333333333,0.85,0.9333333333333332,0.0,0.0666666666666666,0.4333333333333333,0.0,0.0,0.0
20260705,Knapsack,3,219,0.911389634435562,0.8482962723151286,0.8482962723151286,0.911389634435562,0.911389634435562,0.8482962723151286,1,1,0,0,0.0333333333333333,0.4,0.65,0.0,0.0,0.0,0.0,0.0,0.0,0.0333333333333333,0.4,0.65,0.0333333333333333,0.4,0.65,0.7,0.9833333333333332,1.0,0.0333333333333333,0.4,0.65,0.0,0.0,0.0
20260705,Knapsack,3,108,0.8927713540510713,0.8264285761284238,0.8264285761284238,0.9532847508473038,0.8927713540510713,0.8264285761284238,0,1,0,0,0.0,0.15,0.5,0.0,0.0,0.0,0.0,0.0,0.0,0.1,0.5,0.5833333333333334,0.0,0.15,0.4833333333333333,0.3,0.6833333333333333,0.85,0.0,0.15,0.5,0.0,0.0,0.0
20260705,Knapsack,3,167,0.8935664975785074,0.8220233721151226,0.8220233721151226,0.8935664975785074,0.8935664975785074,0.8220233721151226,1,1,0,1,0.2,0.4833333333333333,0.8666666666666667,0.0,0.0,0.0,0.0,0.0,0.0,0.2,0.4833333333333333,0.8666666666666667,0.2,0.4833333333333333,0.8666666666666667,0.5166666666666667,0.8333333333333334,0.95,0.2,0.4833333333333333,0.8666666666666667,0.0,0.0,0.0
20260705,Knapsack,3,276,0.8710876482029687,0.8653026966329022,0.8653026966329022,0.8710876482029687,0.8710876482029687,0.8653026966329022,1,1,0,0,0.3166666666666666,0.25,0.55,0.0,0.0,0.0,0.0,0.0,0.0,0.3166666666666666,0.25,0.55,0.3166666666666666,0.25,0.55,0.7333333333333333,0.9,1.0,0.3166666666666666,0.25,0.55,0.0,0.0,0.0
20260705,Knapsack,5,205,0.7739562700911625,0.7627687459293924,0.7627687459293924,0.7739562700911625,0.7739562700911625,0.7627687459293924,1,1,0,0,0.0833333333333333,0.2166666666666666,0.4833333333333333,0.0,0.0,0.0,0.0,0.0,0.0,0.0833333333333333,0.2166666666666666,0.4833333333333333,0.0833333333333333,0.2166666666666666,0.4833333333333333,0.3333333333333333,0.6833333333333333,0.9833333333333332,0.0833333333333333,0.2166666666666666,0.4833333333333333,0.0,0.0,0.0
20260705,Knapsack,4,217,0.8659304324368765,0.78541276418991,0.78541276418991,0.8659304324368765,0.8659304324368765,0.78541276418991,1,1,0,0,0.0,0.0,0.0666666666666666,0.0,0.0,0.0,0.0,0.0,0.0,0.0,0.0,0.1,0.0,0.0166666666666666,0.2,0.55,0.9,0.9333333333333332,0.0,0.0,0.0666666666666666,0.0,0.0,0.0
20260705,Knapsack,3,153,0.8415895854739887,0.8600020793779447,0.8600020793779447,0.8415895854739887,0.8415895854739887,0.8600020793779447,1,1,0,0,0.4833333333333333,0.5666666666666667,0.7166666666666667,0.0,0.0,0.0,0.0,0.0,0.0,0.4833333333333333,0.5666666666666667,0.7166666666666667,0.4833333333333333,0.5666666666666667,0.7166666666666667,0.5333333333333333,0.8666666666666667,0.9333333333333332,0.4833333333333333,0.5666666666666667,0.7166666666666667,0.0,0.0,0.0
20260705,Knapsack,5,188,0.8193912201598307,0.76180351512953,0.76180351512953,0.8193912201598307,0.8193912201598307,0.76180351512953,1,1,0,0,0.0,0.1166666666666666,0.4333333333333333,0.0,0.0,0.0,0.0,0.0,0.0,0.0,0.1166666666666666,0.4333333333333333,0.0,0.1166666666666666,0.4333333333333333,0.3833333333333333,0.75,0.9333333333333332,0.0,0.1166666666666666,0.4333333333333333,0.0,0.0,0.0
20260705,Knapsack,3,269,0.9409529088858152,0.8611385018186619,0.8611385018186619,0.9409529088858152,0.9409529088858152,0.8611385018186619,1,1,0,0,0.35,0.5,0.75,0.0,0.0,0.0,0.0,0.0,0.0,0.35,0.5,0.75,0.35,0.5,0.75,0.7,0.9,0.9666666666666668,0.35,0.5,0.75,0.0,0.0,0.0
20260705,Knapsack,4,93,0.909354463056384,0.7755977829908236,0.7755977829908236,0.909354463056384,0.909354463056384,0.7755977829908236,1,1,0,0,0.4,0.5833333333333334,0.8166666666666667,0.0,0.0,0.0,0.0,0.0,0.0,0.4,0.5833333333333334,0.8166666666666667,0.4,0.5833333333333334,0.8166666666666667,0.35,0.6666666666666666,0.9,0.4,0.5833333333333334,0.8166666666666667,0.0,0.0,0.0
20260705,Knapsack,5,60,0.8592869866281404,0.7517925347233826,0.7517925347233826,0.8592869866281404,0.8592869866281404,0.7517925347233826,1,1,0,0,0.0166666666666666,0.25,0.65,0.0,0.0,0.0,0.0,0.0,0.0,0.0166666666666666,0.25,0.65,0.0166666666666666,0.25,0.65,0.25,0.45,0.9,0.0166666666666666,0.25,0.65,0.0,0.0,0.0
20260705,Knapsack,4,144,0.8652088533359309,0.7802796680568541,0.7802796680568541,0.8328781961108681,0.8652088533359309,0.7802796680568541,0,1,0,0,0.0,0.0,0.2666666666666666,0.0,0.0,0.0,0.0,0.0,0.0,0.0166666666666666,0.1333333333333333,0.3833333333333333,0.0,0.0,0.25,0.7333333333333333,0.8166666666666667,0.9333333333333332,0.0,0.0,0.2666666666666666,0.0,0.0,0.0
20260705,Knapsack,3,300,0.8777873679993917,0.8365065392823338,0.8365065392823338,0.8777873679993917,0.8777873679993917,0.8365065392823338,1,1,0,0,0.0833333333333333,0.1666666666666666,0.6666666666666666,0.0,0.0,0.0,0.0,0.0,0.0,0.0,0.3166666666666666,0.7333333333333333,0.4666666666666667,0.3666666666666666,0.7333333333333333,0.85,0.9333333333333332,1.0,0.0833333333333333,0.1666666666666666,0.6666666666666666,0.0,0.0,0.0
20260705,Knapsack,3,184,0.9382132153185776,0.8328980199586459,0.8328980199586459,0.9382132153185776,0.9382132153185776,0.8328980199586459,1,1,0,0,0.1,0.3333333333333333,0.8,0.0,0.0,0.0,0.0,0.0,0.0,0.0166666666666666,0.2333333333333333,0.6833333333333333,0.1833333333333333,0.4166666666666667,0.8166666666666667,0.5166666666666667,0.8166666666666667,0.9333333333333332,0.1,0.3333333333333333,0.8,0.0,0.0,0.0
20260705,Knapsack,4,78,0.8806383627850779,0.7729919955264676,0.7729919955264676,0.8806383627850779,0.8806383627850779,0.7729919955264676,1,1,0,0,0.0,0.1666666666666666,0.4833333333333333,0.0,0.0,0.0,0.0,0.0,0.0,0.0,0.1666666666666666,0.4833333333333333,0.0,0.1666666666666666,0.4833333333333333,0.45,0.7666666666666667,0.9666666666666668,0.0,0.1666666666666666,0.4833333333333333,0.0,0.0,0.0
20260705,Job-shop,5,282,0.4713899289362034,0.4713899289362034,0.4713899289362034,0.4713899289362034,0.4713899289362034,0.4713899289362034,1,1,0,0,0.1,0.25,0.55,0.0,0.0,0.0,0.0,0.0,0.0,0.1,0.25,0.55,0.1,0.25,0.55,0.1833333333333333,0.3166666666666666,0.7166666666666667,0.1,0.25,0.55,0.0,0.0,0.0
20260705,Job-shop,3,199,0.5012397718515018,0.5012397718515018,0.5012397718515018,0.5012397718515018,0.5012397718515018,0.5012397718515018,1,1,0,0,0.0,0.05,0.2333333333333333,0.0,0.0,0.0,0.0,0.0,0.0,0.0,0.05,0.2333333333333333,0.0,0.05,0.2333333333333333,0.0666666666666666,0.3833333333333333,0.6333333333333333,0.0,0.05,0.2333333333333333,0.0,0.0,0.0
20260705,Job-shop,4,265,0.4726540292775381,0.4877287096339234,0.4877287096339234,0.4726540292775381,0.4726540292775381,0.4877287096339234,1,1,0,0,0.0666666666666666,0.3666666666666666,0.5666666666666667,0.0,0.0,0.0,0.0,0.0,0.0,0.0666666666666666,0.3666666666666666,0.5666666666666667,0.0666666666666666,0.4166666666666667,0.7,0.3833333333333333,0.55,0.6833333333333333,0.0666666666666666,0.3666666666666666,0.5666666666666667,0.0,0.0,0.0
20260705,Job-shop,4,215,0.5051665360882087,0.4994540961429544,0.4994540961429544,0.5051665360882087,0.5051665360882087,0.4994540961429544,1,1,0,0,0.7666666666666667,0.85,0.8333333333333334,0.0,0.0,0.0,0.0,0.0,0.0,0.7666666666666667,0.85,0.8333333333333334,0.7666666666666667,0.8833333333333333,0.9166666666666666,0.0333333333333333,0.2333333333333333,0.6,0.7666666666666667,0.85,0.8333333333333334,0.0,0.0,0.0
20260705,Job-shop,3,193,0.5120216310989484,0.5137261807524643,0.5137261807524643,0.5120216310989484,0.5120216310989484,0.5137261807524643,1,1,0,0,0.4166666666666667,0.65,0.8166666666666667,0.0,0.0,0.0,0.0,0.0,0.0,0.3833333333333333,0.65,0.8,0.4166666666666667,0.65,0.8166666666666667,0.4833333333333333,0.5833333333333334,0.7833333333333333,0.4166666666666667,0.65,0.8166666666666667,0.0,0.0,0.0
20260705,Job-shop,3,107,0.57088317511053,0.5283058521258205,0.5283058521258205,0.57088317511053,0.57088317511053,0.5283058521258205,1,1,0,0,0.5166666666666667,0.6666666666666666,0.95,0.0,0.0,0.0,0.0,0.0,0.0,0.5166666666666667,0.6666666666666666,0.95,0.5166666666666667,0.6666666666666666,0.95,0.3833333333333333,0.55,0.8,0.5166666666666667,0.6666666666666666,0.95,0.0,0.0,0.0
20260705,Job-shop,4,246,0.4719639276337718,0.4719639276337718,0.4719639276337718,0.4719639276337718,0.4719639276337718,0.4719639276337718,1,1,0,0,0.0,0.0333333333333333,0.25,0.0,0.0,0.0,0.0,0.0,0.0,0.0,0.0333333333333333,0.2666666666666666,0.2333333333333333,0.2833333333333333,0.35,0.3,0.4666666666666667,0.6833333333333333,0.0,0.0333333333333333,0.25,0.0,0.0,0.0
20260705,Job-shop,4,250,0.489224930636854,0.4917515751770657,0.4935029747366856,0.489224930636854,0.489224930636854,0.4935029747366856,1,1,0,0,0.2666666666666666,0.45,0.7166666666666667,0.0,0.0,0.0,0.0,0.0,0.0,0.2666666666666666,0.45,0.7166666666666667,0.2666666666666666,0.45,0.7166666666666667,0.5166666666666667,0.5,0.7666666666666667,0.2666666666666666,0.45,0.7166666666666667,0.0,0.0,0.0
20260705,Job-shop,4,264,0.4917010259714814,0.5015212185991978,0.5015212185991978,0.4917010259714814,0.4917010259714814,0.5015212185991978,1,1,0,0,0.1833333333333333,0.5333333333333333,0.75,0.0,0.0,0.0,0.0,0.0,0.0,0.1833333333333333,0.5333333333333333,0.75,0.1833333333333333,0.5333333333333333,0.7333333333333333,0.1333333333333333,0.3666666666666666,0.5,0.1833333333333333,0.5333333333333333,0.75,0.0,0.0,0.0
20260705,Job-shop,5,291,0.477699901953959,0.4719952663659993,0.4719952663659993,0.477699901953959,0.477699901953959,0.4719952663659993,1,1,0,0,0.9333333333333332,0.9833333333333332,0.9833333333333332,0.0,0.0,0.0,0.0,0.0,0.0,0.9333333333333332,0.9833333333333332,0.9833333333333332,0.95,1.0,0.9833333333333332,0.4833333333333333,0.45,0.65,0.9333333333333332,0.9833333333333332,0.9833333333333332,0.0,0.0,0.0
20260705,Job-shop,4,208,0.4890922208689315,0.4886927289233241,0.4886927289233241,0.4890922208689315,0.4890922208689315,0.4886927289233241,1,1,0,0,0.3,0.45,0.8666666666666667,0.0,0.0,0.0,0.0,0.0,0.0,0.3,0.45,0.8666666666666667,0.3,0.45,0.8666666666666667,0.4,0.35,0.6,0.3,0.45,0.8666666666666667,0.0,0.0,0.0
20260705,Job-shop,5,101,0.5124954793783169,0.5124954793783169,0.5124954793783169,0.5124954793783169,0.5124954793783169,0.5124954793783169,1,1,0,0,0.25,0.6333333333333333,0.8166666666666667,0.0,0.0,0.0,0.0,0.0,0.0,0.25,0.6333333333333333,0.8166666666666667,0.25,0.6333333333333333,0.8166666666666667,0.0,0.0666666666666666,0.5833333333333334,0.25,0.6333333333333333,0.8166666666666667,0.0,0.0,0.0
20260705,Job-shop,5,109,0.4598479321403337,0.4598479321403337,0.4598479321403337,0.4598479321403337,0.4598479321403337,0.4598479321403337,1,1,0,0,0.0,0.1166666666666666,0.4,0.0,0.0,0.0,0.0,0.0,0.0,0.0,0.1166666666666666,0.4,0.0,0.1166666666666666,0.4,0.0,0.1166666666666666,0.5833333333333334,0.0,0.1166666666666666,0.4,0.0,0.0,0.0
20260705,Job-shop,5,225,0.4673814192385727,0.5050108471146941,0.5050108471146941,0.4673814192385727,0.4673814192385727,0.5050108471146941,1,1,0,0,0.0333333333333333,0.1666666666666666,0.3666666666666666,0.0,0.0,0.0,0.0,0.0,0.0,0.0333333333333333,0.1666666666666666,0.3666666666666666,0.0333333333333333,0.1666666666666666,0.3666666666666666,0.1833333333333333,0.5833333333333334,0.7333333333333333,0.0333333333333333,0.1666666666666666,0.3666666666666666,0.0,0.0,0.0
20260705,Job-shop,3,237,0.4919969167265889,0.4919969167265889,0.4919969167265889,0.4919969167265889,0.4919969167265889,0.4919969167265889,1,1,0,0,0.0,0.1166666666666666,0.2833333333333333,0.0,0.0,0.0,0.0,0.0,0.0,0.0,0.1166666666666666,0.2833333333333333,0.0,0.1166666666666666,0.2833333333333333,0.4833333333333333,0.4833333333333333,0.65,0.0,0.1166666666666666,0.2833333333333333,0.0,0.0,0.0
20260705,Job-shop,4,175,0.51177542622678,0.4876808253623068,0.4876808253623068,0.51177542622678,0.51177542622678,0.4876808253623068,1,1,0,0,0.75,0.85,0.8,0.0,0.0,0.0,0.0,0.0,0.0,0.75,0.85,0.8,0.75,0.85,0.8,0.4666666666666667,0.5166666666666667,0.7166666666666667,0.75,0.85,0.8,0.0,0.0,0.0
20260705,Job-shop,4,207,0.5002823145030891,0.5072584566931498,0.5072584566931498,0.5002823145030891,0.5002823145030891,0.5072584566931498,1,1,0,0,0.1,0.3166666666666666,0.5166666666666667,0.0,0.0,0.0,0.0,0.0,0.0,0.1,0.3166666666666666,0.5166666666666667,0.1,0.3166666666666666,0.5166666666666667,0.4,0.4833333333333333,0.85,0.1,0.3166666666666666,0.5166666666666667,0.0,0.0,0.0
20260705,Job-shop,3,294,0.5040080909721668,0.5169595312490513,0.5169595312490513,0.5040080909721668,0.5040080909721668,0.5169595312490513,1,1,0,0,0.2833333333333333,0.4833333333333333,0.5166666666666667,0.0,0.0,0.0,0.0,0.0,0.0,0.2833333333333333,0.4833333333333333,0.5166666666666667,0.2833333333333333,0.4833333333333333,0.5166666666666667,0.0166666666666666,0.4166666666666667,0.7833333333333333,0.2833333333333333,0.4833333333333333,0.5166666666666667,0.0,0.0,0.0
20260705,Job-shop,3,206,0.5010336541641532,0.5043840266728636,0.5043840266728636,0.5010336541641532,0.5010336541641532,0.5043840266728636,1,1,0,0,0.3333333333333333,0.3,0.6333333333333333,0.0,0.0,0.0,0.0,0.0,0.0,0.3333333333333333,0.3,0.6333333333333333,0.3333333333333333,0.3,0.6333333333333333,0.4333333333333333,0.5,0.7833333333333333,0.3333333333333333,0.3,0.6333333333333333,0.0,0.0,0.0
20260705,Job-shop,4,299,0.4797478933486409,0.4884595302682107,0.4913979600070589,0.4797478933486409,0.4797478933486409,0.4913979600070589,1,1,0,0,0.15,0.4166666666666667,0.7166666666666667,0.0,0.0,0.0,0.0,0.0,0.0,0.15,0.4166666666666667,0.8,0.15,0.4166666666666667,0.7166666666666667,0.5666666666666667,0.85,0.85,0.15,0.4166666666666667,0.7166666666666667,0.0,0.0,0.0
20260705,Job-shop,3,135,0.5134029393406536,0.5090063297113759,0.5090063297113759,0.5134029393406536,0.5134029393406536,0.5090063297113759,1,1,0,0,0.6833333333333333,0.65,0.8666666666666667,0.0,0.0,0.0,0.0,0.0,0.0,0.6833333333333333,0.65,0.8666666666666667,0.6833333333333333,0.65,0.8666666666666667,0.1333333333333333,0.4,0.6333333333333333,0.6833333333333333,0.65,0.8666666666666667,0.0,0.0,0.0
20260705,Job-shop,3,94,0.5397460481151609,0.5204966839876243,0.5256871152766982,0.5397460481151609,0.5397460481151609,0.5256871152766982,1,1,0,0,0.6833333333333333,0.7666666666666667,0.8666666666666667,0.0,0.0,0.0,0.0,0.0,0.0,0.6833333333333333,0.7666666666666667,0.8666666666666667,0.6833333333333333,0.7666666666666667,0.8666666666666667,0.3666666666666666,0.4166666666666667,0.6833333333333333,0.6833333333333333,0.7666666666666667,0.8666666666666667,0.0,0.0,0.0
20260705,Job-shop,5,240,0.4625575816690694,0.4837330826395468,0.4837330826395468,0.4625575816690694,0.4625575816690694,0.4837330826395468,1,1,0,0,0.0,0.0833333333333333,0.4333333333333333,0.0,0.0,0.0,0.0,0.0,0.0,0.0,0.0833333333333333,0.4333333333333333,0.0,0.0833333333333333,0.4333333333333333,0.1166666666666666,0.25,0.4166666666666667,0.0,0.0833333333333333,0.4333333333333333,0.0,0.0,0.0
20260705,Job-shop,3,112,0.5136968811347387,0.5136968811347387,0.5136968811347387,0.5136968811347387,0.5136968811347387,0.5136968811347387,1,1,0,0,0.6833333333333333,0.6833333333333333,0.6666666666666666,0.0,0.0,0.0,0.0,0.0,0.0,0.6833333333333333,0.6833333333333333,0.6666666666666666,0.6833333333333333,0.6833333333333333,0.6666666666666666,0.1833333333333333,0.2666666666666666,0.5666666666666667,0.6833333333333333,0.6833333333333333,0.6666666666666666,0.0,0.0,0.0
20260705,Job-shop,3,175,0.5006581118762862,0.5006581118762862,0.5006581118762862,0.5006581118762862,0.5006581118762862,0.5006581118762862,1,1,0,0,0.0,0.0166666666666666,0.2833333333333333,0.0,0.0,0.0,0.0,0.0,0.0,0.0,0.0166666666666666,0.2833333333333333,0.0,0.0166666666666666,0.2833333333333333,0.0,0.1,0.4333333333333333,0.0,0.0166666666666666,0.2833333333333333,0.0,0.0,0.0
20260705,Job-shop,3,201,0.5222016298982234,0.5166893198101079,0.5166893198101079,0.5222016298982234,0.5222016298982234,0.5166893198101079,1,1,0,0,0.7833333333333333,0.9,0.8666666666666667,0.0,0.0,0.0,0.0,0.0,0.0,0.7833333333333333,0.8333333333333334,0.8666666666666667,0.7833333333333333,0.8333333333333334,0.8666666666666667,0.45,0.6666666666666666,0.7833333333333333,0.7833333333333333,0.9,0.8666666666666667,0.0,0.0,0.0
20260705,Job-shop,5,200,0.4511358627282258,0.4511358627282258,0.4511358627282258,0.4511358627282258,0.4511358627282258,0.4511358627282258,1,1,0,0,0.0,0.1166666666666666,0.3833333333333333,0.0,0.0,0.0,0.0,0.0,0.0,0.0,0.1166666666666666,0.3833333333333333,0.0,0.1166666666666666,0.3833333333333333,0.05,0.2666666666666666,0.5833333333333334,0.0,0.1166666666666666,0.3833333333333333,0.0,0.0,0.0
20260705,Job-shop,3,60,0.551851271399493,0.5338125335231536,0.5338125335231536,0.551851271399493,0.551851271399493,0.5338125335231536,1,1,0,0,0.2833333333333333,0.6833333333333333,0.6333333333333333,0.0,0.0,0.0,0.0,0.0,0.0,0.2833333333333333,0.6833333333333333,0.6333333333333333,0.2833333333333333,0.6833333333333333,0.6333333333333333,0.0,0.0166666666666666,0.2333333333333333,0.2833333333333333,0.6833333333333333,0.6333333333333333,0.0,0.0,0.0
20260705,Job-shop,5,270,0.4536207055388265,0.4536207055388265,0.4536207055388265,0.4536207055388265,0.4536207055388265,0.4536207055388265,1,1,0,0,0.0,0.0,0.1666666666666666,0.0,0.0,0.0,0.0,0.0,0.0,0.0,0.0,0.1666666666666666,0.0,0.0,0.1666666666666666,0.0,0.2166666666666666,0.25,0.0,0.0,0.1666666666666666,0.0,0.0,0.0
20260705,Job-shop,4,257,0.4898559964177272,0.4898559964177272,0.4898559964177272,0.4898559964177272,0.4898559964177272,0.4898559964177272,1,1,0,0,0.05,0.1666666666666666,0.4666666666666667,0.0,0.0,0.0,0.0,0.0,0.0,0.05,0.1666666666666666,0.4666666666666667,0.05,0.1666666666666666,0.4666666666666667,0.5,0.5833333333333334,0.7666666666666667,0.05,0.1666666666666666,0.4666666666666667,0.0,0.0,0.0
20260705,Job-shop,5,265,0.506412300311881,0.5061170880114009,0.5061170880114009,0.506412300311881,0.506412300311881,0.5061170880114009,1,1,0,0,0.4,0.6,0.7333333333333333,0.0,0.0,0.0,0.0,0.0,0.0,0.4,0.6,0.7166666666666667,0.4,0.6166666666666667,0.7333333333333333,0.3833333333333333,0.6333333333333333,0.7,0.4,0.6,0.7333333333333333,0.0,0.0,0.0
20260705,Job-shop,5,183,0.4914806801538576,0.4807907992290866,0.4807907992290866,0.4914806801538576,0.4914806801538576,0.4807907992290866,1,1,0,0,0.15,0.3833333333333333,0.55,0.0,0.0,0.0,0.0,0.0,0.0,0.15,0.3833333333333333,0.55,0.15,0.3833333333333333,0.55,0.0,0.0,0.2333333333333333,0.15,0.3833333333333333,0.55,0.0,0.0,0.0
20260705,Job-shop,5,199,0.4728633147679987,0.4817266307414695,0.4728633147679987,0.4728633147679987,0.4728633147679987,0.4728633147679987,1,1,0,0,0.0,0.2333333333333333,0.55,0.0,0.0,0.0,0.0,0.0,0.0,0.0,0.2333333333333333,0.5166666666666667,0.0,0.2333333333333333,0.55,0.7166666666666667,0.7166666666666667,0.8166666666666667,0.0,0.2333333333333333,0.55,0.0,0.0,0.0
20260705,Job-shop,5,101,0.4935909276410795,0.4709388518157462,0.4709388518157462,0.4935909276410795,0.4935909276410795,0.4709388518157462,1,1,0,0,0.6,0.8333333333333334,0.95,0.0,0.0,0.0,0.0,0.0,0.0,0.6,0.8333333333333334,0.95,0.6,0.8333333333333334,0.95,0.6,0.65,0.6666666666666666,0.6,0.8333333333333334,0.95,0.0,0.0,0.0
20260705,Job-shop,4,290,0.4877909500764741,0.4840175202147933,0.4877909500764741,0.4877909500764741,0.4877909500764741,0.4877909500764741,1,1,0,0,0.7666666666666667,0.9333333333333332,0.9166666666666666,0.0,0.0,0.0,0.0,0.0,0.0,0.7333333333333333,0.9166666666666666,0.9,0.7666666666666667,0.9333333333333332,0.9166666666666666,0.45,0.6833333333333333,0.8166666666666667,0.7666666666666667,0.9333333333333332,0.9166666666666666,0.0,0.0,0.0
20260705,Job-shop,3,242,0.507045285514458,0.507045285514458,0.507045285514458,0.507045285514458,0.507045285514458,0.507045285514458,1,1,0,0,0.05,0.1166666666666666,0.3666666666666666,0.0,0.0,0.0,0.0,0.0,0.0,0.05,0.1166666666666666,0.3666666666666666,0.05,0.1166666666666666,0.3666666666666666,0.0333333333333333,0.4333333333333333,0.8333333333333334,0.05,0.1166666666666666,0.3666666666666666,0.0,0.0,0.0
20260705,Job-shop,3,277,0.5331176974777859,0.5300600400259614,0.5300600400259614,0.5331176974777859,0.5331176974777859,0.5300600400259614,1,1,0,0,0.2,0.3833333333333333,0.5666666666666667,0.0,0.0,0.0,0.0,0.0,0.0,0.2,0.3833333333333333,0.5833333333333334,0.2,0.3833333333333333,0.5666666666666667,0.3666666666666666,0.65,0.85,0.2,0.3833333333333333,0.5666666666666667,0.0,0.0,0.0
20260705,Job-shop,4,159,0.4826614115929291,0.4767334132873072,0.4767334132873072,0.4826614115929291,0.4826614115929291,0.4767334132873072,1,1,0,0,0.0333333333333333,0.2833333333333333,0.45,0.0,0.0,0.0,0.0,0.0,0.0,0.0333333333333333,0.2833333333333333,0.45,0.0333333333333333,0.2833333333333333,0.45,0.0,0.1,0.3833333333333333,0.0333333333333333,0.2833333333333333,0.45,0.0,0.0,0.0
20260705,Job-shop,4,150,0.4838098441182218,0.4838098441182218,0.4838098441182218,0.4838098441182218,0.4838098441182218,0.4838098441182218,1,1,0,0,0.0,0.0666666666666666,0.2333333333333333,0.0,0.0,0.0,0.0,0.0,0.0,0.0,0.0666666666666666,0.2333333333333333,0.0,0.0666666666666666,0.2333333333333333,0.0166666666666666,0.2166666666666666,0.5,0.0,0.0666666666666666,0.2333333333333333,0.0,0.0,0.0
20260705,Job-shop,3,159,0.5022630621878722,0.5065289303742497,0.5065289303742497,0.5022630621878722,0.5022630621878722,0.5065289303742497,1,1,0,0,0.7666666666666667,0.75,0.85,0.0,0.0,0.0,0.0,0.0,0.0,0.7666666666666667,0.75,0.85,0.7666666666666667,0.75,0.85,0.3666666666666666,0.5166666666666667,0.8333333333333334,0.7666666666666667,0.75,0.85,0.0,0.0,0.0
20260705,Job-shop,4,276,0.4745928875374524,0.4745928875374524,0.4745928875374524,0.4745928875374524,0.4745928875374524,0.4745928875374524,1,1,0,0,0.6833333333333333,0.7666666666666667,0.8666666666666667,0.0,0.0,0.0,0.0,0.0,0.0,0.6833333333333333,0.7666666666666667,0.8666666666666667,0.6833333333333333,0.7666666666666667,0.8666666666666667,0.1666666666666666,0.4666666666666667,0.45,0.6833333333333333,0.7666666666666667,0.8666666666666667,0.0,0.0,0.0
20260705,Job-shop,4,118,0.4705267250998771,0.4844438624464775,0.4844438624464775,0.4705267250998771,0.4705267250998771,0.4844438624464775,1,1,0,0,0.1833333333333333,0.1666666666666666,0.4333333333333333,0.0,0.0,0.0,0.0,0.0,0.0,0.1833333333333333,0.1666666666666666,0.4333333333333333,0.1833333333333333,0.1666666666666666,0.4333333333333333,0.0,0.1333333333333333,0.5666666666666667,0.1833333333333333,0.1666666666666666,0.4333333333333333,0.0,0.0,0.0
20260705,Job-shop,3,60,0.4945461161988672,0.5171033563322716,0.5171033563322716,0.4945461161988672,0.4945461161988672,0.5171033563322716,1,1,0,0,0.4666666666666667,0.4833333333333333,0.5,0.0,0.0,0.0,0.0,0.0,0.0,0.4666666666666667,0.4833333333333333,0.5,0.4666666666666667,0.4833333333333333,0.5,0.2333333333333333,0.6333333333333333,0.6,0.4666666666666667,0.4833333333333333,0.5,0.0,0.0,0.0
20260705,Job-shop,4,73,0.4780558628595989,0.4806894377241462,0.4806894377241462,0.4780558628595989,0.4780558628595989,0.4806894377241462,1,1,0,0,0.0666666666666666,0.3333333333333333,0.4333333333333333,0.0,0.0,0.0,0.0,0.0,0.0,0.0666666666666666,0.3333333333333333,0.4333333333333333,0.0666666666666666,0.3333333333333333,0.4333333333333333,0.0333333333333333,0.2,0.5,0.0666666666666666,0.3333333333333333,0.4333333333333333,0.0,0.0,0.0
20260705,Job-shop,3,275,0.5268231456118112,0.5284036822675361,0.5284036822675361,0.5268231456118112,0.5268231456118112,0.5284036822675361,1,1,0,0,0.2833333333333333,0.45,0.6666666666666666,0.0,0.0,0.0,0.0,0.0,0.0,0.2833333333333333,0.4333333333333333,0.6666666666666666,0.3333333333333333,0.5166666666666667,0.7166666666666667,0.5666666666666667,0.6,0.7666666666666667,0.2833333333333333,0.45,0.6666666666666666,0.0,0.0,0.0
20260705,Job-shop,3,192,0.5057967413978468,0.5057967413978468,0.5057967413978468,0.5057967413978468,0.5057967413978468,0.5057967413978468,1,1,0,0,0.0,0.1666666666666666,0.35,0.0,0.0,0.0,0.0,0.0,0.0,0.0,0.1666666666666666,0.35,0.0,0.1666666666666666,0.35,0.3666666666666666,0.55,0.6666666666666666,0.0,0.1666666666666666,0.35,0.0,0.0,0.0
20260705,Job-shop,4,192,0.4966640147083064,0.4973433476348603,0.4973433476348603,0.4966640147083064,0.4966640147083064,0.4973433476348603,1,1,0,0,0.3833333333333333,0.7166666666666667,0.85,0.0,0.0,0.0,0.0,0.0,0.0,0.3833333333333333,0.7166666666666667,0.85,0.3833333333333333,0.7166666666666667,0.85,0.1666666666666666,0.2833333333333333,0.5166666666666667,0.3833333333333333,0.7166666666666667,0.85,0.0,0.0,0.0
20260705,Job-shop,3,247,0.4985994919945204,0.4985994919945204,0.4985994919945204,0.4985994919945204,0.4985994919945204,0.4985994919945204,1,1,0,0,0.0166666666666666,0.1833333333333333,0.3,0.0,0.0,0.0,0.0,0.0,0.0,0.0166666666666666,0.1833333333333333,0.3,0.0166666666666666,0.2333333333333333,0.35,0.1166666666666666,0.3,0.5333333333333333,0.0166666666666666,0.1833333333333333,0.3,0.0,0.0,0.0
20260705,Job-shop,4,65,0.496469443315843,0.496469443315843,0.496469443315843,0.496469443315843,0.496469443315843,0.496469443315843,1,1,0,0,0.1833333333333333,0.2666666666666666,0.7166666666666667,0.0,0.0,0.0,0.0,0.0,0.0,0.1833333333333333,0.2666666666666666,0.7166666666666667,0.1833333333333333,0.2666666666666666,0.7166666666666667,0.0,0.0,0.4,0.1833333333333333,0.2666666666666666,0.7166666666666667,0.0,0.0,0.0
20260705,Job-shop,5,160,0.4548632150699637,0.4548632150699637,0.4548632150699637,0.4548632150699637,0.4548632150699637,0.4548632150699637,1,1,0,0,0.0833333333333333,0.2666666666666666,0.5166666666666667,0.0,0.0,0.0,0.0,0.0,0.0,0.0833333333333333,0.2666666666666666,0.5166666666666667,0.0833333333333333,0.2666666666666666,0.5166666666666667,0.05,0.4,0.6166666666666667,0.0833333333333333,0.2666666666666666,0.5166666666666667,0.0,0.0,0.0
20260705,Job-shop,4,164,0.4915277964471773,0.4915277964471773,0.4915277964471773,0.4915277964471773,0.4915277964471773,0.4915277964471773,1,1,0,0,0.0,0.0833333333333333,0.1833333333333333,0.0,0.0,0.0,0.0,0.0,0.0,0.0,0.0833333333333333,0.1833333333333333,0.0,0.0833333333333333,0.1833333333333333,0.2666666666666666,0.65,0.9,0.0,0.0833333333333333,0.1833333333333333,0.0,0.0,0.0
20260705,Job-shop,3,86,0.5024598580037242,0.5024598580037242,0.5024598580037242,0.5024598580037242,0.5024598580037242,0.5024598580037242,1,1,0,0,0.0,0.0166666666666666,0.2666666666666666,0.0,0.0,0.0,0.0,0.0,0.0,0.0,0.0166666666666666,0.2666666666666666,0.0,0.0166666666666666,0.2666666666666666,0.0666666666666666,0.1333333333333333,0.6333333333333333,0.0,0.0166666666666666,0.2666666666666666,0.0,0.0,0.0
20260705,Job-shop,5,250,0.4925088985554495,0.4739885864836083,0.4739885864836083,0.4925088985554495,0.4925088985554495,0.4739885864836083,1,1,0,0,0.65,0.7333333333333333,0.85,0.0,0.0,0.0,0.0,0.0,0.0,0.65,0.7333333333333333,0.85,0.65,0.7333333333333333,0.85,0.4,0.5833333333333334,0.6,0.65,0.7333333333333333,0.85,0.0,0.0,0.0
20260705,Job-shop,3,95,0.4909916207907832,0.4909916207907832,0.4909916207907832,0.4909916207907832,0.4909916207907832,0.4909916207907832,1,1,0,0,0.0,0.0,0.25,0.0,0.0,0.0,0.0,0.0,0.0,0.0,0.0,0.25,0.0,0.0,0.25,0.05,0.2166666666666666,0.4333333333333333,0.0,0.0,0.25,0.0,0.0,0.0
20260705,Job-shop,5,110,0.4802625182707079,0.497039458486567,0.497039458486567,0.4802625182707079,0.4802625182707079,0.497039458486567,1,1,0,0,0.0,0.0166666666666666,0.25,0.0,0.0,0.0,0.0,0.0,0.0,0.0,0.0166666666666666,0.25,0.0,0.0166666666666666,0.25,0.0,0.05,0.3333333333333333,0.0,0.0166666666666666,0.25,0.0,0.0,0.0
20260705,Job-shop,4,293,0.4846755180981207,0.5081165042122385,0.5081165042122385,0.4846755180981207,0.4846755180981207,0.5081165042122385,1,1,0,0,0.1,0.1333333333333333,0.5333333333333333,0.0,0.0,0.0,0.0,0.0,0.0,0.1,0.1333333333333333,0.5333333333333333,0.1,0.1333333333333333,0.5333333333333333,0.0,0.0333333333333333,0.4833333333333333,0.1,0.1333333333333333,0.5333333333333333,0.0,0.0,0.0
20260705,Job-shop,4,262,0.520393504023326,0.5015272026997116,0.5015272026997116,0.520393504023326,0.520393504023326,0.5015272026997116,1,1,0,0,0.8833333333333333,0.95,0.9666666666666668,0.0,0.0,0.0,0.0,0.0,0.0,0.8833333333333333,0.95,0.9666666666666668,0.8833333333333333,0.95,0.9666666666666668,0.0666666666666666,0.3,0.5166666666666667,0.8833333333333333,0.95,0.9666666666666668,0.0,0.0,0.0
20260705,Job-shop,4,109,0.4933917528854266,0.5066866450393299,0.5066866450393299,0.4933917528854266,0.4933917528854266,0.5066866450393299,1,1,0,0,0.3,0.3666666666666666,0.5833333333333334,0.0,0.0,0.0,0.0,0.0,0.0,0.3,0.3666666666666666,0.5833333333333334,0.3,0.3666666666666666,0.5833333333333334,0.4166666666666667,0.6166666666666667,0.8,0.3,0.3666666666666666,0.5833333333333334,0.0,0.0,0.0
20260705,Job-shop,3,279,0.4956433748050836,0.4956433748050836,0.4956433748050836,0.4956433748050836,0.4956433748050836,0.4956433748050836,1,1,0,0,0.0333333333333333,0.15,0.3833333333333333,0.0,0.0,0.0,0.0,0.0,0.0,0.0333333333333333,0.15,0.3833333333333333,0.0333333333333333,0.15,0.3833333333333333,0.0666666666666666,0.3,0.7,0.0333333333333333,0.15,0.3833333333333333,0.0,0.0,0.0
20260705,Job-shop,5,86,0.5116341801653033,0.5047497526791641,0.5114868180605608,0.5116341801653033,0.5116341801653033,0.5114868180605608,1,1,0,0,0.25,0.2833333333333333,0.7333333333333333,0.0,0.0,0.0,0.0,0.0,0.0,0.0,0.2,0.75,0.2666666666666666,0.3166666666666666,0.7333333333333333,0.5,0.6,0.8666666666666667,0.25,0.2833333333333333,0.7333333333333333,0.0,0.0,0.0
20260705,Job-shop,4,115,0.4768459837482415,0.4931849933035951,0.4931849933035951,0.4768459837482415,0.4768459837482415,0.4931849933035951,1,1,1,0,0.2666666666666666,0.2,0.4333333333333333,0.0,0.0,0.0,0.0,0.0,0.0,0.2666666666666666,0.2,0.4333333333333333,0.2666666666666666,0.2,0.4333333333333333,0.4166666666666667,0.5666666666666667,0.6666666666666666,0.2666666666666666,0.2,0.4333333333333333,0.0,0.0,0.0
20260705,Job-shop,3,173,0.5101867698228582,0.5220202339173581,0.5220202339173581,0.5101867698228582,0.5101867698228582,0.5220202339173581,1,1,0,1,0.3166666666666666,0.45,0.5833333333333334,0.0,0.0,0.0,0.0,0.0,0.0,0.3166666666666666,0.45,0.5666666666666667,0.3166666666666666,0.45,0.6,0.5,0.6333333333333333,0.7,0.3166666666666666,0.45,0.5833333333333334,0.0,0.0,0.0
20260705,Job-shop,4,218,0.4911116452830452,0.4990817362427945,0.4990817362427945,0.4911116452830452,0.4911116452830452,0.4990817362427945,1,1,0,0,0.35,0.5333333333333333,0.7333333333333333,0.0,0.0,0.0,0.0,0.0,0.0,0.35,0.55,0.75,0.3666666666666666,0.5833333333333334,0.7666666666666667,0.05,0.4333333333333333,0.7333333333333333,0.35,0.5333333333333333,0.7333333333333333,0.0,0.0,0.0
20260705,Job-shop,4,242,0.476741853690779,0.4869127821922234,0.4869127821922234,0.476741853690779,0.4976339880275334,0.4869127821922234,1,0,0,0,0.4666666666666667,0.4666666666666667,0.5333333333333333,0.0,0.0,0.0,0.0,0.0,0.0,0.35,0.3833333333333333,0.5166666666666667,0.8333333333333334,0.95,0.9,0.0,0.2833333333333333,0.5,0.4666666666666667,0.4666666666666667,0.5333333333333333,0.0,0.0,0.0
20260705,Job-shop,3,62,0.5322683874197245,0.5324199690198118,0.5324199690198118,0.5322683874197245,0.5322683874197245,0.5324199690198118,1,1,0,0,0.2333333333333333,0.6166666666666667,0.6333333333333333,0.0,0.0,0.0,0.0,0.0,0.0,0.2333333333333333,0.6166666666666667,0.6333333333333333,0.2333333333333333,0.6166666666666667,0.6333333333333333,0.3833333333333333,0.5166666666666667,0.5333333333333333,0.2333333333333333,0.6166666666666667,0.6333333333333333,0.0,0.0,0.0
20260705,Job-shop,3,290,0.5148218521404385,0.5148218521404385,0.5148218521404385,0.5148218521404385,0.5148218521404385,0.5148218521404385,1,1,0,0,0.0,0.05,0.2,0.0,0.0,0.0,0.0,0.0,0.0,0.0,0.05,0.2,0.0,0.05,0.2,0.1333333333333333,0.3166666666666666,0.5333333333333333,0.0,0.05,0.2,0.0,0.0,0.0
20260705,Job-shop,4,189,0.4931546850533905,0.4931546850533905,0.4931546850533905,0.4931546850533905,0.4931546850533905,0.4931546850533905,1,1,0,0,0.5833333333333334,0.7166666666666667,0.85,0.0,0.0,0.0,0.0,0.0,0.0,0.5833333333333334,0.7166666666666667,0.85,0.5833333333333334,0.7166666666666667,0.85,0.3333333333333333,0.45,0.4333333333333333,0.5833333333333334,0.7166666666666667,0.85,0.0,0.0,0.0
20260705,Job-shop,4,183,0.5202141340505075,0.498022781910541,0.498022781910541,0.5202141340505075,0.5202141340505075,0.498022781910541,1,1,0,0,0.65,0.8,0.8166666666666667,0.0,0.0,0.0,0.0,0.0,0.0,0.65,0.8,0.8166666666666667,0.65,0.7833333333333333,0.8166666666666667,0.2833333333333333,0.4666666666666667,0.6333333333333333,0.65,0.8,0.8166666666666667,0.0,0.0,0.0
20260705,Job-shop,3,80,0.4908218279158609,0.4908218279158609,0.4908218279158609,0.4908218279158609,0.4908218279158609,0.4908218279158609,1,1,0,0,0.0,0.0,0.0833333333333333,0.0,0.0,0.0,0.0,0.0,0.0,0.0,0.0,0.0833333333333333,0.0,0.0,0.0833333333333333,0.0,0.1166666666666666,0.4666666666666667,0.0,0.0,0.0833333333333333,0.0,0.0,0.0
20260705,Job-shop,4,90,0.4980215349896673,0.5048205351718671,0.5048205351718671,0.4980215349896673,0.4980215349896673,0.5048205351718671,1,1,0,0,0.4166666666666667,0.45,0.5166666666666667,0.0,0.0,0.0,0.0,0.0,0.0,0.4166666666666667,0.45,0.55,0.4166666666666667,0.6333333333333333,0.6166666666666667,0.1833333333333333,0.6333333333333333,0.45,0.4166666666666667,0.45,0.5166666666666667,0.0,0.0,0.0
20260705,Job-shop,4,295,0.4975874056657808,0.5179851303000315,0.5179851303000315,0.4975874056657808,0.4975874056657808,0.5179851303000315,1,1,0,0,0.9,0.9,0.95,0.0,0.0,0.0,0.0,0.0,0.0,0.9,0.9,0.95,0.9,0.9,0.95,0.0,0.0166666666666666,0.3333333333333333,0.9,0.9,0.95,0.0,0.0,0.0
20260705,Job-shop,4,263,0.5222526726331648,0.5227039349912502,0.5227039349912502,0.5222526726331648,0.5222526726331648,0.5227039349912502,1,1,0,0,0.6333333333333333,0.8,0.9333333333333332,0.0,0.0,0.0,0.0,0.0,0.0,0.6166666666666667,0.8,0.9333333333333332,0.6,0.7833333333333333,0.9166666666666666,0.4,0.6166666666666667,0.7833333333333333,0.6333333333333333,0.8,0.9333333333333332,0.0,0.0,0.0
20260705,Job-shop,3,140,0.5196658768746908,0.5344095824780641,0.5344095824780641,0.5196658768746908,0.5196658768746908,0.5344095824780641,1,1,0,0,0.2333333333333333,0.2166666666666666,0.4666666666666667,0.0,0.0,0.0,0.0,0.0,0.0,0.2333333333333333,0.2166666666666666,0.4666666666666667,0.2333333333333333,0.2166666666666666,0.4666666666666667,0.0166666666666666,0.2,0.6666666666666666,0.2333333333333333,0.2166666666666666,0.4666666666666667,0.0,0.0,0.0
20260705,Job-shop,4,296,0.4758913661781536,0.4669815374933342,0.4669815374933342,0.4758913661781536,0.4758913661781536,0.4669815374933342,1,1,0,0,0.6166666666666667,0.75,0.8166666666666667,0.0,0.0,0.0,0.0,0.0,0.0,0.6166666666666667,0.75,0.8166666666666667,0.6166666666666667,0.75,0.8166666666666667,0.0,0.1666666666666666,0.45,0.6166666666666667,0.75,0.8166666666666667,0.0,0.0,0.0
20260705,Job-shop,5,232,0.4681009586625873,0.5024412033328441,0.4681009586625873,0.4681009586625873,0.4681009586625873,0.4681009586625873,1,1,0,0,0.0,0.0833333333333333,0.3333333333333333,0.0,0.0,0.0,0.0,0.0,0.0,0.0,0.0833333333333333,0.3166666666666666,0.0,0.0833333333333333,0.3333333333333333,0.6,0.7666666666666667,0.8333333333333334,0.0,0.0833333333333333,0.3333333333333333,0.0,0.0,0.0
20260705,Job-shop,5,125,0.486545073949483,0.4758260730890278,0.4758260730890278,0.486545073949483,0.486545073949483,0.4758260730890278,1,1,0,0,0.15,0.4333333333333333,0.55,0.0,0.0,0.0,0.0,0.0,0.0,0.15,0.4333333333333333,0.55,0.15,0.4333333333333333,0.55,0.0,0.0333333333333333,0.4333333333333333,0.15,0.4333333333333333,0.55,0.0,0.0,0.0
20260705,Job-shop,4,293,0.46732241204399,0.46732241204399,0.46732241204399,0.46732241204399,0.46732241204399,0.46732241204399,1,1,0,0,0.0,0.1333333333333333,0.4833333333333333,0.0,0.0,0.0,0.0,0.0,0.0,0.0,0.1333333333333333,0.4833333333333333,0.0,0.1333333333333333,0.4833333333333333,0.4666666666666667,0.7666666666666667,0.7833333333333333,0.0,0.1333333333333333,0.4833333333333333,0.0,0.0,0.0
20260705,Job-shop,3,119,0.5382108818554429,0.5277330708426089,0.5277330708426089,0.5382108818554429,0.5382108818554429,0.5277330708426089,1,1,0,0,0.45,0.5166666666666667,0.7833333333333333,0.0,0.0,0.0,0.0,0.0,0.0,0.45,0.5166666666666667,0.7833333333333333,0.45,0.5166666666666667,0.7833333333333333,0.2666666666666666,0.5,0.6833333333333333,0.45,0.5166666666666667,0.7833333333333333,0.0,0.0,0.0
20260705,Job-shop,4,140,0.4981463834234407,0.4924499174941157,0.4924499174941157,0.4981463834234407,0.4981463834234407,0.4924499174941157,1,1,0,0,0.1666666666666666,0.5833333333333334,0.7833333333333333,0.0,0.0,0.0,0.0,0.0,0.0,0.1666666666666666,0.5833333333333334,0.7833333333333333,0.1666666666666666,0.5833333333333334,0.7833333333333333,0.5333333333333333,0.5166666666666667,0.4666666666666667,0.1666666666666666,0.5833333333333334,0.7833333333333333,0.0,0.0,0.0
20260705,Job-shop,4,155,0.491949484393926,0.491949484393926,0.491949484393926,0.491949484393926,0.491949484393926,0.491949484393926,1,1,0,0,0.4333333333333333,0.5,0.7,0.0,0.0,0.0,0.0,0.0,0.0,0.4333333333333333,0.5,0.7,0.4333333333333333,0.5,0.7,0.0,0.05,0.4166666666666667,0.4333333333333333,0.5,0.7,0.0,0.0,0.0
20260705,Job-shop,3,92,0.5041874780936517,0.5235826665852968,0.5235826665852968,0.5041874780936517,0.5041874780936517,0.5235826665852968,1,1,0,0,0.3,0.2166666666666666,0.5666666666666667,0.0,0.0,0.0,0.0,0.0,0.0,0.3,0.2166666666666666,0.6166666666666667,0.3,0.25,0.65,0.3166666666666666,0.5,0.8833333333333333,0.3,0.2166666666666666,0.5666666666666667,0.0,0.0,0.0
20260705,Job-shop,3,77,0.5290369482006756,0.52691966618312,0.5290369482006756,0.5290369482006756,0.5290369482006756,0.5290369482006756,1,1,0,0,0.6166666666666667,0.6833333333333333,0.6666666666666666,0.0,0.0,0.0,0.0,0.0,0.0,0.45,0.5833333333333334,0.65,0.6166666666666667,0.6833333333333333,0.6666666666666666,0.6,0.45,0.7,0.6166666666666667,0.6833333333333333,0.6666666666666666,0.0,0.0,0.0
20260705,Job-shop,4,157,0.4827065974674188,0.4827065974674188,0.4827065974674188,0.4827065974674188,0.4827065974674188,0.4827065974674188,1,1,0,0,0.55,0.65,0.6666666666666666,0.0,0.0,0.0,0.0,0.0,0.0,0.55,0.65,0.6666666666666666,0.55,0.65,0.6666666666666666,0.2,0.2666666666666666,0.3166666666666666,0.55,0.65,0.6666666666666666,0.0,0.0,0.0
20260705,Job-shop,4,197,0.4927816369417701,0.4927816369417701,0.4927816369417701,0.4927816369417701,0.4927816369417701,0.4927816369417701,1,1,0,0,0.35,0.5333333333333333,0.6166666666666667,0.0,0.0,0.0,0.0,0.0,0.0,0.35,0.5333333333333333,0.6166666666666667,0.35,0.5333333333333333,0.6166666666666667,0.1,0.3166666666666666,0.7166666666666667,0.35,0.5333333333333333,0.6166666666666667,0.0,0.0,0.0
20260705,Job-shop,4,194,0.5207773472023693,0.5075833298828285,0.5075833298828285,0.5207773472023693,0.5207773472023693,0.5075833298828285,1,1,0,0,0.0833333333333333,0.3666666666666666,0.4166666666666667,0.0,0.0,0.0,0.0,0.0,0.0,0.0833333333333333,0.3333333333333333,0.4166666666666667,0.0833333333333333,0.3666666666666666,0.4166666666666667,0.35,0.6833333333333333,0.7333333333333333,0.0833333333333333,0.3666666666666666,0.4166666666666667,0.0,0.0,0.0
20260705,Job-shop,4,76,0.490570318589595,0.490570318589595,0.490570318589595,0.490570318589595,0.490570318589595,0.490570318589595,1,1,0,0,0.0,0.0666666666666666,0.2833333333333333,0.0,0.0,0.0,0.0,0.0,0.0,0.0,0.0666666666666666,0.3166666666666666,0.0,0.0666666666666666,0.2833333333333333,0.2833333333333333,0.5333333333333333,0.6,0.0,0.0666666666666666,0.2833333333333333,0.0,0.0,0.0
20260705,Job-shop,5,173,0.4727964047546883,0.4868934130600381,0.5106428923201978,0.4727964047546883,0.4727964047546883,0.5106428923201978,1,1,0,0,0.35,0.55,0.5,0.0,0.0,0.0,0.0,0.0,0.0,0.35,0.55,0.5,0.35,0.5666666666666667,0.5333333333333333,0.3833333333333333,0.75,0.9166666666666666,0.35,0.55,0.5,0.0,0.0,0.0
20260705,Job-shop,3,295,0.4879011755314838,0.4879011755314838,0.4879011755314838,0.4879011755314838,0.4879011755314838,0.4879011755314838,1,1,0,0,0.05,0.1666666666666666,0.4166666666666667,0.0,0.0,0.0,0.0,0.0,0.0,0.05,0.1666666666666666,0.4166666666666667,0.05,0.1666666666666666,0.4166666666666667,0.25,0.55,0.7,0.05,0.1666666666666666,0.4166666666666667,0.0,0.0,0.0
20260705,Job-shop,3,210,0.4917832581428809,0.4998573075034356,0.4998573075034356,0.4917832581428809,0.4917832581428809,0.4998573075034356,1,1,0,1,0.0333333333333333,0.25,0.4333333333333333,0.0,0.0,0.0,0.0,0.0,0.0,0.0333333333333333,0.25,0.4333333333333333,0.0333333333333333,0.25,0.4333333333333333,0.0333333333333333,0.15,0.7333333333333333,0.0333333333333333,0.25,0.4333333333333333,0.0,0.0,0.0
20260705,Job-shop,4,137,0.5087915658305721,0.5087915658305721,0.5087915658305721,0.5087915658305721,0.5087915658305721,0.5087915658305721,1,1,0,0,0.1666666666666666,0.3333333333333333,0.5166666666666667,0.0,0.0,0.0,0.0,0.0,0.0,0.1666666666666666,0.3333333333333333,0.5166666666666667,0.1666666666666666,0.3333333333333333,0.5166666666666667,0.3,0.45,0.6166666666666667,0.1666666666666666,0.3333333333333333,0.5166666666666667,0.0,0.0,0.0
20260705,Job-shop,5,214,0.5096890521591905,0.4993485914131518,0.4993485914131518,0.5096890521591905,0.5096890521591905,0.4993485914131518,1,1,0,0,0.5166666666666667,0.8166666666666667,0.8333333333333334,0.0,0.0,0.0,0.0,0.0,0.0,0.5166666666666667,0.8166666666666667,0.8333333333333334,0.5166666666666667,0.8166666666666667,0.8333333333333334,0.2833333333333333,0.6666666666666666,0.85,0.5166666666666667,0.8166666666666667,0.8333333333333334,0.0,0.0,0.0
20260705,Job-shop,5,106,0.4943014331712691,0.4943014331712691,0.504315501560668,0.504315501560668,0.504315501560668,0.504315501560668,0,0,0,0,0.25,0.4166666666666667,0.5833333333333334,0.0,0.0,0.0,0.0,0.0,0.0,0.2,0.3333333333333333,0.55,0.45,0.6,0.65,0.6166666666666667,0.7,0.85,0.25,0.4166666666666667,0.5833333333333334,0.0,0.0,0.0
20260705,Job-shop,5,65,0.526992976224286,0.4960408009665303,0.4960408009665303,0.526992976224286,0.526992976224286,0.4960408009665303,1,1,0,0,0.2,0.1666666666666666,0.5166666666666667,0.0,0.0,0.0,0.0,0.0,0.0,0.2,0.1666666666666666,0.5166666666666667,0.2,0.1666666666666666,0.5166666666666667,0.0,0.0333333333333333,0.4666666666666667,0.2,0.1666666666666666,0.5166666666666667,0.0,0.0,0.0
20260705,Job-shop,5,236,0.4817410406052881,0.4817410406052881,0.4817410406052881,0.4817410406052881,0.4817410406052881,0.4817410406052881,1,1,0,0,0.7833333333333333,0.8666666666666667,0.9,0.0,0.0,0.0,0.0,0.0,0.0,0.7833333333333333,0.8666666666666667,0.9,0.7833333333333333,0.8666666666666667,0.9,0.0,0.0,0.3666666666666666,0.7833333333333333,0.8666666666666667,0.9,0.0,0.0,0.0
20260705,Job-shop,5,206,0.4869059305184374,0.4796380229084752,0.4796380229084752,0.4869059305184374,0.4869059305184374,0.4796380229084752,1,1,0,0,0.5,0.5666666666666667,0.5666666666666667,0.0,0.0,0.0,0.0,0.0,0.0,0.5,0.55,0.5333333333333333,0.5,0.5666666666666667,0.55,0.0,0.0833333333333333,0.2166666666666666,0.5,0.5666666666666667,0.5666666666666667,0.0,0.0,0.0
20260705,Job-shop,4,267,0.4651009590958793,0.4651009590958793,0.4651009590958793,0.4651009590958793,0.4651009590958793,0.4651009590958793,1,1,0,0,0.0166666666666666,0.1166666666666666,0.4,0.0,0.0,0.0,0.0,0.0,0.0,0.0166666666666666,0.1166666666666666,0.4,0.0166666666666666,0.1166666666666666,0.4,0.0,0.1166666666666666,0.6,0.0166666666666666,0.1166666666666666,0.4,0.0,0.0,0.0
20260705,Job-shop,4,206,0.5144844876330507,0.5027496505775019,0.5027496505775019,0.5144844876330507,0.5144844876330507,0.5027496505775019,1,1,0,0,0.4,0.7166666666666667,0.8,0.0,0.0,0.0,0.0,0.0,0.0,0.4,0.7166666666666667,0.8,0.4,0.7166666666666667,0.8,0.0833333333333333,0.3833333333333333,0.7166666666666667,0.4,0.7166666666666667,0.8,0.0,0.0,0.0
20260705,Job-shop,3,83,0.5017282979574023,0.5017282979574023,0.5017282979574023,0.5017282979574023,0.5017282979574023,0.5017282979574023,1,1,0,0,0.0,0.0,0.0833333333333333,0.0,0.0,0.0,0.0,0.0,0.0,0.0,0.0,0.0833333333333333,0.0,0.0,0.0833333333333333,0.1666666666666666,0.3833333333333333,0.6166666666666667,0.0,0.0,0.0833333333333333,0.0,0.0,0.0
20260705,Job-shop,3,282,0.5116998072871208,0.518707165464985,0.518707165464985,0.5116998072871208,0.5116998072871208,0.518707165464985,1,1,0,0,0.45,0.4333333333333333,0.5833333333333334,0.0,0.0,0.0,0.0,0.0,0.0,0.3666666666666666,0.4,0.5833333333333334,0.45,0.4333333333333333,0.5833333333333334,0.25,0.5,0.7333333333333333,0.45,0.4333333333333333,0.5833333333333334,0.0,0.0,0.0
20260705,Job-shop,5,180,0.4756334570969674,0.473988785037269,0.473988785037269,0.4756334570969674,0.4756334570969674,0.473988785037269,1,1,0,0,0.0333333333333333,0.4333333333333333,0.4666666666666667,0.0,0.0,0.0,0.0,0.0,0.0,0.0333333333333333,0.4333333333333333,0.4666666666666667,0.0333333333333333,0.4333333333333333,0.4666666666666667,0.6,0.6333333333333333,0.8333333333333334,0.0333333333333333,0.4333333333333333,0.4666666666666667,0.0,0.0,0.0
20260705,WFG2,3,148,0.1032400860561246,0.1032400860561246,0.1032400860561246,0.1032400860561246,0.1032400860561246,0.1032400860561246,1,1,0,0,0.0,0.0,0.0,0.0,0.0,0.0,0.0,0.0,0.0,0.0,0.0,0.0,0.0,0.0,0.0,0.0,0.0833333333333333,0.3333333333333333,0.0,0.0,0.0,0.0,0.0,0.0
20260705,WFG2,14,344,0.4536441893928419,0.4536441893928419,0.4536441893928419,0.4536441893928419,0.4536441893928419,0.4536441893928419,1,1,0,0,0.0,0.0,0.0,0.0,0.0,0.0,0.0,0.0,0.0,0.0,0.0,0.0,0.0,0.0,0.0,0.0833333333333333,0.2333333333333333,0.5166666666666667,0.0,0.0,0.0,0.0,0.0,0.0
20260705,WFG2,8,396,0.4107456992960737,0.4107456992960737,0.4107456992960737,0.4107456992960737,0.4107456992960737,0.4107456992960737,1,1,0,0,0.0,0.0,0.0,0.0,0.0,0.0,0.0,0.0,0.0,0.0,0.0,0.0,0.0,0.0,0.0,0.0,0.0833333333333333,0.5833333333333334,0.0,0.0,0.0,0.0,0.0,0.0
20260705,WFG2,11,91,0.463303878441575,0.463303878441575,0.463303878441575,0.463303878441575,0.463303878441575,0.463303878441575,1,1,0,0,0.0,0.0,0.0,0.0,0.0,0.0,0.0,0.0,0.0,0.0,0.0,0.0,0.0,0.0,0.0,0.5,0.4333333333333333,0.6166666666666667,0.0,0.0,0.0,0.0,0.0,0.0
20260705,WFG2,9,242,0.4581740808109422,0.4581740808109422,0.4581740808109422,0.4581740808109422,0.4581740808109422,0.4581740808109422,1,1,0,0,0.0,0.0,0.0,0.0,0.0,0.0,0.0,0.0,0.0,0.0,0.0,0.0,0.0,0.0,0.0,0.2833333333333333,0.5166666666666667,0.7,0.0,0.0,0.0,0.0,0.0,0.0
20260705,WFG2,4,93,0.2278683487759444,0.2278683487759444,0.2278683487759444,0.2278683487759444,0.2278683487759444,0.2278683487759444,1,1,0,0,0.0,0.0,0.0,0.0,0.0,0.0,0.0,0.0,0.0,0.0,0.0,0.0,0.0,0.0,0.0,0.1666666666666666,0.3333333333333333,0.4666666666666667,0.0,0.0,0.0,0.0,0.0,0.0
20260705,WFG2,3,119,0.0694754972998864,0.0694754972998864,0.0694754972998864,0.0694754972998864,0.0694754972998864,0.0694754972998864,1,1,0,0,0.0,0.0,0.0,0.0,0.0,0.0,0.0,0.0,0.0,0.0,0.0,0.0,0.0,0.0,0.0,0.3833333333333333,0.5666666666666667,0.65,0.0,0.0,0.0,0.0,0.0,0.0
20260705,WFG2,13,73,0.5730464874314067,0.5730464874314067,0.5730464874314067,0.5730464874314067,0.5730464874314067,0.5730464874314067,1,1,0,0,0.0,0.0,0.0,0.0,0.0,0.0,0.0,0.0,0.0,0.0,0.0,0.0,0.0,0.0,0.0,0.3666666666666666,0.5833333333333334,0.9,0.0,0.0,0.0,0.0,0.0,0.0
20260705,WFG2,4,225,0.1894540763621384,0.1894540763621384,0.1894540763621384,0.1894540763621384,0.1894540763621384,0.1894540763621384,1,1,0,0,0.0,0.0,0.0,0.0,0.0,0.0,0.0,0.0,0.0,0.0,0.0,0.0,0.0,0.0,0.0,0.0,0.0,0.0833333333333333,0.0,0.0,0.0,0.0,0.0,0.0
20260705,WFG2,3,127,0.1843651657379611,0.1843651657379611,0.1843651657379611,0.1843651657379611,0.1843651657379611,0.1843651657379611,1,1,0,0,0.0,0.0,0.0,0.0,0.0,0.0,0.0,0.0,0.0,0.0,0.0,0.0,0.0,0.0,0.0,0.0,0.05,0.1666666666666666,0.0,0.0,0.0,0.0,0.0,0.0
20260705,WFG2,13,336,0.4994152276728437,0.615892415822276,0.615892415822276,0.4994152276728437,0.4994152276728437,0.615892415822276,1,1,0,0,0.0,0.0,0.0,0.0,0.0,0.0,0.0,0.0,0.0,0.0,0.0,0.0,0.0,0.0,0.0,0.5333333333333333,0.85,0.95,0.0,0.0,0.0,0.0,0.0,0.0
20260705,WFG2,8,475,0.4069938453947425,0.4069938453947425,0.4069938453947425,0.4069938453947425,0.4069938453947425,0.4069938453947425,1,1,0,0,0.0,0.0,0.0,0.0,0.0,0.0,0.0,0.0,0.0,0.0,0.0,0.0,0.0,0.0,0.0,0.6833333333333333,0.8166666666666667,0.85,0.0,0.0,0.0,0.0,0.0,0.0
20260705,WFG2,12,323,0.4702601857887455,0.4702601857887455,0.4702601857887455,0.4702601857887455,0.4702601857887455,0.4702601857887455,1,1,0,0,0.0,0.0,0.0,0.0,0.0,0.0,0.0,0.0,0.0,0.0,0.0,0.0,0.0,0.0,0.0,0.4333333333333333,0.7,0.7833333333333333,0.0,0.0,0.0,0.0,0.0,0.0
20260705,WFG2,9,141,0.4379710455082564,0.4379710455082564,0.4379710455082564,0.4379710455082564,0.4379710455082564,0.4379710455082564,1,1,0,0,0.0,0.0,0.0,0.0,0.0,0.0,0.0,0.0,0.0,0.0,0.0,0.0,0.0,0.0,0.0,0.0,0.0,0.1833333333333333,0.0,0.0,0.0,0.0,0.0,0.0
20260705,WFG2,11,243,0.4931004707958161,0.4931004707958161,0.4931004707958161,0.4931004707958161,0.4931004707958161,0.4931004707958161,1,1,0,0,0.0,0.0,0.0,0.0,0.0,0.0,0.0,0.0,0.0,0.0,0.0,0.0,0.0,0.0,0.0,0.2166666666666666,0.5166666666666667,0.6666666666666666,0.0,0.0,0.0,0.0,0.0,0.0
20260705,WFG2,11,256,0.4768532981501211,0.4768532981501211,0.4768532981501211,0.4768532981501211,0.4768532981501211,0.4768532981501211,1,1,0,0,0.0,0.0,0.0,0.0,0.0,0.0,0.0,0.0,0.0,0.0,0.0,0.0,0.0,0.0,0.0,0.6666666666666666,0.85,0.9,0.0,0.0,0.0,0.0,0.0,0.0
20260705,WFG2,3,155,0.0584044484224534,0.0584044484224534,0.0584044484224534,0.0584044484224534,0.0584044484224534,0.0584044484224534,1,1,0,0,0.0,0.0,0.0,0.0,0.0,0.0,0.0,0.0,0.0,0.0,0.0,0.0,0.0,0.0,0.0,0.0,0.0,0.0333333333333333,0.0,0.0,0.0,0.0,0.0,0.0
20260705,WFG2,5,128,0.236623414494484,0.236623414494484,0.236623414494484,0.236623414494484,0.236623414494484,0.236623414494484,1,1,0,0,0.0,0.0,0.0,0.0,0.0,0.0,0.0,0.0,0.0,0.0,0.0,0.0,0.0,0.0,0.0,0.1833333333333333,0.3,0.3166666666666666,0.0,0.0,0.0,0.0,0.0,0.0
20260705,WFG2,5,263,0.1886422661218983,0.1886422661218983,0.1886422661218983,0.1886422661218983,0.1886422661218983,0.1886422661218983,1,1,0,0,0.0,0.0,0.0,0.0,0.0,0.0,0.0,0.0,0.0,0.0,0.0,0.0,0.0,0.0,0.0,0.0,0.0,0.0,0.0,0.0,0.0,0.0,0.0,0.0
20260705,WFG2,11,171,0.4928031147011037,0.4928031147011037,0.4928031147011037,0.4928031147011037,0.4928031147011037,0.4928031147011037,1,1,0,0,0.0,0.0,0.0,0.0,0.0,0.0,0.0,0.0,0.0,0.0,0.0,0.0,0.0,0.0,0.0,0.0333333333333333,0.2333333333333333,0.5333333333333333,0.0,0.0,0.0,0.0,0.0,0.0
20260705,WFG2,14,320,0.4897911714744153,0.4897911714744153,0.4897911714744153,0.4897911714744153,0.4897911714744153,0.4897911714744153,1,1,0,0,0.0,0.0,0.0,0.0,0.0,0.0,0.0,0.0,0.0,0.0,0.0,0.0,0.0,0.0,0.0,0.25,0.45,0.6333333333333333,0.0,0.0,0.0,0.0,0.0,0.0
20260705,WFG2,5,330,0.2673324422480936,0.350133528457735,0.350133528457735,0.2673324422480936,0.2673324422480936,0.350133528457735,1,1,0,0,0.55,0.4,0.6166666666666667,0.0,0.0,0.0,0.0,0.0,0.0,0.55,0.4,0.6166666666666667,0.55,0.4,0.6166666666666667,0.6333333333333333,0.6166666666666667,0.85,0.55,0.4,0.6166666666666667,0.0,0.0,0.0
20260705,WFG2,14,327,0.5319071564541169,0.5319071564541169,0.5319071564541169,0.5319071564541169,0.5319071564541169,0.5319071564541169,1,1,0,0,0.0,0.0,0.0,0.0,0.0,0.0,0.0,0.0,0.0,0.0,0.0,0.0,0.0,0.0,0.0,0.5833333333333334,0.8333333333333334,0.8833333333333333,0.0,0.0,0.0,0.0,0.0,0.0
20260705,WFG2,3,90,0.0855056476713183,0.0855056476713183,0.0855056476713183,0.0855056476713183,0.0855056476713183,0.0855056476713183,1,1,0,0,0.0,0.0,0.0,0.0,0.0,0.0,0.0,0.0,0.0,0.0,0.0,0.0,0.0,0.0,0.0,0.0,0.0,0.0,0.0,0.0,0.0,0.0,0.0,0.0
20260705,WFG2,5,80,0.4190687882430775,0.4190687882430775,0.4190687882430775,0.4190687882430775,0.4190687882430775,0.4190687882430775,1,1,0,0,0.0,0.0,0.0,0.0,0.0,0.0,0.0,0.0,0.0,0.0,0.0,0.0,0.0,0.0,0.0,0.4833333333333333,0.5333333333333333,0.7333333333333333,0.0,0.0,0.0,0.0,0.0,0.0
20260705,WFG2,10,127,0.4931875485517325,0.4931875485517325,0.4931875485517325,0.4931875485517325,0.4931875485517325,0.4931875485517325,1,1,0,0,0.0,0.0,0.0,0.0,0.0,0.0,0.0,0.0,0.0,0.0,0.0,0.0,0.0,0.0,0.0,0.15,0.35,0.65,0.0,0.0,0.0,0.0,0.0,0.0
20260705,WFG2,3,32,0.191590917044082,0.191590917044082,0.191590917044082,0.191590917044082,0.191590917044082,0.191590917044082,1,1,0,0,0.0,0.0,0.0,0.0,0.0,0.0,0.0,0.0,0.0,0.0,0.0,0.0,0.0,0.0,0.0,0.0,0.0,0.1,0.0,0.0,0.0,0.0,0.0,0.0
20260705,WFG2,14,311,0.4924081449629855,0.4924081449629855,0.4924081449629855,0.4924081449629855,0.4924081449629855,0.4924081449629855,1,1,0,0,0.0,0.0,0.0,0.0,0.0,0.0,0.0,0.0,0.0,0.0,0.0,0.0,0.0,0.0,0.0,0.4,0.6333333333333333,0.9333333333333332,0.0,0.0,0.0,0.0,0.0,0.0
20260705,WFG2,15,107,0.6086350407997627,0.6086350407997627,0.6086350407997627,0.6086350407997627,0.6086350407997627,0.6086350407997627,1,1,0,0,0.0,0.0,0.0166666666666666,0.0,0.0,0.0,0.0,0.0,0.0,0.0,0.0,0.0166666666666666,0.0,0.0,0.0166666666666666,0.4666666666666667,0.7666666666666667,0.95,0.0,0.0,0.0166666666666666,0.0,0.0,0.0
20260705,WFG2,3,150,0.0723013272132876,0.0723013272132876,0.0723013272132876,0.0723013272132876,0.0723013272132876,0.0723013272132876,1,1,0,0,0.0,0.0,0.0,0.0,0.0,0.0,0.0,0.0,0.0,0.0,0.0,0.0,0.0,0.0,0.0,0.0,0.4,0.3333333333333333,0.0,0.0,0.0,0.0,0.0,0.0
20260705,WFG2,3,36,0.1483567159955398,0.1483567159955398,0.1483567159955398,0.1483567159955398,0.1483567159955398,0.1483567159955398,1,1,0,0,0.0,0.0,0.0,0.0,0.0,0.0,0.0,0.0,0.0,0.0,0.0,0.0,0.0,0.0,0.0,0.0,0.0,0.0,0.0,0.0,0.0,0.0,0.0,0.0
20260705,WFG2,9,113,0.4889989303784032,0.4889989303784032,0.4889989303784032,0.4889989303784032,0.4889989303784032,0.4889989303784032,1,1,0,0,0.0,0.0,0.0,0.0,0.0,0.0,0.0,0.0,0.0,0.0,0.0,0.0,0.0,0.0,0.0,0.4666666666666667,0.5666666666666667,0.6666666666666666,0.0,0.0,0.0,0.0,0.0,0.0
20260705,WFG2,9,140,0.5408357338143506,0.5408357338143506,0.5408357338143506,0.5408357338143506,0.5408357338143506,0.5408357338143506,1,1,0,0,0.0,0.0,0.0,0.0,0.0,0.0,0.0,0.0,0.0,0.0,0.0,0.0,0.0,0.0,0.0,0.5,0.7833333333333333,0.9166666666666666,0.0,0.0,0.0,0.0,0.0,0.0
20260705,WFG2,10,275,0.4928079385579421,0.4928079385579421,0.4928079385579421,0.4928079385579421,0.4928079385579421,0.4928079385579421,1,1,0,0,0.0,0.0,0.0,0.0,0.0,0.0,0.0,0.0,0.0,0.0,0.0,0.0,0.0,0.0,0.0,0.7166666666666667,0.8333333333333334,0.95,0.0,0.0,0.0,0.0,0.0,0.0
20260705,WFG2,15,417,0.5103891021196111,0.5103891021196111,0.5103891021196111,0.5103891021196111,0.5103891021196111,0.5103891021196111,1,1,0,0,0.0,0.0,0.0,0.0,0.0,0.0,0.0,0.0,0.0,0.0,0.0,0.0,0.0,0.0,0.0,0.5166666666666667,0.6833333333333333,0.95,0.0,0.0,0.0,0.0,0.0,0.0
20260705,WFG2,12,298,0.5066764925968554,0.5066764925968554,0.5066764925968554,0.5066764925968554,0.5066764925968554,0.5066764925968554,1,1,0,0,0.0,0.0,0.0,0.0,0.0,0.0,0.0,0.0,0.0,0.0,0.0,0.0,0.0,0.0,0.0,0.15,0.6,0.7833333333333333,0.0,0.0,0.0,0.0,0.0,0.0
20260705,WFG2,7,289,0.4385332780189372,0.4385332780189372,0.4385332780189372,0.4385332780189372,0.4385332780189372,0.4385332780189372,1,1,0,0,0.0,0.0,0.0,0.0,0.0,0.0,0.0,0.0,0.0,0.0,0.0,0.0,0.0,0.0,0.0,0.5,0.7333333333333333,0.8666666666666667,0.0,0.0,0.0,0.0,0.0,0.0
20260705,WFG2,13,234,0.4567999640733522,0.4567999640733522,0.4567999640733522,0.4567999640733522,0.4567999640733522,0.4567999640733522,1,1,0,0,0.0,0.0,0.0,0.0,0.0,0.0,0.0,0.0,0.0,0.0,0.0,0.0,0.0,0.0,0.0,0.4833333333333333,0.4333333333333333,0.7,0.0,0.0,0.0,0.0,0.0,0.0
20260705,WFG2,13,444,0.4776292555337459,0.4776292555337459,0.4776292555337459,0.4776292555337459,0.4776292555337459,0.4776292555337459,1,1,0,0,0.0,0.0,0.0,0.0,0.0,0.0,0.0,0.0,0.0,0.0,0.0,0.0,0.0,0.0,0.0,0.4,0.5666666666666667,0.8666666666666667,0.0,0.0,0.0,0.0,0.0,0.0
20260705,WFG2,9,219,0.4852809899863048,0.4852809899863048,0.4852809899863048,0.4852809899863048,0.4852809899863048,0.4852809899863048,1,1,0,0,0.0,0.0,0.0,0.0,0.0,0.0,0.0,0.0,0.0,0.0,0.0,0.0,0.0,0.0,0.0,0.5833333333333334,0.6666666666666666,0.9,0.0,0.0,0.0,0.0,0.0,0.0
20260705,WFG2,13,110,0.5627668895128132,0.5841365050920755,0.5841365050920755,0.5627668895128132,0.5627668895128132,0.5841365050920755,1,1,0,0,0.0166666666666666,0.2833333333333333,0.4166666666666667,0.0,0.0,0.0,0.0,0.0,0.0,0.0166666666666666,0.2833333333333333,0.4166666666666667,0.0166666666666666,0.2833333333333333,0.4166666666666667,0.3166666666666666,0.1833333333333333,0.5333333333333333,0.0166666666666666,0.2833333333333333,0.4166666666666667,0.0,0.0,0.0
20260705,WFG2,3,51,0.2404555956081873,0.2404555956081873,0.2404555956081873,0.2404555956081873,0.2404555956081873,0.2404555956081873,1,1,0,0,0.0,0.0,0.0,0.0,0.0,0.0,0.0,0.0,0.0,0.0,0.0,0.0,0.0,0.0,0.0,0.0,0.0,0.0333333333333333,0.0,0.0,0.0,0.0,0.0,0.0
20260705,WFG2,6,111,0.4284733380269557,0.4284733380269557,0.4284733380269557,0.4284733380269557,0.4284733380269557,0.4284733380269557,1,1,0,0,0.0,0.0,0.0,0.0,0.0,0.0,0.0,0.0,0.0,0.0,0.0,0.0,0.0,0.0,0.0,0.1166666666666666,0.3333333333333333,0.5,0.0,0.0,0.0,0.0,0.0,0.0
20260705,WFG2,3,163,0.0630767357214446,0.0630767357214446,0.0630767357214446,0.0630767357214446,0.0630767357214446,0.0630767357214446,1,1,0,0,0.0,0.0,0.0,0.0,0.0,0.0,0.0,0.0,0.0,0.0,0.0,0.0,0.0,0.0,0.0,0.0,0.0,0.0,0.0,0.0,0.0,0.0,0.0,0.0
20260705,WFG2,6,301,0.3436691992789117,0.3436691992789117,0.3436691992789117,0.3436691992789117,0.3436691992789117,0.3436691992789117,1,1,0,0,0.0,0.0,0.0,0.0,0.0,0.0,0.0,0.0,0.0,0.0,0.0,0.0,0.0,0.0,0.0,0.3666666666666666,0.6166666666666667,0.75,0.0,0.0,0.0,0.0,0.0,0.0
20260705,WFG2,4,166,0.2018757693753932,0.2018757693753932,0.2018757693753932,0.2018757693753932,0.2018757693753932,0.2018757693753932,1,1,0,0,0.0,0.0,0.0,0.0,0.0,0.0,0.0,0.0,0.0,0.0,0.0,0.0,0.0,0.0,0.0,0.0,0.0,0.25,0.0,0.0,0.0,0.0,0.0,0.0
20260705,WFG2,5,285,0.1934636195010322,0.1934636195010322,0.1934636195010322,0.1934636195010322,0.1934636195010322,0.1934636195010322,1,1,0,0,0.0,0.0,0.0,0.0,0.0,0.0,0.0,0.0,0.0,0.0,0.0,0.0,0.0,0.0,0.0,0.0,0.0,0.0,0.0,0.0,0.0,0.0,0.0,0.0
20260705,WFG2,6,266,0.2734740356530668,0.2734740356530668,0.2734740356530668,0.2734740356530668,0.2734740356530668,0.2734740356530668,1,1,0,0,0.0,0.0,0.0,0.0,0.0,0.0,0.0,0.0,0.0,0.0,0.0,0.0,0.0,0.0,0.0,0.0,0.1666666666666666,0.2333333333333333,0.0,0.0,0.0,0.0,0.0,0.0
20260705,WFG2,7,114,0.4962225972799552,0.4962225972799552,0.4962225972799552,0.4962225972799552,0.4962225972799552,0.4962225972799552,1,1,0,0,0.0,0.0,0.0,0.0,0.0,0.0,0.0,0.0,0.0,0.0,0.0,0.0,0.0,0.0,0.0,0.45,0.7333333333333333,0.95,0.0,0.0,0.0,0.0,0.0,0.0
20260705,WFG2,14,179,0.5593696800590767,0.5593696800590767,0.5593696800590767,0.5593696800590767,0.5593696800590767,0.5593696800590767,1,1,0,0,0.0,0.0,0.0,0.0,0.0,0.0,0.0,0.0,0.0,0.0,0.0,0.0,0.0,0.0,0.0,0.1833333333333333,0.5833333333333334,0.7166666666666667,0.0,0.0,0.0,0.0,0.0,0.0
20260705,WFG2,4,116,0.1996747711786758,0.1996747711786758,0.1996747711786758,0.1996747711786758,0.1996747711786758,0.1996747711786758,1,1,0,0,0.0,0.0,0.0,0.0,0.0,0.0,0.0,0.0,0.0,0.0,0.0,0.0,0.0,0.0,0.0,0.0,0.0,0.0,0.0,0.0,0.0,0.0,0.0,0.0
20260705,WFG2,8,479,0.4567699133500104,0.4567699133500104,0.4567699133500104,0.4567699133500104,0.4567699133500104,0.4567699133500104,1,1,0,0,0.0,0.0333333333333333,0.1666666666666666,0.0,0.0,0.0,0.0,0.0,0.0,0.0,0.0333333333333333,0.1666666666666666,0.0,0.0333333333333333,0.1666666666666666,0.6166666666666667,0.6333333333333333,0.8666666666666667,0.0,0.0333333333333333,0.1666666666666666,0.0,0.0,0.0
20260705,WFG2,12,358,0.4875711692736811,0.4875711692736811,0.4875711692736811,0.4875711692736811,0.4875711692736811,0.4875711692736811,1,1,0,0,0.0,0.0,0.0,0.0,0.0,0.0,0.0,0.0,0.0,0.0,0.0,0.0,0.0,0.0,0.0,0.7833333333333333,0.8833333333333333,0.9666666666666668,0.0,0.0,0.0,0.0,0.0,0.0
20260705,WFG2,3,138,0.1256540518166614,0.1256540518166614,0.1256540518166614,0.1256540518166614,0.1256540518166614,0.1256540518166614,1,1,0,0,0.0,0.0,0.0,0.0,0.0,0.0,0.0,0.0,0.0,0.0,0.0,0.0,0.0,0.0,0.0,0.0,0.0,0.0666666666666666,0.0,0.0,0.0,0.0,0.0,0.0
20260705,WFG2,10,103,0.5337808050440127,0.6122832228322521,0.6122832228322521,0.5337808050440127,0.5337808050440127,0.6122832228322521,1,1,0,0,0.0,0.0,0.0,0.0,0.0,0.0,0.0,0.0,0.0,0.0,0.0,0.0,0.0,0.0,0.0,0.5333333333333333,0.5833333333333334,0.85,0.0,0.0,0.0,0.0,0.0,0.0
20260705,WFG2,10,400,0.3928074502884923,0.3928074502884923,0.3928074502884923,0.3928074502884923,0.3928074502884923,0.3928074502884923,1,1,0,0,0.0,0.0,0.0,0.0,0.0,0.0,0.0,0.0,0.0,0.0,0.0,0.0,0.0,0.0,0.0,0.4166666666666667,0.4166666666666667,0.6333333333333333,0.0,0.0,0.0,0.0,0.0,0.0
20260705,WFG2,13,147,0.4693188307477238,0.4693188307477238,0.4693188307477238,0.4693188307477238,0.4693188307477238,0.4693188307477238,1,1,0,0,0.0,0.0,0.0,0.0,0.0,0.0,0.0,0.0,0.0,0.0,0.0,0.0,0.0,0.0,0.0,0.0,0.2166666666666666,0.5833333333333334,0.0,0.0,0.0,0.0,0.0,0.0
20260705,WFG2,4,136,0.2828104674473964,0.2828104674473964,0.2828104674473964,0.2828104674473964,0.2828104674473964,0.2828104674473964,1,1,0,0,0.0,0.0,0.0,0.0,0.0,0.0,0.0,0.0,0.0,0.0,0.0,0.0,0.0,0.0,0.0,0.1,0.3,0.4,0.0,0.0,0.0,0.0,0.0,0.0
20260705,WFG2,12,309,0.5166467790750545,0.5166467790750545,0.5166467790750545,0.5166467790750545,0.5166467790750545,0.5166467790750545,1,1,0,0,0.0,0.0,0.0,0.0,0.0,0.0,0.0,0.0,0.0,0.0,0.0,0.0,0.0,0.0,0.0,0.3666666666666666,0.8166666666666667,0.8666666666666667,0.0,0.0,0.0,0.0,0.0,0.0
20260705,WFG2,12,448,0.4810673404756913,0.4961382387472132,0.4961382387472132,0.4810673404756913,0.4810673404756913,0.4961382387472132,1,1,0,0,0.1,0.1833333333333333,0.6166666666666667,0.0,0.0,0.0,0.0,0.0,0.0,0.1,0.1833333333333333,0.6166666666666667,0.1,0.1833333333333333,0.6166666666666667,0.55,0.6666666666666666,0.7,0.1,0.1833333333333333,0.6166666666666667,0.0,0.0,0.0
20260705,WFG2,12,279,0.4914449887019468,0.4914449887019468,0.4914449887019468,0.4914449887019468,0.4914449887019468,0.4914449887019468,1,1,0,0,0.0,0.0,0.0,0.0,0.0,0.0,0.0,0.0,0.0,0.0,0.0,0.0,0.0,0.0,0.0,0.3,0.65,0.8333333333333334,0.0,0.0,0.0,0.0,0.0,0.0
20260705,WFG2,7,313,0.4826978286574803,0.4758706717080739,0.4758706717080739,0.4826978286574803,0.4826978286574803,0.4758706717080739,1,1,0,0,0.0,0.0166666666666666,0.25,0.0,0.0,0.0,0.0,0.0,0.0,0.0,0.0166666666666666,0.25,0.0,0.0166666666666666,0.25,0.2333333333333333,0.4666666666666667,0.6833333333333333,0.0,0.0166666666666666,0.25,0.0,0.0,0.0
20260705,WFG2,12,332,0.5013204313501235,0.5013204313501235,0.5013204313501235,0.5013204313501235,0.5013204313501235,0.5013204313501235,1,1,0,0,0.0,0.0,0.0,0.0,0.0,0.0,0.0,0.0,0.0,0.0,0.0,0.0,0.0,0.0,0.0,0.4333333333333333,0.65,0.8833333333333333,0.0,0.0,0.0,0.0,0.0,0.0
20260705,WFG2,4,147,0.2355693726816757,0.2355693726816757,0.2355693726816757,0.2355693726816757,0.2355693726816757,0.2355693726816757,1,1,0,0,0.0,0.0,0.0,0.0,0.0,0.0,0.0,0.0,0.0,0.0,0.0,0.0,0.0,0.0,0.0,0.0,0.0,0.1833333333333333,0.0,0.0,0.0,0.0,0.0,0.0
20260705,WFG2,6,496,0.207038080437594,0.207038080437594,0.207038080437594,0.207038080437594,0.207038080437594,0.207038080437594,1,1,0,0,0.0,0.0,0.0,0.0,0.0,0.0,0.0,0.0,0.0,0.0,0.0,0.0,0.0,0.0,0.0,0.0,0.0,0.0166666666666666,0.0,0.0,0.0,0.0,0.0,0.0
20260705,WFG2,9,71,0.4683422970910147,0.4683422970910147,0.4683422970910147,0.4683422970910147,0.4683422970910147,0.4683422970910147,1,1,0,0,0.0,0.0,0.0,0.0,0.0,0.0,0.0,0.0,0.0,0.0,0.0,0.0,0.0,0.0,0.0,0.0666666666666666,0.1666666666666666,0.5166666666666667,0.0,0.0,0.0,0.0,0.0,0.0
20260705,WFG2,6,303,0.4191630202347933,0.4191630202347933,0.4191630202347933,0.4191630202347933,0.4191630202347933,0.4191630202347933,1,1,0,0,0.0,0.0,0.0,0.0,0.0,0.0,0.0,0.0,0.0,0.0,0.0,0.0,0.0,0.0,0.0,0.0,0.0666666666666666,0.5666666666666667,0.0,0.0,0.0,0.0,0.0,0.0
20260705,WFG2,14,188,0.484781684366277,0.484781684366277,0.484781684366277,0.484781684366277,0.484781684366277,0.484781684366277,1,1,0,0,0.0,0.0,0.0,0.0,0.0,0.0,0.0,0.0,0.0,0.0,0.0,0.0,0.0,0.0,0.0,0.6166666666666667,0.6333333333333333,0.6166666666666667,0.0,0.0,0.0,0.0,0.0,0.0
20260705,WFG2,8,339,0.4233725180699376,0.4233725180699376,0.4233725180699376,0.4233725180699376,0.4233725180699376,0.4233725180699376,1,1,0,0,0.0,0.0,0.0,0.0,0.0,0.0,0.0,0.0,0.0,0.0,0.0,0.0,0.0,0.0,0.0,0.0333333333333333,0.3666666666666666,0.7166666666666667,0.0,0.0,0.0,0.0,0.0,0.0
20260705,WFG2,14,140,0.5439968706182255,0.5439968706182255,0.5439968706182255,0.5439968706182255,0.5439968706182255,0.5439968706182255,1,1,0,0,0.0,0.0,0.0,0.0,0.0,0.0,0.0,0.0,0.0,0.0,0.0,0.0,0.0,0.0,0.0,0.7333333333333333,0.8166666666666667,0.8333333333333334,0.0,0.0,0.0,0.0,0.0,0.0
20260705,WFG2,5,331,0.3301925608043181,0.3301925608043181,0.3301925608043181,0.3301925608043181,0.3301925608043181,0.3301925608043181,1,1,0,0,0.0,0.0,0.0,0.0,0.0,0.0,0.0,0.0,0.0,0.0,0.0,0.0,0.0,0.0,0.0,0.5,0.6333333333333333,0.6666666666666666,0.0,0.0,0.0,0.0,0.0,0.0
20260705,WFG2,13,444,0.4357046261503944,0.4357046261503944,0.4357046261503944,0.4357046261503944,0.4357046261503944,0.4357046261503944,1,1,0,0,0.0,0.0,0.0,0.0,0.0,0.0,0.0,0.0,0.0,0.0,0.0,0.0,0.0,0.0,0.0,0.0166666666666666,0.2166666666666666,0.7333333333333333,0.0,0.0,0.0,0.0,0.0,0.0
20260705,WFG2,3,159,0.0746958735082086,0.0746958735082086,0.0746958735082086,0.0746958735082086,0.0746958735082086,0.0746958735082086,1,1,0,0,0.0,0.0,0.0,0.0,0.0,0.0,0.0,0.0,0.0,0.0,0.0,0.0,0.0,0.0,0.0,0.1833333333333333,0.2666666666666666,0.35,0.0,0.0,0.0,0.0,0.0,0.0
20260705,WFG2,3,106,0.1100051761490595,0.1100051761490595,0.1100051761490595,0.1100051761490595,0.1100051761490595,0.1100051761490595,1,1,0,0,0.0,0.0,0.1166666666666666,0.0,0.0,0.0,0.0,0.0,0.0,0.0,0.0,0.1166666666666666,0.0,0.0,0.1166666666666666,0.1833333333333333,0.2666666666666666,0.6333333333333333,0.0,0.0,0.1166666666666666,0.0,0.0,0.0
20260705,WFG2,7,417,0.3215243954239471,0.3215243954239471,0.3215243954239471,0.3215243954239471,0.3215243954239471,0.3215243954239471,1,1,0,0,0.0,0.0,0.0,0.0,0.0,0.0,0.0,0.0,0.0,0.0,0.0,0.0,0.0,0.0,0.0,0.0,0.05,0.2166666666666666,0.0,0.0,0.0,0.0,0.0,0.0
20260705,WFG2,12,439,0.4680406063883645,0.4680406063883645,0.4680406063883645,0.4680406063883645,0.4680406063883645,0.4680406063883645,1,1,0,0,0.0,0.0,0.0,0.0,0.0,0.0,0.0,0.0,0.0,0.0,0.0,0.0,0.0,0.0,0.0,0.0666666666666666,0.5333333333333333,0.8,0.0,0.0,0.0,0.0,0.0,0.0
20260705,WFG2,13,422,0.4606376373407515,0.4606376373407515,0.4606376373407515,0.4606376373407515,0.4606376373407515,0.4606376373407515,1,1,0,0,0.0,0.0,0.0,0.0,0.0,0.0,0.0,0.0,0.0,0.0,0.0,0.0,0.0,0.0,0.0,0.1,0.35,0.6,0.0,0.0,0.0,0.0,0.0,0.0
20260705,WFG2,10,317,0.4795568939661475,0.4795568939661475,0.4795568939661475,0.4795568939661475,0.4795568939661475,0.4795568939661475,1,1,0,0,0.0,0.0,0.0,0.0,0.0,0.0,0.0,0.0,0.0,0.0,0.0,0.0,0.0,0.0,0.0,0.4166666666666667,0.6166666666666667,0.85,0.0,0.0,0.0,0.0,0.0,0.0
20260705,WFG2,9,379,0.4396639895062894,0.4396639895062894,0.4396639895062894,0.4396639895062894,0.4396639895062894,0.4396639895062894,1,1,0,0,0.0,0.0,0.0,0.0,0.0,0.0,0.0,0.0,0.0,0.0,0.0,0.0,0.0,0.0,0.0,0.0833333333333333,0.2833333333333333,0.65,0.0,0.0,0.0,0.0,0.0,0.0
20260705,WFG2,7,221,0.405911102798103,0.405911102798103,0.405911102798103,0.405911102798103,0.405911102798103,0.405911102798103,1,1,0,0,0.0,0.0,0.0,0.0,0.0,0.0,0.0,0.0,0.0,0.0,0.0,0.0,0.0,0.0,0.0,0.35,0.7666666666666667,0.85,0.0,0.0,0.0,0.0,0.0,0.0
20260705,WFG2,4,72,0.2296095449540871,0.2296095449540871,0.2296095449540871,0.2296095449540871,0.2296095449540871,0.2296095449540871,1,1,0,0,0.0,0.0,0.0,0.0,0.0,0.0,0.0,0.0,0.0,0.0,0.0,0.0,0.0,0.0,0.0,0.0,0.0333333333333333,0.3166666666666666,0.0,0.0,0.0,0.0,0.0,0.0
20260705,WFG2,6,256,0.2501874205845424,0.2501874205845424,0.2501874205845424,0.2501874205845424,0.2501874205845424,0.2501874205845424,1,1,0,0,0.0,0.0,0.0,0.0,0.0,0.0,0.0,0.0,0.0,0.0,0.0,0.0,0.0,0.0,0.0,0.0,0.0,0.0,0.0,0.0,0.0,0.0,0.0,0.0
20260705,WFG2,13,483,0.5273626127648134,0.5273626127648134,0.5273626127648134,0.5273626127648134,0.5273626127648134,0.5273626127648134,1,1,0,0,0.0,0.0166666666666666,0.0333333333333333,0.0,0.0,0.0,0.0,0.0,0.0,0.0,0.0166666666666666,0.0333333333333333,0.0,0.0166666666666666,0.0333333333333333,0.6666666666666666,0.8166666666666667,0.9333333333333332,0.0,0.0166666666666666,0.0333333333333333,0.0,0.0,0.0
20260705,WFG2,5,297,0.2758444221307265,0.2758444221307265,0.2758444221307265,0.2758444221307265,0.2758444221307265,0.2758444221307265,1,1,0,0,0.0,0.0,0.0,0.0,0.0,0.0,0.0,0.0,0.0,0.0,0.0,0.0,0.0,0.0,0.0,0.3,0.5166666666666667,0.65,0.0,0.0,0.0,0.0,0.0,0.0
20260705,WFG2,10,159,0.4954746273629953,0.4954746273629953,0.4954746273629953,0.4954746273629953,0.4954746273629953,0.4954746273629953,1,1,0,0,0.0,0.0,0.0166666666666666,0.0,0.0,0.0,0.0,0.0,0.0,0.0,0.0,0.0166666666666666,0.0,0.0,0.0166666666666666,0.0,0.0666666666666666,0.2833333333333333,0.0,0.0,0.0166666666666666,0.0,0.0,0.0
20260705,WFG2,8,364,0.4557764983373272,0.4557764983373272,0.4557764983373272,0.4557764983373272,0.4557764983373272,0.4557764983373272,1,1,0,0,0.0,0.0,0.0,0.0,0.0,0.0,0.0,0.0,0.0,0.0,0.0,0.0,0.0,0.0,0.0,0.1,0.45,0.8333333333333334,0.0,0.0,0.0,0.0,0.0,0.0
20260705,WFG2,13,346,0.5784826457993993,0.596542158061749,0.596542158061749,0.5784826457993993,0.5784826457993993,0.596542158061749,1,1,0,0,0.2666666666666666,0.3666666666666666,0.2,0.0,0.0,0.0,0.0,0.0,0.0,0.2666666666666666,0.3666666666666666,0.2,0.2666666666666666,0.3666666666666666,0.2,0.6166666666666667,0.8833333333333333,0.8666666666666667,0.2666666666666666,0.3666666666666666,0.2,0.0,0.0,0.0
20260705,WFG2,11,241,0.4118778776377108,0.4118778776377108,0.4118778776377108,0.4118778776377108,0.4118778776377108,0.4118778776377108,1,1,0,0,0.0,0.0,0.0,0.0,0.0,0.0,0.0,0.0,0.0,0.0,0.0,0.0,0.0,0.0,0.0,0.0,0.2833333333333333,0.55,0.0,0.0,0.0,0.0,0.0,0.0
20260705,WFG2,12,249,0.4570009528276409,0.4570009528276409,0.4570009528276409,0.4570009528276409,0.4570009528276409,0.4570009528276409,1,1,0,0,0.0,0.0,0.0,0.0,0.0,0.0,0.0,0.0,0.0,0.0,0.0,0.0,0.0,0.0,0.0,0.1833333333333333,0.5166666666666667,0.8333333333333334,0.0,0.0,0.0,0.0,0.0,0.0
20260705,WFG2,3,151,0.0680534277007079,0.0680534277007079,0.0680534277007079,0.0680534277007079,0.0680534277007079,0.0680534277007079,1,1,0,0,0.0,0.0,0.0,0.0,0.0,0.0,0.0,0.0,0.0,0.0,0.0,0.0,0.0,0.0,0.0,0.0,0.0,0.0,0.0,0.0,0.0,0.0,0.0,0.0
20260705,WFG2,6,274,0.3663211697673478,0.3663211697673478,0.3663211697673478,0.3663211697673478,0.3663211697673478,0.3663211697673478,1,1,0,0,0.0,0.0,0.0,0.0,0.0,0.0,0.0,0.0,0.0,0.0,0.0,0.0,0.0,0.0,0.0,0.0,0.2166666666666666,0.4833333333333333,0.0,0.0,0.0,0.0,0.0,0.0
20260705,WFG2,5,102,0.4355347690036668,0.4355347690036668,0.4355347690036668,0.4355347690036668,0.4355347690036668,0.4355347690036668,1,1,0,0,0.0,0.0,0.0,0.0,0.0,0.0,0.0,0.0,0.0,0.0,0.0,0.0,0.0,0.0,0.0,0.45,0.4666666666666667,0.5666666666666667,0.0,0.0,0.0,0.0,0.0,0.0
20260705,WFG2,10,261,0.4913533651186377,0.4913533651186377,0.4913533651186377,0.4913533651186377,0.4913533651186377,0.4913533651186377,1,1,0,0,0.0,0.0,0.0,0.0,0.0,0.0,0.0,0.0,0.0,0.0,0.0,0.0,0.0,0.0,0.0,0.2333333333333333,0.55,0.6,0.0,0.0,0.0,0.0,0.0,0.0
20260705,WFG2,3,30,0.0871335932442756,0.0871335932442756,0.0871335932442756,0.0871335932442756,0.0871335932442756,0.0871335932442756,1,1,0,0,0.0,0.0,0.0,0.0,0.0,0.0,0.0,0.0,0.0,0.0,0.0,0.0,0.0,0.0,0.0,0.0,0.0333333333333333,0.2666666666666666,0.0,0.0,0.0,0.0,0.0,0.0
20260705,WFG2,14,81,0.582764209557565,0.582764209557565,0.582764209557565,0.582764209557565,0.582764209557565,0.582764209557565,1,1,0,0,0.0,0.0,0.0,0.0,0.0,0.0,0.0,0.0,0.0,0.0,0.0,0.0,0.0,0.0,0.0,0.0666666666666666,0.4166666666666667,0.75,0.0,0.0,0.0,0.0,0.0,0.0
20260705,WFG2,3,36,0.1937538270810801,0.1937538270810801,0.1937538270810801,0.1937538270810801,0.1937538270810801,0.1937538270810801,1,1,0,0,0.0,0.0,0.0,0.0,0.0,0.0,0.0,0.0,0.0,0.0,0.0,0.0,0.0,0.0,0.0,0.0,0.15,0.3666666666666666,0.0,0.0,0.0,0.0,0.0,0.0
20260705,WFG2,7,93,0.4212633043979957,0.4212633043979957,0.4212633043979957,0.4212633043979957,0.4212633043979957,0.4212633043979957,1,1,0,0,0.0,0.0,0.0,0.0,0.0,0.0,0.0,0.0,0.0,0.0,0.0,0.0,0.0,0.0,0.0,0.2333333333333333,0.3,0.5333333333333333,0.0,0.0,0.0,0.0,0.0,0.0
20260705,WFG2,12,484,0.4644786499562465,0.6026150549374021,0.6026150549374021,0.4644786499562465,0.4644786499562465,0.6026150549374021,1,1,0,0,0.0,0.0,0.2,0.0,0.0,0.0,0.0,0.0,0.0,0.0,0.0,0.2,0.0,0.0,0.2,0.3666666666666666,0.5,0.8833333333333333,0.0,0.0,0.2,0.0,0.0,0.0
20260705,WFG2,8,163,0.4120515149081865,0.4120515149081865,0.4120515149081865,0.4120515149081865,0.4120515149081865,0.4120515149081865,1,1,0,0,0.0,0.0,0.0,0.0,0.0,0.0,0.0,0.0,0.0,0.0,0.0,0.0,0.0,0.0,0.0,0.0,0.0,0.3833333333333333,0.0,0.0,0.0,0.0,0.0,0.0
20260705,WFG2,5,109,0.3220008714115849,0.3220008714115849,0.3220008714115849,0.3220008714115849,0.3220008714115849,0.3220008714115849,1,1,0,0,0.0,0.0,0.0,0.0,0.0,0.0,0.0,0.0,0.0,0.0,0.0,0.0,0.0,0.0,0.0,0.6,0.6666666666666666,0.6333333333333333,0.0,0.0,0.0,0.0,0.0,0.0
20260705,DTLZ,13,290,0.7774893024118347,0.7486813827124392,0.7486813827124392,0.7774893024118347,0.7774893024118347,0.7486813827124392,1,1,0,0,0.6,0.9,0.8333333333333334,0.0,0.0,0.0,0.0,0.0,0.0,0.6,0.9,0.8333333333333334,0.6,0.9,0.8333333333333334,0.8666666666666667,0.8666666666666667,0.9166666666666666,0.6,0.9,0.8333333333333334,0.0,0.0,0.0
20260705,DTLZ,11,255,0.7554815106610495,0.7366000006260656,0.7366000006260656,0.7554815106610495,0.7554815106610495,0.7366000006260656,1,1,0,0,0.6833333333333333,0.8333333333333334,0.9166666666666666,0.0,0.0,0.0,0.0,0.0,0.0,0.6833333333333333,0.8333333333333334,0.9166666666666666,0.6833333333333333,0.8333333333333334,0.9166666666666666,0.6666666666666666,0.7666666666666667,0.85,0.6833333333333333,0.8333333333333334,0.9166666666666666,0.0,0.0,0.0
20260705,DTLZ,10,195,0.7573054248459778,0.7521825826759001,0.7521825826759001,0.7573054248459778,0.7573054248459778,0.7521825826759001,1,1,0,0,0.1166666666666666,0.2666666666666666,0.45,0.0,0.0,0.0,0.0,0.0,0.0,0.1166666666666666,0.2666666666666666,0.45,0.1166666666666666,0.2666666666666666,0.45,0.7,0.9,1.0,0.1166666666666666,0.2666666666666666,0.45,0.0,0.0,0.0
20260705,DTLZ,3,105,0.9308023341862685,0.8446287104425916,0.8446287104425916,0.9308023341862685,0.9308023341862685,0.8446287104425916,1,1,0,0,0.0,0.0,0.15,0.0,0.0,0.0,0.0,0.0,0.0,0.0,0.0,0.15,0.0,0.0,0.15,0.6333333333333333,0.8833333333333333,0.9333333333333332,0.0,0.0,0.15,0.0,0.0,0.0
20260705,DTLZ,12,290,0.7654425243833128,0.7357883673475529,0.7357883673475529,0.7654425243833128,0.7654425243833128,0.7357883673475529,1,1,0,0,0.0,0.0,0.3,0.0,0.0,0.0,0.0,0.0,0.0,0.0,0.0,0.3,0.0,0.0,0.3,0.65,0.8,0.9833333333333332,0.0,0.0,0.3,0.0,0.0,0.0
20260705,DTLZ,3,357,0.9179480046003046,0.861521827594233,0.861521827594233,0.9179480046003046,0.9179480046003046,0.861521827594233,1,1,0,0,0.5,0.5,0.5166666666666667,0.0,0.0,0.0,0.0,0.0,0.0,0.5,0.5,0.5166666666666667,0.5,0.5,0.5166666666666667,0.8666666666666667,0.9666666666666668,0.9666666666666668,0.5,0.5,0.5166666666666667,0.0,0.0,0.0
20260705,DTLZ,10,134,0.7233420686659592,0.7233420686659592,0.7233420686659592,0.7233420686659592,0.7233420686659592,0.7233420686659592,1,1,0,0,0.0166666666666666,0.2833333333333333,0.3833333333333333,0.0,0.0,0.0,0.0,0.0,0.0,0.0166666666666666,0.2833333333333333,0.3833333333333333,0.0166666666666666,0.2833333333333333,0.3833333333333333,0.5333333333333333,0.6666666666666666,0.9833333333333332,0.0166666666666666,0.2833333333333333,0.3833333333333333,0.0,0.0,0.0
20260705,DTLZ,14,312,0.734297290444885,0.7378960617118121,0.7378960617118121,0.734297290444885,0.734297290444885,0.7378960617118121,1,1,0,0,0.0,0.0,0.0666666666666666,0.0,0.0,0.0,0.0,0.0,0.0,0.0,0.0,0.0666666666666666,0.0,0.0,0.0666666666666666,0.5666666666666667,0.8,0.95,0.0,0.0,0.0666666666666666,0.0,0.0,0.0
20260705,DTLZ,8,229,0.7795621547283489,0.7512247076432381,0.7512247076432381,0.7795621547283489,0.7795621547283489,0.7512247076432381,1,1,0,0,0.0,0.0,0.1666666666666666,0.0,0.0,0.0,0.0,0.0,0.0,0.0,0.0,0.1666666666666666,0.0,0.0,0.1666666666666666,0.3166666666666666,0.5833333333333334,0.8666666666666667,0.0,0.0,0.1666666666666666,0.0,0.0,0.0
20260705,DTLZ,3,411,0.9185410367296978,0.8616051514501221,0.8616051514501221,0.9185410367296978,0.9185410367296978,0.8616051514501221,1,1,0,0,0.5,0.4833333333333333,0.7833333333333333,0.0,0.0,0.0,0.0,0.0,0.0,0.5,0.4833333333333333,0.7833333333333333,0.5,0.4833333333333333,0.7833333333333333,0.8833333333333333,0.9166666666666666,1.0,0.5,0.4833333333333333,0.7833333333333333,0.0,0.0,0.0
20260705,DTLZ,12,300,0.754886967316496,0.7457868494984649,0.7457868494984649,0.754886967316496,0.754886967316496,0.7457868494984649,1,1,0,0,0.3166666666666666,0.3666666666666666,0.6166666666666667,0.0,0.0,0.0,0.0,0.0,0.0,0.3166666666666666,0.3666666666666666,0.6166666666666667,0.3166666666666666,0.3666666666666666,0.6166666666666667,0.6333333333333333,0.7666666666666667,0.9333333333333332,0.3166666666666666,0.3666666666666666,0.6166666666666667,0.0,0.0,0.0
20260705,DTLZ,12,400,0.7695308134704659,0.7597124008380028,0.7597124008380028,0.7695308134704659,0.7695308134704659,0.7597124008380028,1,1,0,0,0.0,0.0,0.2,0.0,0.0,0.0,0.0,0.0,0.0,0.0,0.0,0.2,0.0,0.0,0.2,0.8666666666666667,0.9166666666666666,0.9833333333333332,0.0,0.0,0.2,0.0,0.0,0.0
20260705,DTLZ,11,100,0.7924521385830493,0.7745327510779023,0.7745327510779023,0.7924521385830493,0.7924521385830493,0.7745327510779023,1,1,0,0,0.1166666666666666,0.4333333333333333,0.65,0.0,0.0,0.0,0.0,0.0,0.0,0.1166666666666666,0.4333333333333333,0.65,0.1166666666666666,0.4333333333333333,0.65,0.6833333333333333,0.8833333333333333,0.9833333333333332,0.1166666666666666,0.4333333333333333,0.65,0.0,0.0,0.0
20260705,DTLZ,13,80,0.7803503072017595,0.7444894819938682,0.7444894819938682,0.7803503072017595,0.7803503072017595,0.7444894819938682,1,1,0,0,0.0,0.0166666666666666,0.3166666666666666,0.0,0.0,0.0,0.0,0.0,0.0,0.0,0.0166666666666666,0.3166666666666666,0.0,0.0166666666666666,0.3166666666666666,0.5166666666666667,0.6666666666666666,0.8833333333333333,0.0,0.0166666666666666,0.3166666666666666,0.0,0.0,0.0
20260705,DTLZ,15,291,0.7966778372947038,0.7439147512612077,0.7439147512612077,0.7966778372947038,0.7966778372947038,0.7439147512612077,1,1,0,0,0.6666666666666666,0.95,0.95,0.0,0.0,0.0,0.0,0.0,0.0,0.6666666666666666,0.95,0.95,0.6666666666666666,0.95,0.95,0.5833333333333334,0.8166666666666667,0.95,0.6666666666666666,0.95,0.95,0.0,0.0,0.0
20260705,DTLZ,15,132,0.8541982699427685,0.8541982699427685,0.8541982699427685,0.8541982699427685,0.8541982699427685,0.8541982699427685,1,1,0,0,0.1166666666666666,0.2666666666666666,0.2833333333333333,0.0,0.0,0.0,0.0,0.0,0.0,0.1166666666666666,0.2666666666666666,0.2833333333333333,0.1166666666666666,0.2666666666666666,0.2833333333333333,0.35,0.7333333333333333,0.95,0.1166666666666666,0.2666666666666666,0.2833333333333333,0.0,0.0,0.0
20260705,DTLZ,11,457,0.7689460435357581,0.7376361833214652,0.7376361833214652,0.7689460435357581,0.7689460435357581,0.7376361833214652,1,1,0,0,0.5166666666666667,0.65,0.8666666666666667,0.0,0.0,0.0,0.0,0.0,0.0,0.5166666666666667,0.65,0.8666666666666667,0.5166666666666667,0.65,0.8666666666666667,0.6833333333333333,0.8666666666666667,1.0,0.5166666666666667,0.65,0.8666666666666667,0.0,0.0,0.0
20260705,DTLZ,7,300,0.7837574982678085,0.7341897429870333,0.7341897429870333,0.7837574982678085,0.7837574982678085,0.7341897429870333,1,1,0,0,0.05,0.3166666666666666,0.4333333333333333,0.0,0.0,0.0,0.0,0.0,0.0,0.0666666666666666,0.3166666666666666,0.4333333333333333,0.05,0.3166666666666666,0.4333333333333333,0.6166666666666667,0.7666666666666667,0.9166666666666666,0.05,0.3166666666666666,0.4333333333333333,0.0,0.0,0.0
20260705,DTLZ,13,187,0.7901000968207388,0.7474670217876735,0.7474670217876735,0.7901000968207388,0.7901000968207388,0.7474670217876735,1,1,0,0,0.0,0.0,0.0333333333333333,0.0,0.0,0.0,0.0,0.0,0.0,0.0,0.0,0.0333333333333333,0.0,0.0,0.0333333333333333,0.5666666666666667,0.9,1.0,0.0,0.0,0.0333333333333333,0.0,0.0,0.0
20260705,DTLZ,5,172,0.7951734056584239,0.738089009735116,0.738089009735116,0.7951734056584239,0.7951734056584239,0.738089009735116,1,1,0,0,0.0,0.1166666666666666,0.6,0.0,0.0,0.0,0.0,0.0,0.0,0.0,0.1166666666666666,0.6,0.0,0.1166666666666666,0.6,0.55,0.7833333333333333,0.9333333333333332,0.0,0.1166666666666666,0.6,0.0,0.0,0.0
20260705,DTLZ,15,83,0.8196660781520215,0.7806146564710208,0.7806146564710208,0.8196660781520215,0.8196660781520215,0.7806146564710208,1,1,0,0,0.0,0.0333333333333333,0.5333333333333333,0.0,0.0,0.0,0.0,0.0,0.0,0.0,0.0333333333333333,0.5333333333333333,0.0,0.0333333333333333,0.5333333333333333,0.6166666666666667,0.75,0.95,0.0,0.0333333333333333,0.5333333333333333,0.0,0.0,0.0
20260705,DTLZ,12,95,0.8785769425164159,0.7591873348057263,0.7591873348057263,0.8785769425164159,0.8785769425164159,0.7591873348057263,1,1,0,0,0.0666666666666666,0.1,0.3666666666666666,0.0,0.0,0.0,0.0,0.0,0.0,0.0666666666666666,0.1,0.3666666666666666,0.0666666666666666,0.1,0.3666666666666666,0.0,0.15,0.9,0.0666666666666666,0.1,0.3666666666666666,0.0,0.0,0.0
20260705,DTLZ,14,248,0.753843972298466,0.7498930675992788,0.7498930675992788,0.753843972298466,0.753843972298466,0.7498930675992788,1,1,0,0,0.0,0.15,0.4333333333333333,0.0,0.0,0.0,0.0,0.0,0.0,0.0,0.15,0.4333333333333333,0.0,0.15,0.4333333333333333,0.85,0.85,0.95,0.0,0.15,0.4333333333333333,0.0,0.0,0.0
20260705,DTLZ,3,280,0.9386509065549268,0.8305625585990261,0.8305625585990261,0.9386509065549268,0.9386509065549268,0.8305625585990261,1,1,0,0,0.0,0.0666666666666666,0.3166666666666666,0.0,0.0,0.0,0.0,0.0,0.0,0.0,0.0666666666666666,0.3166666666666666,0.0,0.0666666666666666,0.3166666666666666,0.6666666666666666,0.8833333333333333,1.0,0.0,0.0666666666666666,0.3166666666666666,0.0,0.0,0.0
20260705,DTLZ,4,373,0.8671249780069309,0.8019073346993305,0.8019073346993305,0.8671249780069309,0.8671249780069309,0.8019073346993305,1,1,0,0,0.0,0.0333333333333333,0.3166666666666666,0.0,0.0,0.0,0.0,0.0,0.0,0.0,0.0333333333333333,0.3166666666666666,0.0,0.0333333333333333,0.3166666666666666,0.3666666666666666,0.7833333333333333,0.95,0.0,0.0333333333333333,0.3166666666666666,0.0,0.0,0.0
20260705,DTLZ,10,307,0.7324465880186359,0.7367515218741062,0.7367515218741062,0.7324465880186359,0.7324465880186359,0.7367515218741062,1,1,0,0,0.3833333333333333,0.4333333333333333,0.6166666666666667,0.0,0.0,0.0,0.0,0.0,0.0,0.3833333333333333,0.4333333333333333,0.6166666666666667,0.3833333333333333,0.4333333333333333,0.6166666666666667,0.4333333333333333,0.6333333333333333,0.95,0.3833333333333333,0.4333333333333333,0.6166666666666667,0.0,0.0,0.0
20260705,DTLZ,5,399,0.8106020545292648,0.7555001134240819,0.7555001134240819,0.8106020545292648,0.8106020545292648,0.7555001134240819,1,1,0,0,0.0833333333333333,0.3333333333333333,0.5833333333333334,0.0,0.0,0.0,0.0,0.0,0.0,0.0833333333333333,0.3333333333333333,0.5833333333333334,0.0833333333333333,0.3333333333333333,0.5833333333333334,0.5833333333333334,0.8,0.9666666666666668,0.0833333333333333,0.3333333333333333,0.5833333333333334,0.0,0.0,0.0
20260705,DTLZ,11,468,0.7290735136995437,0.7366301545716875,0.7366301545716875,0.7290735136995437,0.7290735136995437,0.7366301545716875,1,1,0,0,0.0,0.1,0.35,0.0,0.0,0.0,0.0,0.0,0.0,0.0,0.1,0.35,0.0,0.1,0.35,0.4666666666666667,0.6666666666666666,0.9666666666666668,0.0,0.1,0.35,0.0,0.0,0.0
20260705,DTLZ,9,350,0.7381752020788181,0.7414191264696607,0.7414191264696607,0.7381752020788181,0.7381752020788181,0.7414191264696607,1,1,0,0,0.3833333333333333,0.5666666666666667,0.9166666666666666,0.0,0.0,0.0,0.0,0.0,0.0,0.3833333333333333,0.5666666666666667,0.9166666666666666,0.3833333333333333,0.5666666666666667,0.9166666666666666,0.5166666666666667,0.75,0.8833333333333333,0.3833333333333333,0.5666666666666667,0.9166666666666666,0.0,0.0,0.0
20260705,DTLZ,6,366,0.7545774854285087,0.7518559290633509,0.7518559290633509,0.7545774854285087,0.7545774854285087,0.7518559290633509,1,1,0,0,0.4166666666666667,0.5166666666666667,0.7166666666666667,0.0,0.0,0.0,0.0,0.0,0.0,0.4166666666666667,0.5166666666666667,0.7166666666666667,0.4166666666666667,0.5166666666666667,0.7166666666666667,0.5833333333333334,0.8833333333333333,0.9166666666666666,0.4166666666666667,0.5166666666666667,0.7166666666666667,0.0,0.0,0.0
20260705,DTLZ,8,277,0.7952821973451617,0.7433729700854883,0.7433729700854883,0.7952821973451617,0.7952821973451617,0.7433729700854883,1,1,0,0,0.3,0.3833333333333333,0.5,0.0,0.0,0.0,0.0,0.0,0.0,0.3,0.3833333333333333,0.5,0.3,0.3833333333333333,0.5,0.6333333333333333,0.7833333333333333,0.9666666666666668,0.3,0.3833333333333333,0.5,0.0,0.0,0.0
20260705,DTLZ,7,414,0.7214742553927139,0.728682665026335,0.728682665026335,0.7214742553927139,0.7214742553927139,0.728682665026335,1,1,0,0,0.5666666666666667,0.8166666666666667,0.9666666666666668,0.0,0.0,0.0,0.0,0.0,0.0,0.5666666666666667,0.8166666666666667,0.9666666666666668,0.5666666666666667,0.8166666666666667,0.9666666666666668,0.1166666666666666,0.4833333333333333,0.9,0.5666666666666667,0.8166666666666667,0.9666666666666668,0.0,0.0,0.0
20260705,DTLZ,3,411,0.8981289187067174,0.8411622721885588,0.8411622721885588,0.8981289187067174,0.8981289187067174,0.8411622721885588,1,1,0,0,0.25,0.3833333333333333,0.5333333333333333,0.0,0.0,0.0,0.0,0.0,0.0,0.25,0.3833333333333333,0.5333333333333333,0.25,0.3833333333333333,0.5333333333333333,0.9166666666666666,1.0,0.9833333333333332,0.25,0.3833333333333333,0.5333333333333333,0.0,0.0,0.0
20260705,DTLZ,6,62,0.7525899507061271,0.7470293012318195,0.7470293012318195,0.7525899507061271,0.7525899507061271,0.7470293012318195,1,1,0,0,0.0,0.0,0.1166666666666666,0.0,0.0,0.0,0.0,0.0,0.0,0.0,0.0,0.1166666666666666,0.0,0.0,0.1166666666666666,0.4833333333333333,0.75,0.85,0.0,0.0,0.1166666666666666,0.0,0.0,0.0
20260705,DTLZ,14,145,0.7540008194544048,0.7420775105767807,0.7420775105767807,0.7540008194544048,0.7540008194544048,0.7420775105767807,1,1,0,0,0.4333333333333333,0.6333333333333333,0.7833333333333333,0.0,0.0,0.0,0.0,0.0,0.0,0.4333333333333333,0.6333333333333333,0.7833333333333333,0.4333333333333333,0.6333333333333333,0.7833333333333333,0.3666666666666666,0.6833333333333333,0.75,0.4333333333333333,0.6333333333333333,0.7833333333333333,0.0,0.0,0.0
20260705,DTLZ,6,251,0.7554911947044093,0.7471922117373934,0.7471922117373934,0.7554911947044093,0.7554911947044093,0.7471922117373934,1,1,0,0,0.0,0.0166666666666666,0.1333333333333333,0.0,0.0,0.0,0.0,0.0,0.0,0.0,0.0166666666666666,0.1333333333333333,0.0,0.0166666666666666,0.1333333333333333,0.8,0.9333333333333332,0.9833333333333332,0.0,0.0166666666666666,0.1333333333333333,0.0,0.0,0.0
20260705,DTLZ,9,267,0.7237615168582681,0.7332155166034465,0.7332155166034465,0.7237615168582681,0.7237615168582681,0.7332155166034465,1,1,0,0,0.3333333333333333,0.45,0.6833333333333333,0.0,0.0,0.0,0.0,0.0,0.0,0.3333333333333333,0.45,0.6833333333333333,0.3333333333333333,0.45,0.6833333333333333,0.7666666666666667,0.8833333333333333,0.9333333333333332,0.3333333333333333,0.45,0.6833333333333333,0.0,0.0,0.0
20260705,DTLZ,12,198,0.7463550173456382,0.7482046760685919,0.7482046760685919,0.7463550173456382,0.7463550173456382,0.7482046760685919,1,1,0,0,0.0666666666666666,0.2666666666666666,0.35,0.0,0.0,0.0,0.0,0.0,0.0,0.0666666666666666,0.2666666666666666,0.35,0.0666666666666666,0.2666666666666666,0.35,0.3,0.5666666666666667,0.8833333333333333,0.0666666666666666,0.2666666666666666,0.35,0.0,0.0,0.0
20260705,DTLZ,6,118,0.7941603679986506,0.7540121784184421,0.7540121784184421,0.7941603679986506,0.7941603679986506,0.7540121784184421,1,1,0,0,0.8,0.8166666666666667,0.95,0.0,0.0,0.0,0.0,0.0,0.0,0.8,0.8166666666666667,0.95,0.8,0.8166666666666667,0.95,0.4333333333333333,0.5833333333333334,0.9,0.8,0.8166666666666667,0.95,0.0,0.0,0.0
20260705,DTLZ,13,474,0.7690106501705993,0.7435005836513024,0.7435005836513024,0.7690106501705993,0.7690106501705993,0.7435005836513024,1,1,0,0,0.1666666666666666,0.2833333333333333,0.4333333333333333,0.0,0.0,0.0,0.0,0.0,0.0,0.1666666666666666,0.2833333333333333,0.4333333333333333,0.1666666666666666,0.2833333333333333,0.4333333333333333,0.45,0.7833333333333333,0.9666666666666668,0.1666666666666666,0.2833333333333333,0.4333333333333333,0.0,0.0,0.0
20260705,DTLZ,11,96,0.7632221219563419,0.7599461510621595,0.7599461510621595,0.7632221219563419,0.7632221219563419,0.7599461510621595,1,1,0,0,0.0333333333333333,0.25,0.55,0.0,0.0,0.0,0.0,0.0,0.0,0.0333333333333333,0.25,0.55,0.0333333333333333,0.25,0.55,0.8,0.95,0.95,0.0333333333333333,0.25,0.55,0.0,0.0,0.0
20260705,DTLZ,6,163,0.7446343801264572,0.7609560481376242,0.7609560481376242,0.7446343801264572,0.7446343801264572,0.7609560481376242,1,1,0,0,0.1333333333333333,0.2333333333333333,0.4666666666666667,0.0,0.0,0.0,0.0,0.0,0.0,0.1333333333333333,0.2333333333333333,0.4666666666666667,0.1333333333333333,0.2333333333333333,0.4666666666666667,0.7833333333333333,0.85,0.9833333333333332,0.1333333333333333,0.2333333333333333,0.4666666666666667,0.0,0.0,0.0
20260705,DTLZ,6,457,0.8039592279884007,0.7420014793264218,0.7420014793264218,0.8039592279884007,0.8039592279884007,0.7420014793264218,1,1,0,0,0.1,0.3833333333333333,0.7666666666666667,0.0,0.0,0.0,0.0,0.0,0.0,0.1,0.3833333333333333,0.7666666666666667,0.1,0.3833333333333333,0.7666666666666667,0.1666666666666666,0.4833333333333333,0.9833333333333332,0.1,0.3833333333333333,0.7666666666666667,0.0,0.0,0.0
20260705,DTLZ,11,185,0.7037584641807899,0.7291624849064882,0.7291624849064882,0.7037584641807899,0.7037584641807899,0.7291624849064882,1,1,0,0,0.4166666666666667,0.45,0.4833333333333333,0.0,0.0,0.0,0.0,0.0,0.0,0.4166666666666667,0.45,0.4833333333333333,0.4166666666666667,0.45,0.4833333333333333,0.7333333333333333,0.9166666666666666,0.9333333333333332,0.4166666666666667,0.45,0.4833333333333333,0.0,0.0,0.0
20260705,DTLZ,3,85,0.886246898719375,0.8100821001971451,0.8100821001971451,0.886246898719375,0.886246898719375,0.8100821001971451,1,1,0,0,0.0166666666666666,0.2166666666666666,0.45,0.0,0.0,0.0,0.0,0.0,0.0,0.0166666666666666,0.2166666666666666,0.45,0.0166666666666666,0.2166666666666666,0.45,0.6,0.8333333333333334,0.95,0.0166666666666666,0.2166666666666666,0.45,0.0,0.0,0.0
20260705,DTLZ,10,165,0.8035693216705532,0.7543517886435315,0.7543517886435315,0.8035693216705532,0.8035693216705532,0.7543517886435315,1,1,0,0,0.0,0.15,0.2833333333333333,0.0,0.0,0.0,0.0,0.0,0.0,0.0,0.15,0.2833333333333333,0.0,0.15,0.2833333333333333,0.6,0.7833333333333333,1.0,0.0,0.15,0.2833333333333333,0.0,0.0,0.0
20260705,DTLZ,9,386,0.7541926644207739,0.748248316397788,0.748248316397788,0.7541926644207739,0.7541926644207739,0.748248316397788,1,1,0,0,0.3333333333333333,0.4333333333333333,0.6166666666666667,0.0,0.0,0.0,0.0,0.0,0.0,0.3333333333333333,0.4333333333333333,0.6166666666666667,0.3333333333333333,0.4333333333333333,0.6166666666666667,0.7166666666666667,0.9166666666666666,0.9833333333333332,0.3333333333333333,0.4333333333333333,0.6166666666666667,0.0,0.0,0.0
20260705,DTLZ,10,250,0.7886930137823552,0.7410459842417247,0.7410459842417247,0.7886930137823552,0.7886930137823552,0.7410459842417247,1,1,0,0,0.0,0.0166666666666666,0.45,0.0,0.0,0.0,0.0,0.0,0.0,0.0,0.0166666666666666,0.45,0.0,0.0166666666666666,0.45,0.4166666666666667,0.5166666666666667,0.9333333333333332,0.0,0.0166666666666666,0.45,0.0,0.0,0.0
20260705,DTLZ,7,495,0.7697637342412363,0.7404059353886532,0.7404059353886532,0.7697637342412363,0.7697637342412363,0.7404059353886532,1,1,0,0,0.0333333333333333,0.35,0.7,0.0,0.0,0.0,0.0,0.0,0.0,0.0333333333333333,0.35,0.7,0.0333333333333333,0.35,0.7,0.5666666666666667,0.75,0.9833333333333332,0.0333333333333333,0.35,0.7,0.0,0.0,0.0
20260705,DTLZ,4,457,0.8970253362715525,0.8090506840858412,0.8090506840858412,0.8970253362715525,0.8970253362715525,0.8090506840858412,1,1,0,0,0.3166666666666666,0.5666666666666667,0.65,0.0,0.0,0.0,0.0,0.0,0.0,0.3166666666666666,0.5666666666666667,0.65,0.3166666666666666,0.5666666666666667,0.65,0.6666666666666666,0.9666666666666668,1.0,0.3166666666666666,0.5666666666666667,0.65,0.0,0.0,0.0
20260705,DTLZ,9,330,0.7908877497372342,0.7501937286218856,0.7501937286218856,0.7908877497372342,0.7908877497372342,0.7501937286218856,1,1,0,0,0.55,0.6833333333333333,0.9333333333333332,0.0,0.0,0.0,0.0,0.0,0.0,0.55,0.6833333333333333,0.9333333333333332,0.55,0.6833333333333333,0.9333333333333332,0.5,0.85,0.9666666666666668,0.55,0.6833333333333333,0.9333333333333332,0.0,0.0,0.0
20260705,DTLZ,4,279,0.8663552426727167,0.7760096771759841,0.7760096771759841,0.8663552426727167,0.8663552426727167,0.7760096771759841,1,1,0,0,0.0,0.0666666666666666,0.5833333333333334,0.0,0.0,0.0,0.0,0.0,0.0,0.0,0.0666666666666666,0.5833333333333334,0.0,0.0666666666666666,0.5833333333333334,0.3333333333333333,0.85,0.95,0.0,0.0666666666666666,0.5833333333333334,0.0,0.0,0.0
20260705,DTLZ,11,247,0.7414488356829737,0.7256803708168145,0.7256803708168145,0.7414488356829737,0.7414488356829737,0.7256803708168145,1,1,0,0,0.0666666666666666,0.3833333333333333,0.7666666666666667,0.0,0.0,0.0,0.0,0.0,0.0,0.0666666666666666,0.3833333333333333,0.7666666666666667,0.0666666666666666,0.3833333333333333,0.7666666666666667,0.3666666666666666,0.8333333333333334,0.9166666666666666,0.0666666666666666,0.3833333333333333,0.7666666666666667,0.0,0.0,0.0
20260705,DTLZ,6,150,0.7859373176131338,0.7371545351151252,0.7371545351151252,0.7859373176131338,0.7859373176131338,0.7371545351151252,1,1,0,0,0.35,0.5666666666666667,0.6,0.0,0.0,0.0,0.0,0.0,0.0,0.35,0.5666666666666667,0.6,0.35,0.5666666666666667,0.6,0.2,0.55,0.9,0.35,0.5666666666666667,0.6,0.0,0.0,0.0
20260705,DTLZ,4,244,0.847062236134298,0.7885647141724266,0.7885647141724266,0.847062236134298,0.847062236134298,0.7885647141724266,1,1,0,0,0.15,0.35,0.6166666666666667,0.0,0.0,0.0,0.0,0.0,0.0,0.15,0.35,0.6166666666666667,0.15,0.35,0.6166666666666667,0.75,0.9166666666666666,0.95,0.15,0.35,0.6166666666666667,0.0,0.0,0.0
20260705,DTLZ,15,303,0.7466709597655218,0.7466709597655218,0.7466709597655218,0.7466709597655218,0.7466709597655218,0.7466709597655218,1,1,0,0,0.0,0.0,0.05,0.0,0.0,0.0,0.0,0.0,0.0,0.0,0.0,0.05,0.0,0.0,0.05,0.9333333333333332,0.9333333333333332,0.9666666666666668,0.0,0.0,0.05,0.0,0.0,0.0
20260705,DTLZ,3,395,0.904190000416594,0.8557003136528845,0.8557003136528845,0.904190000416594,0.904190000416594,0.8557003136528845,1,1,0,0,0.4666666666666667,0.6833333333333333,0.85,0.0,0.0,0.0,0.0,0.0,0.0,0.4666666666666667,0.6833333333333333,0.85,0.4666666666666667,0.6833333333333333,0.85,0.8833333333333333,1.0,0.9833333333333332,0.4666666666666667,0.6833333333333333,0.85,0.0,0.0,0.0
20260705,DTLZ,5,263,0.7771730798273245,0.7630743896566412,0.7630743896566412,0.7771730798273245,0.7771730798273245,0.7630743896566412,1,1,0,0,0.3333333333333333,0.8,0.9833333333333332,0.0,0.0,0.0,0.0,0.0,0.0,0.3333333333333333,0.8,0.9833333333333332,0.3333333333333333,0.8,0.9833333333333332,0.3333333333333333,0.6833333333333333,0.9166666666666666,0.3333333333333333,0.8,0.9833333333333332,0.0,0.0,0.0
20260705,DTLZ,10,305,0.7620222846590483,0.734552339096791,0.734552339096791,0.7620222846590483,0.7620222846590483,0.734552339096791,1,1,0,0,0.0833333333333333,0.5166666666666667,0.8833333333333333,0.0,0.0,0.0,0.0,0.0,0.0,0.0833333333333333,0.5166666666666667,0.8833333333333333,0.0833333333333333,0.5166666666666667,0.8833333333333333,0.5833333333333334,0.8,0.95,0.0833333333333333,0.5166666666666667,0.8833333333333333,0.0,0.0,0.0
20260705,DTLZ,8,394,0.7306280232686605,0.7319464406748998,0.7319464406748998,0.7306280232686605,0.7306280232686605,0.7319464406748998,1,1,0,0,0.0,0.0,0.2,0.0,0.0,0.0,0.0,0.0,0.0,0.0,0.0,0.2,0.0,0.0,0.2,0.5333333333333333,0.7166666666666667,0.9166666666666666,0.0,0.0,0.2,0.0,0.0,0.0
20260705,DTLZ,3,472,0.9011700904442732,0.841508758923321,0.841508758923321,0.9011700904442732,0.9011700904442732,0.841508758923321,1,1,0,0,0.2666666666666666,0.3166666666666666,0.6333333333333333,0.0,0.0,0.0,0.0,0.0,0.0,0.2666666666666666,0.3166666666666666,0.6333333333333333,0.2666666666666666,0.3166666666666666,0.6333333333333333,0.8166666666666667,0.85,0.95,0.2666666666666666,0.3166666666666666,0.6333333333333333,0.0,0.0,0.0
20260705,DTLZ,13,439,0.7594417069530502,0.7370020016817415,0.7370020016817415,0.7594417069530502,0.7594417069530502,0.7370020016817415,1,1,0,0,0.2,0.55,0.7,0.0,0.0,0.0,0.0,0.0,0.0,0.2,0.55,0.7,0.2,0.55,0.7,0.7833333333333333,0.8666666666666667,0.9666666666666668,0.2,0.55,0.7,0.0,0.0,0.0
20260705,DTLZ,11,445,0.7142556644525305,0.7336305128800814,0.7336305128800814,0.7142556644525305,0.7142556644525305,0.7336305128800814,1,1,0,0,0.1,0.4166666666666667,0.6166666666666667,0.0,0.0,0.0,0.0,0.0,0.0,0.1,0.4166666666666667,0.6166666666666667,0.1,0.4166666666666667,0.6166666666666667,0.7166666666666667,0.8833333333333333,0.9333333333333332,0.1,0.4166666666666667,0.6166666666666667,0.0,0.0,0.0
20260705,DTLZ,12,163,0.8104003572921663,0.8104003572921663,0.8104003572921663,0.8104003572921663,0.8104003572921663,0.8104003572921663,1,1,0,0,0.0,0.0333333333333333,0.3166666666666666,0.0,0.0,0.0,0.0,0.0,0.0,0.0,0.0333333333333333,0.3166666666666666,0.0,0.0333333333333333,0.3166666666666666,0.7666666666666667,0.9166666666666666,0.9333333333333332,0.0,0.0333333333333333,0.3166666666666666,0.0,0.0,0.0
20260705,DTLZ,3,334,0.908501969318874,0.8602174789538476,0.8602174789538476,0.908501969318874,0.908501969318874,0.8602174789538476,1,1,0,0,0.7666666666666667,0.8,0.8833333333333333,0.0,0.0,0.0,0.0,0.0,0.0,0.7666666666666667,0.8,0.8833333333333333,0.7666666666666667,0.8,0.8833333333333333,0.7166666666666667,0.9,0.9666666666666668,0.7666666666666667,0.8,0.8833333333333333,0.0,0.0,0.0
20260705,DTLZ,4,314,0.8853617326290384,0.7914764910426271,0.7914764910426271,0.8853617326290384,0.8853617326290384,0.7914764910426271,1,1,0,0,0.35,0.4833333333333333,0.4666666666666667,0.0,0.0,0.0,0.0,0.0,0.0,0.35,0.4833333333333333,0.4666666666666667,0.35,0.4833333333333333,0.4666666666666667,0.55,0.9,0.95,0.35,0.4833333333333333,0.4666666666666667,0.0,0.0,0.0
20260705,DTLZ,11,69,0.7730279195113737,0.7730279195113737,0.7730279195113737,0.7730279195113737,0.7730279195113737,0.7730279195113737,1,1,0,0,0.05,0.1166666666666666,0.3833333333333333,0.0,0.0,0.0,0.0,0.0,0.0,0.05,0.1166666666666666,0.3833333333333333,0.05,0.1166666666666666,0.3833333333333333,0.8333333333333334,0.95,0.95,0.05,0.1166666666666666,0.3833333333333333,0.0,0.0,0.0
20260705,DTLZ,11,182,0.7678735812565771,0.7269783787742061,0.7269783787742061,0.7678735812565771,0.7678735812565771,0.7269783787742061,1,1,0,0,0.0166666666666666,0.1,0.3166666666666666,0.0,0.0,0.0,0.0,0.0,0.0,0.0166666666666666,0.1,0.3166666666666666,0.0166666666666666,0.1,0.3166666666666666,0.0333333333333333,0.2833333333333333,0.7666666666666667,0.0166666666666666,0.1,0.3166666666666666,0.0,0.0,0.0
20260705,DTLZ,13,375,0.7665001403276026,0.7345967532879956,0.7345967532879956,0.7665001403276026,0.7665001403276026,0.7345967532879956,1,1,0,0,0.0,0.0666666666666666,0.2166666666666666,0.0,0.0,0.0,0.0,0.0,0.0,0.0,0.0833333333333333,0.2166666666666666,0.0,0.0666666666666666,0.2166666666666666,0.85,0.8833333333333333,0.9666666666666668,0.0,0.0666666666666666,0.2166666666666666,0.0,0.0,0.0
20260705,DTLZ,6,220,0.8037165263297835,0.7375777329529505,0.7375777329529505,0.8037165263297835,0.8037165263297835,0.7375777329529505,1,1,0,0,0.3166666666666666,0.6666666666666666,0.8666666666666667,0.0,0.0,0.0,0.0,0.0,0.0,0.3166666666666666,0.6666666666666666,0.8666666666666667,0.3166666666666666,0.6666666666666666,0.8666666666666667,0.7333333333333333,0.85,0.9833333333333332,0.3166666666666666,0.6666666666666666,0.8666666666666667,0.0,0.0,0.0
20260705,DTLZ,5,313,0.8140195015694371,0.7582333535935756,0.7582333535935756,0.8140195015694371,0.8140195015694371,0.7582333535935756,1,1,0,0,0.5666666666666667,0.6,0.7833333333333333,0.0,0.0,0.0,0.0,0.0,0.0,0.5833333333333334,0.6,0.7833333333333333,0.5666666666666667,0.6,0.7833333333333333,0.35,0.7666666666666667,0.9166666666666666,0.5666666666666667,0.6,0.7833333333333333,0.0,0.0,0.0
20260705,DTLZ,10,249,0.7651917163706069,0.7408025694407422,0.7408025694407422,0.7651917163706069,0.7651917163706069,0.7408025694407422,1,1,0,0,0.4666666666666667,0.5666666666666667,0.5833333333333334,0.0,0.0,0.0,0.0,0.0,0.0,0.4666666666666667,0.5666666666666667,0.5833333333333334,0.4666666666666667,0.5666666666666667,0.5833333333333334,0.7666666666666667,0.9833333333333332,0.9666666666666668,0.4666666666666667,0.5666666666666667,0.5833333333333334,0.0,0.0,0.0
20260705,DTLZ,12,486,0.7569928089052486,0.7249757664876654,0.7249757664876654,0.7569928089052486,0.7569928089052486,0.7249757664876654,1,1,0,0,0.0,0.0,0.0333333333333333,0.0,0.0,0.0,0.0,0.0,0.0,0.0,0.0,0.0333333333333333,0.0,0.0,0.0333333333333333,0.7166666666666667,0.8833333333333333,0.9833333333333332,0.0,0.0,0.0333333333333333,0.0,0.0,0.0
20260705,DTLZ,13,397,0.7401804991804445,0.7434686619959997,0.7434686619959997,0.7401804991804445,0.7401804991804445,0.7434686619959997,1,1,0,0,0.0,0.1666666666666666,0.6333333333333333,0.0,0.0,0.0,0.0,0.0,0.0,0.0,0.1666666666666666,0.6333333333333333,0.0,0.1666666666666666,0.6333333333333333,0.6833333333333333,0.9333333333333332,0.95,0.0,0.1666666666666666,0.6333333333333333,0.0,0.0,0.0
20260705,DTLZ,7,325,0.7675343954977821,0.734014674898529,0.734014674898529,0.7675343954977821,0.7675343954977821,0.734014674898529,1,1,0,0,0.0,0.0,0.3,0.0,0.0,0.0,0.0,0.0,0.0,0.0,0.0,0.3,0.0,0.0,0.3,0.6666666666666666,0.9166666666666666,0.95,0.0,0.0,0.3,0.0,0.0,0.0
20260705,DTLZ,9,253,0.7223819522399063,0.7395655511014122,0.7395655511014122,0.7223819522399063,0.7223819522399063,0.7395655511014122,1,1,0,0,0.0166666666666666,0.1166666666666666,0.3333333333333333,0.0,0.0,0.0,0.0,0.0,0.0,0.0166666666666666,0.1166666666666666,0.3333333333333333,0.0166666666666666,0.1166666666666666,0.3333333333333333,0.85,0.8333333333333334,0.9333333333333332,0.0166666666666666,0.1166666666666666,0.3333333333333333,0.0,0.0,0.0
20260705,DTLZ,10,377,0.7103927257112022,0.717366333401809,0.717366333401809,0.7103927257112022,0.7103927257112022,0.717366333401809,1,1,0,0,0.2833333333333333,0.55,0.8333333333333334,0.0,0.0,0.0,0.0,0.0,0.0,0.2833333333333333,0.55,0.8333333333333334,0.2833333333333333,0.55,0.8333333333333334,0.7666666666666667,0.8333333333333334,0.9333333333333332,0.2833333333333333,0.55,0.8333333333333334,0.0,0.0,0.0
20260705,DTLZ,4,217,0.8862907768577329,0.7817752267172563,0.7817752267172563,0.8862907768577329,0.8862907768577329,0.7817752267172563,1,1,0,0,0.0,0.1166666666666666,0.4666666666666667,0.0,0.0,0.0,0.0,0.0,0.0,0.0,0.1166666666666666,0.4666666666666667,0.0,0.1166666666666666,0.4666666666666667,0.5666666666666667,0.8,0.9666666666666668,0.0,0.1166666666666666,0.4666666666666667,0.0,0.0,0.0
20260705,DTLZ,12,159,0.7408142373434876,0.7798127558019516,0.7798127558019516,0.7408142373434876,0.7408142373434876,0.7798127558019516,1,1,0,0,0.0,0.0833333333333333,0.35,0.0,0.0,0.0,0.0,0.0,0.0,0.0,0.0833333333333333,0.35,0.0,0.0833333333333333,0.35,0.6666666666666666,0.7666666666666667,0.95,0.0,0.0833333333333333,0.35,0.0,0.0,0.0
20260705,DTLZ,8,207,0.7827522357828677,0.7453570464238289,0.7453570464238289,0.7827522357828677,0.7827522357828677,0.7453570464238289,1,1,0,0,0.1166666666666666,0.2833333333333333,0.7333333333333333,0.0,0.0,0.0,0.0,0.0,0.0,0.1166666666666666,0.2833333333333333,0.7333333333333333,0.1166666666666666,0.2833333333333333,0.7333333333333333,0.3666666666666666,0.8166666666666667,0.9166666666666666,0.1166666666666666,0.2833333333333333,0.7333333333333333,0.0,0.0,0.0
20260705,DTLZ,14,258,0.7670667581239007,0.7403719864638617,0.7403719864638617,0.7670667581239007,0.7670667581239007,0.7403719864638617,1,1,0,0,0.0666666666666666,0.4,0.7833333333333333,0.0,0.0,0.0,0.0,0.0,0.0,0.0666666666666666,0.4,0.7833333333333333,0.0666666666666666,0.4,0.7833333333333333,0.55,0.8833333333333333,0.9833333333333332,0.0666666666666666,0.4,0.7833333333333333,0.0,0.0,0.0
20260705,DTLZ,14,250,0.7279486701745873,0.7442246169134296,0.7442246169134296,0.7279486701745873,0.7279486701745873,0.7442246169134296,1,1,0,0,0.0333333333333333,0.2166666666666666,0.3833333333333333,0.0,0.0,0.0,0.0,0.0,0.0,0.0333333333333333,0.2166666666666666,0.3833333333333333,0.0333333333333333,0.2166666666666666,0.3833333333333333,0.7333333333333333,0.8666666666666667,1.0,0.0333333333333333,0.2166666666666666,0.3833333333333333,0.0,0.0,0.0
20260705,DTLZ,5,125,0.8537108317330471,0.7342440722079836,0.7342440722079836,0.8537108317330471,0.8537108317330471,0.7342440722079836,1,1,0,0,0.1666666666666666,0.3666666666666666,0.7333333333333333,0.0,0.0,0.0,0.0,0.0,0.0,0.1666666666666666,0.3666666666666666,0.7333333333333333,0.1666666666666666,0.3666666666666666,0.7333333333333333,0.4666666666666667,0.6666666666666666,0.9,0.1666666666666666,0.3666666666666666,0.7333333333333333,0.0,0.0,0.0
20260705,DTLZ,3,450,0.9038459672909004,0.864867294617325,0.864867294617325,0.9038459672909004,0.9038459672909004,0.864867294617325,1,1,0,0,0.7166666666666667,0.8833333333333333,0.9666666666666668,0.0,0.0,0.0,0.0,0.0,0.0,0.7166666666666667,0.8833333333333333,0.9666666666666668,0.7166666666666667,0.8833333333333333,0.9666666666666668,0.85,0.9833333333333332,0.9833333333333332,0.7166666666666667,0.8833333333333333,0.9666666666666668,0.0,0.0,0.0
20260705,DTLZ,3,195,0.906656368469466,0.8528188551626072,0.8528188551626072,0.906656368469466,0.906656368469466,0.8528188551626072,1,1,0,0,0.0,0.05,0.3333333333333333,0.0,0.0,0.0,0.0,0.0,0.0,0.0,0.05,0.3333333333333333,0.0,0.05,0.3333333333333333,0.6833333333333333,0.8333333333333334,0.9333333333333332,0.0,0.05,0.3333333333333333,0.0,0.0,0.0
20260705,DTLZ,15,247,0.7666375825211069,0.7666375825211069,0.7666375825211069,0.7666375825211069,0.7666375825211069,0.7666375825211069,1,1,0,0,0.3666666666666666,0.2,0.3,0.0,0.0,0.0,0.0,0.0,0.0,0.3666666666666666,0.2,0.3,0.3666666666666666,0.2,0.3,0.95,0.95,0.9833333333333332,0.3666666666666666,0.2,0.3,0.0,0.0,0.0
20260705,DTLZ,6,81,0.7940608883095509,0.7472479309804477,0.7472479309804477,0.7940608883095509,0.7940608883095509,0.7472479309804477,1,1,0,0,0.45,0.5333333333333333,0.7666666666666667,0.0,0.0,0.0,0.0,0.0,0.0,0.45,0.5333333333333333,0.7666666666666667,0.45,0.5333333333333333,0.7666666666666667,0.5333333333333333,0.6166666666666667,0.95,0.45,0.5333333333333333,0.7666666666666667,0.0,0.0,0.0
20260705,DTLZ,14,449,0.7335919434597985,0.7490311228187931,0.7490311228187931,0.7335919434597985,0.7335919434597985,0.7490311228187931,1,1,0,0,0.0333333333333333,0.4333333333333333,0.75,0.0,0.0,0.0,0.0,0.0,0.0,0.0333333333333333,0.4333333333333333,0.75,0.0333333333333333,0.4333333333333333,0.75,0.9,0.9666666666666668,0.9833333333333332,0.0333333333333333,0.4333333333333333,0.75,0.0,0.0,0.0
20260705,DTLZ,14,157,0.8283070470567847,0.7805052028070542,0.7805052028070542,0.8283070470567847,0.8283070470567847,0.7805052028070542,1,1,0,0,0.0,0.2333333333333333,0.5666666666666667,0.0,0.0,0.0,0.0,0.0,0.0,0.0,0.2333333333333333,0.5666666666666667,0.0,0.2333333333333333,0.5666666666666667,0.7,0.8166666666666667,0.95,0.0,0.2333333333333333,0.5666666666666667,0.0,0.0,0.0
20260705,DTLZ,15,294,0.7534482088896897,0.7503479788128529,0.7503479788128529,0.7534482088896897,0.7534482088896897,0.7503479788128529,1,1,0,0,0.0166666666666666,0.2166666666666666,0.7166666666666667,0.0,0.0,0.0,0.0,0.0,0.0,0.0166666666666666,0.2166666666666666,0.7166666666666667,0.0166666666666666,0.2166666666666666,0.7166666666666667,0.6166666666666667,0.7166666666666667,1.0,0.0166666666666666,0.2166666666666666,0.7166666666666667,0.0,0.0,0.0
20260705,DTLZ,7,359,0.7491170684909351,0.7322192545393835,0.7322192545393835,0.7491170684909351,0.7491170684909351,0.7322192545393835,1,1,0,0,0.4166666666666667,0.5333333333333333,0.8166666666666667,0.0,0.0,0.0,0.0,0.0,0.0,0.4166666666666667,0.5333333333333333,0.8166666666666667,0.4166666666666667,0.5333333333333333,0.8166666666666667,0.4,0.7666666666666667,0.95,0.4166666666666667,0.5333333333333333,0.8166666666666667,0.0,0.0,0.0
20260705,DTLZ,11,186,0.7677521440656033,0.7494811385414687,0.7494811385414687,0.7677521440656033,0.7677521440656033,0.7494811385414687,1,1,0,0,0.1666666666666666,0.4166666666666667,0.6666666666666666,0.0,0.0,0.0,0.0,0.0,0.0,0.1666666666666666,0.4166666666666667,0.6666666666666666,0.1666666666666666,0.4166666666666667,0.6666666666666666,0.0833333333333333,0.6,0.85,0.1666666666666666,0.4166666666666667,0.6666666666666666,0.0,0.0,0.0
20260705,DTLZ,9,205,0.7370832120077471,0.7348871807829499,0.7348871807829499,0.7370832120077471,0.7370832120077471,0.7348871807829499,1,1,0,0,0.0166666666666666,0.25,0.3333333333333333,0.0,0.0,0.0,0.0,0.0,0.0,0.0166666666666666,0.25,0.3333333333333333,0.0166666666666666,0.25,0.3333333333333333,0.5833333333333334,0.8666666666666667,0.9833333333333332,0.0166666666666666,0.25,0.3333333333333333,0.0,0.0,0.0
20260705,DTLZ,10,98,0.7603347690622698,0.7669335327885138,0.7669335327885138,0.7603347690622698,0.7603347690622698,0.7669335327885138,1,1,0,0,0.0,0.0,0.1166666666666666,0.0,0.0,0.0,0.0,0.0,0.0,0.0,0.0,0.1166666666666666,0.0,0.0,0.1166666666666666,0.25,0.4,0.8333333333333334,0.0,0.0,0.1166666666666666,0.0,0.0,0.0
20260705,DTLZ,14,405,0.7552810624091334,0.7377679973160821,0.7377679973160821,0.7552810624091334,0.7552810624091334,0.7377679973160821,1,1,0,0,0.6666666666666666,0.8,0.85,0.0,0.0,0.0,0.0,0.0,0.0,0.6666666666666666,0.8,0.85,0.6666666666666666,0.8,0.85,0.6833333333333333,0.7666666666666667,0.9833333333333332,0.6666666666666666,0.8,0.85,0.0,0.0,0.0
20260705,DTLZ,11,358,0.7676578874915977,0.7241989516773764,0.7241989516773764,0.7676578874915977,0.7676578874915977,0.7241989516773764,1,1,0,0,0.2,0.4166666666666667,0.6833333333333333,0.0,0.0,0.0,0.0,0.0,0.0,0.2,0.4166666666666667,0.6833333333333333,0.2,0.4166666666666667,0.6833333333333333,0.7833333333333333,0.8666666666666667,0.9666666666666668,0.2,0.4166666666666667,0.6833333333333333,0.0,0.0,0.0
20260705,DTLZ,13,82,0.7609713186146354,0.7583129542230138,0.7583129542230138,0.7609713186146354,0.7609713186146354,0.7583129542230138,1,1,0,0,0.0,0.0166666666666666,0.25,0.0,0.0,0.0,0.0,0.0,0.0,0.0,0.0166666666666666,0.25,0.0,0.0166666666666666,0.25,0.1,0.4166666666666667,0.75,0.0,0.0166666666666666,0.25,0.0,0.0,0.0
20260705,DTLZ,11,229,0.7250903112067112,0.7517336979825833,0.7517336979825833,0.7250903112067112,0.7250903112067112,0.7517336979825833,1,1,0,0,0.1166666666666666,0.3166666666666666,0.45,0.0,0.0,0.0,0.0,0.0,0.0,0.1166666666666666,0.3166666666666666,0.45,0.1166666666666666,0.3166666666666666,0.45,0.5833333333333334,0.7,0.8833333333333333,0.1166666666666666,0.3166666666666666,0.45,0.0,0.0,0.0
20260705,DTLZ,6,62,0.778498829679233,0.7387554871005306,0.7387554871005306,0.778498829679233,0.778498829679233,0.7387554871005306,1,1,0,0,0.1,0.3166666666666666,0.6833333333333333,0.0,0.0,0.0,0.0,0.0,0.0,0.1,0.3166666666666666,0.6833333333333333,0.1,0.3166666666666666,0.6833333333333333,0.25,0.45,0.7166666666666667,0.1,0.3166666666666666,0.6833333333333333,0.0,0.0,0.0
20260705,DTLZ,15,73,0.753774401386475,0.7366195422353364,0.7366195422353364,0.753774401386475,0.753774401386475,0.7366195422353364,1,1,0,0,0.0,0.05,0.2833333333333333,0.0,0.0,0.0,0.0,0.0,0.0,0.0,0.05,0.2833333333333333,0.0,0.05,0.2833333333333333,0.5833333333333334,0.7833333333333333,0.85,0.0,0.05,0.2833333333333333,0.0,0.0,0.0
20260705,Energy,4,453,0.43807111929583903,0.4358670451496848,0.4358670451496848,0.43807111929583903,0.43807111929583903,0.4358670451496848,1,1,0,0,0.05,0.18333333333333332,0.36666666666666664,0.0,0.0,0.0,0.0,0.0,0.0,0.05,0.18333333333333332,0.36666666666666664,0.05,0.18333333333333332,0.36666666666666664,0.38333333333333336,0.6166666666666667,0.7333333333333333,0.05,0.18333333333333332,0.36666666666666664,0.0,0.0,0.0
20260705,Energy,8,380,0.42753137277872294,0.45107474019955446,0.45107474019955446,0.42753137277872294,0.42753137277872294,0.45107474019955446,1,1,0,0,0.75,0.8,0.8333333333333334,0.0,0.0,0.0,0.0,0.0,0.0,0.75,0.8,0.8333333333333334,0.75,0.8,0.8333333333333334,0.35,0.6166666666666667,0.7666666666666667,0.75,0.8,0.8333333333333334,0.0,0.0,0.0
20260705,Energy,7,339,0.4711202660709082,0.44812380598425977,0.44812380598425977,0.4711202660709082,0.4711202660709082,0.44812380598425977,1,1,0,0,0.7166666666666667,0.9166666666666666,0.9166666666666666,0.0,0.0,0.0,0.0,0.0,0.0,0.7166666666666667,0.9166666666666666,0.9166666666666666,0.7166666666666667,0.9166666666666666,0.9166666666666666,0.0,0.4166666666666667,0.7,0.7166666666666667,0.9166666666666666,0.9166666666666666,0.0,0.0,0.0
20260705,Energy,7,74,0.5441237702013549,0.4969810984983957,0.4969810984983957,0.5441237702013549,0.5441237702013549,0.4969810984983957,1,1,0,0,0.0,0.0,0.3333333333333333,0.0,0.0,0.0,0.0,0.0,0.0,0.0,0.0,0.3333333333333333,0.0,0.0,0.3333333333333333,0.0,0.11666666666666667,0.4,0.0,0.0,0.3333333333333333,0.0,0.0,0.0
20260705,Energy,5,185,0.4663555216229965,0.4709196634184765,0.4709196634184765,0.4663555216229965,0.4663555216229965,0.4709196634184765,1,1,0,0,0.0,0.18333333333333332,0.2,0.0,0.0,0.0,0.0,0.0,0.0,0.0,0.18333333333333332,0.2,0.0,0.18333333333333332,0.2,0.08333333333333333,0.36666666666666664,0.5666666666666667,0.0,0.18333333333333332,0.2,0.0,0.0,0.0
20260705,Energy,8,367,0.44109473055377985,0.4463930799264553,0.4463930799264553,0.44109473055377985,0.44109473055377985,0.4463930799264553,1,1,0,0,0.3,0.45,0.6,0.0,0.0,0.0,0.0,0.0,0.0,0.3,0.45,0.6,0.3,0.45,0.6,0.5333333333333333,0.6666666666666666,0.75,0.3,0.45,0.6,0.0,0.0,0.0
20260705,Energy,6,398,0.42084196098254645,0.46936563725133795,0.46936563725133795,0.42084196098254645,0.42084196098254645,0.46936563725133795,1,1,0,0,0.05,0.11666666666666667,0.26666666666666666,0.0,0.0,0.0,0.0,0.0,0.0,0.05,0.11666666666666667,0.26666666666666666,0.05,0.11666666666666667,0.26666666666666666,0.5666666666666667,0.7,0.85,0.05,0.11666666666666667,0.26666666666666666,0.0,0.0,0.0
20260705,Energy,6,436,0.4534889793560926,0.486300919843397,0.486300919843397,0.4534889793560926,0.4534889793560926,0.486300919843397,1,1,0,0,0.06666666666666667,0.3,0.5,0.0,0.0,0.0,0.0,0.0,0.0,0.06666666666666667,0.3,0.5,0.06666666666666667,0.3,0.5,0.4166666666666667,0.7333333333333333,0.8333333333333334,0.06666666666666667,0.3,0.5,0.0,0.0,0.0
20260705,Energy,6,93,0.4746385325347125,0.518313436374129,0.518313436374129,0.4746385325347125,0.4746385325347125,0.518313436374129,1,1,0,0,0.0,0.05,0.3333333333333333,0.0,0.0,0.0,0.0,0.0,0.0,0.0,0.05,0.3333333333333333,0.0,0.05,0.3333333333333333,0.03333333333333333,0.5,0.8,0.0,0.05,0.3333333333333333,0.0,0.0,0.0
20260705,Energy,5,177,0.4572049628120361,0.4462541910017484,0.4462541910017484,0.4572049628120361,0.4572049628120361,0.4462541910017484,1,1,0,0,0.23333333333333334,0.4666666666666667,0.5666666666666667,0.0,0.0,0.0,0.0,0.0,0.0,0.23333333333333334,0.4666666666666667,0.5666666666666667,0.23333333333333334,0.4666666666666667,0.5666666666666667,0.016666666666666666,0.13333333333333333,0.36666666666666664,0.23333333333333334,0.4666666666666667,0.5666666666666667,0.0,0.0,0.0
20260705,Energy,6,113,0.46584425689066994,0.4856818395686408,0.4856818395686408,0.46584425689066994,0.46584425689066994,0.4856818395686408,1,1,0,0,0.5,0.65,0.85,0.0,0.0,0.0,0.0,0.0,0.0,0.5,0.65,0.85,0.5,0.65,0.85,0.15,0.2,0.2,0.5,0.65,0.85,0.0,0.0,0.0
20260705,Energy,5,435,0.44576683221125485,0.4602272699672684,0.4602272699672684,0.44576683221125485,0.44576683221125485,0.4602272699672684,1,1,0,0,0.6666666666666666,0.8333333333333334,0.9333333333333333,0.0,0.0,0.0,0.0,0.0,0.0,0.6666666666666666,0.8333333333333334,0.9333333333333333,0.6666666666666666,0.8333333333333334,0.9333333333333333,0.4666666666666667,0.8,0.8,0.6666666666666666,0.8333333333333334,0.9333333333333333,0.0,0.0,0.0
20260705,Energy,8,234,0.441845250593695,0.441845250593695,0.441845250593695,0.441845250593695,0.441845250593695,0.441845250593695,1,1,0,0,0.26666666666666666,0.4166666666666667,0.6666666666666666,0.0,0.0,0.0,0.0,0.0,0.0,0.26666666666666666,0.4166666666666667,0.6666666666666666,0.26666666666666666,0.4166666666666667,0.6666666666666666,0.0,0.0,0.15,0.26666666666666666,0.4166666666666667,0.6666666666666666,0.0,0.0,0.0
20260705,Energy,5,440,0.45793421981099747,0.4775332742540078,0.4775332742540078,0.45793421981099747,0.45793421981099747,0.4775332742540078,1,1,0,0,0.0,0.03333333333333333,0.31666666666666665,0.0,0.0,0.0,0.0,0.0,0.0,0.0,0.03333333333333333,0.31666666666666665,0.0,0.03333333333333333,0.31666666666666665,0.15,0.4,0.7666666666666667,0.0,0.03333333333333333,0.31666666666666665,0.0,0.0,0.0
20260705,Energy,7,169,0.47091540048440117,0.5134052019477949,0.5134052019477949,0.47091540048440117,0.47091540048440117,0.5134052019477949,1,1,0,0,0.0,0.11666666666666667,0.3,0.0,0.0,0.0,0.0,0.0,0.0,0.0,0.11666666666666667,0.3,0.0,0.11666666666666667,0.3,0.3333333333333333,0.65,0.7333333333333333,0.0,0.11666666666666667,0.3,0.0,0.0,0.0
20260705,Energy,4,77,0.46308756207385676,0.46308756207385676,0.46308756207385676,0.46308756207385676,0.46308756207385676,0.46308756207385676,1,1,0,0,0.0,0.016666666666666666,0.18333333333333332,0.0,0.0,0.0,0.0,0.0,0.0,0.0,0.016666666666666666,0.18333333333333332,0.0,0.016666666666666666,0.18333333333333332,0.1,0.48333333333333334,0.6166666666666667,0.0,0.016666666666666666,0.18333333333333332,0.0,0.0,0.0
20260705,Energy,8,244,0.447210163945153,0.447210163945153,0.447210163945153,0.447210163945153,0.447210163945153,0.447210163945153,1,1,0,0,0.0,0.05,0.3,0.0,0.0,0.0,0.0,0.0,0.0,0.0,0.05,0.3,0.0,0.05,0.3,0.06666666666666667,0.18333333333333332,0.5833333333333334,0.0,0.05,0.3,0.0,0.0,0.0
20260705,Energy,6,462,0.441080233966597,0.4420755512865571,0.4420755512865571,0.441080233966597,0.441080233966597,0.4420755512865571,1,1,0,0,0.7833333333333333,0.9,0.8666666666666667,0.0,0.0,0.0,0.0,0.0,0.0,0.7833333333333333,0.9,0.8666666666666667,0.7833333333333333,0.9,0.8666666666666667,0.45,0.26666666666666666,0.45,0.7833333333333333,0.9,0.8666666666666667,0.0,0.0,0.0
20260705,Energy,6,499,0.47178485166606143,0.4517120731680951,0.4517120731680951,0.47178485166606143,0.47178485166606143,0.4517120731680951,1,1,0,0,0.85,0.9166666666666666,0.8833333333333333,0.0,0.0,0.0,0.0,0.0,0.0,0.85,0.9166666666666666,0.8833333333333333,0.85,0.9166666666666666,0.8833333333333333,0.0,0.21666666666666667,0.48333333333333334,0.85,0.9166666666666666,0.8833333333333333,0.0,0.0,0.0
20260705,Energy,8,430,0.453009464771968,0.44747856084620863,0.44747856084620863,0.453009464771968,0.453009464771968,0.44747856084620863,1,1,0,0,0.5,0.6,0.6833333333333333,0.0,0.0,0.0,0.0,0.0,0.0,0.5,0.6,0.6833333333333333,0.5,0.6,0.6833333333333333,0.0,0.25,0.6833333333333333,0.5,0.6,0.6833333333333333,0.0,0.0,0.0
20260705,Energy,8,382,0.419165657272794,0.4609924180707509,0.4609924180707509,0.419165657272794,0.419165657272794,0.4609924180707509,1,1,0,0,0.43333333333333335,0.4,0.5333333333333333,0.0,0.0,0.0,0.0,0.0,0.0,0.43333333333333335,0.4,0.5333333333333333,0.43333333333333335,0.4,0.5333333333333333,0.43333333333333335,0.4166666666666667,0.6833333333333333,0.43333333333333335,0.4,0.5333333333333333,0.0,0.0,0.0
20260705,Energy,8,95,0.40766099523104826,0.44870919423139993,0.44870919423139993,0.40766099523104826,0.40766099523104826,0.44870919423139993,1,1,0,0,0.0,0.1,0.31666666666666665,0.0,0.0,0.0,0.0,0.0,0.0,0.0,0.1,0.31666666666666665,0.0,0.1,0.31666666666666665,0.0,0.03333333333333333,0.21666666666666667,0.0,0.1,0.31666666666666665,0.0,0.0,0.0
20260705,Energy,8,178,0.46271838662638864,0.4960650452267784,0.4960650452267784,0.46271838662638864,0.46271838662638864,0.4960650452267784,1,1,0,0,0.0,0.03333333333333333,0.25,0.0,0.0,0.0,0.0,0.0,0.0,0.0,0.03333333333333333,0.25,0.0,0.03333333333333333,0.25,0.35,0.7666666666666667,0.8,0.0,0.03333333333333333,0.25,0.0,0.0,0.0
20260705,Energy,4,117,0.47760723357375134,0.4738394653100342,0.4738394653100342,0.47760723357375134,0.47760723357375134,0.4738394653100342,1,1,0,0,0.5,0.7833333333333333,0.85,0.0,0.0,0.0,0.0,0.0,0.0,0.5,0.7833333333333333,0.85,0.5,0.7833333333333333,0.85,0.15,0.21666666666666667,0.4166666666666667,0.5,0.7833333333333333,0.85,0.0,0.0,0.0
20260705,Energy,4,229,0.4427365186890332,0.4794704535251501,0.4794704535251501,0.4427365186890332,0.4427365186890332,0.4794704535251501,1,1,0,0,0.0,0.0,0.2,0.0,0.0,0.0,0.0,0.0,0.0,0.0,0.0,0.2,0.0,0.0,0.2,0.31666666666666665,0.5833333333333334,0.7666666666666667,0.0,0.0,0.2,0.0,0.0,0.0
20260705,Energy,6,464,0.4287387355240363,0.44593040216107105,0.44593040216107105,0.4287387355240363,0.4287387355240363,0.44593040216107105,1,1,0,0,0.5833333333333334,0.8333333333333334,0.8666666666666667,0.0,0.0,0.0,0.0,0.0,0.0,0.5833333333333334,0.8333333333333334,0.8666666666666667,0.5833333333333334,0.8333333333333334,0.8666666666666667,0.05,0.16666666666666666,0.45,0.5833333333333334,0.8333333333333334,0.8666666666666667,0.0,0.0,0.0
20260705,Energy,7,131,0.47787856015368974,0.46182493410983716,0.46182493410983716,0.47787856015368974,0.47787856015368974,0.46182493410983716,1,1,0,0,0.36666666666666664,0.6166666666666667,0.8166666666666667,0.0,0.0,0.0,0.0,0.0,0.0,0.36666666666666664,0.6166666666666667,0.8166666666666667,0.36666666666666664,0.6166666666666667,0.8166666666666667,0.18333333333333332,0.36666666666666664,0.25,0.36666666666666664,0.6166666666666667,0.8166666666666667,0.0,0.0,0.0
20260705,Energy,7,74,0.5087738711665621,0.5012490821284356,0.5012490821284356,0.5087738711665621,0.5087738711665621,0.5012490821284356,1,1,0,0,0.5,0.8333333333333334,0.75,0.0,0.0,0.0,0.0,0.0,0.0,0.5,0.8333333333333334,0.75,0.5,0.8333333333333334,0.75,0.0,0.1,0.2833333333333333,0.5,0.8333333333333334,0.75,0.0,0.0,0.0
20260705,Energy,6,230,0.45812279242784537,0.45812279242784537,0.45812279242784537,0.45812279242784537,0.45812279242784537,0.45812279242784537,1,1,0,0,0.5333333333333333,0.6166666666666667,0.7,0.0,0.0,0.0,0.0,0.0,0.0,0.5333333333333333,0.6166666666666667,0.7,0.5333333333333333,0.6166666666666667,0.7,0.0,0.23333333333333334,0.75,0.5333333333333333,0.6166666666666667,0.7,0.0,0.0,0.0
20260705,Energy,6,337,0.4828270661138311,0.47888253076964893,0.47888253076964893,0.4828270661138311,0.4828270661138311,0.47888253076964893,1,1,0,0,0.6166666666666667,0.8,0.9,0.0,0.0,0.0,0.0,0.0,0.0,0.6166666666666667,0.8,0.9,0.6166666666666667,0.8,0.9,0.11666666666666667,0.55,0.6833333333333333,0.6166666666666667,0.8,0.9,0.0,0.0,0.0
20260705,Energy,4,430,0.4350038046581081,0.47614144923927876,0.47614144923927876,0.4350038046581081,0.4350038046581081,0.47614144923927876,1,1,0,0,0.26666666666666666,0.5166666666666667,0.6333333333333333,0.0,0.0,0.0,0.0,0.0,0.0,0.26666666666666666,0.5166666666666667,0.6333333333333333,0.26666666666666666,0.5166666666666667,0.6333333333333333,0.06666666666666667,0.36666666666666664,0.7,0.26666666666666666,0.5166666666666667,0.6333333333333333,0.0,0.0,0.0
20260705,Energy,6,220,0.4307365971163811,0.44719596650843596,0.44719596650843596,0.4307365971163811,0.4307365971163811,0.44719596650843596,1,1,0,0,0.03333333333333333,0.1,0.38333333333333336,0.0,0.0,0.0,0.0,0.0,0.0,0.03333333333333333,0.1,0.38333333333333336,0.03333333333333333,0.1,0.38333333333333336,0.5333333333333333,0.7,0.9333333333333333,0.03333333333333333,0.1,0.38333333333333336,0.0,0.0,0.0
20260705,Energy,6,116,0.4866473732493343,0.4866473732493343,0.4866473732493343,0.4866473732493343,0.4866473732493343,0.4866473732493343,1,1,0,0,0.4,0.55,0.6333333333333333,0.0,0.0,0.0,0.0,0.0,0.0,0.4,0.55,0.6333333333333333,0.4,0.55,0.6333333333333333,0.0,0.0,0.4166666666666667,0.4,0.55,0.6333333333333333,0.0,0.0,0.0
20260705,Energy,8,421,0.43063189935663054,0.43063189935663054,0.43063189935663054,0.43063189935663054,0.43063189935663054,0.43063189935663054,1,1,0,0,0.0,0.31666666666666665,0.5666666666666667,0.0,0.0,0.0,0.0,0.0,0.0,0.0,0.31666666666666665,0.5666666666666667,0.0,0.31666666666666665,0.5666666666666667,0.7,0.8166666666666667,0.9,0.0,0.31666666666666665,0.5666666666666667,0.0,0.0,0.0
20260705,Energy,6,356,0.4482410898403826,0.4482410898403826,0.4482410898403826,0.4482410898403826,0.4482410898403826,0.4482410898403826,1,1,0,0,0.26666666666666666,0.6166666666666667,0.65,0.0,0.0,0.0,0.0,0.0,0.0,0.26666666666666666,0.6166666666666667,0.65,0.26666666666666666,0.6166666666666667,0.65,0.18333333333333332,0.43333333333333335,0.8,0.26666666666666666,0.6166666666666667,0.65,0.0,0.0,0.0
20260705,Energy,8,374,0.4173633730111574,0.4422268430506726,0.4422268430506726,0.4173633730111574,0.4173633730111574,0.4422268430506726,1,1,0,0,0.05,0.13333333333333333,0.38333333333333336,0.0,0.0,0.0,0.0,0.0,0.0,0.05,0.13333333333333333,0.38333333333333336,0.05,0.13333333333333333,0.38333333333333336,0.0,0.0,0.13333333333333333,0.05,0.13333333333333333,0.38333333333333336,0.0,0.0,0.0
20260705,Energy,6,133,0.42862363105734536,0.42862363105734536,0.42862363105734536,0.42862363105734536,0.42862363105734536,0.42862363105734536,1,1,0,0,0.16666666666666666,0.31666666666666665,0.3,0.0,0.0,0.0,0.0,0.0,0.0,0.16666666666666666,0.31666666666666665,0.3,0.16666666666666666,0.31666666666666665,0.3,0.016666666666666666,0.23333333333333334,0.45,0.16666666666666666,0.31666666666666665,0.3,0.0,0.0,0.0
20260705,Energy,5,256,0.4720911229183393,0.4445429584510267,0.4445429584510267,0.4720911229183393,0.4720911229183393,0.4445429584510267,1,1,0,0,0.7,0.9333333333333333,0.9833333333333333,0.0,0.0,0.0,0.0,0.0,0.0,0.7,0.9333333333333333,0.9833333333333333,0.7,0.9333333333333333,0.9833333333333333,0.016666666666666666,0.2,0.6666666666666666,0.7,0.9333333333333333,0.9833333333333333,0.0,0.0,0.0
20260705,Energy,8,299,0.45848330106311885,0.4638214018462137,0.4638214018462137,0.45848330106311885,0.45848330106311885,0.4638214018462137,1,1,0,0,0.06666666666666667,0.36666666666666664,0.6333333333333333,0.0,0.0,0.0,0.0,0.0,0.0,0.06666666666666667,0.36666666666666664,0.6333333333333333,0.06666666666666667,0.36666666666666664,0.6333333333333333,0.11666666666666667,0.23333333333333334,0.5833333333333334,0.06666666666666667,0.36666666666666664,0.6333333333333333,0.0,0.0,0.0
20260705,Energy,4,344,0.46394665604564705,0.4654217365421716,0.4654217365421716,0.46394665604564705,0.46394665604564705,0.4654217365421716,1,1,0,0,0.3,0.6166666666666667,0.8,0.0,0.0,0.0,0.0,0.0,0.0,0.3,0.6166666666666667,0.8,0.3,0.6166666666666667,0.8,0.03333333333333333,0.3333333333333333,0.75,0.3,0.6166666666666667,0.8,0.0,0.0,0.0
20260705,Energy,4,368,0.43914078120333205,0.4566369330797279,0.4566369330797279,0.43914078120333205,0.43914078120333205,0.4566369330797279,1,1,0,0,0.03333333333333333,0.11666666666666667,0.35,0.0,0.0,0.0,0.0,0.0,0.0,0.03333333333333333,0.11666666666666667,0.35,0.03333333333333333,0.11666666666666667,0.35,0.38333333333333336,0.5333333333333333,0.6333333333333333,0.03333333333333333,0.11666666666666667,0.35,0.0,0.0,0.0
20260705,Energy,5,118,0.5105470542555514,0.5160941392098121,0.5160941392098121,0.5105470542555514,0.5105470542555514,0.5160941392098121,1,1,0,0,0.016666666666666666,0.2833333333333333,0.45,0.0,0.0,0.0,0.0,0.0,0.0,0.016666666666666666,0.2833333333333333,0.45,0.016666666666666666,0.2833333333333333,0.45,0.0,0.08333333333333333,0.6166666666666667,0.016666666666666666,0.2833333333333333,0.45,0.0,0.0,0.0
20260705,Energy,4,97,0.4738389630885028,0.4738389630885028,0.4738389630885028,0.4738389630885028,0.4738389630885028,0.4738389630885028,1,1,0,0,0.1,0.31666666666666665,0.38333333333333336,0.0,0.0,0.0,0.0,0.0,0.0,0.1,0.31666666666666665,0.38333333333333336,0.1,0.31666666666666665,0.38333333333333336,0.08333333333333333,0.36666666666666664,0.7166666666666667,0.1,0.31666666666666665,0.38333333333333336,0.0,0.0,0.0
20260705,Energy,6,87,0.45016972411019224,0.5223059346960227,0.5223059346960227,0.45016972411019224,0.45016972411019224,0.5223059346960227,1,1,0,0,0.3333333333333333,0.25,0.25,0.0,0.0,0.0,0.0,0.0,0.0,0.3333333333333333,0.25,0.25,0.3333333333333333,0.25,0.25,0.13333333333333333,0.21666666666666667,0.6166666666666667,0.3333333333333333,0.25,0.25,0.0,0.0,0.0
20260705,Energy,4,449,0.44898381926770886,0.4522438170824106,0.4522438170824106,0.44898381926770886,0.44898381926770886,0.4522438170824106,1,1,0,0,0.3,0.6,0.75,0.0,0.0,0.0,0.0,0.0,0.0,0.31666666666666665,0.6,0.75,0.3,0.6,0.75,0.25,0.5166666666666667,0.7666666666666667,0.3,0.6,0.75,0.0,0.0,0.0
20260705,Energy,6,426,0.44253152891637865,0.4700220875416561,0.4700220875416561,0.44253152891637865,0.44253152891637865,0.4700220875416561,1,1,0,0,0.06666666666666667,0.11666666666666667,0.45,0.0,0.0,0.0,0.0,0.0,0.0,0.06666666666666667,0.11666666666666667,0.45,0.06666666666666667,0.11666666666666667,0.45,0.4166666666666667,0.5666666666666667,0.9,0.06666666666666667,0.11666666666666667,0.45,0.0,0.0,0.0
20260705,Energy,6,174,0.450818167447184,0.450818167447184,0.450818167447184,0.450818167447184,0.450818167447184,0.450818167447184,1,1,0,0,0.03333333333333333,0.21666666666666667,0.4166666666666667,0.0,0.0,0.0,0.0,0.0,0.0,0.03333333333333333,0.21666666666666667,0.4166666666666667,0.03333333333333333,0.21666666666666667,0.4166666666666667,0.4666666666666667,0.4166666666666667,0.6166666666666667,0.03333333333333333,0.21666666666666667,0.4166666666666667,0.0,0.0,0.0
20260705,Energy,7,395,0.4637382033896928,0.47747400921732003,0.47747400921732003,0.4637382033896928,0.4637382033896928,0.47747400921732003,1,1,0,0,0.4,0.5333333333333333,0.5,0.0,0.0,0.0,0.0,0.0,0.0,0.4,0.5333333333333333,0.5,0.4,0.5333333333333333,0.5,0.21666666666666667,0.4166666666666667,0.7333333333333333,0.4,0.5333333333333333,0.5,0.0,0.0,0.0
20260705,Energy,6,498,0.4244854135797586,0.4452756051404023,0.4452756051404023,0.4244854135797586,0.4244854135797586,0.4452756051404023,1,1,0,0,0.016666666666666666,0.2833333333333333,0.5666666666666667,0.0,0.0,0.0,0.0,0.0,0.0,0.016666666666666666,0.2833333333333333,0.5666666666666667,0.016666666666666666,0.2833333333333333,0.5666666666666667,0.36666666666666664,0.55,0.6333333333333333,0.016666666666666666,0.2833333333333333,0.5666666666666667,0.0,0.0,0.0
20260705,Energy,8,82,0.4374198905067543,0.46627576325141457,0.46627576325141457,0.4374198905067543,0.4374198905067543,0.46627576325141457,1,1,0,0,0.0,0.016666666666666666,0.16666666666666666,0.0,0.0,0.0,0.0,0.0,0.0,0.0,0.016666666666666666,0.16666666666666666,0.0,0.016666666666666666,0.16666666666666666,0.25,0.3,0.4666666666666667,0.0,0.016666666666666666,0.16666666666666666,0.0,0.0,0.0
20260705,Concrete,6,195,0.45997281891438757,0.45997281891438757,0.45997281891438757,0.45997281891438757,0.45997281891438757,0.45997281891438757,1,1,0,0,0.06666666666666667,0.26666666666666666,0.31666666666666665,0.0,0.0,0.0,0.0,0.0,0.0,0.06666666666666667,0.26666666666666666,0.31666666666666665,0.06666666666666667,0.26666666666666666,0.31666666666666665,0.43333333333333335,0.5666666666666667,0.7333333333333333,0.06666666666666667,0.26666666666666666,0.31666666666666665,0.0,0.0,0.0
20260705,Concrete,8,316,0.4224934994461893,0.4224934994461893,0.4224934994461893,0.4224934994461893,0.4224934994461893,0.4224934994461893,1,1,0,0,0.13333333333333333,0.16666666666666666,0.3,0.0,0.0,0.0,0.0,0.0,0.0,0.13333333333333333,0.16666666666666666,0.3,0.13333333333333333,0.16666666666666666,0.3,0.0,0.0,0.3,0.13333333333333333,0.16666666666666666,0.3,0.0,0.0,0.0
20260705,Concrete,7,294,0.4454547017503633,0.4439017102232993,0.4439017102232993,0.4454547017503633,0.4454547017503633,0.4439017102232993,1,1,0,0,0.21666666666666667,0.31666666666666665,0.5,0.0,0.0,0.0,0.0,0.0,0.0,0.21666666666666667,0.31666666666666665,0.5,0.21666666666666667,0.31666666666666665,0.5,0.21666666666666667,0.5166666666666667,0.7666666666666667,0.21666666666666667,0.31666666666666665,0.5,0.0,0.0,0.0
20260705,Concrete,4,182,0.4416859863828268,0.4416859863828268,0.4416859863828268,0.4416859863828268,0.4416859863828268,0.4416859863828268,1,1,0,0,0.0,0.05,0.16666666666666666,0.0,0.0,0.0,0.0,0.0,0.0,0.0,0.05,0.16666666666666666,0.0,0.05,0.16666666666666666,0.23333333333333334,0.45,0.7,0.0,0.05,0.16666666666666666,0.0,0.0,0.0
20260705,Concrete,6,492,0.4123704014700517,0.45024162812898283,0.45024162812898283,0.4123704014700517,0.4123704014700517,0.45024162812898283,1,1,0,0,0.0,0.03333333333333333,0.31666666666666665,0.0,0.0,0.0,0.0,0.0,0.0,0.0,0.03333333333333333,0.31666666666666665,0.0,0.03333333333333333,0.31666666666666665,0.03333333333333333,0.3333333333333333,0.6666666666666666,0.0,0.03333333333333333,0.31666666666666665,0.0,0.0,0.0
20260705,Concrete,7,275,0.43445414260249543,0.43445414260249543,0.43445414260249543,0.43445414260249543,0.43445414260249543,0.43445414260249543,1,1,0,0,0.36666666666666664,0.43333333333333335,0.4,0.0,0.0,0.0,0.0,0.0,0.0,0.36666666666666664,0.43333333333333335,0.4,0.36666666666666664,0.43333333333333335,0.4,0.13333333333333333,0.43333333333333335,0.6666666666666666,0.36666666666666664,0.43333333333333335,0.4,0.0,0.0,0.0
20260705,Concrete,5,90,0.44675234035012334,0.44675234035012334,0.44675234035012334,0.44675234035012334,0.44675234035012334,0.44675234035012334,1,1,0,0,0.0,0.0,0.0,0.0,0.0,0.0,0.0,0.0,0.0,0.0,0.0,0.0,0.0,0.0,0.0,0.15,0.26666666666666666,0.4666666666666667,0.0,0.0,0.0,0.0,0.0,0.0
20260705,Concrete,5,428,0.4175465619228508,0.44668997184458237,0.44668997184458237,0.4175465619228508,0.4175465619228508,0.44668997184458237,1,1,0,0,0.1,0.26666666666666666,0.5666666666666667,0.0,0.0,0.0,0.0,0.0,0.0,0.1,0.26666666666666666,0.5666666666666667,0.1,0.26666666666666666,0.5666666666666667,0.06666666666666667,0.2,0.5833333333333334,0.1,0.26666666666666666,0.5666666666666667,0.0,0.0,0.0
20260705,Concrete,5,470,0.43414228838521024,0.4421752622505158,0.4421752622505158,0.43414228838521024,0.43414228838521024,0.4421752622505158,1,1,0,0,0.38333333333333336,0.6333333333333333,0.8,0.0,0.0,0.0,0.0,0.0,0.0,0.38333333333333336,0.6333333333333333,0.8,0.38333333333333336,0.6333333333333333,0.8,0.18333333333333332,0.55,0.7333333333333333,0.38333333333333336,0.6333333333333333,0.8,0.0,0.0,0.0
20260705,Concrete,4,60,0.4677914037402632,0.4677914037402632,0.4677914037402632,0.4677914037402632,0.4677914037402632,0.4677914037402632,1,1,0,0,0.0,0.0,0.05,0.0,0.0,0.0,0.0,0.0,0.0,0.0,0.0,0.05,0.0,0.0,0.05,0.0,0.0,0.1,0.0,0.0,0.05,0.0,0.0,0.0
20260705,Concrete,5,320,0.4541727209372816,0.47885214812500515,0.47885214812500515,0.4541727209372816,0.4541727209372816,0.47885214812500515,1,1,0,0,0.31666666666666665,0.2833333333333333,0.36666666666666664,0.0,0.0,0.0,0.0,0.0,0.0,0.31666666666666665,0.2833333333333333,0.36666666666666664,0.31666666666666665,0.2833333333333333,0.36666666666666664,0.5833333333333334,0.6833333333333333,0.6666666666666666,0.31666666666666665,0.2833333333333333,0.36666666666666664,0.0,0.0,0.0
20260705,Concrete,4,292,0.4670644426511599,0.474377128270379,0.474377128270379,0.4670644426511599,0.4670644426511599,0.474377128270379,1,1,0,0,0.05,0.06666666666666667,0.3,0.0,0.0,0.0,0.0,0.0,0.0,0.05,0.06666666666666667,0.3,0.05,0.06666666666666667,0.3,0.48333333333333334,0.7666666666666667,0.75,0.05,0.06666666666666667,0.3,0.0,0.0,0.0
20260705,Concrete,7,216,0.41066438554223533,0.44769743230456843,0.44769743230456843,0.41066438554223533,0.41066438554223533,0.44769743230456843,1,1,0,0,0.0,0.0,0.11666666666666667,0.0,0.0,0.0,0.0,0.0,0.0,0.0,0.0,0.11666666666666667,0.0,0.0,0.11666666666666667,0.5166666666666667,0.8,0.85,0.0,0.0,0.11666666666666667,0.0,0.0,0.0
20260705,Concrete,4,179,0.44501139847087334,0.44501139847087334,0.44501139847087334,0.44501139847087334,0.44501139847087334,0.44501139847087334,1,1,0,0,0.0,0.0,0.03333333333333333,0.0,0.0,0.0,0.0,0.0,0.0,0.0,0.0,0.03333333333333333,0.0,0.0,0.03333333333333333,0.0,0.0,0.21666666666666667,0.0,0.0,0.03333333333333333,0.0,0.0,0.0
20260705,Concrete,4,203,0.4149084531202456,0.4149084531202456,0.4149084531202456,0.4149084531202456,0.4149084531202456,0.4149084531202456,1,1,0,0,0.0,0.0,0.0,0.0,0.0,0.0,0.0,0.0,0.0,0.0,0.0,0.0,0.0,0.0,0.0,0.13333333333333333,0.38333333333333336,0.6,0.0,0.0,0.0,0.0,0.0,0.0
20260705,Concrete,6,259,0.44736434839226175,0.46513540880559495,0.46513540880559495,0.44736434839226175,0.44736434839226175,0.46513540880559495,1,1,0,0,0.48333333333333334,0.6833333333333333,0.85,0.0,0.0,0.0,0.0,0.0,0.0,0.48333333333333334,0.6833333333333333,0.85,0.48333333333333334,0.6833333333333333,0.85,0.0,0.03333333333333333,0.35,0.48333333333333334,0.6833333333333333,0.85,0.0,0.0,0.0
20260705,Concrete,8,315,0.45124481735022903,0.4400450010414553,0.4400450010414553,0.45124481735022903,0.45124481735022903,0.4400450010414553,1,1,0,0,0.5,0.5833333333333334,0.7833333333333333,0.0,0.0,0.0,0.0,0.0,0.0,0.5,0.5833333333333334,0.7833333333333333,0.5,0.5833333333333334,0.7833333333333333,0.21666666666666667,0.36666666666666664,0.5833333333333334,0.5,0.5833333333333334,0.7833333333333333,0.0,0.0,0.0
20260705,Concrete,5,410,0.47189608900795366,0.4720428899657898,0.4720428899657898,0.47189608900795366,0.47189608900795366,0.4720428899657898,1,1,0,0,0.45,0.7,0.65,0.0,0.0,0.0,0.0,0.0,0.0,0.45,0.7,0.65,0.45,0.7,0.65,0.5333333333333333,0.6166666666666667,0.9333333333333333,0.45,0.7,0.65,0.0,0.0,0.0
20260705,Concrete,7,248,0.4291823750787184,0.4385594476313662,0.4385594476313662,0.4291823750787184,0.4291823750787184,0.4385594476313662,1,1,0,0,0.7,0.8166666666666667,0.85,0.0,0.0,0.0,0.0,0.0,0.0,0.7,0.8166666666666667,0.85,0.7,0.8166666666666667,0.85,0.21666666666666667,0.5,0.75,0.7,0.8166666666666667,0.85,0.0,0.0,0.0
20260705,Concrete,4,402,0.4568781632282285,0.4704448467348257,0.4704448467348257,0.4568781632282285,0.4568781632282285,0.4704448467348257,1,1,0,0,0.016666666666666666,0.26666666666666666,0.5833333333333334,0.0,0.0,0.0,0.0,0.0,0.0,0.016666666666666666,0.26666666666666666,0.5833333333333334,0.016666666666666666,0.26666666666666666,0.5833333333333334,0.55,0.5166666666666667,0.8666666666666667,0.016666666666666666,0.26666666666666666,0.5833333333333334,0.0,0.0,0.0
20260705,Concrete,4,260,0.4693548709204284,0.47364634115331467,0.47364634115331467,0.4693548709204284,0.4693548709204284,0.47364634115331467,1,1,0,0,0.4666666666666667,0.6166666666666667,0.75,0.0,0.0,0.0,0.0,0.0,0.0,0.4666666666666667,0.6166666666666667,0.75,0.4666666666666667,0.6166666666666667,0.75,0.5,0.38333333333333336,0.6166666666666667,0.4666666666666667,0.6166666666666667,0.75,0.0,0.0,0.0
20260705,Concrete,4,259,0.46126302380478384,0.44885101252128756,0.44885101252128756,0.46126302380478384,0.46126302380478384,0.44885101252128756,1,1,0,0,0.31666666666666665,0.5333333333333333,0.7,0.0,0.0,0.0,0.0,0.0,0.0,0.31666666666666665,0.5333333333333333,0.7,0.31666666666666665,0.5333333333333333,0.7,0.6,0.55,0.6666666666666666,0.31666666666666665,0.5333333333333333,0.7,0.0,0.0,0.0
20260705,Concrete,4,333,0.46524914972737774,0.46564777304368493,0.46564777304368493,0.46524914972737774,0.46524914972737774,0.46564777304368493,1,1,0,0,0.016666666666666666,0.13333333333333333,0.43333333333333335,0.0,0.0,0.0,0.0,0.0,0.0,0.016666666666666666,0.13333333333333333,0.43333333333333335,0.016666666666666666,0.13333333333333333,0.43333333333333335,0.05,0.18333333333333332,0.55,0.016666666666666666,0.13333333333333333,0.43333333333333335,0.0,0.0,0.0
20260705,Concrete,4,312,0.4295505252103222,0.4295505252103222,0.4295505252103222,0.4295505252103222,0.4295505252103222,0.4295505252103222,1,1,0,0,0.016666666666666666,0.03333333333333333,0.25,0.0,0.0,0.0,0.0,0.0,0.0,0.016666666666666666,0.03333333333333333,0.25,0.016666666666666666,0.03333333333333333,0.25,0.43333333333333335,0.5833333333333334,0.8333333333333334,0.016666666666666666,0.03333333333333333,0.25,0.0,0.0,0.0
20260705,Concrete,4,166,0.45107940077083575,0.48881019877874315,0.48881019877874315,0.45107940077083575,0.45107940077083575,0.48881019877874315,1,1,0,0,0.0,0.0,0.06666666666666667,0.0,0.0,0.0,0.0,0.0,0.0,0.0,0.0,0.06666666666666667,0.0,0.0,0.06666666666666667,0.25,0.4166666666666667,0.8666666666666667,0.0,0.0,0.06666666666666667,0.0,0.0,0.0
20260705,Concrete,7,168,0.4562487402946557,0.4562487402946557,0.4562487402946557,0.4562487402946557,0.4562487402946557,0.4562487402946557,1,1,0,0,0.0,0.03333333333333333,0.11666666666666667,0.0,0.0,0.0,0.0,0.0,0.0,0.0,0.03333333333333333,0.11666666666666667,0.0,0.03333333333333333,0.11666666666666667,0.55,0.6,0.7666666666666667,0.0,0.03333333333333333,0.11666666666666667,0.0,0.0,0.0
20260705,Concrete,8,443,0.43586245965956655,0.437654326538679,0.437654326538679,0.43586245965956655,0.43586245965956655,0.437654326538679,1,1,0,0,0.48333333333333334,0.7166666666666667,0.8333333333333334,0.0,0.0,0.0,0.0,0.0,0.0,0.48333333333333334,0.7166666666666667,0.8333333333333334,0.48333333333333334,0.7166666666666667,0.8333333333333334,0.2,0.45,0.6833333333333333,0.48333333333333334,0.7166666666666667,0.8333333333333334,0.0,0.0,0.0
20260705,Concrete,6,207,0.4900103646022634,0.48058527233091153,0.48058527233091153,0.4900103646022634,0.4900103646022634,0.48058527233091153,1,1,0,0,0.0,0.18333333333333332,0.55,0.0,0.0,0.0,0.0,0.0,0.0,0.0,0.18333333333333332,0.55,0.0,0.18333333333333332,0.55,0.18333333333333332,0.45,0.7,0.0,0.18333333333333332,0.55,0.0,0.0,0.0
20260705,Concrete,6,479,0.44709878940940906,0.4735261049588673,0.4735261049588673,0.44709878940940906,0.44709878940940906,0.4735261049588673,1,1,0,0,0.05,0.13333333333333333,0.2833333333333333,0.0,0.0,0.0,0.0,0.0,0.0,0.05,0.13333333333333333,0.2833333333333333,0.05,0.13333333333333333,0.2833333333333333,0.0,0.08333333333333333,0.38333333333333336,0.05,0.13333333333333333,0.2833333333333333,0.0,0.0,0.0
20260705,Concrete,7,201,0.4535647911012581,0.46201326497922285,0.46201326497922285,0.4535647911012581,0.4535647911012581,0.46201326497922285,1,1,0,0,0.016666666666666666,0.23333333333333334,0.5833333333333334,0.0,0.0,0.0,0.0,0.0,0.0,0.016666666666666666,0.23333333333333334,0.5833333333333334,0.016666666666666666,0.23333333333333334,0.5833333333333334,0.0,0.0,0.18333333333333332,0.016666666666666666,0.23333333333333334,0.5833333333333334,0.0,0.0,0.0
20260705,Concrete,5,112,0.5087140102365103,0.4978615805078141,0.4978615805078141,0.5087140102365103,0.5087140102365103,0.4978615805078141,1,1,0,0,0.5666666666666667,0.8166666666666667,0.85,0.0,0.0,0.0,0.0,0.0,0.0,0.5666666666666667,0.8166666666666667,0.85,0.5666666666666667,0.8166666666666667,0.85,0.05,0.3,0.55,0.5666666666666667,0.8166666666666667,0.85,0.0,0.0,0.0
20260705,Concrete,7,79,0.49158379632744065,0.4910272429303158,0.4910272429303158,0.49158379632744065,0.49158379632744065,0.4910272429303158,1,1,0,0,0.0,0.15,0.26666666666666666,0.0,0.0,0.0,0.0,0.0,0.0,0.0,0.15,0.26666666666666666,0.0,0.15,0.26666666666666666,0.5166666666666667,0.4,0.6333333333333333,0.0,0.15,0.26666666666666666,0.0,0.0,0.0
20260705,Concrete,7,296,0.4350485414434156,0.4435031651505232,0.4435031651505232,0.4350485414434156,0.4350485414434156,0.4435031651505232,1,1,0,0,0.0,0.06666666666666667,0.38333333333333336,0.0,0.0,0.0,0.0,0.0,0.0,0.0,0.06666666666666667,0.38333333333333336,0.0,0.06666666666666667,0.38333333333333336,0.016666666666666666,0.25,0.38333333333333336,0.0,0.06666666666666667,0.38333333333333336,0.0,0.0,0.0
20260705,Concrete,6,208,0.4541342259916622,0.4687620574497811,0.4687620574497811,0.4541342259916622,0.4541342259916622,0.4687620574497811,1,1,0,0,0.2833333333333333,0.5166666666666667,0.5666666666666667,0.0,0.0,0.0,0.0,0.0,0.0,0.2833333333333333,0.5166666666666667,0.5666666666666667,0.2833333333333333,0.5166666666666667,0.5666666666666667,0.0,0.08333333333333333,0.5,0.2833333333333333,0.5166666666666667,0.5666666666666667,0.0,0.0,0.0
20260705,Concrete,5,180,0.4430253046475202,0.47192901697422385,0.47192901697422385,0.4430253046475202,0.4430253046475202,0.47192901697422385,1,1,0,0,0.38333333333333336,0.4166666666666667,0.5166666666666667,0.0,0.0,0.0,0.0,0.0,0.0,0.38333333333333336,0.4166666666666667,0.5166666666666667,0.38333333333333336,0.4166666666666667,0.5166666666666667,0.21666666666666667,0.2833333333333333,0.4666666666666667,0.38333333333333336,0.4166666666666667,0.5166666666666667,0.0,0.0,0.0
20260705,Concrete,7,66,0.4828148035812333,0.4828148035812333,0.4828148035812333,0.4828148035812333,0.4828148035812333,0.4828148035812333,1,1,0,0,0.0,0.016666666666666666,0.06666666666666667,0.0,0.0,0.0,0.0,0.0,0.0,0.0,0.016666666666666666,0.06666666666666667,0.0,0.016666666666666666,0.06666666666666667,0.2833333333333333,0.5166666666666667,0.6666666666666666,0.0,0.016666666666666666,0.06666666666666667,0.0,0.0,0.0
20260705,Concrete,4,311,0.4404060969097627,0.4677725431827662,0.4677725431827662,0.4404060969097627,0.4404060969097627,0.4677725431827662,1,1,0,0,0.0,0.0,0.16666666666666666,0.0,0.0,0.0,0.0,0.0,0.0,0.0,0.0,0.16666666666666666,0.0,0.0,0.16666666666666666,0.36666666666666664,0.4666666666666667,0.65,0.0,0.0,0.16666666666666666,0.0,0.0,0.0
20260705,Concrete,5,267,0.4753391426724333,0.4885943243177726,0.4885943243177726,0.4753391426724333,0.4753391426724333,0.4885943243177726,1,1,0,0,0.2833333333333333,0.4,0.8166666666666667,0.0,0.0,0.0,0.0,0.0,0.0,0.2833333333333333,0.4,0.8166666666666667,0.2833333333333333,0.4,0.8166666666666667,0.03333333333333333,0.31666666666666665,0.7833333333333333,0.2833333333333333,0.4,0.8166666666666667,0.0,0.0,0.0
20260705,Concrete,6,347,0.4718328211340609,0.4732175347279372,0.4732175347279372,0.4718328211340609,0.4718328211340609,0.4732175347279372,1,1,0,0,0.6333333333333333,0.5666666666666667,0.8,0.0,0.0,0.0,0.0,0.0,0.0,0.6333333333333333,0.5666666666666667,0.8,0.6333333333333333,0.5666666666666667,0.8,0.13333333333333333,0.3333333333333333,0.7333333333333333,0.6333333333333333,0.5666666666666667,0.8,0.0,0.0,0.0
20260705,Concrete,6,165,0.4575195113143159,0.44035500870581196,0.44035500870581196,0.4575195113143159,0.4575195113143159,0.44035500870581196,1,1,0,0,0.0,0.08333333333333333,0.4166666666666667,0.0,0.0,0.0,0.0,0.0,0.0,0.0,0.08333333333333333,0.4166666666666667,0.0,0.08333333333333333,0.4166666666666667,0.0,0.03333333333333333,0.3333333333333333,0.0,0.08333333333333333,0.4166666666666667,0.0,0.0,0.0
20260705,Concrete,5,162,0.4490430235296387,0.5023871819570483,0.5023871819570483,0.4490430235296387,0.4490430235296387,0.5023871819570483,1,1,0,0,0.03333333333333333,0.2,0.4,0.0,0.0,0.0,0.0,0.0,0.0,0.03333333333333333,0.2,0.4,0.03333333333333333,0.2,0.4,0.55,0.65,0.7833333333333333,0.03333333333333333,0.2,0.4,0.0,0.0,0.0
20260705,Concrete,8,232,0.42784261096724713,0.4922140090812015,0.4922140090812015,0.42784261096724713,0.42784261096724713,0.4922140090812015,1,1,0,0,0.016666666666666666,0.13333333333333333,0.5,0.0,0.0,0.0,0.0,0.0,0.0,0.016666666666666666,0.13333333333333333,0.5,0.016666666666666666,0.13333333333333333,0.5,0.7166666666666667,0.8333333333333334,0.95,0.016666666666666666,0.13333333333333333,0.5,0.0,0.0,0.0
20260705,Concrete,5,185,0.4855534339942546,0.4579607000924382,0.4579607000924382,0.4855534339942546,0.4855534339942546,0.4579607000924382,1,1,0,0,0.7166666666666667,0.8666666666666667,0.85,0.0,0.0,0.0,0.0,0.0,0.0,0.7166666666666667,0.8666666666666667,0.85,0.7166666666666667,0.8666666666666667,0.85,0.3333333333333333,0.5666666666666667,0.7,0.7166666666666667,0.8666666666666667,0.85,0.0,0.0,0.0
20260705,Concrete,7,348,0.45587417970706084,0.5049150151741504,0.5049150151741504,0.45587417970706084,0.45587417970706084,0.5049150151741504,1,1,0,0,0.0,0.21666666666666667,0.43333333333333335,0.0,0.0,0.0,0.0,0.0,0.0,0.0,0.21666666666666667,0.43333333333333335,0.0,0.21666666666666667,0.43333333333333335,0.4166666666666667,0.65,0.85,0.0,0.21666666666666667,0.43333333333333335,0.0,0.0,0.0
20260705,Concrete,7,105,0.4483542304762788,0.4483542304762788,0.4483542304762788,0.4483542304762788,0.4483542304762788,0.4483542304762788,1,1,0,0,0.55,0.4166666666666667,0.4666666666666667,0.0,0.0,0.0,0.0,0.0,0.0,0.55,0.4166666666666667,0.4666666666666667,0.55,0.4166666666666667,0.4666666666666667,0.5166666666666667,0.4,0.4166666666666667,0.55,0.4166666666666667,0.4666666666666667,0.0,0.0,0.0
20260705,Concrete,5,368,0.4348987268045793,0.4348987268045793,0.4348987268045793,0.4348987268045793,0.4348987268045793,0.4348987268045793,1,1,0,0,0.0,0.0,0.18333333333333332,0.0,0.0,0.0,0.0,0.0,0.0,0.0,0.0,0.18333333333333332,0.0,0.0,0.18333333333333332,0.08333333333333333,0.11666666666666667,0.5,0.0,0.0,0.18333333333333332,0.0,0.0,0.0
20260705,Concrete,8,306,0.4334368677234211,0.4336831709985233,0.4336831709985233,0.4334368677234211,0.4334368677234211,0.4336831709985233,1,1,0,0,0.13333333333333333,0.45,0.6,0.0,0.0,0.0,0.0,0.0,0.0,0.13333333333333333,0.45,0.6,0.13333333333333333,0.45,0.6,0.4,0.5,0.7833333333333333,0.13333333333333333,0.45,0.6,0.0,0.0,0.0
20260705,Concrete,8,131,0.4491369324539377,0.46577661884956145,0.46577661884956145,0.4491369324539377,0.4491369324539377,0.46577661884956145,1,1,0,0,0.1,0.35,0.5833333333333334,0.0,0.0,0.0,0.0,0.0,0.0,0.1,0.35,0.5833333333333334,0.1,0.35,0.5833333333333334,0.4166666666666667,0.43333333333333335,0.6833333333333333,0.1,0.35,0.5833333333333334,0.0,0.0,0.0
20260705,Concrete,7,154,0.46543344358921707,0.4756373210746299,0.4756373210746299,0.46543344358921707,0.46543344358921707,0.4756373210746299,1,1,0,0,0.26666666666666666,0.6666666666666666,0.8666666666666667,0.0,0.0,0.0,0.0,0.0,0.0,0.26666666666666666,0.6666666666666666,0.8666666666666667,0.26666666666666666,0.6666666666666666,0.8666666666666667,0.05,0.26666666666666666,0.4666666666666667,0.26666666666666666,0.6666666666666666,0.8666666666666667,0.0,0.0,0.0
20260705,Concrete,6,222,0.4812491967613513,0.4812491967613513,0.4812491967613513,0.4812491967613513,0.4812491967613513,0.4812491967613513,1,1,0,0,0.43333333333333335,0.4,0.3,0.0,0.0,0.0,0.0,0.0,0.0,0.43333333333333335,0.4,0.3,0.43333333333333335,0.4,0.3,0.11666666666666667,0.5166666666666667,0.7833333333333333,0.43333333333333335,0.4,0.3,0.0,0.0,0.0
