instance,family,data_split,arm,budget,certified_volume,certified,seconds
simplex-3-0,simplex,development,A0_global_independent,64,2.7755575615628914e-16,False,0.03761395893525332
simplex-3-0,simplex,development,A0_global_independent,256,3.2751579226442118e-15,False,0.27036824997048825
simplex-3-0,simplex,development,A0_global_independent,1024,1.0574874309554616e-14,False,1.137905417010188
simplex-3-0,simplex,development,A3_decision_joint_relevant,64,1.0,True,0.0022074170410633087
simplex-3-0,simplex,development,A3_decision_joint_relevant,256,1.0,True,0.001788125024177134
simplex-3-0,simplex,development,A3_decision_joint_relevant,1024,1.0,True,0.0017613330855965614
simplex-3-1,simplex,development,A0_global_independent,64,0.0,False,0.0258582909591496
simplex-3-1,simplex,development,A0_global_independent,256,0.0,False,0.10387970798183233
simplex-3-1,simplex,development,A0_global_independent,1024,0.0,False,0.4528066669590771
simplex-3-1,simplex,development,A3_decision_joint_relevant,64,4.6566128730773926e-09,False,0.03644983400590718
simplex-3-1,simplex,development,A3_decision_joint_relevant,256,3.259629011154175e-08,False,0.12842324993107468
simplex-3-1,simplex,development,A3_decision_joint_relevant,1024,2.60770320892334e-07,False,0.4991935830330476
simplex-3-2,simplex,development,A0_global_independent,64,2.1316282072803006e-13,False,0.03699537506327033
simplex-3-2,simplex,development,A0_global_independent,256,2.05702122002549e-12,False,0.22727541695348918
simplex-3-2,simplex,development,A0_global_independent,1024,8.185452315956354e-12,False,1.043394459062256
simplex-3-2,simplex,development,A3_decision_joint_relevant,64,0.005615234375,False,0.038597875041887164
simplex-3-2,simplex,development,A3_decision_joint_relevant,256,0.020294189453125,False,0.13911483401898295
simplex-3-2,simplex,development,A3_decision_joint_relevant,1024,0.0692138671875,False,0.5382158750435337
simplex-3-3,simplex,calibration,A0_global_independent,64,0.0,False,0.020650333957746625
simplex-3-3,simplex,calibration,A0_global_independent,256,0.0,False,0.09330158401280642
simplex-3-3,simplex,calibration,A0_global_independent,1024,0.0,False,0.39984199998434633
simplex-3-3,simplex,calibration,A3_decision_joint_relevant,64,5.587935447692871e-09,False,0.030987750040367246
simplex-3-3,simplex,calibration,A3_decision_joint_relevant,256,2.584420144557953e-08,False,0.12631070893257856
simplex-3-3,simplex,calibration,A3_decision_joint_relevant,1024,9.743962436914444e-08,False,0.505818625097163
simplex-3-4,simplex,test,A0_global_independent,64,1.734723475976807e-17,False,0.03371337510179728
simplex-3-4,simplex,test,A0_global_independent,256,3.5214886562329184e-16,False,0.24296266702003777
simplex-3-4,simplex,test,A0_global_independent,1024,2.0469737016526324e-15,False,1.1745879580266774
simplex-3-4,simplex,test,A3_decision_joint_relevant,64,0.359375,False,0.03538091597147286
simplex-3-4,simplex,test,A3_decision_joint_relevant,256,1.0,True,0.0913662079256028
simplex-3-4,simplex,test,A3_decision_joint_relevant,1024,1.0,True,0.0911146670114249
simplex-3-5,simplex,test,A0_global_independent,64,0.0,False,0.02979141694959253
simplex-3-5,simplex,test,A0_global_independent,256,0.0,False,0.17283108399715275
simplex-3-5,simplex,test,A0_global_independent,1024,0.0,False,0.8690588750177994
simplex-3-5,simplex,test,A3_decision_joint_relevant,64,0.00146484375,False,0.04965437494684011
simplex-3-5,simplex,test,A3_decision_joint_relevant,256,0.00732421875,False,0.19396345899440348
simplex-3-5,simplex,test,A3_decision_joint_relevant,1024,0.036376953125,False,0.7163627919508144
simplex-3-6,simplex,test,A0_global_independent,64,2.220446049250313e-16,False,0.04552012507338077
simplex-3-6,simplex,test,A0_global_independent,256,3.0531133177191805e-15,False,0.46803049999289215
simplex-3-6,simplex,test,A0_global_independent,1024,1.5140666498325572e-14,False,1.3435010419925675
simplex-3-6,simplex,test,A3_decision_joint_relevant,64,1.0,True,0.00689654191955924
simplex-3-6,simplex,test,A3_decision_joint_relevant,256,1.0,True,0.004885958973318338
simplex-3-6,simplex,test,A3_decision_joint_relevant,1024,1.0,True,0.004551875055767596
simplex-3-7,simplex,test,A0_global_independent,64,0.0,False,0.03775541600771248
simplex-3-7,simplex,test,A0_global_independent,256,0.0,False,0.20896520803216845
simplex-3-7,simplex,test,A0_global_independent,1024,0.0,False,0.9814243339933455
simplex-3-7,simplex,test,A3_decision_joint_relevant,64,0.1015625,False,0.03474679100327194
simplex-3-7,simplex,test,A3_decision_joint_relevant,256,0.4140625,False,0.12956262496300042
simplex-3-7,simplex,test,A3_decision_joint_relevant,1024,1.0,True,0.2781815829221159
simplex-6-0,simplex,development,A0_global_independent,64,0.0,False,0.031166124972514808
simplex-6-0,simplex,development,A0_global_independent,256,0.0,False,0.11493737495038658
simplex-6-0,simplex,development,A0_global_independent,1024,0.0,False,0.4631813750602305
simplex-6-0,simplex,development,A3_decision_joint_relevant,64,4.100799560546875e-05,False,0.05018966703210026
simplex-6-0,simplex,development,A3_decision_joint_relevant,256,0.00022602081298828125,False,0.17697824991773814
simplex-6-0,simplex,development,A3_decision_joint_relevant,1024,0.0013484954833984375,False,0.7209815420210361
simplex-6-1,simplex,development,A0_global_independent,64,0.0,False,0.030140083050355315
simplex-6-1,simplex,development,A0_global_independent,256,0.0,False,0.15156537503935397
simplex-6-1,simplex,development,A0_global_independent,1024,0.0,False,0.6958679169183597
simplex-6-1,simplex,development,A3_decision_joint_relevant,64,1.0,True,0.0011895829811692238
simplex-6-1,simplex,development,A3_decision_joint_relevant,256,1.0,True,0.0011230000527575612
simplex-6-1,simplex,development,A3_decision_joint_relevant,1024,1.0,True,0.0011299169855192304
simplex-6-2,simplex,development,A0_global_independent,64,0.0,False,0.028730666963383555
simplex-6-2,simplex,development,A0_global_independent,256,0.0,False,0.11789583298377693
simplex-6-2,simplex,development,A0_global_independent,1024,0.0,False,0.48318233399186283
simplex-6-2,simplex,development,A3_decision_joint_relevant,64,1.0,True,0.0012424170272424817
simplex-6-2,simplex,development,A3_decision_joint_relevant,256,1.0,True,0.001988208037801087
simplex-6-2,simplex,development,A3_decision_joint_relevant,1024,1.0,True,0.0012333749327808619
simplex-6-3,simplex,calibration,A0_global_independent,64,0.0,False,0.027743375045247376
simplex-6-3,simplex,calibration,A0_global_independent,256,0.0,False,0.11414404201786965
simplex-6-3,simplex,calibration,A0_global_independent,1024,0.0,False,0.44829179195221514
simplex-6-3,simplex,calibration,A3_decision_joint_relevant,64,1.0,True,0.0011850829469040036
simplex-6-3,simplex,calibration,A3_decision_joint_relevant,256,1.0,True,0.0012364580761641264
simplex-6-3,simplex,calibration,A3_decision_joint_relevant,1024,1.0,True,0.001302165910601616
simplex-6-4,simplex,test,A0_global_independent,64,0.0,False,0.027498125098645687
simplex-6-4,simplex,test,A0_global_independent,256,0.0,False,0.1091264170827344
simplex-6-4,simplex,test,A0_global_independent,1024,0.0,False,0.4695985409198329
simplex-6-4,simplex,test,A3_decision_joint_relevant,64,1.1444091796875e-05,False,0.03838925005402416
simplex-6-4,simplex,test,A3_decision_joint_relevant,256,6.103515625e-05,False,0.14749366708565503
simplex-6-4,simplex,test,A3_decision_joint_relevant,1024,0.00021696090698242188,False,0.5806419160217047
simplex-6-5,simplex,test,A0_global_independent,64,0.0,False,0.027954666991718113
simplex-6-5,simplex,test,A0_global_independent,256,0.0,False,0.10934012499637902
simplex-6-5,simplex,test,A0_global_independent,1024,0.0,False,0.4426177080022171
simplex-6-5,simplex,test,A3_decision_joint_relevant,64,4.190951585769653e-09,False,0.03938520897645503
simplex-6-5,simplex,test,A3_decision_joint_relevant,256,3.259629011154175e-08,False,0.14956812502350658
simplex-6-5,simplex,test,A3_decision_joint_relevant,1024,1.7136335372924805e-07,False,0.591056916047819
simplex-6-6,simplex,test,A0_global_independent,64,0.0,False,0.02795404102653265
simplex-6-6,simplex,test,A0_global_independent,256,0.0,False,0.1106752910418436
simplex-6-6,simplex,test,A0_global_independent,1024,0.0,False,0.44581720896530896
simplex-6-6,simplex,test,A3_decision_joint_relevant,64,0.000213623046875,False,0.03882000001613051
simplex-6-6,simplex,test,A3_decision_joint_relevant,256,0.000579833984375,False,0.14880845905281603
simplex-6-6,simplex,test,A3_decision_joint_relevant,1024,0.002544403076171875,False,0.5896810000995174
simplex-6-7,simplex,test,A0_global_independent,64,0.0,False,0.03576516697648913
simplex-6-7,simplex,test,A0_global_independent,256,0.0,False,0.12719274999108166
simplex-6-7,simplex,test,A0_global_independent,1024,0.0,False,0.5146512920036912
simplex-6-7,simplex,test,A3_decision_joint_relevant,64,0.0546875,False,0.03945141704753041
simplex-6-7,simplex,test,A3_decision_joint_relevant,256,0.1728515625,False,0.15205979207530618
simplex-6-7,simplex,test,A3_decision_joint_relevant,1024,0.646484375,False,0.6134290830232203
simplex-10-0,simplex,development,A0_global_independent,64,0.0,False,0.03801470808684826
simplex-10-0,simplex,development,A0_global_independent,256,0.0,False,0.1463913330808282
simplex-10-0,simplex,development,A0_global_independent,1024,0.0,False,0.5967756669269875
simplex-10-0,simplex,development,A3_decision_joint_relevant,64,1.0,True,0.0017773330910131335
simplex-10-0,simplex,development,A3_decision_joint_relevant,256,1.0,True,0.0015077500138431787
simplex-10-0,simplex,development,A3_decision_joint_relevant,1024,1.0,True,0.0014817080227658153
simplex-10-1,simplex,development,A0_global_independent,64,0.0,False,0.03763458295725286
simplex-10-1,simplex,development,A0_global_independent,256,0.0,False,0.15203545801341534
simplex-10-1,simplex,development,A0_global_independent,1024,0.0,False,0.5940390409668908
simplex-10-1,simplex,development,A3_decision_joint_relevant,64,1.0,True,0.0017266659997403622
simplex-10-1,simplex,development,A3_decision_joint_relevant,256,1.0,True,0.0016217080410569906
simplex-10-1,simplex,development,A3_decision_joint_relevant,1024,1.0,True,0.0014696660218760371
simplex-10-2,simplex,development,A0_global_independent,64,0.0,False,0.06446454103570431
simplex-10-2,simplex,development,A0_global_independent,256,0.0,False,0.14767658291384578
simplex-10-2,simplex,development,A0_global_independent,1024,0.0,False,0.5917039579944685
simplex-10-2,simplex,development,A3_decision_joint_relevant,64,0.140625,False,0.05408554198220372
simplex-10-2,simplex,development,A3_decision_joint_relevant,256,0.330078125,False,0.214429417042993
simplex-10-2,simplex,development,A3_decision_joint_relevant,1024,1.0,True,0.6556912080850452
simplex-10-3,simplex,calibration,A0_global_independent,64,0.0,False,0.036485500051639974
simplex-10-3,simplex,calibration,A0_global_independent,256,0.0,False,0.14860783296171576
simplex-10-3,simplex,calibration,A0_global_independent,1024,0.0,False,0.5937282079830766
simplex-10-3,simplex,calibration,A3_decision_joint_relevant,64,1.0,True,0.010597666958346963
simplex-10-3,simplex,calibration,A3_decision_joint_relevant,256,1.0,True,0.009904625010676682
simplex-10-3,simplex,calibration,A3_decision_joint_relevant,1024,1.0,True,0.010169291985221207
simplex-10-4,simplex,test,A0_global_independent,64,0.0,False,0.036838082945905626
simplex-10-4,simplex,test,A0_global_independent,256,0.0,False,0.14613816607743502
simplex-10-4,simplex,test,A0_global_independent,1024,0.0,False,0.6197129579959437
simplex-10-4,simplex,test,A3_decision_joint_relevant,64,0.000125885009765625,False,0.04880187497474253
simplex-10-4,simplex,test,A3_decision_joint_relevant,256,0.0006866455078125,False,0.1828172089299187
simplex-10-4,simplex,test,A3_decision_joint_relevant,1024,0.00193023681640625,False,0.7217997920233756
simplex-10-5,simplex,test,A0_global_independent,64,0.0,False,0.036462999996729195
simplex-10-5,simplex,test,A0_global_independent,256,0.0,False,0.1444684580201283
simplex-10-5,simplex,test,A0_global_independent,1024,0.0,False,0.5788824579212815
simplex-10-5,simplex,test,A3_decision_joint_relevant,64,1.0,True,0.0015989590901881456
simplex-10-5,simplex,test,A3_decision_joint_relevant,256,1.0,True,0.0014899580273777246
simplex-10-5,simplex,test,A3_decision_joint_relevant,1024,1.0,True,0.0014834590256214142
simplex-10-6,simplex,test,A0_global_independent,64,0.0,False,0.03647287504281849
simplex-10-6,simplex,test,A0_global_independent,256,0.0,False,0.14717612508684397
simplex-10-6,simplex,test,A0_global_independent,1024,0.0,False,0.5787921249866486
simplex-10-6,simplex,test,A3_decision_joint_relevant,64,1.0,True,0.0015885420143604279
simplex-10-6,simplex,test,A3_decision_joint_relevant,256,1.0,True,0.0014895409112796187
simplex-10-6,simplex,test,A3_decision_joint_relevant,1024,1.0,True,0.0014837499475106597
simplex-10-7,simplex,test,A0_global_independent,64,0.0,False,0.03589358297176659
simplex-10-7,simplex,test,A0_global_independent,256,0.0,False,0.14238929189741611
simplex-10-7,simplex,test,A0_global_independent,1024,0.0,False,0.5753804589621723
simplex-10-7,simplex,test,A3_decision_joint_relevant,64,1.0,True,0.03367233299650252
simplex-10-7,simplex,test,A3_decision_joint_relevant,256,1.0,True,0.03342995804268867
simplex-10-7,simplex,test,A3_decision_joint_relevant,1024,1.0,True,0.03340025001671165
spherical-3-0,spherical,development,A0_global_independent,64,0.0,False,0.02754508308134973
spherical-3-0,spherical,development,A0_global_independent,256,0.0,False,0.16101183299906552
spherical-3-0,spherical,development,A0_global_independent,1024,0.0,False,0.7040284170070663
spherical-3-0,spherical,development,A3_decision_joint_relevant,64,2.86102294921875e-06,False,0.03240404196549207
spherical-3-0,spherical,development,A3_decision_joint_relevant,256,6.370246410369873e-06,False,0.13520666700787842
spherical-3-0,spherical,development,A3_decision_joint_relevant,1024,6.134063005447388e-05,False,0.5189874169882387
spherical-3-1,spherical,development,A0_global_independent,64,3.552713678800501e-15,False,0.0328411670634523
spherical-3-1,spherical,development,A0_global_independent,256,4.618527782440651e-14,False,0.23485100001562387
spherical-3-1,spherical,development,A0_global_independent,1024,2.1938006966593093e-13,False,1.0442833330016583
spherical-3-1,spherical,development,A3_decision_joint_relevant,64,4.0745362639427185e-10,False,0.03318195801693946
spherical-3-1,spherical,development,A3_decision_joint_relevant,256,2.9685907065868378e-09,False,0.12724883295595646
spherical-3-1,spherical,development,A3_decision_joint_relevant,1024,1.095759216696024e-08,False,0.47974908305332065
spherical-3-2,spherical,development,A0_global_independent,64,0.0,False,0.026351583073846996
spherical-3-2,spherical,development,A0_global_independent,256,0.0,False,0.17776462505571544
spherical-3-2,spherical,development,A0_global_independent,1024,0.0,False,0.8738529999973252
spherical-3-2,spherical,development,A3_decision_joint_relevant,64,0.0625,False,0.040619042003527284
spherical-3-2,spherical,development,A3_decision_joint_relevant,256,0.2265625,False,0.149952125037089
spherical-3-2,spherical,development,A3_decision_joint_relevant,1024,0.662109375,False,0.5793011250207201
spherical-3-3,spherical,calibration,A0_global_independent,64,1.2434497875801753e-14,False,0.03463787492364645
spherical-3-3,spherical,calibration,A0_global_independent,256,1.1368683772161603e-13,False,0.251782082952559
spherical-3-3,spherical,calibration,A0_global_independent,1024,5.151434834260726e-13,False,1.1135054170154035
spherical-3-3,spherical,calibration,A3_decision_joint_relevant,64,1.30385160446167e-08,False,0.03365274996031076
spherical-3-3,spherical,calibration,A3_decision_joint_relevant,256,1.1920928955078125e-07,False,0.12353583390358835
spherical-3-3,spherical,calibration,A3_decision_joint_relevant,1024,2.926681190729141e-07,False,0.47920895798597485
spherical-3-4,spherical,test,A0_global_independent,64,0.0,False,0.028333958005532622
spherical-3-4,spherical,test,A0_global_independent,256,0.0,False,0.19538795808330178
spherical-3-4,spherical,test,A0_global_independent,1024,1.734723475976807e-17,False,0.8802536251023412
spherical-3-4,spherical,test,A3_decision_joint_relevant,64,1.0,True,0.0009252920281141996
spherical-3-4,spherical,test,A3_decision_joint_relevant,256,1.0,True,0.0008743749931454659
spherical-3-4,spherical,test,A3_decision_joint_relevant,1024,1.0,True,0.0008538749534636736
spherical-3-5,spherical,test,A0_global_independent,64,3.552713678800501e-15,False,0.039347290992736816
spherical-3-5,spherical,test,A0_global_independent,256,4.8405723873656825e-14,False,0.2580197909846902
spherical-3-5,spherical,test,A0_global_independent,1024,2.255973186038318e-13,False,1.1127159170573577
spherical-3-5,spherical,test,A3_decision_joint_relevant,64,0.40625,False,0.030135500011965632
spherical-3-5,spherical,test,A3_decision_joint_relevant,256,1.0,True,0.06625820905901492
spherical-3-5,spherical,test,A3_decision_joint_relevant,1024,1.0,True,0.06574087508488446
spherical-3-6,spherical,test,A0_global_independent,64,8.881784197001252e-15,False,0.03175399999599904
spherical-3-6,spherical,test,A0_global_independent,256,1.1368683772161603e-13,False,0.21803224994800985
spherical-3-6,spherical,test,A0_global_independent,1024,5.080380560684716e-13,False,0.9559471670072526
spherical-3-6,spherical,test,A3_decision_joint_relevant,64,4.842877388000488e-08,False,0.03368308302015066
spherical-3-6,spherical,test,A3_decision_joint_relevant,256,3.2782554626464844e-07,False,0.12144345894921571
spherical-3-6,spherical,test,A3_decision_joint_relevant,1024,1.1771917343139648e-06,False,0.4743743749568239
spherical-3-7,spherical,test,A0_global_independent,64,0.0,False,0.020776207908056676
spherical-3-7,spherical,test,A0_global_independent,256,0.0,False,0.08352237509097904
spherical-3-7,spherical,test,A0_global_independent,1024,0.0,False,0.3332425409462303
spherical-3-7,spherical,test,A3_decision_joint_relevant,64,1.0,True,0.0010455419542267919
spherical-3-7,spherical,test,A3_decision_joint_relevant,256,1.0,True,0.0009119589813053608
spherical-3-7,spherical,test,A3_decision_joint_relevant,1024,1.0,True,0.0008724170038476586
spherical-6-0,spherical,development,A0_global_independent,64,0.0,False,0.02789145801216364
spherical-6-0,spherical,development,A0_global_independent,256,0.0,False,0.11004737496841699
spherical-6-0,spherical,development,A0_global_independent,1024,0.0,False,0.4408142500324175
spherical-6-0,spherical,development,A3_decision_joint_relevant,64,1.0,True,0.001150249969214201
spherical-6-0,spherical,development,A3_decision_joint_relevant,256,1.0,True,0.0011003329418599606
spherical-6-0,spherical,development,A3_decision_joint_relevant,1024,1.0,True,0.0011972499778494239
spherical-6-1,spherical,development,A0_global_independent,64,0.0,False,0.027490042033605278
spherical-6-1,spherical,development,A0_global_independent,256,0.0,False,0.10878429200965911
spherical-6-1,spherical,development,A0_global_independent,1024,0.0,False,0.44112983299419284
spherical-6-1,spherical,development,A3_decision_joint_relevant,64,1.0,True,0.001187209039926529
spherical-6-1,spherical,development,A3_decision_joint_relevant,256,1.0,True,0.001173499971628189
spherical-6-1,spherical,development,A3_decision_joint_relevant,1024,1.0,True,0.001262917066924274
spherical-6-2,spherical,development,A0_global_independent,64,0.0,False,0.028204709058627486
spherical-6-2,spherical,development,A0_global_independent,256,0.0,False,0.12195091706234962
spherical-6-2,spherical,development,A0_global_independent,1024,0.0,False,0.47445491701364517
spherical-6-2,spherical,development,A3_decision_joint_relevant,64,1.0,True,0.0011334579903632402
spherical-6-2,spherical,development,A3_decision_joint_relevant,256,1.0,True,0.0010947079863399267
spherical-6-2,spherical,development,A3_decision_joint_relevant,1024,1.0,True,0.0010869590332731605
spherical-6-3,spherical,calibration,A0_global_independent,64,0.0,False,0.027506374986842275
spherical-6-3,spherical,calibration,A0_global_independent,256,0.0,False,0.11901241599116474
spherical-6-3,spherical,calibration,A0_global_independent,1024,0.0,False,0.4834526249906048
spherical-6-3,spherical,calibration,A3_decision_joint_relevant,64,3.410605131648481e-13,False,0.039774624980054796
spherical-6-3,spherical,calibration,A3_decision_joint_relevant,256,2.6432189770275727e-12,False,0.15009487501811236
spherical-6-3,spherical,calibration,A3_decision_joint_relevant,1024,1.043076736095827e-11,False,0.582079290994443
spherical-6-4,spherical,test,A0_global_independent,64,0.0,False,0.027135665994137526
spherical-6-4,spherical,test,A0_global_independent,256,0.0,False,0.10941525001544505
spherical-6-4,spherical,test,A0_global_independent,1024,0.0,False,0.4339728329796344
spherical-6-4,spherical,test,A3_decision_joint_relevant,64,5.340576171875e-05,False,0.040499333990737796
spherical-6-4,spherical,test,A3_decision_joint_relevant,256,0.0002117156982421875,False,0.1503953339997679
spherical-6-4,spherical,test,A3_decision_joint_relevant,1024,0.000652313232421875,False,0.5875094159273431
spherical-6-5,spherical,test,A0_global_independent,64,0.0,False,0.02787408302538097
spherical-6-5,spherical,test,A0_global_independent,256,0.0,False,0.1098924590041861
spherical-6-5,spherical,test,A0_global_independent,1024,0.0,False,0.4409750000340864
spherical-6-5,spherical,test,A3_decision_joint_relevant,64,0.0068359375,False,0.03836029104422778
spherical-6-5,spherical,test,A3_decision_joint_relevant,256,0.0196533203125,False,0.1494065000442788
spherical-6-5,spherical,test,A3_decision_joint_relevant,1024,0.08203125,False,0.5879641660721973
spherical-6-6,spherical,test,A0_global_independent,64,0.0,False,0.027473874972201884
spherical-6-6,spherical,test,A0_global_independent,256,0.0,False,0.1250005830079317
spherical-6-6,spherical,test,A0_global_independent,1024,0.0,False,0.5050544999539852
spherical-6-6,spherical,test,A3_decision_joint_relevant,64,2.9802322387695312e-08,False,0.04572916706092656
spherical-6-6,spherical,test,A3_decision_joint_relevant,256,1.993030309677124e-07,False,0.1574959580320865
spherical-6-6,spherical,test,A3_decision_joint_relevant,1024,6.547197699546814e-07,False,0.622447874979116
spherical-6-7,spherical,test,A0_global_independent,64,0.0,False,0.028168375021778047
spherical-6-7,spherical,test,A0_global_independent,256,0.0,False,0.12219116697087884
spherical-6-7,spherical,test,A0_global_independent,1024,0.0,False,0.5062016660813242
spherical-6-7,spherical,test,A3_decision_joint_relevant,64,0.0107421875,False,0.04425087501294911
spherical-6-7,spherical,test,A3_decision_joint_relevant,256,0.0380859375,False,0.17152808292303234
spherical-6-7,spherical,test,A3_decision_joint_relevant,1024,0.111328125,False,0.6775252919178456
spherical-10-0,spherical,development,A0_global_independent,64,0.0,False,0.03715429094154388
spherical-10-0,spherical,development,A0_global_independent,256,0.0,False,0.14651612506713718
spherical-10-0,spherical,development,A0_global_independent,1024,0.0,False,0.5805645419750363
spherical-10-0,spherical,development,A3_decision_joint_relevant,64,1.3877787807814457e-17,False,0.06771904195193201
spherical-10-0,spherical,development,A3_decision_joint_relevant,256,3.191891195797325e-16,False,0.2038422910263762
spherical-10-0,spherical,development,A3_decision_joint_relevant,1024,1.6410484082740595e-15,False,0.7423512500245124
spherical-10-1,spherical,development,A0_global_independent,64,0.0,False,0.03634795802645385
spherical-10-1,spherical,development,A0_global_independent,256,0.0,False,0.14701125002466142
spherical-10-1,spherical,development,A0_global_independent,1024,0.0,False,0.5825664579169825
spherical-10-1,spherical,development,A3_decision_joint_relevant,64,0.0,False,0.06557541701477021
spherical-10-1,spherical,development,A3_decision_joint_relevant,256,0.0,False,0.24404324998613447
spherical-10-1,spherical,development,A3_decision_joint_relevant,1024,0.0,False,0.9485081249149516
spherical-10-2,spherical,development,A0_global_independent,64,0.0,False,0.03632670803926885
spherical-10-2,spherical,development,A0_global_independent,256,0.0,False,0.14360291697084904
spherical-10-2,spherical,development,A0_global_independent,1024,0.0,False,0.6113154580816627
spherical-10-2,spherical,development,A3_decision_joint_relevant,64,0.0,False,0.05292237503454089
spherical-10-2,spherical,development,A3_decision_joint_relevant,256,0.0,False,0.18635320803150535
spherical-10-2,spherical,development,A3_decision_joint_relevant,1024,0.0,False,0.7198854169109836
spherical-10-3,spherical,calibration,A0_global_independent,64,0.0,False,0.03830175008624792
spherical-10-3,spherical,calibration,A0_global_independent,256,0.0,False,0.1558092919876799
spherical-10-3,spherical,calibration,A0_global_independent,1024,0.0,False,0.6063271670136601
spherical-10-3,spherical,calibration,A3_decision_joint_relevant,64,0.0,False,0.05202400009147823
spherical-10-3,spherical,calibration,A3_decision_joint_relevant,256,0.0,False,0.18758887494914234
spherical-10-3,spherical,calibration,A3_decision_joint_relevant,1024,0.0,False,0.7359292089240626
spherical-10-4,spherical,test,A0_global_independent,64,0.0,False,0.03661491710226983
spherical-10-4,spherical,test,A0_global_independent,256,0.0,False,0.14450775005389005
spherical-10-4,spherical,test,A0_global_independent,1024,0.0,False,0.5849380829604343
spherical-10-4,spherical,test,A3_decision_joint_relevant,64,2.2737367544323206e-13,False,0.05557304201647639
spherical-10-4,spherical,test,A3_decision_joint_relevant,256,5.4569682106375694e-12,False,0.18613212509080768
spherical-10-4,spherical,test,A3_decision_joint_relevant,1024,2.212274807789072e-11,False,0.729310791939497
spherical-10-5,spherical,test,A0_global_independent,64,0.0,False,0.03686816699337214
spherical-10-5,spherical,test,A0_global_independent,256,0.0,False,0.14535854198038578
spherical-10-5,spherical,test,A0_global_independent,1024,0.0,False,0.6621646250132471
spherical-10-5,spherical,test,A3_decision_joint_relevant,64,0.21875,False,0.047340999939478934
spherical-10-5,spherical,test,A3_decision_joint_relevant,256,0.65625,False,0.18588925001677126
spherical-10-5,spherical,test,A3_decision_joint_relevant,1024,1.0,True,0.3676169579848647
spherical-10-6,spherical,test,A0_global_independent,64,0.0,False,0.03516629198566079
spherical-10-6,spherical,test,A0_global_independent,256,0.0,False,0.14251874992623925
spherical-10-6,spherical,test,A0_global_independent,1024,0.0,False,0.5650066250236705
spherical-10-6,spherical,test,A3_decision_joint_relevant,64,0.0,False,0.047692916938103735
spherical-10-6,spherical,test,A3_decision_joint_relevant,256,0.0,False,0.17993874999228865
spherical-10-6,spherical,test,A3_decision_joint_relevant,1024,0.0,False,0.7232788329711184
spherical-10-7,spherical,test,A0_global_independent,64,0.0,False,0.03713366691954434
spherical-10-7,spherical,test,A0_global_independent,256,0.0,False,0.1444154999917373
spherical-10-7,spherical,test,A0_global_independent,1024,0.0,False,0.5725036669755355
spherical-10-7,spherical,test,A3_decision_joint_relevant,64,4.656612873077393e-10,False,0.04972833301872015
spherical-10-7,spherical,test,A3_decision_joint_relevant,256,3.259629011154175e-09,False,0.1808092910796404
spherical-10-7,spherical,test,A3_decision_joint_relevant,1024,1.4493707567453384e-08,False,0.712773707928136
convex-3-0,convex,development,A0_global_independent,64,3.552713678800501e-15,False,0.03794287494383752
convex-3-0,convex,development,A0_global_independent,256,3.197442310920451e-14,False,0.2579962919699028
convex-3-0,convex,development,A0_global_independent,1024,1.4566126083082054e-13,False,1.1424259589985013
convex-3-0,convex,development,A3_decision_joint_relevant,64,1.0,True,0.000881417072378099
convex-3-0,convex,development,A3_decision_joint_relevant,256,1.0,True,0.0008632909739390016
convex-3-0,convex,development,A3_decision_joint_relevant,1024,1.0,True,0.0008555409731343389
convex-3-1,convex,development,A0_global_independent,64,1.0231815394945443e-12,False,0.04167737497482449
convex-3-1,convex,development,A0_global_independent,256,4.270361841918202e-12,False,0.26217212504707277
convex-3-1,convex,development,A0_global_independent,1024,6.561862164744525e-12,False,1.1523234159685671
convex-3-1,convex,development,A3_decision_joint_relevant,64,1.0,True,0.000921625061891973
convex-3-1,convex,development,A3_decision_joint_relevant,256,1.0,True,0.0008994160452857614
convex-3-1,convex,development,A3_decision_joint_relevant,1024,1.0,True,0.0008849159348756075
convex-3-2,convex,development,A0_global_independent,64,5.204170427930421e-18,False,0.03221833403222263
convex-3-2,convex,development,A0_global_independent,256,8.326672684688674e-17,False,0.2058876670198515
convex-3-2,convex,development,A0_global_independent,1024,5.785302792382652e-16,False,0.9219916670117527
convex-3-2,convex,development,A3_decision_joint_relevant,64,1.0,True,0.0009394160006195307
convex-3-2,convex,development,A3_decision_joint_relevant,256,1.0,True,0.0008663330227136612
convex-3-2,convex,development,A3_decision_joint_relevant,1024,1.0,True,0.000851290998980403
convex-3-3,convex,calibration,A0_global_independent,64,0.0,False,0.02297516691032797
convex-3-3,convex,calibration,A0_global_independent,256,0.0,False,0.11991662508808076
convex-3-3,convex,calibration,A0_global_independent,1024,1.8648277366750676e-16,False,0.6397845830069855
convex-3-3,convex,calibration,A3_decision_joint_relevant,64,1.0,True,0.0008795420872047544
convex-3-3,convex,calibration,A3_decision_joint_relevant,256,1.0,True,0.0008556669345125556
convex-3-3,convex,calibration,A3_decision_joint_relevant,1024,1.0,True,0.0008475829381495714
convex-3-4,convex,test,A0_global_independent,64,1.9895196601282805e-13,False,0.032099916017614305
convex-3-4,convex,test,A0_global_independent,256,1.8474111129762605e-12,False,0.19427083409391344
convex-3-4,convex,test,A0_global_independent,1024,1.848265464288179e-12,False,0.6338727090042084
convex-3-4,convex,test,A3_decision_joint_relevant,64,1.0,True,0.0009485420305281878
convex-3-4,convex,test,A3_decision_joint_relevant,256,1.0,True,0.0008758750045672059
convex-3-4,convex,test,A3_decision_joint_relevant,1024,1.0,True,0.0008730830159038305
convex-3-5,convex,test,A0_global_independent,64,7.105427357601002e-15,False,0.04084170900750905
convex-3-5,convex,test,A0_global_independent,256,6.927791673660977e-14,False,0.26042454200796783
convex-3-5,convex,test,A0_global_independent,1024,3.659295089164516e-13,False,1.1443410420324653
convex-3-5,convex,test,A3_decision_joint_relevant,64,1.0,True,0.0008978750556707382
convex-3-5,convex,test,A3_decision_joint_relevant,256,1.0,True,0.0008580830181017518
convex-3-5,convex,test,A3_decision_joint_relevant,1024,1.0,True,0.0008554169908165932
convex-3-6,convex,test,A0_global_independent,64,1.1641532182693481e-10,False,0.039151082979515195
convex-3-6,convex,test,A0_global_independent,256,6.984919309616089e-10,False,0.2150441249832511
convex-3-6,convex,test,A0_global_independent,1024,1.3037606549914926e-09,False,1.005924207973294
convex-3-6,convex,test,A3_decision_joint_relevant,64,1.0,True,0.0008881250396370888
convex-3-6,convex,test,A3_decision_joint_relevant,256,1.0,True,0.0008491670014336705
convex-3-6,convex,test,A3_decision_joint_relevant,1024,1.0,True,0.0008409160654991865
convex-3-7,convex,test,A0_global_independent,64,3.183231456205249e-12,False,0.03748087503481656
convex-3-7,convex,test,A0_global_independent,256,1.9397816686250735e-11,False,0.21187158301472664
convex-3-7,convex,test,A0_global_independent,1024,4.125411123823142e-11,False,0.9679811249952763
convex-3-7,convex,test,A3_decision_joint_relevant,64,1.0,True,0.0008927079616114497
convex-3-7,convex,test,A3_decision_joint_relevant,256,1.0,True,0.0008673330303281546
convex-3-7,convex,test,A3_decision_joint_relevant,1024,1.0,True,0.0008546670433133841
convex-6-0,convex,development,A0_global_independent,64,0.0,False,0.02633550006430596
convex-6-0,convex,development,A0_global_independent,256,0.0,False,0.10489479196257889
convex-6-0,convex,development,A0_global_independent,1024,0.0,False,0.43734045792371035
convex-6-0,convex,development,A3_decision_joint_relevant,64,1.0,True,0.0011696249712258577
convex-6-0,convex,development,A3_decision_joint_relevant,256,1.0,True,0.0011157079134136438
convex-6-0,convex,development,A3_decision_joint_relevant,1024,1.0,True,0.00111408403608948
convex-6-1,convex,development,A0_global_independent,64,0.0,False,0.02623045793734491
convex-6-1,convex,development,A0_global_independent,256,0.0,False,0.10396724997553974
convex-6-1,convex,development,A0_global_independent,1024,0.0,False,0.4231012499658391
convex-6-1,convex,development,A3_decision_joint_relevant,64,1.0,True,0.0011336670722812414
convex-6-1,convex,development,A3_decision_joint_relevant,256,1.0,True,0.0011067079612985253
convex-6-1,convex,development,A3_decision_joint_relevant,1024,1.0,True,0.0011030839523300529
convex-6-2,convex,development,A0_global_independent,64,0.0,False,0.02626183396205306
convex-6-2,convex,development,A0_global_independent,256,0.0,False,0.10409237502608448
convex-6-2,convex,development,A0_global_independent,1024,0.0,False,0.4141799999633804
convex-6-2,convex,development,A3_decision_joint_relevant,64,1.0,True,0.0016547910636290908
convex-6-2,convex,development,A3_decision_joint_relevant,256,1.0,True,0.0011969999177381396
convex-6-2,convex,development,A3_decision_joint_relevant,1024,1.0,True,0.0011312910355627537
convex-6-3,convex,calibration,A0_global_independent,64,0.0,False,0.02800574991852045
convex-6-3,convex,calibration,A0_global_independent,256,0.0,False,0.13200383307412267
convex-6-3,convex,calibration,A0_global_independent,1024,0.0,False,0.5520849169697613
convex-6-3,convex,calibration,A3_decision_joint_relevant,64,1.0,True,0.0011729579418897629
convex-6-3,convex,calibration,A3_decision_joint_relevant,256,1.0,True,0.0012235000031068921
convex-6-3,convex,calibration,A3_decision_joint_relevant,1024,1.0,True,0.0013119999784976244
convex-6-4,convex,test,A0_global_independent,64,0.0,False,0.027535291970707476
convex-6-4,convex,test,A0_global_independent,256,0.0,False,0.11145095794927329
convex-6-4,convex,test,A0_global_independent,1024,0.0,False,0.48836712492629886
convex-6-4,convex,test,A3_decision_joint_relevant,64,1.0,True,0.001270791981369257
convex-6-4,convex,test,A3_decision_joint_relevant,256,1.0,True,0.0011007499415427446
convex-6-4,convex,test,A3_decision_joint_relevant,1024,1.0,True,0.0011284590000286698
convex-6-5,convex,test,A0_global_independent,64,0.0,False,0.027931040967814624
convex-6-5,convex,test,A0_global_independent,256,0.0,False,0.1117749159457162
convex-6-5,convex,test,A0_global_independent,1024,0.0,False,0.4897122500697151
convex-6-5,convex,test,A3_decision_joint_relevant,64,1.0,True,0.0012532080290839076
convex-6-5,convex,test,A3_decision_joint_relevant,256,1.0,True,0.0011205840855836868
convex-6-5,convex,test,A3_decision_joint_relevant,1024,1.0,True,0.0011052500922232866
convex-6-6,convex,test,A0_global_independent,64,0.0,False,0.028123750002123415
convex-6-6,convex,test,A0_global_independent,256,0.0,False,0.11031620798166841
convex-6-6,convex,test,A0_global_independent,1024,0.0,False,0.4575666249729693
convex-6-6,convex,test,A3_decision_joint_relevant,64,1.0,True,0.005605499958619475
convex-6-6,convex,test,A3_decision_joint_relevant,256,1.0,True,0.006013749982230365
convex-6-6,convex,test,A3_decision_joint_relevant,1024,1.0,True,0.006093916948884726
convex-6-7,convex,test,A0_global_independent,64,0.0,False,0.029138625017367303
convex-6-7,convex,test,A0_global_independent,256,0.0,False,0.14532791706733406
convex-6-7,convex,test,A0_global_independent,1024,0.0,False,0.5744819169631228
convex-6-7,convex,test,A3_decision_joint_relevant,64,1.0,True,0.0012506669154390693
convex-6-7,convex,test,A3_decision_joint_relevant,256,1.0,True,0.001324875047430396
convex-6-7,convex,test,A3_decision_joint_relevant,1024,1.0,True,0.0013199170352891088
convex-10-0,convex,development,A0_global_independent,64,0.0,False,0.0363382090581581
convex-10-0,convex,development,A0_global_independent,256,0.0,False,0.15009216603357345
convex-10-0,convex,development,A0_global_independent,1024,0.0,False,0.5998475409578532
convex-10-0,convex,development,A3_decision_joint_relevant,64,0.0,False,0.06841770804021508
convex-10-0,convex,development,A3_decision_joint_relevant,256,0.0,False,0.22081108298152685
convex-10-0,convex,development,A3_decision_joint_relevant,1024,0.0,False,0.8547866670414805
convex-10-1,convex,development,A0_global_independent,64,0.0,False,0.036682916921563447
convex-10-1,convex,development,A0_global_independent,256,0.0,False,0.14610591693781316
convex-10-1,convex,development,A0_global_independent,1024,0.0,False,0.5872969169868156
convex-10-1,convex,development,A3_decision_joint_relevant,64,1.0,True,0.0017820419743657112
convex-10-1,convex,development,A3_decision_joint_relevant,256,1.0,True,0.0015107920626178384
convex-10-1,convex,development,A3_decision_joint_relevant,1024,1.0,True,0.0015580829931423068
convex-10-2,convex,development,A0_global_independent,64,0.0,False,0.04327404196374118
convex-10-2,convex,development,A0_global_independent,256,0.0,False,0.15059858304448426
convex-10-2,convex,development,A0_global_independent,1024,0.0,False,0.6020702499663457
convex-10-2,convex,development,A3_decision_joint_relevant,64,1.0,True,0.0018350000027567148
convex-10-2,convex,development,A3_decision_joint_relevant,256,1.0,True,0.00150545802898705
convex-10-2,convex,development,A3_decision_joint_relevant,1024,1.0,True,0.0014740830520167947
convex-10-3,convex,calibration,A0_global_independent,64,0.0,False,0.03659545897971839
convex-10-3,convex,calibration,A0_global_independent,256,0.0,False,0.145901000010781
convex-10-3,convex,calibration,A0_global_independent,1024,0.0,False,0.5950174590107054
convex-10-3,convex,calibration,A3_decision_joint_relevant,64,1.0,True,0.0017223750473931432
convex-10-3,convex,calibration,A3_decision_joint_relevant,256,1.0,True,0.0017013750039041042
convex-10-3,convex,calibration,A3_decision_joint_relevant,1024,1.0,True,0.0015810000477358699
convex-10-4,convex,test,A0_global_independent,64,0.0,False,0.03712749993428588
convex-10-4,convex,test,A0_global_independent,256,0.0,False,0.14529795793350786
convex-10-4,convex,test,A0_global_independent,1024,0.0,False,0.5808062920114025
convex-10-4,convex,test,A3_decision_joint_relevant,64,1.0,True,0.006272207945585251
convex-10-4,convex,test,A3_decision_joint_relevant,256,1.0,True,0.010856500011868775
convex-10-4,convex,test,A3_decision_joint_relevant,1024,1.0,True,0.0047673750668764114
convex-10-5,convex,test,A0_global_independent,64,0.0,False,0.03665770904626697
convex-10-5,convex,test,A0_global_independent,256,0.0,False,0.14709879190195352
convex-10-5,convex,test,A0_global_independent,1024,0.0,False,0.6042519999900833
convex-10-5,convex,test,A3_decision_joint_relevant,64,1.0,True,0.001788624911569059
convex-10-5,convex,test,A3_decision_joint_relevant,256,1.0,True,0.0015142079209908843
convex-10-5,convex,test,A3_decision_joint_relevant,1024,1.0,True,0.00180358299985528
convex-10-6,convex,test,A0_global_independent,64,0.0,False,0.03689320897683501
convex-10-6,convex,test,A0_global_independent,256,0.0,False,0.15074262488633394
convex-10-6,convex,test,A0_global_independent,1024,0.0,False,0.6587898749858141
convex-10-6,convex,test,A3_decision_joint_relevant,64,1.0,True,0.0015632500872015953
convex-10-6,convex,test,A3_decision_joint_relevant,256,1.0,True,0.0016619169618934393
convex-10-6,convex,test,A3_decision_joint_relevant,1024,1.0,True,0.0016537089832127094
convex-10-7,convex,test,A0_global_independent,64,0.0,False,0.03732591692823917
convex-10-7,convex,test,A0_global_independent,256,0.0,False,0.15016945893876255
convex-10-7,convex,test,A0_global_independent,1024,0.0,False,0.6202283749589697
convex-10-7,convex,test,A3_decision_joint_relevant,64,1.0,True,0.0017349169356748462
convex-10-7,convex,test,A3_decision_joint_relevant,256,1.0,True,0.0015574999852105975
convex-10-7,convex,test,A3_decision_joint_relevant,1024,1.0,True,0.0014963749563321471
disconnected-3-0,disconnected,development,A0_global_independent,64,0.0,False,0.026797041995450854
disconnected-3-0,disconnected,development,A0_global_independent,256,0.0,False,0.12883583293296397
disconnected-3-0,disconnected,development,A0_global_independent,1024,0.0,False,0.5740698330337182
disconnected-3-0,disconnected,development,A3_decision_joint_relevant,64,0.00201416015625,False,0.032350791967473924
disconnected-3-0,disconnected,development,A3_decision_joint_relevant,256,0.0093994140625,False,0.12058887502644211
disconnected-3-0,disconnected,development,A3_decision_joint_relevant,1024,0.03302001953125,False,0.5155219580046833
disconnected-3-1,disconnected,development,A0_global_independent,64,0.0,False,0.025658165919594467
disconnected-3-1,disconnected,development,A0_global_independent,256,0.0,False,0.1532743329880759
disconnected-3-1,disconnected,development,A0_global_independent,1024,0.0,False,0.6517953750444576
disconnected-3-1,disconnected,development,A3_decision_joint_relevant,64,1.0,True,0.0009476670529693365
disconnected-3-1,disconnected,development,A3_decision_joint_relevant,256,1.0,True,0.0008745830273255706
disconnected-3-1,disconnected,development,A3_decision_joint_relevant,1024,1.0,True,0.0009679159848019481
disconnected-3-2,disconnected,development,A0_global_independent,64,3.701927653310122e-12,False,0.04231120797339827
disconnected-3-2,disconnected,development,A0_global_independent,256,5.7696070143720135e-12,False,0.3626094999490306
disconnected-3-2,disconnected,development,A0_global_independent,1024,2.5536905923218e-11,False,1.1142607090296224
disconnected-3-2,disconnected,development,A3_decision_joint_relevant,64,1.0,True,0.0008999999845400453
disconnected-3-2,disconnected,development,A3_decision_joint_relevant,256,1.0,True,0.0008708749664947391
disconnected-3-2,disconnected,development,A3_decision_joint_relevant,1024,1.0,True,0.0010946249822154641
disconnected-3-3,disconnected,calibration,A0_global_independent,64,0.0,False,0.023114874958992004
disconnected-3-3,disconnected,calibration,A0_global_independent,256,1.3877787807814457e-17,False,0.12047825008630753
disconnected-3-3,disconnected,calibration,A0_global_independent,1024,5.551115123125783e-17,False,0.47023870795965195
disconnected-3-3,disconnected,calibration,A3_decision_joint_relevant,64,1.0,True,0.0010468749096617103
disconnected-3-3,disconnected,calibration,A3_decision_joint_relevant,256,1.0,True,0.0009791249176487327
disconnected-3-3,disconnected,calibration,A3_decision_joint_relevant,1024,1.0,True,0.0008742079371586442
disconnected-3-4,disconnected,test,A0_global_independent,64,1.7763568394002505e-15,False,0.030417374917306006
disconnected-3-4,disconnected,test,A0_global_independent,256,2.886579864025407e-14,False,0.20413387508597225
disconnected-3-4,disconnected,test,A0_global_independent,1024,3.785860513971784e-14,False,0.907434833003208
disconnected-3-4,disconnected,test,A3_decision_joint_relevant,64,0.0030517578125,False,0.03155549999792129
disconnected-3-4,disconnected,test,A3_decision_joint_relevant,256,0.010986328125,False,0.12201566598378122
disconnected-3-4,disconnected,test,A3_decision_joint_relevant,1024,0.06357017159461975,False,0.4767012499505654
disconnected-3-5,disconnected,test,A0_global_independent,64,1.9081958235744878e-17,False,0.02594537497498095
disconnected-3-5,disconnected,test,A0_global_independent,256,3.139849491518021e-16,False,0.20424283295869827
disconnected-3-5,disconnected,test,A0_global_independent,1024,1.0460382560140147e-15,False,0.7877964590443298
disconnected-3-5,disconnected,test,A3_decision_joint_relevant,64,1.0,True,0.0009253340540453792
disconnected-3-5,disconnected,test,A3_decision_joint_relevant,256,1.0,True,0.0008574590319767594
disconnected-3-5,disconnected,test,A3_decision_joint_relevant,1024,1.0,True,0.0008547910256311297
disconnected-3-6,disconnected,test,A0_global_independent,64,0.0,False,0.023363459040410817
disconnected-3-6,disconnected,test,A0_global_independent,256,0.0,False,0.10190962499473244
disconnected-3-6,disconnected,test,A0_global_independent,1024,0.0,False,0.4358854580204934
disconnected-3-6,disconnected,test,A3_decision_joint_relevant,64,0.00146484375,False,0.030972790904343128
disconnected-3-6,disconnected,test,A3_decision_joint_relevant,256,0.00506591796875,False,0.11891041602939367
disconnected-3-6,disconnected,test,A3_decision_joint_relevant,1024,0.037353515625,False,0.47358887491282076
disconnected-3-7,disconnected,test,A0_global_independent,64,3.3306690738754696e-16,False,0.03275695792399347
disconnected-3-7,disconnected,test,A0_global_independent,256,7.66053886991358e-15,False,0.2580774169182405
disconnected-3-7,disconnected,test,A0_global_independent,1024,2.475797344914099e-14,False,1.1226946669630706
disconnected-3-7,disconnected,test,A3_decision_joint_relevant,64,1.0,True,0.0010316669940948486
disconnected-3-7,disconnected,test,A3_decision_joint_relevant,256,1.0,True,0.0008652500109747052
disconnected-3-7,disconnected,test,A3_decision_joint_relevant,1024,1.0,True,0.0008535840315744281
disconnected-6-0,disconnected,development,A0_global_independent,64,0.0,False,0.0295429170364514
disconnected-6-0,disconnected,development,A0_global_independent,256,0.0,False,0.12609091703779995
disconnected-6-0,disconnected,development,A0_global_independent,1024,0.0,False,0.5150946249486879
disconnected-6-0,disconnected,development,A3_decision_joint_relevant,64,1.0,True,0.001156458049081266
disconnected-6-0,disconnected,development,A3_decision_joint_relevant,256,1.0,True,0.0012277500936761498
disconnected-6-0,disconnected,development,A3_decision_joint_relevant,1024,1.0,True,0.0012707089772447944
disconnected-6-1,disconnected,development,A0_global_independent,64,0.0,False,0.03121462499257177
disconnected-6-1,disconnected,development,A0_global_independent,256,0.0,False,0.13466470793355256
disconnected-6-1,disconnected,development,A0_global_independent,1024,0.0,False,0.5415645419852808
disconnected-6-1,disconnected,development,A3_decision_joint_relevant,64,1.0,True,0.0013763749739155173
disconnected-6-1,disconnected,development,A3_decision_joint_relevant,256,1.0,True,0.0011352919973433018
disconnected-6-1,disconnected,development,A3_decision_joint_relevant,1024,1.0,True,0.0011058750096708536
disconnected-6-2,disconnected,development,A0_global_independent,64,0.0,False,0.02849229099228978
disconnected-6-2,disconnected,development,A0_global_independent,256,0.0,False,0.12377312500029802
disconnected-6-2,disconnected,development,A0_global_independent,1024,0.0,False,0.5142474169842899
disconnected-6-2,disconnected,development,A3_decision_joint_relevant,64,1.0,True,0.003525541047565639
disconnected-6-2,disconnected,development,A3_decision_joint_relevant,256,1.0,True,0.00333358405623585
disconnected-6-2,disconnected,development,A3_decision_joint_relevant,1024,1.0,True,0.0035491660237312317
disconnected-6-3,disconnected,calibration,A0_global_independent,64,0.0,False,0.0324183750199154
disconnected-6-3,disconnected,calibration,A0_global_independent,256,0.0,False,0.1863562089856714
disconnected-6-3,disconnected,calibration,A0_global_independent,1024,0.0,False,0.7535540410317481
disconnected-6-3,disconnected,calibration,A3_decision_joint_relevant,64,1.0,True,0.0013113340828567743
disconnected-6-3,disconnected,calibration,A3_decision_joint_relevant,256,1.0,True,0.0011729169636964798
disconnected-6-3,disconnected,calibration,A3_decision_joint_relevant,1024,1.0,True,0.001113042002543807
disconnected-6-4,disconnected,test,A0_global_independent,64,0.0,False,0.026703333016484976
disconnected-6-4,disconnected,test,A0_global_independent,256,0.0,False,0.11377295898273587
disconnected-6-4,disconnected,test,A0_global_independent,1024,0.0,False,0.4654274160275236
disconnected-6-4,disconnected,test,A3_decision_joint_relevant,64,1.0,True,0.0011976659297943115
disconnected-6-4,disconnected,test,A3_decision_joint_relevant,256,1.0,True,0.001095250016078353
disconnected-6-4,disconnected,test,A3_decision_joint_relevant,1024,1.0,True,0.0010783339384943247
disconnected-6-5,disconnected,test,A0_global_independent,64,0.0,False,0.03016641701105982
disconnected-6-5,disconnected,test,A0_global_independent,256,0.0,False,0.12769645801745355
disconnected-6-5,disconnected,test,A0_global_independent,1024,0.0,False,0.516988042043522
disconnected-6-5,disconnected,test,A3_decision_joint_relevant,64,1.0,True,0.00112895795609802
disconnected-6-5,disconnected,test,A3_decision_joint_relevant,256,1.0,True,0.0011052089976146817
disconnected-6-5,disconnected,test,A3_decision_joint_relevant,1024,1.0,True,0.0010664999717846513
disconnected-6-6,disconnected,test,A0_global_independent,64,0.0,False,0.028833957971073687
disconnected-6-6,disconnected,test,A0_global_independent,256,0.0,False,0.1388208749704063
disconnected-6-6,disconnected,test,A0_global_independent,1024,0.0,False,0.5876002080040053
disconnected-6-6,disconnected,test,A3_decision_joint_relevant,64,1.0,True,0.0013446660013869405
disconnected-6-6,disconnected,test,A3_decision_joint_relevant,256,1.0,True,0.0012396670645102859
disconnected-6-6,disconnected,test,A3_decision_joint_relevant,1024,1.0,True,0.0012005409225821495
disconnected-6-7,disconnected,test,A0_global_independent,64,0.0,False,0.02888620807789266
disconnected-6-7,disconnected,test,A0_global_independent,256,0.0,False,0.12814345897641033
disconnected-6-7,disconnected,test,A0_global_independent,1024,0.0,False,0.518008166924119
disconnected-6-7,disconnected,test,A3_decision_joint_relevant,64,1.0,True,0.0013158329529687762
disconnected-6-7,disconnected,test,A3_decision_joint_relevant,256,1.0,True,0.0012618328910320997
disconnected-6-7,disconnected,test,A3_decision_joint_relevant,1024,1.0,True,0.0011596670374274254
disconnected-10-0,disconnected,development,A0_global_independent,64,0.0,False,0.03674516698811203
disconnected-10-0,disconnected,development,A0_global_independent,256,0.0,False,0.14943308394867927
disconnected-10-0,disconnected,development,A0_global_independent,1024,0.0,False,0.5987417500000447
disconnected-10-0,disconnected,development,A3_decision_joint_relevant,64,6.854534149169922e-07,False,0.25826354103628546
disconnected-10-0,disconnected,development,A3_decision_joint_relevant,256,3.166496753692627e-06,False,0.23974020802415907
disconnected-10-0,disconnected,development,A3_decision_joint_relevant,1024,8.061528205871582e-06,False,0.7356397500261664
disconnected-10-1,disconnected,development,A0_global_independent,64,0.0,False,0.03636745794210583
disconnected-10-1,disconnected,development,A0_global_independent,256,0.0,False,0.14268870803061873
disconnected-10-1,disconnected,development,A0_global_independent,1024,0.0,False,0.5759639160241932
disconnected-10-1,disconnected,development,A3_decision_joint_relevant,64,1.0,True,0.00226658396422863
disconnected-10-1,disconnected,development,A3_decision_joint_relevant,256,1.0,True,0.0023594170343130827
disconnected-10-1,disconnected,development,A3_decision_joint_relevant,1024,1.0,True,0.0016394580015912652
disconnected-10-2,disconnected,development,A0_global_independent,64,0.0,False,0.041320999967865646
disconnected-10-2,disconnected,development,A0_global_independent,256,0.0,False,0.18346633296459913
disconnected-10-2,disconnected,development,A0_global_independent,1024,0.0,False,0.689595166943036
disconnected-10-2,disconnected,development,A3_decision_joint_relevant,64,1.0,True,0.0016558750066906214
disconnected-10-2,disconnected,development,A3_decision_joint_relevant,256,1.0,True,0.0021817920496687293
disconnected-10-2,disconnected,development,A3_decision_joint_relevant,1024,1.0,True,0.0020201250445097685
disconnected-10-3,disconnected,calibration,A0_global_independent,64,0.0,False,0.03643633297178894
disconnected-10-3,disconnected,calibration,A0_global_independent,256,0.0,False,0.14316833403427154
disconnected-10-3,disconnected,calibration,A0_global_independent,1024,0.0,False,0.622323082992807
disconnected-10-3,disconnected,calibration,A3_decision_joint_relevant,64,3.958120942115784e-09,False,0.04761245800182223
disconnected-10-3,disconnected,calibration,A3_decision_joint_relevant,256,2.6542693376541138e-08,False,0.1830361250322312
disconnected-10-3,disconnected,calibration,A3_decision_joint_relevant,1024,1.1641532182693481e-07,False,0.7176317910198122
disconnected-10-4,disconnected,test,A0_global_independent,64,0.0,False,0.03550100000575185
disconnected-10-4,disconnected,test,A0_global_independent,256,0.0,False,0.14244066597893834
disconnected-10-4,disconnected,test,A0_global_independent,1024,0.0,False,0.5690827090293169
disconnected-10-4,disconnected,test,A3_decision_joint_relevant,64,1.0,True,0.001535792020149529
disconnected-10-4,disconnected,test,A3_decision_joint_relevant,256,1.0,True,0.0014608330093324184
disconnected-10-4,disconnected,test,A3_decision_joint_relevant,1024,1.0,True,0.0014591249637305737
disconnected-10-5,disconnected,test,A0_global_independent,64,0.0,False,0.03591179207433015
disconnected-10-5,disconnected,test,A0_global_independent,256,0.0,False,0.14394320896826684
disconnected-10-5,disconnected,test,A0_global_independent,1024,0.0,False,0.5949953750241548
disconnected-10-5,disconnected,test,A3_decision_joint_relevant,64,1.0,True,0.0015815829392522573
disconnected-10-5,disconnected,test,A3_decision_joint_relevant,256,1.0,True,0.0016027919482439756
disconnected-10-5,disconnected,test,A3_decision_joint_relevant,1024,1.0,True,0.0015236249892041087
disconnected-10-6,disconnected,test,A0_global_independent,64,0.0,False,0.03828970796894282
disconnected-10-6,disconnected,test,A0_global_independent,256,0.0,False,0.14685654104687274
disconnected-10-6,disconnected,test,A0_global_independent,1024,0.0,False,0.5829721669433638
disconnected-10-6,disconnected,test,A3_decision_joint_relevant,64,1.0,True,0.0015554579440504313
disconnected-10-6,disconnected,test,A3_decision_joint_relevant,256,1.0,True,0.0014385420363396406
disconnected-10-6,disconnected,test,A3_decision_joint_relevant,1024,1.0,True,0.0014449169393628836
disconnected-10-7,disconnected,test,A0_global_independent,64,0.0,False,0.03640270803589374
disconnected-10-7,disconnected,test,A0_global_independent,256,0.0,False,0.14203625009395182
disconnected-10-7,disconnected,test,A0_global_independent,1024,0.0,False,0.5720890420489013
disconnected-10-7,disconnected,test,A3_decision_joint_relevant,64,0.46875,False,0.053023000014945865
disconnected-10-7,disconnected,test,A3_decision_joint_relevant,256,1.0,True,0.16299320908728987
disconnected-10-7,disconnected,test,A3_decision_joint_relevant,1024,1.0,True,0.16312487493269145
correlated-3-0,correlated,development,A0_global_independent,64,3.259629011154175e-09,False,0.04387508402578533
correlated-3-0,correlated,development,A0_global_independent,256,1.5050318324938416e-08,False,0.22629220795352012
correlated-3-0,correlated,development,A0_global_independent,1024,1.5137636477646765e-08,False,0.9677514160284773
correlated-3-0,correlated,development,A3_decision_joint_relevant,64,1.0,True,0.0008971249917522073
correlated-3-0,correlated,development,A3_decision_joint_relevant,256,1.0,True,0.000895833014510572
correlated-3-0,correlated,development,A3_decision_joint_relevant,1024,1.0,True,0.0011124999728053808
correlated-3-1,correlated,development,A0_global_independent,64,5.820766091346741e-11,False,0.04504129197448492
correlated-3-1,correlated,development,A0_global_independent,256,2.0372681319713593e-10,False,0.2444055420346558
correlated-3-1,correlated,development,A0_global_independent,1024,1.1523297871463e-09,False,1.1071870831074193
correlated-3-1,correlated,development,A3_decision_joint_relevant,64,1.0,True,0.0010285419411957264
correlated-3-1,correlated,development,A3_decision_joint_relevant,256,1.0,True,0.001023750053718686
correlated-3-1,correlated,development,A3_decision_joint_relevant,1024,1.0,True,0.0010046249954029918
correlated-3-2,correlated,development,A0_global_independent,64,0.0,False,0.013482959009706974
correlated-3-2,correlated,development,A0_global_independent,256,0.0,False,0.07689691602718085
correlated-3-2,correlated,development,A0_global_independent,1024,0.0,False,0.31979824998416007
correlated-3-2,correlated,development,A3_decision_joint_relevant,64,1.7763568394002505e-15,False,0.02435754192993045
correlated-3-2,correlated,development,A3_decision_joint_relevant,256,2.3092638912203256e-14,False,0.12091212498489767
correlated-3-2,correlated,development,A3_decision_joint_relevant,1024,9.059419880941277e-14,False,0.5058983329217881
correlated-3-3,correlated,calibration,A0_global_independent,64,0.0,False,0.012990791001357138
correlated-3-3,correlated,calibration,A0_global_independent,256,0.0,False,0.07326387497596443
correlated-3-3,correlated,calibration,A0_global_independent,1024,0.0,False,0.3176566249458119
correlated-3-3,correlated,calibration,A3_decision_joint_relevant,64,0.0,False,0.025607584044337273
correlated-3-3,correlated,calibration,A3_decision_joint_relevant,256,0.0,False,0.1537844999693334
correlated-3-3,correlated,calibration,A3_decision_joint_relevant,1024,0.0,False,0.6709953329991549
correlated-3-4,correlated,test,A0_global_independent,64,5.551115123125783e-17,False,0.028223125031217933
correlated-3-4,correlated,test,A0_global_independent,256,1.48318857196017e-16,False,0.15330004203133285
correlated-3-4,correlated,test,A0_global_independent,1024,8.40473524110763e-16,False,0.6316941250115633
correlated-3-4,correlated,test,A3_decision_joint_relevant,64,1.0,True,0.0008798339404165745
correlated-3-4,correlated,test,A3_decision_joint_relevant,256,1.0,True,0.000840459018945694
correlated-3-4,correlated,test,A3_decision_joint_relevant,1024,1.0,True,0.0008337910985574126
correlated-3-5,correlated,test,A0_global_independent,64,3.865352482534945e-12,False,0.040781417046673596
correlated-3-5,correlated,test,A0_global_independent,256,1.4871659459458897e-11,False,0.2381535000167787
correlated-3-5,correlated,test,A0_global_independent,1024,1.7114309969201713e-11,False,1.037915457971394
correlated-3-5,correlated,test,A3_decision_joint_relevant,64,1.0,True,0.0010297909611836076
correlated-3-5,correlated,test,A3_decision_joint_relevant,256,1.0,True,0.000947625027038157
correlated-3-5,correlated,test,A3_decision_joint_relevant,1024,1.0,True,0.0008689169771969318
correlated-3-6,correlated,test,A0_global_independent,64,9.663381206337363e-13,False,0.036575375008396804
correlated-3-6,correlated,test,A0_global_independent,256,4.649874235651552e-12,False,0.2215612499276176
correlated-3-6,correlated,test,A0_global_independent,1024,4.73543426693368e-12,False,0.9652825000230223
correlated-3-6,correlated,test,A3_decision_joint_relevant,64,1.0,True,0.0009110829560086131
correlated-3-6,correlated,test,A3_decision_joint_relevant,256,1.0,True,0.0008487910963594913
correlated-3-6,correlated,test,A3_decision_joint_relevant,1024,1.0,True,0.0008407089626416564
correlated-3-7,correlated,test,A0_global_independent,64,2.3283064365386963e-10,False,0.04098083300050348
correlated-3-7,correlated,test,A0_global_independent,256,1.0550138540565968e-09,False,0.24373245798051357
correlated-3-7,correlated,test,A0_global_independent,1024,3.2887328416109085e-09,False,1.070115416077897
correlated-3-7,correlated,test,A3_decision_joint_relevant,64,1.0,True,0.0009772079065442085
correlated-3-7,correlated,test,A3_decision_joint_relevant,256,1.0,True,0.0009070420637726784
correlated-3-7,correlated,test,A3_decision_joint_relevant,1024,1.0,True,0.0009342919802293181
correlated-6-0,correlated,development,A0_global_independent,64,0.0,False,0.013052000082097948
correlated-6-0,correlated,development,A0_global_independent,256,0.0,False,0.07137891696766019
correlated-6-0,correlated,development,A0_global_independent,1024,0.0,False,0.31313466699793935
correlated-6-0,correlated,development,A3_decision_joint_relevant,64,0.0,False,0.02184108307119459
correlated-6-0,correlated,development,A3_decision_joint_relevant,256,0.0,False,0.10788462497293949
correlated-6-0,correlated,development,A3_decision_joint_relevant,1024,0.0,False,0.4576389999128878
correlated-6-1,correlated,development,A0_global_independent,64,0.0,False,0.02798150002490729
correlated-6-1,correlated,development,A0_global_independent,256,0.0,False,0.12198612501379102
correlated-6-1,correlated,development,A0_global_independent,1024,0.0,False,0.5268644160823897
correlated-6-1,correlated,development,A3_decision_joint_relevant,64,1.0,True,0.0012551250401884317
correlated-6-1,correlated,development,A3_decision_joint_relevant,256,1.0,True,0.001137209008447826
correlated-6-1,correlated,development,A3_decision_joint_relevant,1024,1.0,True,0.0010918750194832683
correlated-6-2,correlated,development,A0_global_independent,64,0.0,False,0.014507082989439368
correlated-6-2,correlated,development,A0_global_independent,256,0.0,False,0.07434287504293025
correlated-6-2,correlated,development,A0_global_independent,1024,0.0,False,0.2952346670208499
correlated-6-2,correlated,development,A3_decision_joint_relevant,64,0.0,False,0.023344082990661263
correlated-6-2,correlated,development,A3_decision_joint_relevant,256,0.0,False,0.11947533406782895
correlated-6-2,correlated,development,A3_decision_joint_relevant,1024,0.0,False,0.520748500013724
correlated-6-3,correlated,calibration,A0_global_independent,64,0.0,False,0.01303487503901124
correlated-6-3,correlated,calibration,A0_global_independent,256,0.0,False,0.051809375057928264
correlated-6-3,correlated,calibration,A0_global_independent,1024,0.0,False,0.21004066593013704
correlated-6-3,correlated,calibration,A3_decision_joint_relevant,64,0.0,False,0.018153209006413817
correlated-6-3,correlated,calibration,A3_decision_joint_relevant,256,0.0,False,0.06442795798648149
correlated-6-3,correlated,calibration,A3_decision_joint_relevant,1024,0.0,False,0.25815450004301965
correlated-6-4,correlated,test,A0_global_independent,64,0.0,False,0.0156431250507012
correlated-6-4,correlated,test,A0_global_independent,256,0.0,False,0.07275404210668057
correlated-6-4,correlated,test,A0_global_independent,1024,0.0,False,0.28555554104968905
correlated-6-4,correlated,test,A3_decision_joint_relevant,64,0.0,False,0.024437875021249056
correlated-6-4,correlated,test,A3_decision_joint_relevant,256,0.0,False,0.13038262503687292
correlated-6-4,correlated,test,A3_decision_joint_relevant,1024,0.0,False,0.5449538331013173
correlated-6-5,correlated,test,A0_global_independent,64,0.0,False,0.02756579197011888
correlated-6-5,correlated,test,A0_global_independent,256,0.0,False,0.10672108305152506
correlated-6-5,correlated,test,A0_global_independent,1024,0.0,False,0.43105116696096957
correlated-6-5,correlated,test,A3_decision_joint_relevant,64,1.0,True,0.0011920419055968523
correlated-6-5,correlated,test,A3_decision_joint_relevant,256,1.0,True,0.0011204580077901483
correlated-6-5,correlated,test,A3_decision_joint_relevant,1024,1.0,True,0.0011123749427497387
correlated-6-6,correlated,test,A0_global_independent,64,0.0,False,0.0265544590074569
correlated-6-6,correlated,test,A0_global_independent,256,0.0,False,0.10870879190042615
correlated-6-6,correlated,test,A0_global_independent,1024,0.0,False,0.4315443749073893
correlated-6-6,correlated,test,A3_decision_joint_relevant,64,1.0,True,0.0011424999684095383
correlated-6-6,correlated,test,A3_decision_joint_relevant,256,1.0,True,0.0010960000799968839
correlated-6-6,correlated,test,A3_decision_joint_relevant,1024,1.0,True,0.0011114999651908875
correlated-6-7,correlated,test,A0_global_independent,64,0.0,False,0.015346667030826211
correlated-6-7,correlated,test,A0_global_independent,256,0.0,False,0.06731545797083527
correlated-6-7,correlated,test,A0_global_independent,1024,0.0,False,0.2838780420133844
correlated-6-7,correlated,test,A3_decision_joint_relevant,64,0.0,False,0.0238494579680264
correlated-6-7,correlated,test,A3_decision_joint_relevant,256,0.0,False,0.12836116598919034
correlated-6-7,correlated,test,A3_decision_joint_relevant,1024,0.0,False,0.5575598749564961
correlated-10-0,correlated,development,A0_global_independent,64,0.0,False,0.020236540935002267
correlated-10-0,correlated,development,A0_global_independent,256,0.0,False,0.07826750003732741
correlated-10-0,correlated,development,A0_global_independent,1024,0.0,False,0.32139712490607053
correlated-10-0,correlated,development,A3_decision_joint_relevant,64,0.0,False,0.028896749950945377
correlated-10-0,correlated,development,A3_decision_joint_relevant,256,0.0,False,0.13221525005064905
correlated-10-0,correlated,development,A3_decision_joint_relevant,1024,0.0,False,0.5484935420099646
correlated-10-1,correlated,development,A0_global_independent,64,0.0,False,0.019424540922045708
correlated-10-1,correlated,development,A0_global_independent,256,0.0,False,0.09914754109922796
correlated-10-1,correlated,development,A0_global_independent,1024,0.0,False,0.4252978330478072
correlated-10-1,correlated,development,A3_decision_joint_relevant,64,0.0,False,0.030284208012744784
correlated-10-1,correlated,development,A3_decision_joint_relevant,256,0.0,False,0.22822316701058298
correlated-10-1,correlated,development,A3_decision_joint_relevant,1024,0.0,False,1.0131482089636847
correlated-10-2,correlated,development,A0_global_independent,64,0.0,False,0.020230041001923382
correlated-10-2,correlated,development,A0_global_independent,256,0.0,False,0.07859079097397625
correlated-10-2,correlated,development,A0_global_independent,1024,0.0,False,0.3165465419879183
correlated-10-2,correlated,development,A3_decision_joint_relevant,64,0.0,False,0.029061959008686244
correlated-10-2,correlated,development,A3_decision_joint_relevant,256,0.0,False,0.1616151670459658
correlated-10-2,correlated,development,A3_decision_joint_relevant,1024,0.0,False,0.7088939169188961
correlated-10-3,correlated,calibration,A0_global_independent,64,0.0,False,0.01910045789554715
correlated-10-3,correlated,calibration,A0_global_independent,256,0.0,False,0.07700554199982435
correlated-10-3,correlated,calibration,A0_global_independent,1024,0.0,False,0.42919058399274945
correlated-10-3,correlated,calibration,A3_decision_joint_relevant,64,0.0,False,0.027927499962970614
correlated-10-3,correlated,calibration,A3_decision_joint_relevant,256,0.0,False,0.1036790000507608
correlated-10-3,correlated,calibration,A3_decision_joint_relevant,1024,0.0,False,0.40144395804964006
correlated-10-4,correlated,test,A0_global_independent,64,0.0,False,0.019491958082653582
correlated-10-4,correlated,test,A0_global_independent,256,0.0,False,0.0781870000064373
correlated-10-4,correlated,test,A0_global_independent,1024,0.0,False,0.4241474580485374
correlated-10-4,correlated,test,A3_decision_joint_relevant,64,0.0,False,0.031184916966594756
correlated-10-4,correlated,test,A3_decision_joint_relevant,256,0.0,False,0.16543100005947053
correlated-10-4,correlated,test,A3_decision_joint_relevant,1024,0.0,False,0.7002634579548612
correlated-10-5,correlated,test,A0_global_independent,64,0.0,False,0.038430541986599565
correlated-10-5,correlated,test,A0_global_independent,256,0.0,False,0.14276633295230567
correlated-10-5,correlated,test,A0_global_independent,1024,0.0,False,0.6041647500824183
correlated-10-5,correlated,test,A3_decision_joint_relevant,64,1.0,True,0.001656874897889793
correlated-10-5,correlated,test,A3_decision_joint_relevant,256,1.0,True,0.0015233750455081463
correlated-10-5,correlated,test,A3_decision_joint_relevant,1024,1.0,True,0.001564792008139193
correlated-10-6,correlated,test,A0_global_independent,64,0.0,False,0.03500899998471141
correlated-10-6,correlated,test,A0_global_independent,256,0.0,False,0.13877604203298688
correlated-10-6,correlated,test,A0_global_independent,1024,0.0,False,0.5633712080307305
correlated-10-6,correlated,test,A3_decision_joint_relevant,64,1.0,True,0.0015727910213172436
correlated-10-6,correlated,test,A3_decision_joint_relevant,256,1.0,True,0.0014442920219153166
correlated-10-6,correlated,test,A3_decision_joint_relevant,1024,1.0,True,0.00145866593811661
correlated-10-7,correlated,test,A0_global_independent,64,0.0,False,0.03622629202436656
correlated-10-7,correlated,test,A0_global_independent,256,0.0,False,0.1433680000482127
correlated-10-7,correlated,test,A0_global_independent,1024,0.0,False,0.592668707948178
correlated-10-7,correlated,test,A3_decision_joint_relevant,64,1.0,True,0.0015512920217588544
correlated-10-7,correlated,test,A3_decision_joint_relevant,256,1.0,True,0.0014575839741155505
correlated-10-7,correlated,test,A3_decision_joint_relevant,1024,1.0,True,0.0014842079253867269
asymmetric-3-0,asymmetric,development,A0_global_independent,64,0.0,False,0.0204522090498358
asymmetric-3-0,asymmetric,development,A0_global_independent,256,0.0,False,0.0822581669781357
asymmetric-3-0,asymmetric,development,A0_global_independent,1024,0.0,False,0.37550575006753206
asymmetric-3-0,asymmetric,development,A3_decision_joint_relevant,64,0.0003662109375,False,0.031052583013661206
asymmetric-3-0,asymmetric,development,A3_decision_joint_relevant,256,0.0017242431640625,False,0.11521112499758601
asymmetric-3-0,asymmetric,development,A3_decision_joint_relevant,1024,0.0068511962890625,False,0.46076325001195073
asymmetric-3-1,asymmetric,development,A0_global_independent,64,0.0,False,0.02102041698526591
asymmetric-3-1,asymmetric,development,A0_global_independent,256,0.0,False,0.0988521670224145
asymmetric-3-1,asymmetric,development,A0_global_independent,1024,0.0,False,0.3931451669195667
asymmetric-3-1,asymmetric,development,A3_decision_joint_relevant,64,0.001220703125,False,0.03328308300115168
asymmetric-3-1,asymmetric,development,A3_decision_joint_relevant,256,0.0051116943359375,False,0.12283345905598253
asymmetric-3-1,asymmetric,development,A3_decision_joint_relevant,1024,0.01751708984375,False,0.48659429198596627
asymmetric-3-2,asymmetric,development,A0_global_independent,64,0.0,False,0.022481749998405576
asymmetric-3-2,asymmetric,development,A0_global_independent,256,0.0,False,0.10721620894037187
asymmetric-3-2,asymmetric,development,A0_global_independent,1024,0.0,False,0.44564854202326387
asymmetric-3-2,asymmetric,development,A3_decision_joint_relevant,64,0.875,False,0.030263875029049814
asymmetric-3-2,asymmetric,development,A3_decision_joint_relevant,256,1.0,True,0.032443500007502735
asymmetric-3-2,asymmetric,development,A3_decision_joint_relevant,1024,1.0,True,0.032394375069998205
asymmetric-3-3,asymmetric,calibration,A0_global_independent,64,0.0,False,0.02108437498100102
asymmetric-3-3,asymmetric,calibration,A0_global_independent,256,0.0,False,0.10281679104082286
asymmetric-3-3,asymmetric,calibration,A0_global_independent,1024,0.0,False,0.45869320805650204
asymmetric-3-3,asymmetric,calibration,A3_decision_joint_relevant,64,1.9073486328125e-06,False,0.0337717910297215
asymmetric-3-3,asymmetric,calibration,A3_decision_joint_relevant,256,1.55717134475708e-05,False,0.11870875000022352
asymmetric-3-3,asymmetric,calibration,A3_decision_joint_relevant,1024,3.0934810638427734e-05,False,0.45953162503428757
asymmetric-3-4,asymmetric,test,A0_global_independent,64,0.0,False,0.02050379104912281
asymmetric-3-4,asymmetric,test,A0_global_independent,256,0.0,False,0.09330116701312363
asymmetric-3-4,asymmetric,test,A0_global_independent,1024,0.0,False,0.3778199589578435
asymmetric-3-4,asymmetric,test,A3_decision_joint_relevant,64,0.005859375,False,0.03134741703979671
asymmetric-3-4,asymmetric,test,A3_decision_joint_relevant,256,0.0218505859375,False,0.11947291705291718
asymmetric-3-4,asymmetric,test,A3_decision_joint_relevant,1024,0.07470703125,False,0.46695762500166893
asymmetric-3-5,asymmetric,test,A0_global_independent,64,0.0,False,0.021580458036623895
asymmetric-3-5,asymmetric,test,A0_global_independent,256,0.0,False,0.08111570903565735
asymmetric-3-5,asymmetric,test,A0_global_independent,1024,0.0,False,0.4715309999883175
asymmetric-3-5,asymmetric,test,A3_decision_joint_relevant,64,1.0,True,0.01553824997972697
asymmetric-3-5,asymmetric,test,A3_decision_joint_relevant,256,1.0,True,0.01604975003283471
asymmetric-3-5,asymmetric,test,A3_decision_joint_relevant,1024,1.0,True,0.015155749977566302
asymmetric-3-6,asymmetric,test,A0_global_independent,64,0.0,False,0.025295207975432277
asymmetric-3-6,asymmetric,test,A0_global_independent,256,0.0,False,0.14464291604235768
asymmetric-3-6,asymmetric,test,A0_global_independent,1024,0.0,False,0.6337842079810798
asymmetric-3-6,asymmetric,test,A3_decision_joint_relevant,64,0.0283203125,False,0.0294945000205189
asymmetric-3-6,asymmetric,test,A3_decision_joint_relevant,256,0.123046875,False,0.11598133307415992
asymmetric-3-6,asymmetric,test,A3_decision_joint_relevant,1024,0.5,False,0.4845755830174312
asymmetric-3-7,asymmetric,test,A0_global_independent,64,0.0,False,0.02053095807787031
asymmetric-3-7,asymmetric,test,A0_global_independent,256,0.0,False,0.08031383401248604
asymmetric-3-7,asymmetric,test,A0_global_independent,1024,0.0,False,0.3253095829859376
asymmetric-3-7,asymmetric,test,A3_decision_joint_relevant,64,0.015625,False,0.03992812498472631
asymmetric-3-7,asymmetric,test,A3_decision_joint_relevant,256,0.05419921875,False,0.15150304103735834
asymmetric-3-7,asymmetric,test,A3_decision_joint_relevant,1024,0.25,False,0.6128269999753684
asymmetric-6-0,asymmetric,development,A0_global_independent,64,0.0,False,0.027133791940286756
asymmetric-6-0,asymmetric,development,A0_global_independent,256,0.0,False,0.10826695803552866
asymmetric-6-0,asymmetric,development,A0_global_independent,1024,0.0,False,0.434638167032972
asymmetric-6-0,asymmetric,development,A3_decision_joint_relevant,64,1.0,True,0.0012614589650183916
asymmetric-6-0,asymmetric,development,A3_decision_joint_relevant,256,1.0,True,0.0011866670101881027
asymmetric-6-0,asymmetric,development,A3_decision_joint_relevant,1024,1.0,True,0.0011787079274654388
asymmetric-6-1,asymmetric,development,A0_global_independent,64,0.0,False,0.026685374905355275
asymmetric-6-1,asymmetric,development,A0_global_independent,256,0.0,False,0.11280516698025167
asymmetric-6-1,asymmetric,development,A0_global_independent,1024,0.0,False,0.44052254199050367
asymmetric-6-1,asymmetric,development,A3_decision_joint_relevant,64,1.0,True,0.001342916046269238
asymmetric-6-1,asymmetric,development,A3_decision_joint_relevant,256,1.0,True,0.001115832943469286
asymmetric-6-1,asymmetric,development,A3_decision_joint_relevant,1024,1.0,True,0.001078207977116108
asymmetric-6-2,asymmetric,development,A0_global_independent,64,0.0,False,0.027705332962796092
asymmetric-6-2,asymmetric,development,A0_global_independent,256,0.0,False,0.11175558401737362
asymmetric-6-2,asymmetric,development,A0_global_independent,1024,0.0,False,0.43677158292848617
asymmetric-6-2,asymmetric,development,A3_decision_joint_relevant,64,2.7939677238464355e-09,False,0.03920799994375557
asymmetric-6-2,asymmetric,development,A3_decision_joint_relevant,256,1.1350493878126144e-08,False,0.14335454197134823
asymmetric-6-2,asymmetric,development,A3_decision_joint_relevant,1024,6.52798917144537e-08,False,0.562559915939346
asymmetric-6-3,asymmetric,calibration,A0_global_independent,64,0.0,False,0.026263416977599263
asymmetric-6-3,asymmetric,calibration,A0_global_independent,256,0.0,False,0.10512562491931021
asymmetric-6-3,asymmetric,calibration,A0_global_independent,1024,0.0,False,0.42576637503225356
asymmetric-6-3,asymmetric,calibration,A3_decision_joint_relevant,64,3.2782554626464844e-07,False,0.042271959013305604
asymmetric-6-3,asymmetric,calibration,A3_decision_joint_relevant,256,1.0728836059570312e-06,False,0.15201733307912946
asymmetric-6-3,asymmetric,calibration,A3_decision_joint_relevant,1024,5.781650543212891e-06,False,0.6021044160006568
asymmetric-6-4,asymmetric,test,A0_global_independent,64,0.0,False,0.026836124947294593
asymmetric-6-4,asymmetric,test,A0_global_independent,256,0.0,False,0.10829470900353044
asymmetric-6-4,asymmetric,test,A0_global_independent,1024,0.0,False,0.43688262498471886
asymmetric-6-4,asymmetric,test,A3_decision_joint_relevant,64,5.820766091346741e-10,False,0.050540832919068635
asymmetric-6-4,asymmetric,test,A3_decision_joint_relevant,256,4.190951585769653e-09,False,0.15823708300013095
asymmetric-6-4,asymmetric,test,A3_decision_joint_relevant,1024,1.909211277961731e-08,False,0.5869220420718193
asymmetric-6-5,asymmetric,test,A0_global_independent,64,0.0,False,0.028927457984536886
asymmetric-6-5,asymmetric,test,A0_global_independent,256,0.0,False,0.11185791692696512
asymmetric-6-5,asymmetric,test,A0_global_independent,1024,0.0,False,0.44777354202233255
asymmetric-6-5,asymmetric,test,A3_decision_joint_relevant,64,0.0013427734375,False,0.03839520795736462
asymmetric-6-5,asymmetric,test,A3_decision_joint_relevant,256,0.00469970703125,False,0.14510670898016542
asymmetric-6-5,asymmetric,test,A3_decision_joint_relevant,1024,0.01953125,False,0.5899367920355871
asymmetric-6-6,asymmetric,test,A0_global_independent,64,0.0,False,0.02677704195957631
asymmetric-6-6,asymmetric,test,A0_global_independent,256,0.0,False,0.10832833300810307
asymmetric-6-6,asymmetric,test,A0_global_independent,1024,0.0,False,0.43380837503354996
asymmetric-6-6,asymmetric,test,A3_decision_joint_relevant,64,4.023313522338867e-07,False,0.04068049998022616
asymmetric-6-6,asymmetric,test,A3_decision_joint_relevant,256,1.7881393432617188e-06,False,0.14884249994065613
asymmetric-6-6,asymmetric,test,A3_decision_joint_relevant,1024,1.5659257769584656e-05,False,0.5718297499697655
asymmetric-6-7,asymmetric,test,A0_global_independent,64,0.0,False,0.02738887502346188
asymmetric-6-7,asymmetric,test,A0_global_independent,256,0.0,False,0.11038958292920142
asymmetric-6-7,asymmetric,test,A0_global_independent,1024,0.0,False,0.4394596250494942
asymmetric-6-7,asymmetric,test,A3_decision_joint_relevant,64,1.0,True,0.015878874924965203
asymmetric-6-7,asymmetric,test,A3_decision_joint_relevant,256,1.0,True,0.015518042026087642
asymmetric-6-7,asymmetric,test,A3_decision_joint_relevant,1024,1.0,True,0.015406499966047704
asymmetric-10-0,asymmetric,development,A0_global_independent,64,0.0,False,0.035467500099912286
asymmetric-10-0,asymmetric,development,A0_global_independent,256,0.0,False,0.14201808301731944
asymmetric-10-0,asymmetric,development,A0_global_independent,1024,0.0,False,0.5702166249975562
asymmetric-10-0,asymmetric,development,A3_decision_joint_relevant,64,5.4569682106375694e-11,False,0.050718999933451414
asymmetric-10-0,asymmetric,development,A3_decision_joint_relevant,256,3.4924596548080444e-10,False,0.18544641695916653
asymmetric-10-0,asymmetric,development,A3_decision_joint_relevant,1024,1.4115357771515846e-09,False,0.719284041901119
asymmetric-10-1,asymmetric,development,A0_global_independent,64,0.0,False,0.03624704200774431
asymmetric-10-1,asymmetric,development,A0_global_independent,256,0.0,False,0.14064433297608048
asymmetric-10-1,asymmetric,development,A0_global_independent,1024,0.0,False,0.5662893330445513
asymmetric-10-1,asymmetric,development,A3_decision_joint_relevant,64,2.0954757928848267e-09,False,0.05715224996674806
asymmetric-10-1,asymmetric,development,A3_decision_joint_relevant,256,1.280568540096283e-08,False,0.1914267080137506
asymmetric-10-1,asymmetric,development,A3_decision_joint_relevant,1024,4.330649971961975e-08,False,0.7421949170529842
asymmetric-10-2,asymmetric,development,A0_global_independent,64,0.0,False,0.03704929107334465
asymmetric-10-2,asymmetric,development,A0_global_independent,256,0.0,False,0.1468563750386238
asymmetric-10-2,asymmetric,development,A0_global_independent,1024,0.0,False,0.5784154160646722
asymmetric-10-2,asymmetric,development,A3_decision_joint_relevant,64,3.0517578125e-05,False,0.059787999955005944
asymmetric-10-2,asymmetric,development,A3_decision_joint_relevant,256,0.00018310546875,False,0.2226254999404773
asymmetric-10-2,asymmetric,development,A3_decision_joint_relevant,1024,0.0005650520324707031,False,0.8765406250022352
asymmetric-10-3,asymmetric,calibration,A0_global_independent,64,0.0,False,0.03550200001336634
asymmetric-10-3,asymmetric,calibration,A0_global_independent,256,0.0,False,0.1417626669863239
asymmetric-10-3,asymmetric,calibration,A0_global_independent,1024,0.0,False,0.5699467500671744
asymmetric-10-3,asymmetric,calibration,A3_decision_joint_relevant,64,3.4924596548080444e-10,False,0.04916579101700336
asymmetric-10-3,asymmetric,calibration,A3_decision_joint_relevant,256,2.444721758365631e-09,False,0.18083045806270093
asymmetric-10-3,asymmetric,calibration,A3_decision_joint_relevant,1024,1.5032128430902958e-08,False,0.7186386669054627
asymmetric-10-4,asymmetric,test,A0_global_independent,64,0.0,False,0.03630362497642636
asymmetric-10-4,asymmetric,test,A0_global_independent,256,0.0,False,0.14548158296383917
asymmetric-10-4,asymmetric,test,A0_global_independent,1024,0.0,False,0.5980654589366168
asymmetric-10-4,asymmetric,test,A3_decision_joint_relevant,64,0.0,False,0.05078570905607194
asymmetric-10-4,asymmetric,test,A3_decision_joint_relevant,256,0.0,False,0.18108245800249279
asymmetric-10-4,asymmetric,test,A3_decision_joint_relevant,1024,0.0,False,0.7116822910029441
asymmetric-10-5,asymmetric,test,A0_global_independent,64,0.0,False,0.03542229090817273
asymmetric-10-5,asymmetric,test,A0_global_independent,256,0.0,False,0.14205270900856704
asymmetric-10-5,asymmetric,test,A0_global_independent,1024,0.0,False,0.5663551660254598
asymmetric-10-5,asymmetric,test,A3_decision_joint_relevant,64,1.0,True,0.0015537500148639083
asymmetric-10-5,asymmetric,test,A3_decision_joint_relevant,256,1.0,True,0.001442542066797614
asymmetric-10-5,asymmetric,test,A3_decision_joint_relevant,1024,1.0,True,0.0014451249735429883
asymmetric-10-6,asymmetric,test,A0_global_independent,64,0.0,False,0.03524529095739126
asymmetric-10-6,asymmetric,test,A0_global_independent,256,0.0,False,0.13995016599074006
asymmetric-10-6,asymmetric,test,A0_global_independent,1024,0.0,False,0.5610833340324461
asymmetric-10-6,asymmetric,test,A3_decision_joint_relevant,64,2.842170943040401e-14,False,0.049092000001110137
asymmetric-10-6,asymmetric,test,A3_decision_joint_relevant,256,3.126388037344441e-13,False,0.18032254197169095
asymmetric-10-6,asymmetric,test,A3_decision_joint_relevant,1024,1.2967404927621828e-12,False,0.712826291914098
asymmetric-10-7,asymmetric,test,A0_global_independent,64,0.0,False,0.03688091703224927
asymmetric-10-7,asymmetric,test,A0_global_independent,256,0.0,False,0.1492728750454262
asymmetric-10-7,asymmetric,test,A0_global_independent,1024,0.0,False,0.608048583031632
asymmetric-10-7,asymmetric,test,A3_decision_joint_relevant,64,0.0002288818359375,False,0.10039804200641811
asymmetric-10-7,asymmetric,test,A3_decision_joint_relevant,256,0.0015106201171875,False,0.2171393329044804
asymmetric-10-7,asymmetric,test,A3_decision_joint_relevant,1024,0.006988525390625,False,0.8213102080626413
narrow-3-0,narrow,stress,A0_global_independent,64,0.0,False,0.022717125015333295
narrow-3-0,narrow,stress,A0_global_independent,256,0.0,False,0.12553920794744045
narrow-3-0,narrow,stress,A0_global_independent,1024,0.0,False,0.5497074159793556
narrow-3-0,narrow,stress,A3_decision_joint_relevant,64,0.5625,False,0.04997608391568065
narrow-3-0,narrow,stress,A3_decision_joint_relevant,256,1.0,True,0.07133808301296085
narrow-3-0,narrow,stress,A3_decision_joint_relevant,1024,1.0,True,0.07620416604913771
narrow-3-1,narrow,stress,A0_global_independent,64,1.734723475976807e-18,False,0.024699041969142854
narrow-3-1,narrow,stress,A0_global_independent,256,3.642919299551295e-17,False,0.11630995909217745
narrow-3-1,narrow,stress,A0_global_independent,1024,1.0408340855860843e-16,False,0.4669698750367388
narrow-3-1,narrow,stress,A3_decision_joint_relevant,64,9.5367431640625e-05,False,0.034924999927170575
narrow-3-1,narrow,stress,A3_decision_joint_relevant,256,0.0003414154052734375,False,0.1208297919947654
narrow-3-1,narrow,stress,A3_decision_joint_relevant,1024,0.0008893013000488281,False,0.4645240829559043
narrow-3-2,narrow,stress,A0_global_independent,64,2.6020852139652106e-18,False,0.03145516593940556
narrow-3-2,narrow,stress,A0_global_independent,256,9.540979117872439e-17,False,0.253149832948111
narrow-3-2,narrow,stress,A0_global_independent,1024,3.5822039778921066e-16,False,1.0584439999656752
narrow-3-2,narrow,stress,A3_decision_joint_relevant,64,0.0009918212890625,False,0.033433833974413574
narrow-3-2,narrow,stress,A3_decision_joint_relevant,256,0.00439453125,False,0.1228833330096677
narrow-3-2,narrow,stress,A3_decision_joint_relevant,1024,0.015625,False,0.4888492909958586
narrow-3-3,narrow,stress,A0_global_independent,64,0.0,False,0.02312566596083343
narrow-3-3,narrow,stress,A0_global_independent,256,0.0,False,0.1072569580283016
narrow-3-3,narrow,stress,A0_global_independent,1024,0.0,False,0.45575824996922165
narrow-3-3,narrow,stress,A3_decision_joint_relevant,64,0.09375,False,0.03134049999061972
narrow-3-3,narrow,stress,A3_decision_joint_relevant,256,0.37109375,False,0.12030125001911074
narrow-3-3,narrow,stress,A3_decision_joint_relevant,1024,1.0,True,0.33079287502914667
narrow-3-4,narrow,stress,A0_global_independent,64,0.0,False,0.020544999977573752
narrow-3-4,narrow,stress,A0_global_independent,256,0.0,False,0.08637179189827293
narrow-3-4,narrow,stress,A0_global_independent,1024,2.0816681711721685e-17,False,0.3756625830428675
narrow-3-4,narrow,stress,A3_decision_joint_relevant,64,1.5497207641601562e-06,False,0.034670166904106736
narrow-3-4,narrow,stress,A3_decision_joint_relevant,256,7.867813110351562e-06,False,0.12461283302400261
narrow-3-4,narrow,stress,A3_decision_joint_relevant,1024,3.933906555175781e-05,False,0.533088875003159
narrow-3-5,narrow,stress,A0_global_independent,64,1.1368683772161603e-13,False,0.033264500088989735
narrow-3-5,narrow,stress,A0_global_independent,256,4.831690603168681e-13,False,0.268460665945895
narrow-3-5,narrow,stress,A0_global_independent,1024,2.0250467969162855e-12,False,1.0453047920018435
narrow-3-5,narrow,stress,A3_decision_joint_relevant,64,0.05859375,False,0.03172641701530665
narrow-3-5,narrow,stress,A3_decision_joint_relevant,256,0.23046875,False,0.12051287502981722
narrow-3-5,narrow,stress,A3_decision_joint_relevant,1024,1.0,True,0.46930516697466373
narrow-3-6,narrow,stress,A0_global_independent,64,2.7284841053187847e-12,False,0.03669833403546363
narrow-3-6,narrow,stress,A0_global_independent,256,2.4101609596982598e-11,False,0.21582195803057402
narrow-3-6,narrow,stress,A0_global_independent,1024,9.413270163349807e-11,False,0.9326268340228125
narrow-3-6,narrow,stress,A3_decision_joint_relevant,64,0.140625,False,0.03449908294714987
narrow-3-6,narrow,stress,A3_decision_joint_relevant,256,0.53125,False,0.13236779207363725
narrow-3-6,narrow,stress,A3_decision_joint_relevant,1024,1.0,True,0.22189416701439768
narrow-3-7,narrow,stress,A0_global_independent,64,0.0,False,0.020706709008663893
narrow-3-7,narrow,stress,A0_global_independent,256,0.0,False,0.08624308404978365
narrow-3-7,narrow,stress,A0_global_independent,1024,0.0,False,0.3317751670256257
narrow-3-7,narrow,stress,A3_decision_joint_relevant,64,0.0546875,False,0.08494495798368007
narrow-3-7,narrow,stress,A3_decision_joint_relevant,256,0.22265625,False,0.13172408298123628
narrow-3-7,narrow,stress,A3_decision_joint_relevant,1024,0.39453125,False,0.4752399589633569
narrow-6-0,narrow,stress,A0_global_independent,64,0.0,False,0.02664550009649247
narrow-6-0,narrow,stress,A0_global_independent,256,0.0,False,0.10602587508037686
narrow-6-0,narrow,stress,A0_global_independent,1024,0.0,False,0.44042295799590647
narrow-6-0,narrow,stress,A3_decision_joint_relevant,64,0.59375,False,0.037567666033282876
narrow-6-0,narrow,stress,A3_decision_joint_relevant,256,1.0,True,0.08033437503036112
narrow-6-0,narrow,stress,A3_decision_joint_relevant,1024,1.0,True,0.08379674993921071
narrow-6-1,narrow,stress,A0_global_independent,64,0.0,False,0.028322166996076703
narrow-6-1,narrow,stress,A0_global_independent,256,0.0,False,0.11185799993108958
narrow-6-1,narrow,stress,A0_global_independent,1024,0.0,False,0.4668818750651553
narrow-6-1,narrow,stress,A3_decision_joint_relevant,64,1.8189894035458565e-12,False,0.041564750019460917
narrow-6-1,narrow,stress,A3_decision_joint_relevant,256,2.2737367544323206e-11,False,0.21655154204927385
narrow-6-1,narrow,stress,A3_decision_joint_relevant,1024,5.911715561524034e-11,False,0.5813720839796588
narrow-6-2,narrow,stress,A0_global_independent,64,0.0,False,0.030271833995357156
narrow-6-2,narrow,stress,A0_global_independent,256,0.0,False,0.12322720896918327
narrow-6-2,narrow,stress,A0_global_independent,1024,0.0,False,0.49475737498141825
narrow-6-2,narrow,stress,A3_decision_joint_relevant,64,0.0045166015625,False,0.03801058302633464
narrow-6-2,narrow,stress,A3_decision_joint_relevant,256,0.0191650390625,False,0.14299583295360208
narrow-6-2,narrow,stress,A3_decision_joint_relevant,1024,0.082275390625,False,0.563531041960232
narrow-6-3,narrow,stress,A0_global_independent,64,0.0,False,0.027999916928820312
narrow-6-3,narrow,stress,A0_global_independent,256,0.0,False,0.1330110830022022
narrow-6-3,narrow,stress,A0_global_independent,1024,0.0,False,0.5724990839371458
narrow-6-3,narrow,stress,A3_decision_joint_relevant,64,1.5234036254696548e-11,False,0.043073375010862947
narrow-6-3,narrow,stress,A3_decision_joint_relevant,256,5.3660187404602766e-11,False,0.14730579208116978
narrow-6-3,narrow,stress,A3_decision_joint_relevant,1024,4.474713932722807e-10,False,0.5679306250531226
narrow-6-4,narrow,stress,A0_global_independent,64,0.0,False,0.028969125007279217
narrow-6-4,narrow,stress,A0_global_independent,256,0.0,False,0.1279599160188809
narrow-6-4,narrow,stress,A0_global_independent,1024,0.0,False,0.5177434160141274
narrow-6-4,narrow,stress,A3_decision_joint_relevant,64,3.410605131648481e-13,False,0.043745541013777256
narrow-6-4,narrow,stress,A3_decision_joint_relevant,256,3.240074875066057e-12,False,0.15173154207877815
narrow-6-4,narrow,stress,A3_decision_joint_relevant,1024,1.6541434888495132e-11,False,0.6652715000091121
narrow-6-5,narrow,stress,A0_global_independent,64,0.0,False,0.02667299995664507
narrow-6-5,narrow,stress,A0_global_independent,256,0.0,False,0.1088029999518767
narrow-6-5,narrow,stress,A0_global_independent,1024,0.0,False,0.42805608292110264
narrow-6-5,narrow,stress,A3_decision_joint_relevant,64,9.549694368615746e-12,False,0.04166970797814429
narrow-6-5,narrow,stress,A3_decision_joint_relevant,256,3.1377567211166024e-11,False,0.14746316708624363
narrow-6-5,narrow,stress,A3_decision_joint_relevant,1024,8.230927051045e-11,False,0.5673571249935776
narrow-6-6,narrow,stress,A0_global_independent,64,0.0,False,0.026756000006571412
narrow-6-6,narrow,stress,A0_global_independent,256,0.0,False,0.10937654203735292
narrow-6-6,narrow,stress,A0_global_independent,1024,0.0,False,0.43131708388682455
narrow-6-6,narrow,stress,A3_decision_joint_relevant,64,0.0037841796875,False,0.03729125007521361
narrow-6-6,narrow,stress,A3_decision_joint_relevant,256,0.01904296875,False,0.1444278749404475
narrow-6-6,narrow,stress,A3_decision_joint_relevant,1024,0.06982421875,False,0.5747710420982912
narrow-6-7,narrow,stress,A0_global_independent,64,0.0,False,0.028439749963581562
narrow-6-7,narrow,stress,A0_global_independent,256,0.0,False,0.1359105840092525
narrow-6-7,narrow,stress,A0_global_independent,1024,0.0,False,0.5577869169646874
narrow-6-7,narrow,stress,A3_decision_joint_relevant,64,4.656612873077393e-10,False,0.043486666050739586
narrow-6-7,narrow,stress,A3_decision_joint_relevant,256,2.648448571562767e-09,False,0.14777325000613928
narrow-6-7,narrow,stress,A3_decision_joint_relevant,1024,1.1874362826347351e-08,False,0.5677387919276953
narrow-10-0,narrow,stress,A0_global_independent,64,0.0,False,0.035272249951958656
narrow-10-0,narrow,stress,A0_global_independent,256,0.0,False,0.14076512504834682
narrow-10-0,narrow,stress,A0_global_independent,1024,0.0,False,0.5600855830125511
narrow-10-0,narrow,stress,A3_decision_joint_relevant,64,2.7755575615628914e-17,False,0.05861266597639769
narrow-10-0,narrow,stress,A3_decision_joint_relevant,256,4.2327252813834093e-16,False,0.19195574999321252
narrow-10-0,narrow,stress,A3_decision_joint_relevant,1024,1.5994150448506161e-15,False,0.7242318750359118
narrow-10-1,narrow,stress,A0_global_independent,64,0.0,False,0.036305458983406425
narrow-10-1,narrow,stress,A0_global_independent,256,0.0,False,0.144209791906178
narrow-10-1,narrow,stress,A0_global_independent,1024,0.0,False,0.5812652920139953
narrow-10-1,narrow,stress,A3_decision_joint_relevant,64,6.821210263296962e-13,False,0.059545540949329734
narrow-10-1,narrow,stress,A3_decision_joint_relevant,256,8.981260180007666e-12,False,0.1927547090454027
narrow-10-1,narrow,stress,A3_decision_joint_relevant,1024,3.7971403799019754e-11,False,0.735639207996428
narrow-10-2,narrow,stress,A0_global_independent,64,0.0,False,0.03583020798396319
narrow-10-2,narrow,stress,A0_global_independent,256,0.0,False,0.16493783297482878
narrow-10-2,narrow,stress,A0_global_independent,1024,0.0,False,0.6046069159638137
narrow-10-2,narrow,stress,A3_decision_joint_relevant,64,1.4210854715202004e-14,False,0.06630329205654562
narrow-10-2,narrow,stress,A3_decision_joint_relevant,256,8.215650382226158e-14,False,0.2173082089284435
narrow-10-2,narrow,stress,A3_decision_joint_relevant,1024,3.3306690738754696e-13,False,0.8184390420792624
narrow-10-3,narrow,stress,A0_global_independent,64,0.0,False,0.035425416892394423
narrow-10-3,narrow,stress,A0_global_independent,256,0.0,False,0.1413377079879865
narrow-10-3,narrow,stress,A0_global_independent,1024,0.0,False,0.5687229579780251
narrow-10-3,narrow,stress,A3_decision_joint_relevant,64,1.0,True,0.0015401249984279275
narrow-10-3,narrow,stress,A3_decision_joint_relevant,256,1.0,True,0.0014494160423055291
narrow-10-3,narrow,stress,A3_decision_joint_relevant,1024,1.0,True,0.001490917056798935
narrow-10-4,narrow,stress,A0_global_independent,64,0.0,False,0.03640774998348206
narrow-10-4,narrow,stress,A0_global_independent,256,0.0,False,0.13985333289019763
narrow-10-4,narrow,stress,A0_global_independent,1024,0.0,False,0.5728927080053836
narrow-10-4,narrow,stress,A3_decision_joint_relevant,64,1.0,True,0.0016223749844357371
narrow-10-4,narrow,stress,A3_decision_joint_relevant,256,1.0,True,0.0014719999162480235
narrow-10-4,narrow,stress,A3_decision_joint_relevant,1024,1.0,True,0.001439166022464633
narrow-10-5,narrow,stress,A0_global_independent,64,0.0,False,0.036484999931417406
narrow-10-5,narrow,stress,A0_global_independent,256,0.0,False,0.14610004192218184
narrow-10-5,narrow,stress,A0_global_independent,1024,0.0,False,0.5876081250607967
narrow-10-5,narrow,stress,A3_decision_joint_relevant,64,0.00010013580322265625,False,0.0503558749333024
narrow-10-5,narrow,stress,A3_decision_joint_relevant,256,0.0003814697265625,False,0.19215162505861372
narrow-10-5,narrow,stress,A3_decision_joint_relevant,1024,0.000652313232421875,False,0.7365872079972178
narrow-10-6,narrow,stress,A0_global_independent,64,0.0,False,0.034031250048428774
narrow-10-6,narrow,stress,A0_global_independent,256,0.0,False,0.14104437502101064
narrow-10-6,narrow,stress,A0_global_independent,1024,0.0,False,0.5600737909553573
narrow-10-6,narrow,stress,A3_decision_joint_relevant,64,0.125244140625,False,0.05514420790132135
narrow-10-6,narrow,stress,A3_decision_joint_relevant,256,0.12939453125,False,0.2436392919626087
narrow-10-6,narrow,stress,A3_decision_joint_relevant,1024,0.1962890625,False,0.9863008339889348
narrow-10-7,narrow,stress,A0_global_independent,64,0.0,False,0.03512733394745737
narrow-10-7,narrow,stress,A0_global_independent,256,0.0,False,0.14047941693570465
narrow-10-7,narrow,stress,A0_global_independent,1024,0.0,False,0.5586277920519933
narrow-10-7,narrow,stress,A3_decision_joint_relevant,64,1.0,True,0.03023954201489687
narrow-10-7,narrow,stress,A3_decision_joint_relevant,256,1.0,True,0.03189800004474819
narrow-10-7,narrow,stress,A3_decision_joint_relevant,1024,1.0,True,0.031506208004429936
heavytail-3-0,heavytail,stress,A0_global_independent,64,3.552713678800501e-15,False,0.040988624910824
heavytail-3-0,heavytail,stress,A0_global_independent,256,2.531308496145357e-14,False,0.26236408308614045
heavytail-3-0,heavytail,stress,A0_global_independent,1024,2.2737367544323206e-13,False,1.4400501659838483
heavytail-3-0,heavytail,stress,A3_decision_joint_relevant,64,1.0,True,0.0009638749761506915
heavytail-3-0,heavytail,stress,A3_decision_joint_relevant,256,1.0,True,0.000860957894474268
heavytail-3-0,heavytail,stress,A3_decision_joint_relevant,1024,1.0,True,0.0008515830850228667
heavytail-3-1,heavytail,stress,A0_global_independent,64,9.450218385609332e-13,False,0.03559099999256432
heavytail-3-1,heavytail,stress,A0_global_independent,256,2.8279600883251987e-12,False,0.21657558297738433
heavytail-3-1,heavytail,stress,A0_global_independent,1024,6.970424237806583e-12,False,0.9556014999980107
heavytail-3-1,heavytail,stress,A3_decision_joint_relevant,64,1.0,True,0.0031342090805992484
heavytail-3-1,heavytail,stress,A3_decision_joint_relevant,256,1.0,True,0.0027198749594390392
heavytail-3-1,heavytail,stress,A3_decision_joint_relevant,1024,1.0,True,0.0026618329575285316
heavytail-3-2,heavytail,stress,A0_global_independent,64,3.469446951953614e-18,False,0.03526466595940292
heavytail-3-2,heavytail,stress,A0_global_independent,256,1.3530843112619095e-16,False,0.5826890000607818
heavytail-3-2,heavytail,stress,A0_global_independent,1024,6.782768791069316e-16,False,1.1513354999478906
heavytail-3-2,heavytail,stress,A3_decision_joint_relevant,64,1.0,True,0.0017851670272648335
heavytail-3-2,heavytail,stress,A3_decision_joint_relevant,256,1.0,True,0.0017068750457838178
heavytail-3-2,heavytail,stress,A3_decision_joint_relevant,1024,1.0,True,0.0021001669811084867
heavytail-3-3,heavytail,stress,A0_global_independent,64,0.0,False,0.022112499922513962
heavytail-3-3,heavytail,stress,A0_global_independent,256,0.0,False,0.11757116706576198
heavytail-3-3,heavytail,stress,A0_global_independent,1024,0.0,False,0.466855917009525
heavytail-3-3,heavytail,stress,A3_decision_joint_relevant,64,1.0,True,0.00783979194238782
heavytail-3-3,heavytail,stress,A3_decision_joint_relevant,256,1.0,True,0.0074052499840036035
heavytail-3-3,heavytail,stress,A3_decision_joint_relevant,1024,1.0,True,0.0077057910384610295
heavytail-3-4,heavytail,stress,A0_global_independent,64,0.0,False,0.02821304090321064
heavytail-3-4,heavytail,stress,A0_global_independent,256,0.0,False,0.13554716703947634
heavytail-3-4,heavytail,stress,A0_global_independent,1024,0.0,False,0.5667108329944313
heavytail-3-4,heavytail,stress,A3_decision_joint_relevant,64,1.0,True,0.0009374170331284404
heavytail-3-4,heavytail,stress,A3_decision_joint_relevant,256,1.0,True,0.0008672920521348715
heavytail-3-4,heavytail,stress,A3_decision_joint_relevant,1024,1.0,True,0.0008442499674856663
heavytail-3-5,heavytail,stress,A0_global_independent,64,0.0,False,0.024316375027410686
heavytail-3-5,heavytail,stress,A0_global_independent,256,0.0,False,0.12272145797032863
heavytail-3-5,heavytail,stress,A0_global_independent,1024,0.0,False,0.5116164169739932
heavytail-3-5,heavytail,stress,A3_decision_joint_relevant,64,1.0,True,0.000942167011089623
heavytail-3-5,heavytail,stress,A3_decision_joint_relevant,256,1.0,True,0.0008987500332295895
heavytail-3-5,heavytail,stress,A3_decision_joint_relevant,1024,1.0,True,0.0010040419874712825
heavytail-3-6,heavytail,stress,A0_global_independent,64,0.0,False,0.031195000046864152
heavytail-3-6,heavytail,stress,A0_global_independent,256,0.0,False,0.18358891701791435
heavytail-3-6,heavytail,stress,A0_global_independent,1024,0.0,False,0.795772459008731
heavytail-3-6,heavytail,stress,A3_decision_joint_relevant,64,1.0,True,0.000977667048573494
heavytail-3-6,heavytail,stress,A3_decision_joint_relevant,256,1.0,True,0.0009097090223804116
heavytail-3-6,heavytail,stress,A3_decision_joint_relevant,1024,1.0,True,0.000907834037207067
heavytail-3-7,heavytail,stress,A0_global_independent,64,2.0261570199409107e-15,False,0.03342362504918128
heavytail-3-7,heavytail,stress,A0_global_independent,256,1.63202784619898e-14,False,0.222909374977462
heavytail-3-7,heavytail,stress,A0_global_independent,1024,1.1013412404281553e-13,False,1.0218534170417115
heavytail-3-7,heavytail,stress,A3_decision_joint_relevant,64,1.0,True,0.0009408750338479877
heavytail-3-7,heavytail,stress,A3_decision_joint_relevant,256,1.0,True,0.0008490830659866333
heavytail-3-7,heavytail,stress,A3_decision_joint_relevant,1024,1.0,True,0.0008425420382991433
heavytail-6-0,heavytail,stress,A0_global_independent,64,0.0,False,0.031019457965157926
heavytail-6-0,heavytail,stress,A0_global_independent,256,0.0,False,0.1717624580487609
heavytail-6-0,heavytail,stress,A0_global_independent,1024,0.0,False,0.7339576249942183
heavytail-6-0,heavytail,stress,A3_decision_joint_relevant,64,1.0,True,0.001173041993752122
heavytail-6-0,heavytail,stress,A3_decision_joint_relevant,256,1.0,True,0.0010910839773714542
heavytail-6-0,heavytail,stress,A3_decision_joint_relevant,1024,1.0,True,0.0010784580372273922
heavytail-6-1,heavytail,stress,A0_global_independent,64,0.0,False,0.02888337499462068
heavytail-6-1,heavytail,stress,A0_global_independent,256,0.0,False,0.14579654193948954
heavytail-6-1,heavytail,stress,A0_global_independent,1024,0.0,False,0.6170645829988644
heavytail-6-1,heavytail,stress,A3_decision_joint_relevant,64,1.0,True,0.001280625001527369
heavytail-6-1,heavytail,stress,A3_decision_joint_relevant,256,1.0,True,0.001113708014599979
heavytail-6-1,heavytail,stress,A3_decision_joint_relevant,1024,1.0,True,0.0011126670287922025
heavytail-6-2,heavytail,stress,A0_global_independent,64,0.0,False,0.030751375015825033
heavytail-6-2,heavytail,stress,A0_global_independent,256,0.0,False,0.12504187505692244
heavytail-6-2,heavytail,stress,A0_global_independent,1024,0.0,False,0.4952066669939086
heavytail-6-2,heavytail,stress,A3_decision_joint_relevant,64,1.0,True,0.0011653749970719218
heavytail-6-2,heavytail,stress,A3_decision_joint_relevant,256,1.0,True,0.0010990420123562217
heavytail-6-2,heavytail,stress,A3_decision_joint_relevant,1024,1.0,True,0.0010939170606434345
heavytail-6-3,heavytail,stress,A0_global_independent,64,0.0,False,0.02756933297496289
heavytail-6-3,heavytail,stress,A0_global_independent,256,0.0,False,0.1083388339029625
heavytail-6-3,heavytail,stress,A0_global_independent,1024,0.0,False,0.4333149589365348
heavytail-6-3,heavytail,stress,A3_decision_joint_relevant,64,1.0,True,0.0011885419953614473
heavytail-6-3,heavytail,stress,A3_decision_joint_relevant,256,1.0,True,0.001096750027500093
heavytail-6-3,heavytail,stress,A3_decision_joint_relevant,1024,1.0,True,0.0011095419758930802
heavytail-6-4,heavytail,stress,A0_global_independent,64,0.0,False,0.027413457981310785
heavytail-6-4,heavytail,stress,A0_global_independent,256,0.0,False,0.1064632919151336
heavytail-6-4,heavytail,stress,A0_global_independent,1024,0.0,False,0.4218903330620378
heavytail-6-4,heavytail,stress,A3_decision_joint_relevant,64,0.078125,False,0.0367846250301227
heavytail-6-4,heavytail,stress,A3_decision_joint_relevant,256,0.23046875,False,0.1432290410157293
heavytail-6-4,heavytail,stress,A3_decision_joint_relevant,1024,0.693359375,False,0.588558541960083
heavytail-6-5,heavytail,stress,A0_global_independent,64,0.0,False,0.02695716603193432
heavytail-6-5,heavytail,stress,A0_global_independent,256,0.0,False,0.10601962497457862
heavytail-6-5,heavytail,stress,A0_global_independent,1024,0.0,False,0.41721737501211464
heavytail-6-5,heavytail,stress,A3_decision_joint_relevant,64,5.340576171875e-05,False,0.03878375003114343
heavytail-6-5,heavytail,stress,A3_decision_joint_relevant,256,0.00024700164794921875,False,0.14490087504964322
heavytail-6-5,heavytail,stress,A3_decision_joint_relevant,1024,0.0007381439208984375,False,0.5740842500235885
heavytail-6-6,heavytail,stress,A0_global_independent,64,0.0,False,0.03488312498666346
heavytail-6-6,heavytail,stress,A0_global_independent,256,0.0,False,0.17296437500044703
heavytail-6-6,heavytail,stress,A0_global_independent,1024,0.0,False,0.7327495829667896
heavytail-6-6,heavytail,stress,A3_decision_joint_relevant,64,1.0,True,0.0011685830540955067
heavytail-6-6,heavytail,stress,A3_decision_joint_relevant,256,1.0,True,0.001096333027817309
heavytail-6-6,heavytail,stress,A3_decision_joint_relevant,1024,1.0,True,0.001085125026293099
heavytail-6-7,heavytail,stress,A0_global_independent,64,0.0,False,0.02851495798677206
heavytail-6-7,heavytail,stress,A0_global_independent,256,3.469446951953614e-18,False,0.17699475004337728
heavytail-6-7,heavytail,stress,A0_global_independent,1024,1.3010426069826053e-17,False,0.796575541025959
heavytail-6-7,heavytail,stress,A3_decision_joint_relevant,64,1.0,True,0.0014202080201357603
heavytail-6-7,heavytail,stress,A3_decision_joint_relevant,256,1.0,True,0.0011759159388020635
heavytail-6-7,heavytail,stress,A3_decision_joint_relevant,1024,1.0,True,0.0010941249784082174
heavytail-10-0,heavytail,stress,A0_global_independent,64,0.0,False,0.03631562495138496
heavytail-10-0,heavytail,stress,A0_global_independent,256,0.0,False,0.14222549996338785
heavytail-10-0,heavytail,stress,A0_global_independent,1024,0.0,False,0.5712149169994518
heavytail-10-0,heavytail,stress,A3_decision_joint_relevant,64,0.0,False,0.05012762499973178
heavytail-10-0,heavytail,stress,A3_decision_joint_relevant,256,0.0,False,0.18339891696814448
heavytail-10-0,heavytail,stress,A3_decision_joint_relevant,1024,0.0,False,0.7270090410020202
heavytail-10-1,heavytail,stress,A0_global_independent,64,0.0,False,0.04595258296467364
heavytail-10-1,heavytail,stress,A0_global_independent,256,0.0,False,0.3982242080383003
heavytail-10-1,heavytail,stress,A0_global_independent,1024,0.0,False,1.8192412499338388
heavytail-10-1,heavytail,stress,A3_decision_joint_relevant,64,0.0,False,0.06157041701953858
heavytail-10-1,heavytail,stress,A3_decision_joint_relevant,256,0.0,False,0.23709279100876302
heavytail-10-1,heavytail,stress,A3_decision_joint_relevant,1024,0.0,False,0.936912624980323
heavytail-10-2,heavytail,stress,A0_global_independent,64,0.0,False,0.03789729194249958
heavytail-10-2,heavytail,stress,A0_global_independent,256,0.0,False,0.14506858389358968
heavytail-10-2,heavytail,stress,A0_global_independent,1024,0.0,False,0.5804196670651436
heavytail-10-2,heavytail,stress,A3_decision_joint_relevant,64,1.0,True,0.0016042919596657157
heavytail-10-2,heavytail,stress,A3_decision_joint_relevant,256,1.0,True,0.0014550420455634594
heavytail-10-2,heavytail,stress,A3_decision_joint_relevant,1024,1.0,True,0.001433375058695674
heavytail-10-3,heavytail,stress,A0_global_independent,64,0.0,False,0.03669979202095419
heavytail-10-3,heavytail,stress,A0_global_independent,256,0.0,False,0.14525799988768995
heavytail-10-3,heavytail,stress,A0_global_independent,1024,0.0,False,0.5576329579344019
heavytail-10-3,heavytail,stress,A3_decision_joint_relevant,64,1.0,True,0.0015637920005246997
heavytail-10-3,heavytail,stress,A3_decision_joint_relevant,256,1.0,True,0.0016726660542190075
heavytail-10-3,heavytail,stress,A3_decision_joint_relevant,1024,1.0,True,0.001518790959380567
heavytail-10-4,heavytail,stress,A0_global_independent,64,0.0,False,0.03485820791684091
heavytail-10-4,heavytail,stress,A0_global_independent,256,0.0,False,0.1411566250026226
heavytail-10-4,heavytail,stress,A0_global_independent,1024,0.0,False,0.5619535410078242
heavytail-10-4,heavytail,stress,A3_decision_joint_relevant,64,1.0,True,0.0016806249041110277
heavytail-10-4,heavytail,stress,A3_decision_joint_relevant,256,1.0,True,0.0015076249837875366
heavytail-10-4,heavytail,stress,A3_decision_joint_relevant,1024,1.0,True,0.0014379159547388554
heavytail-10-5,heavytail,stress,A0_global_independent,64,0.0,False,0.03886129101738334
heavytail-10-5,heavytail,stress,A0_global_independent,256,0.0,False,0.16319166705943644
heavytail-10-5,heavytail,stress,A0_global_independent,1024,0.0,False,0.6593400839483365
heavytail-10-5,heavytail,stress,A3_decision_joint_relevant,64,1.0,True,0.001474499935284257
heavytail-10-5,heavytail,stress,A3_decision_joint_relevant,256,1.0,True,0.0014433750184252858
heavytail-10-5,heavytail,stress,A3_decision_joint_relevant,1024,1.0,True,0.0016005830839276314
heavytail-10-6,heavytail,stress,A0_global_independent,64,0.0,False,0.03517054207623005
heavytail-10-6,heavytail,stress,A0_global_independent,256,0.0,False,0.13998487498611212
heavytail-10-6,heavytail,stress,A0_global_independent,1024,0.0,False,0.5618019580142573
heavytail-10-6,heavytail,stress,A3_decision_joint_relevant,64,1.0,True,0.001508333021774888
heavytail-10-6,heavytail,stress,A3_decision_joint_relevant,256,1.0,True,0.0014419590588659048
heavytail-10-6,heavytail,stress,A3_decision_joint_relevant,1024,1.0,True,0.0015582500491291285
heavytail-10-7,heavytail,stress,A0_global_independent,64,0.0,False,0.038612708915024996
heavytail-10-7,heavytail,stress,A0_global_independent,256,0.0,False,0.16429545800201595
heavytail-10-7,heavytail,stress,A0_global_independent,1024,0.0,False,0.6594815420685336
heavytail-10-7,heavytail,stress,A3_decision_joint_relevant,64,1.0,True,0.001514500007033348
heavytail-10-7,heavytail,stress,A3_decision_joint_relevant,256,1.0,True,0.0015107908984646201
heavytail-10-7,heavytail,stress,A3_decision_joint_relevant,1024,1.0,True,0.0014467089204117656
