instance,family,m,replicate,data_split,arm,gate,mode,split,nominal_winner,focal_level,focal_certified,focal_certified_volume,focal_boxes,focal_seconds,focal_budget_exhausted,rho_lower,box_budget,witness_level,witness_unique
simplex-3-0,simplex,3,0,development,A0_global_independent,global,independent,widest,2,0.02,False,4.6629367034256575e-15,300,0.31315887498203665,True,0.0,300,0.4,True
simplex-3-0,simplex,3,0,development,A1_decision_independent,decision,independent,widest,2,0.02,True,1.0,65,0.027484958060085773,False,0.023599609375000004,300,0.4,True
simplex-3-0,simplex,3,0,development,A2_decision_joint,decision,joint,widest,2,0.02,True,1.0,3,0.0017186249606311321,False,0.039964843750000006,300,0.4,True
simplex-3-0,simplex,3,0,development,A3_decision_joint_relevant,decision,joint,decision,2,0.02,True,1.0,3,0.0019027080852538347,False,0.039964843750000006,300,0.4,True
simplex-3-1,simplex,3,1,development,A0_global_independent,global,independent,widest,7,0.02,False,0.0,300,0.12686479196418077,True,0.0,300,,
simplex-3-1,simplex,3,1,development,A1_decision_independent,decision,independent,widest,7,0.02,False,2.0227162167429924e-09,300,0.10728145798202604,True,0.0,300,,
simplex-3-1,simplex,3,1,development,A2_decision_joint,decision,joint,widest,7,0.02,False,4.0512531995773315e-08,300,0.14310658304020762,True,0.001,300,,
simplex-3-1,simplex,3,1,development,A3_decision_joint_relevant,decision,joint,decision,7,0.02,False,3.841705620288849e-08,300,0.15473591594491154,True,0.001,300,,
simplex-3-2,simplex,3,2,development,A0_global_independent,global,independent,widest,7,0.02,False,2.1280754936015e-12,300,0.27276362502016127,True,0.0,300,0.05,True
simplex-3-2,simplex,3,2,development,A1_decision_independent,decision,independent,widest,7,0.02,False,0.00144195556640625,300,0.12155358295422047,True,0.007234375000000001,300,0.05,True
simplex-3-2,simplex,3,2,development,A2_decision_joint,decision,joint,widest,7,0.02,False,0.0190277099609375,300,0.14511045801918954,True,0.011130859375000001,300,0.05,True
simplex-3-2,simplex,3,2,development,A3_decision_joint_relevant,decision,joint,decision,7,0.02,False,0.0213623046875,300,0.16205162508413196,True,0.010351562500000001,300,0.05,True
simplex-3-3,simplex,3,3,calibration,A0_global_independent,global,independent,widest,1,0.02,False,0.0,300,0.16462416597642004,True,0.0,300,0.01,True
simplex-3-3,simplex,3,3,calibration,A1_decision_independent,decision,independent,widest,1,0.02,False,2.648448571562767e-09,300,0.1155907919164747,True,0.0,300,0.01,True
simplex-3-3,simplex,3,3,calibration,A2_decision_joint,decision,joint,widest,1,0.02,False,2.9336661100387573e-08,300,0.15466400003060699,True,0.001,300,0.01,True
simplex-3-3,simplex,3,3,calibration,A3_decision_joint_relevant,decision,joint,decision,1,0.02,False,2.9103830456733704e-08,300,0.1699295419966802,True,0.001,300,0.01,True
simplex-3-4,simplex,3,4,test,A0_global_independent,global,independent,widest,9,0.02,False,3.7816971776294395e-16,300,0.3087311250856146,True,0.0,300,,
simplex-3-4,simplex,3,4,test,A1_decision_independent,decision,independent,widest,9,0.02,False,0.0732421875,300,0.12911449989769608,True,0.012689453125000002,300,,
simplex-3-4,simplex,3,4,test,A2_decision_joint,decision,joint,widest,9,0.02,True,1.0,143,0.07162616704590619,False,0.022041015625,300,,
simplex-3-4,simplex,3,4,test,A3_decision_joint_relevant,decision,joint,decision,9,0.02,True,1.0,163,0.08479166601318866,False,0.022041015625,300,,
simplex-3-5,simplex,3,5,test,A0_global_independent,global,independent,widest,1,0.02,False,0.0,300,0.19212612498085946,True,0.0,300,0.05,True
simplex-3-5,simplex,3,5,test,A1_decision_independent,decision,independent,widest,1,0.02,False,0.00042724609375,300,0.11352162505500019,True,0.004896484375000001,300,0.05,True
simplex-3-5,simplex,3,5,test,A2_decision_joint,decision,joint,widest,1,0.02,False,0.0078125,300,0.1366351250326261,True,0.008792968750000001,300,0.05,True
simplex-3-5,simplex,3,5,test,A3_decision_joint_relevant,decision,joint,decision,1,0.02,False,0.00848388671875,300,0.16060850000940263,True,0.009572265625000001,300,0.05,True
simplex-3-6,simplex,3,6,test,A0_global_independent,global,independent,widest,5,0.02,False,5.329070518200751e-15,300,0.4381730000022799,True,0.0,300,0.2,True
simplex-3-6,simplex,3,6,test,A1_decision_independent,decision,independent,widest,5,0.02,True,1.0,197,0.08819320902694017,False,0.020482421875000004,300,0.2,True
simplex-3-6,simplex,3,6,test,A2_decision_joint,decision,joint,widest,5,0.02,True,1.0,9,0.005980666959658265,False,0.03450976562500001,300,0.2,True
simplex-3-6,simplex,3,6,test,A3_decision_joint_relevant,decision,joint,decision,5,0.02,True,1.0,7,0.0051253329729661345,False,0.03450976562500001,300,0.2,True
simplex-3-7,simplex,3,7,test,A0_global_independent,global,independent,widest,1,0.02,False,0.0,300,0.29994120891205966,True,0.0,300,0.2,True
simplex-3-7,simplex,3,7,test,A1_decision_independent,decision,independent,widest,1,0.02,False,0.035888671875,300,0.12017483310773969,True,0.010351562500000001,300,0.2,True
simplex-3-7,simplex,3,7,test,A2_decision_joint,decision,joint,widest,1,0.02,False,0.34765625,300,0.1644543749280274,True,0.017365234375000003,300,0.2,True
simplex-3-7,simplex,3,7,test,A3_decision_joint_relevant,decision,joint,decision,1,0.02,False,0.5,300,0.1552154580131173,True,0.017365234375000003,300,0.2,True
simplex-6-0,simplex,6,0,development,A0_global_independent,global,independent,widest,4,0.02,False,0.0,300,0.14157579094171524,True,0.0,300,0.05,True
simplex-6-0,simplex,6,0,development,A1_decision_independent,decision,independent,widest,4,0.02,False,8.42846930027008e-08,300,0.1664702920243144,True,0.005675781250000001,300,0.05,True
simplex-6-0,simplex,6,0,development,A2_decision_joint,decision,joint,widest,4,0.02,False,3.266334533691406e-05,300,0.20171633292920887,True,0.009572265625000001,300,0.05,True
simplex-6-0,simplex,6,0,development,A3_decision_joint_relevant,decision,joint,decision,4,0.02,False,0.000274658203125,300,0.21027408295776695,True,0.009572265625000001,300,0.05,True
simplex-6-1,simplex,6,1,development,A0_global_independent,global,independent,widest,5,0.02,False,0.0,300,0.1820314999204129,True,0.0,300,0.4,True
simplex-6-1,simplex,6,1,development,A1_decision_independent,decision,independent,widest,5,0.02,True,1.0,143,0.0644911250565201,False,0.021261718750000002,300,0.4,True
simplex-6-1,simplex,6,1,development,A2_decision_joint,decision,joint,widest,5,0.02,True,1.0,1,0.0013236249797046185,False,0.03684765625,300,0.4,True
simplex-6-1,simplex,6,1,development,A3_decision_joint_relevant,decision,joint,decision,5,0.02,True,1.0,1,0.001292875036597252,False,0.03684765625,300,0.4,True
simplex-6-2,simplex,6,2,development,A0_global_independent,global,independent,widest,2,0.02,False,0.0,300,0.13776804192457348,True,0.0,300,,
simplex-6-2,simplex,6,2,development,A1_decision_independent,decision,independent,widest,2,0.02,False,0.609375,300,0.13602462504059076,True,0.018923828125,300,,
simplex-6-2,simplex,6,2,development,A2_decision_joint,decision,joint,widest,2,0.02,True,1.0,1,0.001143125002272427,False,0.0352890625,300,,
simplex-6-2,simplex,6,2,development,A3_decision_joint_relevant,decision,joint,decision,2,0.02,True,1.0,1,0.0012440839782357216,False,0.03684765625,300,,
simplex-6-3,simplex,6,3,calibration,A0_global_independent,global,independent,widest,5,0.02,False,0.0,300,0.14135787507984787,True,0.0,300,0.4,True
simplex-6-3,simplex,6,3,calibration,A1_decision_independent,decision,independent,widest,5,0.02,True,1.0,1,0.0010615410283207893,False,0.027496093750000002,300,0.4,True
simplex-6-3,simplex,6,3,calibration,A2_decision_joint,decision,joint,widest,5,0.02,True,1.0,1,0.0012547910446301103,False,0.050095703125,300,0.4,True
simplex-6-3,simplex,6,3,calibration,A3_decision_joint_relevant,decision,joint,decision,5,0.02,True,1.0,1,0.0011070420732721686,False,0.050095703125,300,0.4,True
simplex-6-4,simplex,6,4,test,A0_global_independent,global,independent,widest,8,0.02,False,0.0,300,0.1306607499718666,True,0.0,300,0.05,True
simplex-6-4,simplex,6,4,test,A1_decision_independent,decision,independent,widest,8,0.02,False,1.73225998878479e-07,300,0.13541145797353238,True,0.004896484375000001,300,0.05,True
simplex-6-4,simplex,6,4,test,A2_decision_joint,decision,joint,widest,8,0.02,False,4.57763671875e-05,300,0.15831349999643862,True,0.008013671875000001,300,0.05,True
simplex-6-4,simplex,6,4,test,A3_decision_joint_relevant,decision,joint,decision,8,0.02,False,7.05718994140625e-05,300,0.1724036659579724,True,0.009572265625000001,300,0.05,True
simplex-6-5,simplex,6,5,test,A0_global_independent,global,independent,widest,1,0.02,False,0.0,300,0.13031974993646145,True,0.0,300,0.05,True
simplex-6-5,simplex,6,5,test,A1_decision_independent,decision,independent,widest,1,0.02,False,8.049028110690415e-11,300,0.1330880409805104,True,0.0025585937500000005,300,0.05,True
simplex-6-5,simplex,6,5,test,A2_decision_joint,decision,joint,widest,1,0.02,False,6.426125764846802e-08,300,0.16117008298169822,True,0.004896484375000001,300,0.05,True
simplex-6-5,simplex,6,5,test,A3_decision_joint_relevant,decision,joint,decision,1,0.02,False,3.958120942115784e-08,300,0.17480379191692919,True,0.005675781250000001,300,0.05,True
simplex-6-6,simplex,6,6,test,A0_global_independent,global,independent,widest,1,0.02,False,0.0,300,0.13155779102817178,True,0.0,300,0.05,True
simplex-6-6,simplex,6,6,test,A1_decision_independent,decision,independent,widest,1,0.02,False,1.817941665649414e-06,300,0.1367177499923855,True,0.006455078125000001,300,0.05,True
simplex-6-6,simplex,6,6,test,A2_decision_joint,decision,joint,widest,1,0.02,False,0.00048828125,300,0.1604709579842165,True,0.009572265625000001,300,0.05,True
simplex-6-6,simplex,6,6,test,A3_decision_joint_relevant,decision,joint,decision,1,0.02,False,0.000598907470703125,300,0.17716629104688764,True,0.010351562500000001,300,0.05,True
simplex-6-7,simplex,6,7,test,A0_global_independent,global,independent,widest,3,0.02,False,0.0,300,0.15289183298591524,True,0.0,300,0.1,True
simplex-6-7,simplex,6,7,test,A1_decision_independent,decision,independent,widest,3,0.02,False,0.0006561279296875,300,0.13743579189758748,True,0.011130859375000001,300,0.1,True
simplex-6-7,simplex,6,7,test,A2_decision_joint,decision,joint,widest,3,0.02,False,0.18359375,300,0.16382958402391523,True,0.017365234375000003,300,0.1,True
simplex-6-7,simplex,6,7,test,A3_decision_joint_relevant,decision,joint,decision,3,0.02,False,0.19921875,300,0.17817454203031957,True,0.018144531250000002,300,0.1,True
simplex-10-0,simplex,10,0,development,A0_global_independent,global,independent,widest,9,0.02,False,0.0,300,0.17873933294322342,True,0.0,300,0.2,True
simplex-10-0,simplex,10,0,development,A1_decision_independent,decision,independent,widest,9,0.02,False,0.001953125,300,0.17703008302487433,True,0.015027343750000002,300,0.2,True
simplex-10-0,simplex,10,0,development,A2_decision_joint,decision,joint,widest,9,0.02,True,1.0,1,0.0015186669770628214,False,0.028275390625,300,0.2,True
simplex-10-0,simplex,10,0,development,A3_decision_joint_relevant,decision,joint,decision,9,0.02,True,1.0,1,0.0015521659515798092,False,0.029054687500000002,300,0.2,True
simplex-10-1,simplex,10,1,development,A0_global_independent,global,independent,widest,0,0.02,False,0.0,300,0.17360737500712276,True,0.0,300,0.4,True
simplex-10-1,simplex,10,1,development,A1_decision_independent,decision,independent,widest,0,0.02,False,0.00543212890625,300,0.2191860000602901,True,0.015027343750000002,300,0.4,True
simplex-10-1,simplex,10,1,development,A2_decision_joint,decision,joint,widest,0,0.02,True,1.0,1,0.0015419160481542349,False,0.027496093750000002,300,0.4,True
simplex-10-1,simplex,10,1,development,A3_decision_joint_relevant,decision,joint,decision,0,0.02,True,1.0,1,0.0014908750308677554,False,0.028275390625,300,0.4,True
simplex-10-2,simplex,10,2,development,A0_global_independent,global,independent,widest,7,0.02,False,0.0,300,0.17364716704469174,True,0.0,300,0.2,True
simplex-10-2,simplex,10,2,development,A1_decision_independent,decision,independent,widest,7,0.02,False,3.5762786865234375e-07,300,0.21065224998164922,True,0.010351562500000001,300,0.2,True
simplex-10-2,simplex,10,2,development,A2_decision_joint,decision,joint,widest,7,0.02,False,0.671875,300,0.23422258405480534,True,0.018923828125,300,0.2,True
simplex-10-2,simplex,10,2,development,A3_decision_joint_relevant,decision,joint,decision,7,0.02,False,0.3984375,300,0.2553524160757661,True,0.019703125000000002,300,0.2,True
simplex-10-3,simplex,10,3,calibration,A0_global_independent,global,independent,widest,0,0.02,False,0.0,300,0.1760554580250755,True,0.0,300,0.2,True
simplex-10-3,simplex,10,3,calibration,A1_decision_independent,decision,independent,widest,0,0.02,False,4.4345855712890625e-05,300,0.17891795898322016,True,0.012689453125000002,300,0.2,True
simplex-10-3,simplex,10,3,calibration,A2_decision_joint,decision,joint,widest,0,0.02,True,1.0,15,0.010976416990160942,False,0.022041015625,300,0.2,True
simplex-10-3,simplex,10,3,calibration,A3_decision_joint_relevant,decision,joint,decision,0,0.02,True,1.0,13,0.010191625100560486,False,0.022041015625,300,0.2,True
simplex-10-4,simplex,10,4,test,A0_global_independent,global,independent,widest,7,0.02,False,0.0,300,0.17004445905331522,True,0.0,300,0.1,True
simplex-10-4,simplex,10,4,test,A1_decision_independent,decision,independent,widest,7,0.02,False,2.5320332497358322e-09,300,0.1930413329973817,True,0.007234375000000001,300,0.1,True
simplex-10-4,simplex,10,4,test,A2_decision_joint,decision,joint,widest,7,0.02,False,0.0005130767822265625,300,0.20144712505862117,True,0.012689453125000002,300,0.1,True
simplex-10-4,simplex,10,4,test,A3_decision_joint_relevant,decision,joint,decision,7,0.02,False,0.00092315673828125,300,0.21556616702582687,True,0.012689453125000002,300,0.1,True
simplex-10-5,simplex,10,5,test,A0_global_independent,global,independent,widest,8,0.02,False,0.0,300,0.17016266693826765,True,0.0,300,0.2,True
simplex-10-5,simplex,10,5,test,A1_decision_independent,decision,independent,widest,8,0.02,False,0.00054931640625,300,0.18144949991255999,True,0.014248046875000002,300,0.2,True
simplex-10-5,simplex,10,5,test,A2_decision_joint,decision,joint,widest,8,0.02,True,1.0,1,0.001668291981332004,False,0.025937500000000002,300,0.2,True
simplex-10-5,simplex,10,5,test,A3_decision_joint_relevant,decision,joint,decision,8,0.02,True,1.0,1,0.0014633750542998314,False,0.025937500000000002,300,0.2,True
simplex-10-6,simplex,10,6,test,A0_global_independent,global,independent,widest,2,0.02,False,0.0,300,0.1717552919872105,True,0.0,300,0.4,True
simplex-10-6,simplex,10,6,test,A1_decision_independent,decision,independent,widest,2,0.02,True,1.0,1,0.0014154158998280764,False,0.024378906250000002,300,0.4,True
simplex-10-6,simplex,10,6,test,A2_decision_joint,decision,joint,widest,2,0.02,True,1.0,1,0.001479333033785224,False,0.0477578125,300,0.4,True
simplex-10-6,simplex,10,6,test,A3_decision_joint_relevant,decision,joint,decision,2,0.02,True,1.0,1,0.001875665970146656,False,0.04931640625,300,0.4,True
simplex-10-7,simplex,10,7,test,A0_global_independent,global,independent,widest,8,0.02,False,0.0,300,0.1693923749262467,True,0.0,300,0.1,True
simplex-10-7,simplex,10,7,test,A1_decision_independent,decision,independent,widest,8,0.02,False,4.0531158447265625e-06,300,0.17946437501814216,True,0.011130859375000001,300,0.1,True
simplex-10-7,simplex,10,7,test,A2_decision_joint,decision,joint,widest,8,0.02,True,1.0,83,0.05720287503208965,False,0.020482421875000004,300,0.1,True
simplex-10-7,simplex,10,7,test,A3_decision_joint_relevant,decision,joint,decision,8,0.02,True,1.0,45,0.03315637493506074,False,0.021261718750000002,300,0.1,True
spherical-3-0,spherical,3,0,development,A0_global_independent,global,independent,widest,4,0.02,False,0.0,300,0.19932716607581824,True,0.0,300,0.01,True
spherical-3-0,spherical,3,0,development,A1_decision_independent,decision,independent,widest,4,0.02,False,6.07222318649292e-07,300,0.10197533294558525,True,0.0017792968750000003,300,0.01,True
spherical-3-0,spherical,3,0,development,A2_decision_joint,decision,joint,widest,4,0.02,False,6.4373016357421875e-06,300,0.12816570803988725,True,0.0025585937500000005,300,0.01,True
spherical-3-0,spherical,3,0,development,A3_decision_joint_relevant,decision,joint,decision,4,0.02,False,6.735324859619141e-06,300,0.14225904096383601,True,0.0025585937500000005,300,0.01,True
spherical-3-1,spherical,3,1,development,A0_global_independent,global,independent,widest,6,0.02,False,5.684341886080802e-14,300,0.2812134170671925,True,0.0,300,0.005,True
spherical-3-1,spherical,3,1,development,A1_decision_independent,decision,independent,widest,6,0.02,False,8.094502845779061e-11,300,0.10135341703426093,True,0.0,300,0.005,True
spherical-3-1,spherical,3,1,development,A2_decision_joint,decision,joint,widest,6,0.02,False,2.5029294192790985e-09,300,0.13036391697824,True,0.0,300,0.005,True
spherical-3-1,spherical,3,1,development,A3_decision_joint_relevant,decision,joint,decision,6,0.02,False,3.346940502524376e-09,300,0.1405470420140773,True,0.0,300,0.005,True
spherical-3-2,spherical,3,2,development,A0_global_independent,global,independent,widest,5,0.02,False,0.0,300,0.21146695804782212,True,0.0,300,0.05,True
spherical-3-2,spherical,3,2,development,A1_decision_independent,decision,independent,widest,5,0.02,False,0.00640869140625,300,0.14319166704081,True,0.008792968750000001,300,0.05,True
spherical-3-2,spherical,3,2,development,A2_decision_joint,decision,joint,widest,5,0.02,False,0.23828125,300,0.15813504194375128,True,0.015806640625,300,0.05,True
spherical-3-2,spherical,3,2,development,A3_decision_joint_relevant,decision,joint,decision,5,0.02,False,0.33203125,300,0.1783921669702977,True,0.015027343750000002,300,0.05,True
spherical-3-3,spherical,3,3,calibration,A0_global_independent,global,independent,widest,6,0.02,False,1.4477308241112041e-13,300,0.2978039999725297,True,0.0,300,0.005,True
spherical-3-3,spherical,3,3,calibration,A1_decision_independent,decision,independent,widest,6,0.02,False,2.9976945370435715e-09,300,0.1076487919781357,True,0.0,300,0.005,True
spherical-3-3,spherical,3,3,calibration,A2_decision_joint,decision,joint,widest,6,0.02,False,7.28759914636612e-08,300,0.12984508299268782,True,0.001,300,0.005,True
spherical-3-3,spherical,3,3,calibration,A3_decision_joint_relevant,decision,joint,decision,6,0.02,False,1.7136335372924805e-07,300,0.15124445804394782,True,0.001,300,0.005,True
spherical-3-4,spherical,3,4,test,A0_global_independent,global,independent,widest,4,0.02,False,0.0,300,0.23682362504769117,True,0.0,300,0.1,True
spherical-3-4,spherical,3,4,test,A1_decision_independent,decision,independent,widest,4,0.02,True,1.0,37,0.0192308749537915,False,0.026716796875000004,300,0.1,True
spherical-3-4,spherical,3,4,test,A2_decision_joint,decision,joint,widest,4,0.02,True,1.0,1,0.0011508750030770898,False,0.04619921875000001,300,0.1,True
spherical-3-4,spherical,3,4,test,A3_decision_joint_relevant,decision,joint,decision,4,0.02,True,1.0,1,0.0008873330662027001,False,0.04619921875000001,300,0.1,True
spherical-3-5,spherical,3,5,test,A0_global_independent,global,independent,widest,8,0.02,False,5.773159728050814e-14,300,0.30313895794097334,True,0.0,300,0.2,True
spherical-3-5,spherical,3,5,test,A1_decision_independent,decision,independent,widest,8,0.02,False,0.0380859375,300,0.09720712492708117,True,0.010351562500000001,300,0.2,True
spherical-3-5,spherical,3,5,test,A2_decision_joint,decision,joint,widest,8,0.02,False,0.6015625,300,0.12491216696798801,True,0.018144531250000002,300,0.2,True
spherical-3-5,spherical,3,5,test,A3_decision_joint_relevant,decision,joint,decision,8,0.02,True,1.0,143,0.06665445805992931,False,0.021261718750000002,300,0.2,True
spherical-3-6,spherical,3,6,test,A0_global_independent,global,independent,widest,4,0.02,False,1.3233858453531866e-13,300,0.2593720000004396,True,0.0,300,0.02,True
spherical-3-6,spherical,3,6,test,A1_decision_independent,decision,independent,widest,4,0.02,False,7.450580596923828e-09,300,0.10283770901151001,True,0.0,300,0.02,True
spherical-3-6,spherical,3,6,test,A2_decision_joint,decision,joint,widest,4,0.02,False,1.8719583749771118e-07,300,0.12981162499636412,True,0.001,300,0.02,True
spherical-3-6,spherical,3,6,test,A3_decision_joint_relevant,decision,joint,decision,4,0.02,False,4.041939973831177e-07,300,0.1418745000846684,True,0.001,300,0.02,True
spherical-3-7,spherical,3,7,test,A0_global_independent,global,independent,widest,3,0.02,False,0.0,300,0.09967970894649625,True,0.0,300,0.2,True
spherical-3-7,spherical,3,7,test,A1_decision_independent,decision,independent,widest,3,0.02,True,1.0,119,0.050562791991978884,False,0.023599609375000004,300,0.2,True
spherical-3-7,spherical,3,7,test,A2_decision_joint,decision,joint,widest,3,0.02,True,1.0,1,0.0008803339442238212,False,0.044640625,300,0.2,True
spherical-3-7,spherical,3,7,test,A3_decision_joint_relevant,decision,joint,decision,3,0.02,True,1.0,1,0.0009541249601170421,False,0.044640625,300,0.2,True
spherical-6-0,spherical,6,0,development,A0_global_independent,global,independent,widest,8,0.02,False,0.0,300,0.12976074998732656,True,0.0,300,0.2,True
spherical-6-0,spherical,6,0,development,A1_decision_independent,decision,independent,widest,8,0.02,True,1.0,1,0.001064583077095449,False,0.027496093750000002,300,0.2,True
spherical-6-0,spherical,6,0,development,A2_decision_joint,decision,joint,widest,8,0.02,True,1.0,1,0.0011521250708028674,False,0.05243359375000001,300,0.2,True
spherical-6-0,spherical,6,0,development,A3_decision_joint_relevant,decision,joint,decision,8,0.02,True,1.0,1,0.0011238749139010906,False,0.051654296875000005,300,0.2,True
spherical-6-1,spherical,6,1,development,A0_global_independent,global,independent,widest,8,0.02,False,0.0,300,0.12605624995194376,True,0.0,300,0.1,True
spherical-6-1,spherical,6,1,development,A1_decision_independent,decision,independent,widest,8,0.02,False,0.019775390625,300,0.1461031670914963,True,0.015027343750000002,300,0.1,True
spherical-6-1,spherical,6,1,development,A2_decision_joint,decision,joint,widest,8,0.02,True,1.0,1,0.0011560419807210565,False,0.026716796875000004,300,0.1,True
spherical-6-1,spherical,6,1,development,A3_decision_joint_relevant,decision,joint,decision,8,0.02,True,1.0,1,0.0011227090144529939,False,0.026716796875000004,300,0.1,True
spherical-6-2,spherical,6,2,development,A0_global_independent,global,independent,widest,2,0.02,False,0.0,300,0.13858983293175697,True,0.0,300,0.1,True
spherical-6-2,spherical,6,2,development,A1_decision_independent,decision,independent,widest,2,0.02,True,1.0,113,0.06583945895545185,False,0.021261718750000002,300,0.1,True
spherical-6-2,spherical,6,2,development,A2_decision_joint,decision,joint,widest,2,0.02,True,1.0,1,0.0011657079448923469,False,0.039185546875000005,300,0.1,True
spherical-6-2,spherical,6,2,development,A3_decision_joint_relevant,decision,joint,decision,2,0.02,True,1.0,1,0.001146791037172079,False,0.039185546875000005,300,0.1,True
spherical-6-3,spherical,6,3,calibration,A0_global_independent,global,independent,widest,5,0.02,False,0.0,300,0.1469063750701025,True,0.0,300,0.01,True
spherical-6-3,spherical,6,3,calibration,A1_decision_independent,decision,independent,widest,5,0.02,False,2.42861286636753e-15,300,0.13043512497097254,True,0.001,300,0.01,True
spherical-6-3,spherical,6,3,calibration,A2_decision_joint,decision,joint,widest,5,0.02,False,2.7284841053187847e-12,300,0.15707812493201345,True,0.0017792968750000003,300,0.01,True
spherical-6-3,spherical,6,3,calibration,A3_decision_joint_relevant,decision,joint,decision,5,0.02,False,3.183231456205249e-12,300,0.17122704209759831,True,0.0017792968750000003,300,0.01,True
spherical-6-4,spherical,6,4,test,A0_global_independent,global,independent,widest,8,0.02,False,0.0,300,0.12851499998942018,True,0.0,300,0.1,True
spherical-6-4,spherical,6,4,test,A1_decision_independent,decision,independent,widest,8,0.02,False,9.452924132347107e-08,300,0.13459679193329066,True,0.004896484375000001,300,0.1,True
spherical-6-4,spherical,6,4,test,A2_decision_joint,decision,joint,widest,8,0.02,False,0.00019073486328125,300,0.1631041660439223,True,0.009572265625000001,300,0.1,True
spherical-6-4,spherical,6,4,test,A3_decision_joint_relevant,decision,joint,decision,8,0.02,False,0.000244140625,300,0.17541174998041242,True,0.008792968750000001,300,0.1,True
spherical-6-5,spherical,6,5,test,A0_global_independent,global,independent,widest,9,0.02,False,0.0,300,0.13025208294857293,True,0.0,300,0.1,True
spherical-6-5,spherical,6,5,test,A1_decision_independent,decision,independent,widest,9,0.02,False,1.6689300537109375e-05,300,0.16065129195339978,True,0.007234375000000001,300,0.1,True
spherical-6-5,spherical,6,5,test,A2_decision_joint,decision,joint,widest,9,0.02,False,0.023193359375,300,0.16758479096461087,True,0.013468750000000002,300,0.1,True
spherical-6-5,spherical,6,5,test,A3_decision_joint_relevant,decision,joint,decision,9,0.02,False,0.02130126953125,300,0.17418254108633846,True,0.012689453125000002,300,0.1,True
spherical-6-6,spherical,6,6,test,A0_global_independent,global,independent,widest,5,0.02,False,0.0,300,0.14646458299830556,True,0.0,300,0.05,True
spherical-6-6,spherical,6,6,test,A1_decision_independent,decision,independent,widest,5,0.02,False,6.548361852765083e-11,300,0.14778070896863937,True,0.0025585937500000005,300,0.05,True
spherical-6-6,spherical,6,6,test,A2_decision_joint,decision,joint,widest,5,0.02,False,1.3131648302078247e-07,300,0.1723948330618441,True,0.004896484375000001,300,0.05,True
spherical-6-6,spherical,6,6,test,A3_decision_joint_relevant,decision,joint,decision,5,0.02,False,2.5331974029541016e-07,300,0.18570875003933907,True,0.004896484375000001,300,0.05,True
spherical-6-7,spherical,6,7,test,A0_global_independent,global,independent,widest,6,0.02,False,0.0,300,0.1463797080796212,True,0.0,300,0.1,True
spherical-6-7,spherical,6,7,test,A1_decision_independent,decision,independent,widest,6,0.02,False,1.621246337890625e-05,300,0.16074641700834036,True,0.008013671875000001,300,0.1,True
spherical-6-7,spherical,6,7,test,A2_decision_joint,decision,joint,widest,6,0.02,False,0.017578125,300,0.18565283401403576,True,0.014248046875000002,300,0.1,True
spherical-6-7,spherical,6,7,test,A3_decision_joint_relevant,decision,joint,decision,6,0.02,False,0.0419921875,300,0.19754016702063382,True,0.014248046875000002,300,0.1,True
spherical-10-0,spherical,10,0,development,A0_global_independent,global,independent,widest,5,0.02,False,0.0,300,0.19407275004778057,True,0.0,300,0.05,True
spherical-10-0,spherical,10,0,development,A1_decision_independent,decision,independent,widest,5,0.02,False,0.0,300,0.3118764170212671,True,0.001,300,0.05,True
spherical-10-0,spherical,10,0,development,A2_decision_joint,decision,joint,widest,5,0.02,False,1.0321604682062002e-16,300,0.21776658308226615,True,0.0025585937500000005,300,0.05,True
spherical-10-0,spherical,10,0,development,A3_decision_joint_relevant,decision,joint,decision,5,0.02,False,3.920475055707584e-16,300,0.23701491602696478,True,0.0025585937500000005,300,0.05,True
spherical-10-1,spherical,10,1,development,A0_global_independent,global,independent,widest,2,0.02,False,0.0,300,0.17258845805190504,True,0.0,300,0.01,True
spherical-10-1,spherical,10,1,development,A1_decision_independent,decision,independent,widest,2,0.02,False,0.0,300,0.2503155000740662,True,0.0,300,0.01,True
spherical-10-1,spherical,10,1,development,A2_decision_joint,decision,joint,widest,2,0.02,False,0.0,300,0.26869937498122454,True,0.0017792968750000003,300,0.01,True
spherical-10-1,spherical,10,1,development,A3_decision_joint_relevant,decision,joint,decision,2,0.02,False,0.0,300,0.28176325000822544,True,0.0017792968750000003,300,0.01,True
spherical-10-2,spherical,10,2,development,A0_global_independent,global,independent,widest,7,0.02,False,0.0,300,0.18819258303847164,True,0.0,300,0.1,True
spherical-10-2,spherical,10,2,development,A1_decision_independent,decision,independent,widest,7,0.02,False,0.0,300,0.19126145902555436,True,0.001,300,0.1,True
spherical-10-2,spherical,10,2,development,A2_decision_joint,decision,joint,widest,7,0.02,False,0.0,300,0.20334729203023016,True,0.0017792968750000003,300,0.1,True
spherical-10-2,spherical,10,2,development,A3_decision_joint_relevant,decision,joint,decision,7,0.02,False,0.0,300,0.2195244999602437,True,0.0017792968750000003,300,0.1,True
spherical-10-3,spherical,10,3,calibration,A0_global_independent,global,independent,widest,0,0.02,False,0.0,300,0.18224808399099857,True,0.0,300,0.005,True
spherical-10-3,spherical,10,3,calibration,A1_decision_independent,decision,independent,widest,0,0.02,False,0.0,300,0.1961691250326112,True,0.0,300,0.005,True
spherical-10-3,spherical,10,3,calibration,A2_decision_joint,decision,joint,widest,0,0.02,False,0.0,300,0.21515974996145815,True,0.0,300,0.005,True
spherical-10-3,spherical,10,3,calibration,A3_decision_joint_relevant,decision,joint,decision,0,0.02,False,0.0,300,0.22049812506884336,True,0.0,300,0.005,True
spherical-10-4,spherical,10,4,test,A0_global_independent,global,independent,widest,8,0.02,False,0.0,300,0.20856662502046674,True,0.0,300,0.05,True
spherical-10-4,spherical,10,4,test,A1_decision_independent,decision,independent,widest,8,0.02,False,8.673617379884035e-19,300,0.19446933397557586,True,0.0025585937500000005,300,0.05,True
spherical-10-4,spherical,10,4,test,A2_decision_joint,decision,joint,widest,8,0.02,False,3.495870259939693e-12,300,0.20945058309007436,True,0.004896484375000001,300,0.05,True
spherical-10-4,spherical,10,4,test,A3_decision_joint_relevant,decision,joint,decision,8,0.02,False,7.531752999057062e-12,300,0.2232380830682814,True,0.004896484375000001,300,0.05,True
spherical-10-5,spherical,10,5,test,A0_global_independent,global,independent,widest,9,0.02,False,0.0,300,0.16674337501171976,True,0.0,300,0.2,True
spherical-10-5,spherical,10,5,test,A1_decision_independent,decision,independent,widest,9,0.02,False,1.862645149230957e-06,300,0.19982433307450265,True,0.010351562500000001,300,0.2,True
spherical-10-5,spherical,10,5,test,A2_decision_joint,decision,joint,widest,9,0.02,True,1.0,153,0.10706900001969188,False,0.020482421875000004,300,0.2,True
spherical-10-5,spherical,10,5,test,A3_decision_joint_relevant,decision,joint,decision,9,0.02,False,0.68359375,300,0.22203862492460757,True,0.019703125000000002,300,0.2,True
spherical-10-6,spherical,10,6,test,A0_global_independent,global,independent,widest,5,0.02,False,0.0,300,0.16494266700465232,True,0.0,300,0.005,True
spherical-10-6,spherical,10,6,test,A1_decision_independent,decision,independent,widest,5,0.02,False,0.0,300,0.17220933292992413,True,0.0,300,0.005,True
spherical-10-6,spherical,10,6,test,A2_decision_joint,decision,joint,widest,5,0.02,False,0.0,300,0.196007665945217,True,0.0,300,0.005,True
spherical-10-6,spherical,10,6,test,A3_decision_joint_relevant,decision,joint,decision,5,0.02,False,0.0,300,0.21258187503553927,True,0.0,300,0.005,True
spherical-10-7,spherical,10,7,test,A0_global_independent,global,independent,widest,2,0.02,False,0.0,300,0.16757379204500467,True,0.0,300,0.1,True
spherical-10-7,spherical,10,7,test,A1_decision_independent,decision,independent,widest,2,0.02,False,6.994405055138486e-15,300,0.18017341603990644,True,0.004117187500000001,300,0.1,True
spherical-10-7,spherical,10,7,test,A2_decision_joint,decision,joint,widest,2,0.02,False,3.899913281202316e-09,300,0.20288045797497034,True,0.007234375000000001,300,0.1,True
spherical-10-7,spherical,10,7,test,A3_decision_joint_relevant,decision,joint,decision,2,0.02,False,3.899913281202316e-09,300,0.21378408302552998,True,0.007234375000000001,300,0.1,True
convex-3-0,convex,3,0,development,A0_global_independent,global,independent,widest,5,0.02,False,4.263256414560601e-14,300,0.30956199998036027,True,0.0,300,,
convex-3-0,convex,3,0,development,A1_decision_independent,decision,independent,widest,5,0.02,True,1.0,1,0.0008249999955296516,False,0.045419921875000005,300,,
convex-3-0,convex,3,0,development,A2_decision_joint,decision,joint,widest,5,0.02,True,1.0,1,0.0008758330950513482,False,0.061005859375,300,,
convex-3-0,convex,3,0,development,A3_decision_joint_relevant,decision,joint,decision,5,0.02,True,1.0,1,0.0008703330531716347,False,0.071916015625,300,,
convex-3-1,convex,3,1,development,A0_global_independent,global,independent,widest,1,0.02,False,4.320099833421409e-12,300,0.31920054205693305,True,0.0,300,,
convex-3-1,convex,3,1,development,A1_decision_independent,decision,independent,widest,1,0.02,True,1.0,1,0.0008809169521555305,False,0.04308203125,300,,
convex-3-1,convex,3,1,development,A2_decision_joint,decision,joint,widest,1,0.02,True,1.0,1,0.0008812500163912773,False,0.056330078125,300,,
convex-3-1,convex,3,1,development,A3_decision_joint_relevant,decision,joint,decision,1,0.02,True,1.0,1,0.0008726250380277634,False,0.06568164062500001,300,,
convex-3-2,convex,3,2,development,A0_global_independent,global,independent,widest,5,0.02,False,1.0408340855860843e-16,300,0.24600345792714506,True,0.0,300,,
convex-3-2,convex,3,2,development,A1_decision_independent,decision,independent,widest,5,0.02,True,1.0,1,0.0008203330216929317,False,0.048537109375,300,,
convex-3-2,convex,3,2,development,A2_decision_joint,decision,joint,widest,5,0.02,True,1.0,1,0.001101875095628202,False,0.06490234375000001,300,,
convex-3-2,convex,3,2,development,A3_decision_joint_relevant,decision,joint,decision,5,0.02,True,1.0,1,0.0008687919471412897,False,0.06334375,300,,
convex-3-3,convex,3,3,calibration,A0_global_independent,global,independent,widest,4,0.02,False,0.0,300,0.14563158294185996,True,0.0,300,,
convex-3-3,convex,3,3,calibration,A1_decision_independent,decision,independent,widest,4,0.02,True,1.0,1,0.0008127910550683737,False,0.04697851562500001,300,,
convex-3-3,convex,3,3,calibration,A2_decision_joint,decision,joint,widest,4,0.02,True,1.0,1,0.0008694580756127834,False,0.06646093750000001,300,,
convex-3-3,convex,3,3,calibration,A3_decision_joint_relevant,decision,joint,decision,4,0.02,True,1.0,1,0.0008625420741736889,False,0.06801953125000001,300,,
convex-3-4,convex,3,4,test,A0_global_independent,global,independent,widest,9,0.02,False,1.847531676257841e-12,300,0.22635045798961073,True,0.0,300,,
convex-3-4,convex,3,4,test,A1_decision_independent,decision,independent,widest,9,0.02,True,1.0,1,0.0010072499280795455,False,0.05944726562500001,300,,
convex-3-4,convex,3,4,test,A2_decision_joint,decision,joint,widest,9,0.02,True,1.0,1,0.0008680409519001842,False,0.08983984375000001,300,,
convex-3-4,convex,3,4,test,A3_decision_joint_relevant,decision,joint,decision,9,0.02,True,1.0,1,0.0008758750045672059,False,0.08906054687500001,300,,
convex-3-5,convex,3,5,test,A0_global_independent,global,independent,widest,0,0.02,False,9.237055564881302e-14,300,0.31067449995316565,True,0.0,300,0.4,True
convex-3-5,convex,3,5,test,A1_decision_independent,decision,independent,widest,0,0.02,True,1.0,1,0.0008241249015554786,False,0.050875000000000004,300,0.4,True
convex-3-5,convex,3,5,test,A2_decision_joint,decision,joint,widest,0,0.02,True,1.0,1,0.0009495409904047847,False,0.069578125,300,0.4,True
convex-3-5,convex,3,5,test,A3_decision_joint_relevant,decision,joint,decision,0,0.02,True,1.0,1,0.0008801249787211418,False,0.07035742187499999,300,0.4,True
convex-3-6,convex,3,6,test,A0_global_independent,global,independent,widest,5,0.02,False,8.294591680169106e-10,300,0.25378937495406717,True,0.0,300,0.4,True
convex-3-6,convex,3,6,test,A1_decision_independent,decision,independent,widest,5,0.02,True,1.0,3,0.0014479579403996468,False,0.043861328125,300,0.4,True
convex-3-6,convex,3,6,test,A2_decision_joint,decision,joint,widest,5,0.02,True,1.0,1,0.0008771249558776617,False,0.060226562500000004,300,0.4,True
convex-3-6,convex,3,6,test,A3_decision_joint_relevant,decision,joint,decision,5,0.02,True,1.0,1,0.0008614169200882316,False,0.057888671875000006,300,0.4,True
convex-3-7,convex,3,7,test,A0_global_independent,global,independent,widest,5,0.02,False,2.114575181622058e-11,300,0.25092870800290257,True,0.0,300,,
convex-3-7,convex,3,7,test,A1_decision_independent,decision,independent,widest,5,0.02,True,1.0,1,0.0007958339992910624,False,0.042302734375,300,,
convex-3-7,convex,3,7,test,A2_decision_joint,decision,joint,widest,5,0.02,True,1.0,1,0.0008720409823581576,False,0.060226562500000004,300,,
convex-3-7,convex,3,7,test,A3_decision_joint_relevant,decision,joint,decision,5,0.02,True,1.0,1,0.0008378339698538184,False,0.060226562500000004,300,,
convex-6-0,convex,6,0,development,A0_global_independent,global,independent,widest,8,0.02,False,0.0,300,0.1309036249294877,True,0.0,300,0.4,True
convex-6-0,convex,6,0,development,A1_decision_independent,decision,independent,widest,8,0.02,True,1.0,5,0.00298700004350394,False,0.024378906250000002,300,0.4,True
convex-6-0,convex,6,0,development,A2_decision_joint,decision,joint,widest,8,0.02,True,1.0,1,0.0011704579228535295,False,0.0415234375,300,0.4,True
convex-6-0,convex,6,0,development,A3_decision_joint_relevant,decision,joint,decision,8,0.02,True,1.0,1,0.0011345830280333757,False,0.04619921875000001,300,0.4,True
convex-6-1,convex,6,1,development,A0_global_independent,global,independent,widest,8,0.02,False,0.0,300,0.12239833304192871,True,0.0,300,0.4,True
convex-6-1,convex,6,1,development,A1_decision_independent,decision,independent,widest,8,0.02,True,1.0,1,0.001208583009429276,False,0.057109375000000004,300,0.4,True
convex-6-1,convex,6,1,development,A2_decision_joint,decision,joint,widest,8,0.02,True,1.0,1,0.0011313330614939332,False,0.08828125,300,0.4,True
convex-6-1,convex,6,1,development,A3_decision_joint_relevant,decision,joint,decision,8,0.02,True,1.0,1,0.0010876660235226154,False,0.10075,300,0.4,True
convex-6-2,convex,6,2,development,A0_global_independent,global,independent,widest,4,0.02,False,0.0,300,0.1211909590056166,True,0.0,300,,
convex-6-2,convex,6,2,development,A1_decision_independent,decision,independent,widest,4,0.02,True,1.0,1,0.001041624927893281,False,0.0352890625,300,,
convex-6-2,convex,6,2,development,A2_decision_joint,decision,joint,widest,4,0.02,True,1.0,1,0.0011635000118985772,False,0.05321289062500001,300,,
convex-6-2,convex,6,2,development,A3_decision_joint_relevant,decision,joint,decision,4,0.02,True,1.0,1,0.0011096250964328647,False,0.06490234375000001,300,,
convex-6-3,convex,6,3,calibration,A0_global_independent,global,independent,widest,6,0.02,False,0.0,300,0.1589427919825539,True,0.0,300,,
convex-6-3,convex,6,3,calibration,A1_decision_independent,decision,independent,widest,6,0.02,True,1.0,1,0.009636208065785468,False,0.04308203125,300,,
convex-6-3,convex,6,3,calibration,A2_decision_joint,decision,joint,widest,6,0.02,True,1.0,1,0.0013075830647721887,False,0.07113671875,300,,
convex-6-3,convex,6,3,calibration,A3_decision_joint_relevant,decision,joint,decision,6,0.02,True,1.0,1,0.0011602080194279552,False,0.08048828125000002,300,,
convex-6-4,convex,6,4,test,A0_global_independent,global,independent,widest,2,0.02,False,0.0,300,0.13712200010195374,True,0.0,300,,
convex-6-4,convex,6,4,test,A1_decision_independent,decision,independent,widest,2,0.02,True,1.0,1,0.0010567500721663237,False,0.04074414062500001,300,,
convex-6-4,convex,6,4,test,A2_decision_joint,decision,joint,widest,2,0.02,True,1.0,1,0.0034861250314861536,False,0.05555078125,300,,
convex-6-4,convex,6,4,test,A3_decision_joint_relevant,decision,joint,decision,2,0.02,True,1.0,1,0.001207208028063178,False,0.05944726562500001,300,,
convex-6-5,convex,6,5,test,A0_global_independent,global,independent,widest,7,0.02,False,0.0,300,0.1274452080251649,True,0.0,300,,
convex-6-5,convex,6,5,test,A1_decision_independent,decision,independent,widest,7,0.02,True,1.0,1,0.001108249998651445,False,0.032951171875000004,300,,
convex-6-5,convex,6,5,test,A2_decision_joint,decision,joint,widest,7,0.02,True,1.0,1,0.0011276250006631017,False,0.053992187500000004,300,,
convex-6-5,convex,6,5,test,A3_decision_joint_relevant,decision,joint,decision,7,0.02,True,1.0,1,0.0012662919471040368,False,0.054771484375,300,,
convex-6-6,convex,6,6,test,A0_global_independent,global,independent,widest,9,0.02,False,0.0,300,0.12862274993676692,True,0.0,300,0.2,True
convex-6-6,convex,6,6,test,A1_decision_independent,decision,independent,widest,9,0.02,False,0.03564453125,300,0.1338356250198558,True,0.015806640625,300,0.2,True
convex-6-6,convex,6,6,test,A2_decision_joint,decision,joint,widest,9,0.02,True,1.0,7,0.00434741610661149,False,0.025937500000000002,300,0.2,True
convex-6-6,convex,6,6,test,A3_decision_joint_relevant,decision,joint,decision,9,0.02,True,1.0,9,0.005812917021103203,False,0.026716796875000004,300,0.2,True
convex-6-7,convex,6,7,test,A0_global_independent,global,independent,widest,7,0.02,False,0.0,300,0.17551854101475328,True,0.0,300,0.1,True
convex-6-7,convex,6,7,test,A1_decision_independent,decision,independent,widest,7,0.02,False,0.453125,300,0.13337091694120318,True,0.018144531250000002,300,0.1,True
convex-6-7,convex,6,7,test,A2_decision_joint,decision,joint,widest,7,0.02,True,1.0,1,0.0012623339425772429,False,0.028275390625,300,0.1,True
convex-6-7,convex,6,7,test,A3_decision_joint_relevant,decision,joint,decision,7,0.02,True,1.0,1,0.0011087920283898711,False,0.029833984375000004,300,0.1,True
convex-10-0,convex,10,0,development,A0_global_independent,global,independent,widest,3,0.02,False,0.0,300,0.1735082910163328,True,0.0,300,0.005,True
convex-10-0,convex,10,0,development,A1_decision_independent,decision,independent,widest,3,0.02,False,0.0,300,0.33991137496195734,True,0.0,300,0.005,True
convex-10-0,convex,10,0,development,A2_decision_joint,decision,joint,widest,3,0.02,False,0.0,300,0.3249054580228403,True,0.001,300,0.005,True
convex-10-0,convex,10,0,development,A3_decision_joint_relevant,decision,joint,decision,3,0.02,False,0.0,300,0.27279079193249345,True,0.001,300,0.005,True
convex-10-1,convex,10,1,development,A0_global_independent,global,independent,widest,2,0.02,False,0.0,300,0.17143966699950397,True,0.0,300,,
convex-10-1,convex,10,1,development,A1_decision_independent,decision,independent,widest,2,0.02,True,1.0,1,0.0014972080243751407,False,0.04619921875000001,300,,
convex-10-1,convex,10,1,development,A2_decision_joint,decision,joint,widest,2,0.02,True,1.0,1,0.0017483750125393271,False,0.0726953125,300,,
convex-10-1,convex,10,1,development,A3_decision_joint_relevant,decision,joint,decision,2,0.02,True,1.0,1,0.0017158330883830786,False,0.075033203125,300,,
convex-10-2,convex,10,2,development,A0_global_independent,global,independent,widest,1,0.02,False,0.0,300,0.1897889580577612,True,0.0,300,,
convex-10-2,convex,10,2,development,A1_decision_independent,decision,independent,widest,1,0.02,True,1.0,1,0.001391083002090454,False,0.05321289062500001,300,,
convex-10-2,convex,10,2,development,A2_decision_joint,decision,joint,widest,1,0.02,True,1.0,1,0.0019167499849572778,False,0.05321289062500001,300,,
convex-10-2,convex,10,2,development,A3_decision_joint_relevant,decision,joint,decision,1,0.02,True,1.0,1,0.0014850409934297204,False,0.05243359375000001,300,,
convex-10-3,convex,10,3,calibration,A0_global_independent,global,independent,widest,2,0.02,False,0.0,300,0.17252687504515052,True,0.0,300,,
convex-10-3,convex,10,3,calibration,A1_decision_independent,decision,independent,widest,2,0.02,True,1.0,1,0.001501415972597897,False,0.04619921875000001,300,,
convex-10-3,convex,10,3,calibration,A2_decision_joint,decision,joint,widest,2,0.02,True,1.0,1,0.001705958042293787,False,0.07970898437500001,300,,
convex-10-3,convex,10,3,calibration,A3_decision_joint_relevant,decision,joint,decision,2,0.02,True,1.0,1,0.0014446250861510634,False,0.08126757812500002,300,,
convex-10-4,convex,10,4,test,A0_global_independent,global,independent,widest,6,0.02,False,0.0,300,0.17179283301811665,True,0.0,300,,
convex-10-4,convex,10,4,test,A1_decision_independent,decision,independent,widest,6,0.02,True,1.0,1,0.0014159169513732195,False,0.03684765625,300,,
convex-10-4,convex,10,4,test,A2_decision_joint,decision,joint,widest,6,0.02,True,1.0,1,0.0014800409553572536,False,0.057109375000000004,300,,
convex-10-4,convex,10,4,test,A3_decision_joint_relevant,decision,joint,decision,6,0.02,True,1.0,1,0.001569082960486412,False,0.061005859375,300,,
convex-10-5,convex,10,5,test,A0_global_independent,global,independent,widest,7,0.02,False,0.0,300,0.17265724996104836,True,0.0,300,,
convex-10-5,convex,10,5,test,A1_decision_independent,decision,independent,widest,7,0.02,True,1.0,1,0.0014161249855533242,False,0.04697851562500001,300,,
convex-10-5,convex,10,5,test,A2_decision_joint,decision,joint,widest,7,0.02,True,1.0,1,0.001474916934967041,False,0.082826171875,300,,
convex-10-5,convex,10,5,test,A3_decision_joint_relevant,decision,joint,decision,7,0.02,True,1.0,1,0.0016860839677974582,False,0.082826171875,300,,
convex-10-6,convex,10,6,test,A0_global_independent,global,independent,widest,8,0.02,False,0.0,300,0.17455962498206645,True,0.0,300,,
convex-10-6,convex,10,6,test,A1_decision_independent,decision,independent,widest,8,0.02,True,1.0,1,0.0016052920836955309,False,0.03450976562500001,300,,
convex-10-6,convex,10,6,test,A2_decision_joint,decision,joint,widest,8,0.02,True,1.0,1,0.0015264999819919467,False,0.057109375000000004,300,,
convex-10-6,convex,10,6,test,A3_decision_joint_relevant,decision,joint,decision,8,0.02,True,1.0,1,0.001517374999821186,False,0.056330078125,300,,
convex-10-7,convex,10,7,test,A0_global_independent,global,independent,widest,7,0.02,False,0.0,300,0.17321016697678715,True,0.0,300,0.2,True
convex-10-7,convex,10,7,test,A1_decision_independent,decision,independent,widest,7,0.02,True,1.0,1,0.002287000068463385,False,0.032171875,300,0.2,True
convex-10-7,convex,10,7,test,A2_decision_joint,decision,joint,widest,7,0.02,True,1.0,1,0.0015443750889971852,False,0.061005859375,300,0.2,True
convex-10-7,convex,10,7,test,A3_decision_joint_relevant,decision,joint,decision,7,0.02,True,1.0,1,0.0016319999704137444,False,0.05866796875000001,300,0.2,True
disconnected-3-0,disconnected,3,0,development,A0_global_independent,global,independent,widest,2,0.02,False,0.0,300,0.15210708300583065,True,0.0,300,0.1,True
disconnected-3-0,disconnected,3,0,development,A1_decision_independent,decision,independent,widest,2,0.02,False,0.000370025634765625,300,0.10415958310477436,True,0.004896484375000001,300,0.1,True
disconnected-3-0,disconnected,3,0,development,A2_decision_joint,decision,joint,widest,2,0.02,False,0.00726318359375,300,0.12835812498815358,True,0.008013671875000001,300,0.1,True
disconnected-3-0,disconnected,3,0,development,A3_decision_joint_relevant,decision,joint,decision,2,0.02,False,0.0107421875,300,0.14190787507686764,True,0.009572265625000001,300,0.1,True
disconnected-3-1,disconnected,3,1,development,A0_global_independent,global,independent,widest,6,0.02,False,0.0,300,0.19047354196663946,True,0.0,300,,
disconnected-3-1,disconnected,3,1,development,A1_decision_independent,decision,independent,widest,6,0.02,True,1.0,1,0.0008294170256704092,False,0.09139843750000001,300,,
disconnected-3-1,disconnected,3,1,development,A2_decision_joint,decision,joint,widest,6,0.02,True,1.0,1,0.0010338339488953352,False,0.15374218750000002,300,,
disconnected-3-1,disconnected,3,1,development,A3_decision_joint_relevant,decision,joint,decision,6,0.02,True,1.0,1,0.0016039590118452907,False,0.168548828125,300,,
disconnected-3-2,disconnected,3,2,development,A0_global_independent,global,independent,widest,2,0.02,False,6.473044322774513e-12,300,0.30240441707428545,True,0.0,300,,
disconnected-3-2,disconnected,3,2,development,A1_decision_independent,decision,independent,widest,2,0.02,True,1.0,1,0.0008105000015348196,False,0.087501953125,300,,
disconnected-3-2,disconnected,3,2,development,A2_decision_joint,decision,joint,widest,2,0.02,True,1.0,1,0.0008842919487506151,False,0.1412734375,300,,
disconnected-3-2,disconnected,3,2,development,A3_decision_joint_relevant,decision,joint,decision,2,0.02,True,1.0,1,0.0009090830571949482,False,0.15608007812500002,300,,
disconnected-3-3,disconnected,3,3,calibration,A0_global_independent,global,independent,widest,9,0.02,False,1.3877787807814457e-17,300,0.13343554199673235,True,0.0,300,,
disconnected-3-3,disconnected,3,3,calibration,A1_decision_independent,decision,independent,widest,9,0.02,True,1.0,1,0.0008355419849976897,False,0.0976328125,300,,
disconnected-3-3,disconnected,3,3,calibration,A2_decision_joint,decision,joint,widest,9,0.02,True,1.0,1,0.0008729590335860848,False,0.149845703125,300,,
disconnected-3-3,disconnected,3,3,calibration,A3_decision_joint_relevant,decision,joint,decision,9,0.02,True,1.0,1,0.000984958023764193,False,0.171666015625,300,,
disconnected-3-4,disconnected,3,4,test,A0_global_independent,global,independent,widest,4,0.02,False,2.9032332093947844e-14,300,0.24370058299973607,True,0.0,300,0.02,True
disconnected-3-4,disconnected,3,4,test,A1_decision_independent,decision,independent,widest,4,0.02,False,0.00030517578125,300,0.10206800000742078,True,0.004896484375000001,300,0.02,True
disconnected-3-4,disconnected,3,4,test,A2_decision_joint,decision,joint,widest,4,0.02,False,0.0011844635009765625,300,0.12851166701875627,True,0.008792968750000001,300,0.02,True
disconnected-3-4,disconnected,3,4,test,A3_decision_joint_relevant,decision,joint,decision,4,0.02,False,0.01123046875,300,0.14158108399715275,True,0.009572265625000001,300,0.02,True
disconnected-3-5,disconnected,3,5,test,A0_global_independent,global,independent,widest,6,0.02,False,3.642919299551295e-16,300,0.24774066591635346,True,0.0,300,,
disconnected-3-5,disconnected,3,5,test,A1_decision_independent,decision,independent,widest,6,0.02,True,1.0,1,0.0008177079726010561,False,0.128025390625,300,,
disconnected-3-5,disconnected,3,5,test,A2_decision_joint,decision,joint,widest,6,0.02,True,1.0,1,0.0008758750045672059,False,0.215306640625,300,,
disconnected-3-5,disconnected,3,5,test,A3_decision_joint_relevant,decision,joint,decision,6,0.02,True,1.0,1,0.0008816660847514868,False,0.22076171875,300,,
disconnected-3-6,disconnected,3,6,test,A0_global_independent,global,independent,widest,7,0.02,False,0.0,300,0.136574708041735,True,0.0,300,0.1,True
disconnected-3-6,disconnected,3,6,test,A1_decision_independent,decision,independent,widest,7,0.02,False,0.0005645751953125,300,0.1070475410670042,True,0.005675781250000001,300,0.1,True
disconnected-3-6,disconnected,3,6,test,A2_decision_joint,decision,joint,widest,7,0.02,False,0.0023193359375,300,0.1326005409937352,True,0.007234375000000001,300,0.1,True
disconnected-3-6,disconnected,3,6,test,A3_decision_joint_relevant,decision,joint,decision,7,0.02,False,0.006103515625,300,0.1401212919736281,True,0.008013671875000001,300,0.1,True
disconnected-3-7,disconnected,3,7,test,A0_global_independent,global,independent,widest,6,0.02,False,8.548717289613705e-15,300,0.3084717500023544,True,0.0,300,,
disconnected-3-7,disconnected,3,7,test,A1_decision_independent,decision,independent,widest,6,0.02,True,1.0,1,0.0008479999378323555,False,0.142052734375,300,,
disconnected-3-7,disconnected,3,7,test,A2_decision_joint,decision,joint,widest,6,0.02,True,1.0,1,0.0008814169559627771,False,0.23089257812500003,300,,
disconnected-3-7,disconnected,3,7,test,A3_decision_joint_relevant,decision,joint,decision,6,0.02,True,1.0,1,0.0008661249885335565,False,0.255830078125,300,,
disconnected-6-0,disconnected,6,0,development,A0_global_independent,global,independent,widest,0,0.02,False,0.0,300,0.1504973330302164,True,0.0,300,0.4,True
disconnected-6-0,disconnected,6,0,development,A1_decision_independent,decision,independent,widest,0,0.02,True,1.0,119,0.05226858297828585,False,0.020482421875000004,300,0.4,True
disconnected-6-0,disconnected,6,0,development,A2_decision_joint,decision,joint,widest,0,0.02,True,1.0,1,0.001150666968896985,False,0.036068359375,300,0.4,True
disconnected-6-0,disconnected,6,0,development,A3_decision_joint_relevant,decision,joint,decision,0,0.02,True,1.0,1,0.0010965419933199883,False,0.039185546875000005,300,0.4,True
disconnected-6-1,disconnected,6,1,development,A0_global_independent,global,independent,widest,5,0.02,False,0.0,300,0.15061870904173702,True,0.0,300,,
disconnected-6-1,disconnected,6,1,development,A1_decision_independent,decision,independent,widest,5,0.02,True,1.0,1,0.0010393329430371523,False,0.039964843750000006,300,,
disconnected-6-1,disconnected,6,1,development,A2_decision_joint,decision,joint,widest,5,0.02,True,1.0,1,0.001106083975173533,False,0.07035742187499999,300,,
disconnected-6-1,disconnected,6,1,development,A3_decision_joint_relevant,decision,joint,decision,5,0.02,True,1.0,1,0.0012730839662253857,False,0.07892968750000001,300,,
disconnected-6-2,disconnected,6,2,development,A0_global_independent,global,independent,widest,8,0.02,False,0.0,300,0.1468432080000639,True,0.0,300,0.2,True
disconnected-6-2,disconnected,6,2,development,A1_decision_independent,decision,independent,widest,8,0.02,False,0.0126953125,300,0.1323822500417009,True,0.014248046875000002,300,0.2,True
disconnected-6-2,disconnected,6,2,development,A2_decision_joint,decision,joint,widest,8,0.02,True,1.0,5,0.0034467909717932343,False,0.022820312500000002,300,0.2,True
disconnected-6-2,disconnected,6,2,development,A3_decision_joint_relevant,decision,joint,decision,8,0.02,True,1.0,5,0.0033190000103786588,False,0.025937500000000002,300,0.2,True
disconnected-6-3,disconnected,6,3,calibration,A0_global_independent,global,independent,widest,4,0.02,False,0.0,300,0.22629412496462464,True,0.0,300,,
disconnected-6-3,disconnected,6,3,calibration,A1_decision_independent,decision,independent,widest,4,0.02,True,1.0,1,0.0010681669227778912,False,0.06334375,300,,
disconnected-6-3,disconnected,6,3,calibration,A2_decision_joint,decision,joint,widest,4,0.02,True,1.0,1,0.0011193329701200128,False,0.11789453125000002,300,,
disconnected-6-3,disconnected,6,3,calibration,A3_decision_joint_relevant,decision,joint,decision,4,0.02,True,1.0,1,0.0011107909958809614,False,0.13192187500000002,300,,
disconnected-6-4,disconnected,6,4,test,A0_global_independent,global,independent,widest,0,0.02,False,0.0,300,0.13113899994641542,True,0.0,300,0.4,True
disconnected-6-4,disconnected,6,4,test,A1_decision_independent,decision,independent,widest,0,0.02,True,1.0,1,0.001049291924573481,False,0.0352890625,300,0.4,True
disconnected-6-4,disconnected,6,4,test,A2_decision_joint,decision,joint,widest,0,0.02,True,1.0,1,0.001116375089623034,False,0.042302734375,300,0.4,True
disconnected-6-4,disconnected,6,4,test,A3_decision_joint_relevant,decision,joint,decision,0,0.02,True,1.0,1,0.00120433303527534,False,0.07113671875,300,0.4,True
disconnected-6-5,disconnected,6,5,test,A0_global_independent,global,independent,widest,3,0.02,False,0.0,300,0.14981224993243814,True,0.0,300,,
disconnected-6-5,disconnected,6,5,test,A1_decision_independent,decision,independent,widest,3,0.02,True,1.0,1,0.001090874895453453,False,0.075033203125,300,,
disconnected-6-5,disconnected,6,5,test,A2_decision_joint,decision,joint,widest,3,0.02,True,1.0,1,0.001207832945510745,False,0.145169921875,300,,
disconnected-6-5,disconnected,6,5,test,A3_decision_joint_relevant,decision,joint,decision,3,0.02,True,1.0,1,0.0011742919450625777,False,0.15608007812500002,300,,
disconnected-6-6,disconnected,6,6,test,A0_global_independent,global,independent,widest,7,0.02,False,0.0,300,0.16768287494778633,True,0.0,300,0.4,True
disconnected-6-6,disconnected,6,6,test,A1_decision_independent,decision,independent,widest,7,0.02,True,1.0,1,0.001085833995603025,False,0.057109375000000004,300,0.4,True
disconnected-6-6,disconnected,6,6,test,A2_decision_joint,decision,joint,widest,7,0.02,True,1.0,1,0.001226999913342297,False,0.11166015625,300,0.4,True
disconnected-6-6,disconnected,6,6,test,A3_decision_joint_relevant,decision,joint,decision,7,0.02,True,1.0,1,0.0011335000162944198,False,0.11867382812500002,300,0.4,True
disconnected-6-7,disconnected,6,7,test,A0_global_independent,global,independent,widest,5,0.02,False,0.0,300,0.21943449997343123,True,0.0,300,0.1,True
disconnected-6-7,disconnected,6,7,test,A1_decision_independent,decision,independent,widest,5,0.02,False,0.134765625,300,0.16790766699705273,True,0.0165859375,300,0.1,True
disconnected-6-7,disconnected,6,7,test,A2_decision_joint,decision,joint,widest,5,0.02,True,1.0,1,0.0014215839328244328,False,0.029054687500000002,300,0.1,True
disconnected-6-7,disconnected,6,7,test,A3_decision_joint_relevant,decision,joint,decision,5,0.02,True,1.0,1,0.0013390840031206608,False,0.029833984375000004,300,0.1,True
disconnected-10-0,disconnected,10,0,development,A0_global_independent,global,independent,widest,2,0.02,False,0.0,300,0.17985891608987004,True,0.0,300,0.05,True
disconnected-10-0,disconnected,10,0,development,A1_decision_independent,decision,independent,widest,2,0.02,False,1.0231815394945443e-12,300,0.1929607919882983,True,0.004896484375000001,300,0.05,True
disconnected-10-0,disconnected,10,0,development,A2_decision_joint,decision,joint,widest,2,0.02,False,3.4831464290618896e-07,300,0.21179491700604558,True,0.009572265625000001,300,0.05,True
disconnected-10-0,disconnected,10,0,development,A3_decision_joint_relevant,decision,joint,decision,2,0.02,False,3.6507844924926758e-06,300,0.229974125046283,True,0.010351562500000001,300,0.05,True
disconnected-10-1,disconnected,10,1,development,A0_global_independent,global,independent,widest,2,0.02,False,0.0,300,0.16861504095140845,True,0.0,300,0.4,True
disconnected-10-1,disconnected,10,1,development,A1_decision_independent,decision,independent,widest,2,0.02,False,6.771087646484375e-05,300,0.33152704196982086,True,0.011910156250000001,300,0.4,True
disconnected-10-1,disconnected,10,1,development,A2_decision_joint,decision,joint,widest,2,0.02,True,1.0,1,0.0016370409866794944,False,0.023599609375000004,300,0.4,True
disconnected-10-1,disconnected,10,1,development,A3_decision_joint_relevant,decision,joint,decision,2,0.02,True,1.0,1,0.001485791988670826,False,0.0477578125,300,0.4,True
disconnected-10-2,disconnected,10,2,development,A0_global_independent,global,independent,widest,0,0.02,False,0.0,300,0.2077248750720173,True,0.0,300,0.4,True
disconnected-10-2,disconnected,10,2,development,A1_decision_independent,decision,independent,widest,0,0.02,True,1.0,1,0.0013966669794172049,False,0.033730468750000006,300,0.4,True
disconnected-10-2,disconnected,10,2,development,A2_decision_joint,decision,joint,widest,0,0.02,True,1.0,1,0.0015635829186066985,False,0.060226562500000004,300,0.4,True
disconnected-10-2,disconnected,10,2,development,A3_decision_joint_relevant,decision,joint,decision,0,0.02,True,1.0,1,0.0015387500170618296,False,0.064123046875,300,0.4,True
disconnected-10-3,disconnected,10,3,calibration,A0_global_independent,global,independent,widest,1,0.02,False,0.0,300,0.17200504103675485,True,0.0,300,0.2,True
disconnected-10-3,disconnected,10,3,calibration,A1_decision_independent,decision,independent,widest,1,0.02,False,6.994405055138486e-15,300,0.17747837502975017,True,0.003337890625000001,300,0.2,True
disconnected-10-3,disconnected,10,3,calibration,A2_decision_joint,decision,joint,widest,1,0.02,False,3.4924596548080444e-09,300,0.19786491699051112,True,0.007234375000000001,300,0.2,True
disconnected-10-3,disconnected,10,3,calibration,A3_decision_joint_relevant,decision,joint,decision,1,0.02,False,3.166496753692627e-08,300,0.21825504198204726,True,0.008013671875000001,300,0.2,True
disconnected-10-4,disconnected,10,4,test,A0_global_independent,global,independent,widest,2,0.02,False,0.0,300,0.17045274993870407,True,0.0,300,0.4,True
disconnected-10-4,disconnected,10,4,test,A1_decision_independent,decision,independent,widest,2,0.02,False,0.0001544952392578125,300,0.3636650840053335,True,0.017365234375000003,300,0.4,True
disconnected-10-4,disconnected,10,4,test,A2_decision_joint,decision,joint,widest,2,0.02,True,1.0,1,0.0015910409856587648,False,0.0352890625,300,0.4,True
disconnected-10-4,disconnected,10,4,test,A3_decision_joint_relevant,decision,joint,decision,2,0.02,True,1.0,1,0.001603374956175685,False,0.037626953125,300,0.4,True
disconnected-10-5,disconnected,10,5,test,A0_global_independent,global,independent,widest,5,0.02,False,0.0,300,0.1690503340214491,True,0.0,300,0.4,True
disconnected-10-5,disconnected,10,5,test,A1_decision_independent,decision,independent,widest,5,0.02,True,1.0,1,0.0014647090574726462,False,0.032951171875000004,300,0.4,True
disconnected-10-5,disconnected,10,5,test,A2_decision_joint,decision,joint,widest,5,0.02,True,1.0,1,0.001448167022317648,False,0.064123046875,300,0.4,True
disconnected-10-5,disconnected,10,5,test,A3_decision_joint_relevant,decision,joint,decision,5,0.02,True,1.0,1,0.0014607079792767763,False,0.10075,300,0.4,True
disconnected-10-6,disconnected,10,6,test,A0_global_independent,global,independent,widest,8,0.02,False,0.0,300,0.17494533292483538,True,0.0,300,0.4,True
disconnected-10-6,disconnected,10,6,test,A1_decision_independent,decision,independent,widest,8,0.02,True,1.0,1,0.0014306659577414393,False,0.022041015625,300,0.4,True
disconnected-10-6,disconnected,10,6,test,A2_decision_joint,decision,joint,widest,8,0.02,True,1.0,1,0.0014404170215129852,False,0.0415234375,300,0.4,True
disconnected-10-6,disconnected,10,6,test,A3_decision_joint_relevant,decision,joint,decision,8,0.02,True,1.0,1,0.0015702920500189066,False,0.04308203125,300,0.4,True
disconnected-10-7,disconnected,10,7,test,A0_global_independent,global,independent,widest,5,0.02,False,0.0,300,0.17211958393454552,True,0.0,300,0.1,True
disconnected-10-7,disconnected,10,7,test,A1_decision_independent,decision,independent,widest,5,0.02,False,7.227063179016113e-07,300,0.21672258293256164,True,0.009572265625000001,300,0.1,True
disconnected-10-7,disconnected,10,7,test,A2_decision_joint,decision,joint,widest,5,0.02,False,0.421875,300,0.2394823330687359,True,0.018923828125,300,0.1,True
disconnected-10-7,disconnected,10,7,test,A3_decision_joint_relevant,decision,joint,decision,5,0.02,True,1.0,203,0.16460345801897347,False,0.020482421875000004,300,0.1,True
correlated-3-0,correlated,3,0,development,A0_global_independent,global,independent,widest,7,0.02,False,1.5134105524339247e-08,300,0.2731761670438573,True,0.001,300,,
correlated-3-0,correlated,3,0,development,A1_decision_independent,decision,independent,widest,7,0.02,True,1.0,1,0.0008410840528085828,False,0.15452148437500002,300,,
correlated-3-0,correlated,3,0,development,A2_decision_joint,decision,joint,widest,7,0.02,True,1.0,1,0.0008842080133035779,False,0.22699609375000002,300,,
correlated-3-0,correlated,3,0,development,A3_decision_joint_relevant,decision,joint,decision,7,0.02,True,1.0,1,0.0008471250766888261,False,0.240244140625,300,,
correlated-3-1,correlated,3,1,development,A0_global_independent,global,independent,widest,3,0.02,False,2.1009327610954642e-10,300,0.2918781660264358,True,0.0,300,,
correlated-3-1,correlated,3,1,development,A1_decision_independent,decision,independent,widest,3,0.02,True,1.0,1,0.0008125829044729471,False,0.26751953125000005,300,,
correlated-3-1,correlated,3,1,development,A2_decision_joint,decision,joint,widest,3,0.02,True,1.0,1,0.0009614999871701002,False,0.4,300,,
correlated-3-1,correlated,3,1,development,A3_decision_joint_relevant,decision,joint,decision,3,0.02,True,1.0,1,0.0008453330956399441,False,0.4,300,,
correlated-3-2,correlated,3,2,development,A0_global_independent,global,independent,widest,6,0.02,False,0.0,300,0.09208479197695851,True,0.0,300,0.4,True
correlated-3-2,correlated,3,2,development,A1_decision_independent,decision,independent,widest,6,0.02,False,1.0668549377257364e-16,300,0.11814199993386865,True,0.0,300,0.4,True
correlated-3-2,correlated,3,2,development,A2_decision_joint,decision,joint,widest,6,0.02,False,1.0668549377257364e-16,300,0.1290843749884516,True,0.0,300,0.4,True
correlated-3-2,correlated,3,2,development,A3_decision_joint_relevant,decision,joint,decision,6,0.02,False,2.842170943040401e-14,300,0.14478837500791997,True,0.0,300,0.4,True
correlated-3-3,correlated,3,3,calibration,A0_global_independent,global,independent,widest,8,0.02,False,0.0,300,0.08865066699218005,True,0.0,300,0.005,True
correlated-3-3,correlated,3,3,calibration,A1_decision_independent,decision,independent,widest,8,0.02,False,0.0,300,0.14892454096116126,True,0.0,300,0.005,True
correlated-3-3,correlated,3,3,calibration,A2_decision_joint,decision,joint,widest,8,0.02,False,0.0,300,0.17317174992058426,True,0.0,300,0.005,True
correlated-3-3,correlated,3,3,calibration,A3_decision_joint_relevant,decision,joint,decision,8,0.02,False,0.0,300,0.18809374992270023,True,0.0,300,0.005,True
correlated-3-4,correlated,3,4,test,A0_global_independent,global,independent,widest,7,0.02,False,1.6479873021779667e-16,300,0.18298745807260275,True,0.0,300,,
correlated-3-4,correlated,3,4,test,A1_decision_independent,decision,independent,widest,7,0.02,True,1.0,1,0.0008115830132737756,False,0.121791015625,300,,
correlated-3-4,correlated,3,4,test,A2_decision_joint,decision,joint,widest,7,0.02,True,1.0,1,0.0008609590586274862,False,0.1662109375,300,,
correlated-3-4,correlated,3,4,test,A3_decision_joint_relevant,decision,joint,decision,7,0.02,True,1.0,1,0.0008654159028083086,False,0.17088671875,300,,
correlated-3-5,correlated,3,5,test,A0_global_independent,global,independent,widest,8,0.02,False,1.49018575257287e-11,300,0.2807784170145169,True,0.0,300,,
correlated-3-5,correlated,3,5,test,A1_decision_independent,decision,independent,widest,8,0.02,True,1.0,1,0.0008079169783741236,False,0.18413476562500003,300,,
correlated-3-5,correlated,3,5,test,A2_decision_joint,decision,joint,widest,8,0.02,True,1.0,1,0.0008694999851286411,False,0.25816796875000003,300,,
correlated-3-5,correlated,3,5,test,A3_decision_joint_relevant,decision,joint,decision,8,0.02,True,1.0,1,0.0008514589862897992,False,0.27998828124999997,300,,
correlated-3-6,correlated,3,6,test,A0_global_independent,global,independent,widest,8,0.02,False,4.661153407692353e-12,300,0.2693054579431191,True,0.0,300,,
correlated-3-6,correlated,3,6,test,A1_decision_independent,decision,independent,widest,8,0.02,True,1.0,1,0.0008124170126393437,False,0.18725195312500004,300,,
correlated-3-6,correlated,3,6,test,A2_decision_joint,decision,joint,widest,8,0.02,True,1.0,1,0.0008676659781485796,False,0.23946484375,300,,
correlated-3-6,correlated,3,6,test,A3_decision_joint_relevant,decision,joint,decision,8,0.02,True,1.0,1,0.0008803750388324261,False,0.23634765625000004,300,,
correlated-3-7,correlated,3,7,test,A0_global_independent,global,independent,widest,4,0.02,False,1.0995790944434702e-09,300,0.29002154199406505,True,0.0,300,,
correlated-3-7,correlated,3,7,test,A1_decision_independent,decision,independent,widest,4,0.02,True,1.0,1,0.0007994589395821095,False,0.16075585937500003,300,,
correlated-3-7,correlated,3,7,test,A2_decision_joint,decision,joint,widest,4,0.02,True,1.0,1,0.0009077079594135284,False,0.243361328125,300,,
correlated-3-7,correlated,3,7,test,A3_decision_joint_relevant,decision,joint,decision,4,0.02,True,1.0,1,0.0008620829321444035,False,0.25193359375,300,,
correlated-6-0,correlated,6,0,development,A0_global_independent,global,independent,widest,6,0.02,False,0.0,300,0.08943762502167374,True,0.0,300,0.005,True
correlated-6-0,correlated,6,0,development,A1_decision_independent,decision,independent,widest,6,0.02,False,0.0,300,0.16188662499189377,True,0.0,300,0.005,True
correlated-6-0,correlated,6,0,development,A2_decision_joint,decision,joint,widest,6,0.02,False,0.0,300,0.179966791998595,True,0.0,300,0.005,True
correlated-6-0,correlated,6,0,development,A3_decision_joint_relevant,decision,joint,decision,6,0.02,False,0.0,300,0.12677816697396338,True,0.0,300,0.005,True
correlated-6-1,correlated,6,1,development,A0_global_independent,global,independent,widest,2,0.02,False,0.0,300,0.1446180409984663,True,0.0,300,,
correlated-6-1,correlated,6,1,development,A1_decision_independent,decision,independent,widest,2,0.02,True,1.0,1,0.0012228749692440033,False,0.087501953125,300,,
correlated-6-1,correlated,6,1,development,A2_decision_joint,decision,joint,widest,2,0.02,True,1.0,1,0.0011558749247342348,False,0.190369140625,300,,
correlated-6-1,correlated,6,1,development,A3_decision_joint_relevant,decision,joint,decision,2,0.02,True,1.0,1,0.0011626249179244041,False,0.1412734375,300,,
correlated-6-2,correlated,6,2,development,A0_global_independent,global,independent,widest,6,0.02,False,0.0,300,0.09030483395326883,True,0.0,300,,
correlated-6-2,correlated,6,2,development,A1_decision_independent,decision,independent,widest,6,0.02,False,0.0,300,0.10969104198738933,True,0.0,300,,
correlated-6-2,correlated,6,2,development,A2_decision_joint,decision,joint,widest,6,0.02,False,0.0,300,0.12824266601819545,True,0.0,300,,
correlated-6-2,correlated,6,2,development,A3_decision_joint_relevant,decision,joint,decision,6,0.02,False,0.0,300,0.14575787505600601,True,0.0,300,,
correlated-6-3,correlated,6,3,calibration,A0_global_independent,global,independent,widest,2,0.02,False,0.0,300,0.061462749959900975,True,0.0,300,0.005,True
correlated-6-3,correlated,6,3,calibration,A1_decision_independent,decision,independent,widest,2,0.02,False,0.0,300,0.06141391699202359,True,0.0,300,0.005,True
correlated-6-3,correlated,6,3,calibration,A2_decision_joint,decision,joint,widest,2,0.02,False,0.0,300,0.061846166965551674,True,0.0,300,0.005,True
correlated-6-3,correlated,6,3,calibration,A3_decision_joint_relevant,decision,joint,decision,2,0.02,False,0.0,300,0.07762491691391915,True,0.0,300,0.005,True
correlated-6-4,correlated,6,4,test,A0_global_independent,global,independent,widest,1,0.02,False,0.0,300,0.08287983294576406,True,0.0,300,0.4,True
correlated-6-4,correlated,6,4,test,A1_decision_independent,decision,independent,widest,1,0.02,False,0.0,300,0.11970449995715171,True,0.0,300,0.4,True
correlated-6-4,correlated,6,4,test,A2_decision_joint,decision,joint,widest,1,0.02,False,0.0,300,0.14631866698618978,True,0.0,300,0.4,True
correlated-6-4,correlated,6,4,test,A3_decision_joint_relevant,decision,joint,decision,1,0.02,False,0.0,300,0.15205825003795326,True,0.0,300,0.4,True
correlated-6-5,correlated,6,5,test,A0_global_independent,global,independent,widest,4,0.02,False,0.0,300,0.12772525008767843,True,0.0,300,,
correlated-6-5,correlated,6,5,test,A1_decision_independent,decision,independent,widest,4,0.02,True,1.0,1,0.001032707979902625,False,0.11477734375000001,300,,
correlated-6-5,correlated,6,5,test,A2_decision_joint,decision,joint,widest,4,0.02,True,1.0,1,0.0012510420056059957,False,0.193486328125,300,,
correlated-6-5,correlated,6,5,test,A3_decision_joint_relevant,decision,joint,decision,4,0.02,True,1.0,1,0.0011380839860066772,False,0.146728515625,300,,
correlated-6-6,correlated,6,6,test,A0_global_independent,global,independent,widest,5,0.02,False,0.0,300,0.1278622909449041,True,0.0,300,,
correlated-6-6,correlated,6,6,test,A1_decision_independent,decision,independent,widest,5,0.02,True,1.0,1,0.0010680840350687504,False,0.13503906250000003,300,,
correlated-6-6,correlated,6,6,test,A2_decision_joint,decision,joint,widest,5,0.02,True,1.0,1,0.0012290829326957464,False,0.23089257812500003,300,,
correlated-6-6,correlated,6,6,test,A3_decision_joint_relevant,decision,joint,decision,5,0.02,True,1.0,1,0.0012093340046703815,False,0.23790625,300,,
correlated-6-7,correlated,6,7,test,A0_global_independent,global,independent,widest,5,0.02,False,0.0,300,0.08289912494365126,True,0.0,300,0.2,True
correlated-6-7,correlated,6,7,test,A1_decision_independent,decision,independent,widest,5,0.02,False,0.0,300,0.12141758296638727,True,0.0,300,0.2,True
correlated-6-7,correlated,6,7,test,A2_decision_joint,decision,joint,widest,5,0.02,False,0.0,300,0.1359670840902254,True,0.0,300,0.2,True
correlated-6-7,correlated,6,7,test,A3_decision_joint_relevant,decision,joint,decision,5,0.02,False,0.0,300,0.15410054090898484,True,0.0,300,0.2,True
correlated-10-0,correlated,10,0,development,A0_global_independent,global,independent,widest,6,0.02,False,0.0,300,0.09149958402849734,True,0.0,300,0.005,True
correlated-10-0,correlated,10,0,development,A1_decision_independent,decision,independent,widest,6,0.02,False,0.0,300,0.09234883298631757,True,0.0,300,0.005,True
correlated-10-0,correlated,10,0,development,A2_decision_joint,decision,joint,widest,6,0.02,False,0.0,300,0.10562637494876981,True,0.0,300,0.005,True
correlated-10-0,correlated,10,0,development,A3_decision_joint_relevant,decision,joint,decision,6,0.02,False,0.0,300,0.1554565830156207,True,0.0,300,0.005,True
correlated-10-1,correlated,10,1,development,A0_global_independent,global,independent,widest,3,0.02,False,0.0,300,0.1208112909225747,True,0.0,300,,
correlated-10-1,correlated,10,1,development,A1_decision_independent,decision,independent,widest,3,0.02,False,0.0,300,0.1611786250723526,True,0.0,300,,
correlated-10-1,correlated,10,1,development,A2_decision_joint,decision,joint,widest,3,0.02,False,0.0,300,0.18021533405408263,True,0.0,300,,
correlated-10-1,correlated,10,1,development,A3_decision_joint_relevant,decision,joint,decision,3,0.02,False,0.0,300,0.27259204105939716,True,0.0,300,,
correlated-10-2,correlated,10,2,development,A0_global_independent,global,independent,widest,6,0.02,False,0.0,300,0.13004937500227243,True,0.0,300,,
correlated-10-2,correlated,10,2,development,A1_decision_independent,decision,independent,widest,6,0.02,False,0.0,300,0.0938287089811638,True,0.0,300,,
correlated-10-2,correlated,10,2,development,A2_decision_joint,decision,joint,widest,6,0.02,False,0.0,300,0.10880908300168812,True,0.0,300,,
correlated-10-2,correlated,10,2,development,A3_decision_joint_relevant,decision,joint,decision,6,0.02,False,0.0,300,0.1930159160401672,True,0.0,300,,
correlated-10-3,correlated,10,3,calibration,A0_global_independent,global,independent,widest,8,0.02,False,0.0,300,0.09140620904508978,True,0.0,300,0.005,True
correlated-10-3,correlated,10,3,calibration,A1_decision_independent,decision,independent,widest,8,0.02,False,0.0,300,0.09135695802979171,True,0.0,300,0.005,True
correlated-10-3,correlated,10,3,calibration,A2_decision_joint,decision,joint,widest,8,0.02,False,0.0,300,0.10440650000236928,True,0.0,300,0.005,True
correlated-10-3,correlated,10,3,calibration,A3_decision_joint_relevant,decision,joint,decision,8,0.02,False,0.0,300,0.11949466704390943,True,0.0,300,0.005,True
correlated-10-4,correlated,10,4,test,A0_global_independent,global,independent,widest,9,0.02,False,0.0,300,0.0916770410258323,True,0.0,300,,
correlated-10-4,correlated,10,4,test,A1_decision_independent,decision,independent,widest,9,0.02,False,0.0,300,0.09003500000108033,True,0.0,300,,
correlated-10-4,correlated,10,4,test,A2_decision_joint,decision,joint,widest,9,0.02,False,0.0,300,0.1040756250731647,True,0.0,300,,
correlated-10-4,correlated,10,4,test,A3_decision_joint_relevant,decision,joint,decision,9,0.02,False,0.0,300,0.19372070801910013,True,0.0,300,,
correlated-10-5,correlated,10,5,test,A0_global_independent,global,independent,widest,6,0.02,False,0.0,300,0.16689737502019852,True,0.0,300,,
correlated-10-5,correlated,10,5,test,A1_decision_independent,decision,independent,widest,6,0.02,True,1.0,1,0.0014920420944690704,False,0.039964843750000006,300,,
correlated-10-5,correlated,10,5,test,A2_decision_joint,decision,joint,widest,6,0.02,True,1.0,1,0.0014745000516995788,False,0.07737109375000001,300,,
correlated-10-5,correlated,10,5,test,A3_decision_joint_relevant,decision,joint,decision,6,0.02,True,1.0,1,0.0015104589983820915,False,0.07892968750000001,300,,
correlated-10-6,correlated,10,6,test,A0_global_independent,global,independent,widest,7,0.02,False,0.0,300,0.16595112497452646,True,0.0,300,,
correlated-10-6,correlated,10,6,test,A1_decision_independent,decision,independent,widest,7,0.02,True,1.0,1,0.001594542060047388,False,0.076591796875,300,,
correlated-10-6,correlated,10,6,test,A2_decision_joint,decision,joint,widest,7,0.02,True,1.0,1,0.0014995409874245524,False,0.1412734375,300,,
correlated-10-6,correlated,10,6,test,A3_decision_joint_relevant,decision,joint,decision,7,0.02,True,1.0,1,0.001497040968388319,False,0.144390625,300,,
correlated-10-7,correlated,10,7,test,A0_global_independent,global,independent,widest,6,0.02,False,0.0,300,0.16802904207725078,True,0.0,300,,
correlated-10-7,correlated,10,7,test,A1_decision_independent,decision,independent,widest,6,0.02,True,1.0,1,0.001389542012475431,False,0.050875000000000004,300,,
correlated-10-7,correlated,10,7,test,A2_decision_joint,decision,joint,widest,6,0.02,True,1.0,1,0.0015306249260902405,False,0.09217773437500001,300,,
correlated-10-7,correlated,10,7,test,A3_decision_joint_relevant,decision,joint,decision,6,0.02,True,1.0,1,0.0014527090825140476,False,0.09217773437500001,300,,
asymmetric-3-0,asymmetric,3,0,development,A0_global_independent,global,independent,widest,9,0.02,False,0.0,300,0.09591966599691659,True,0.0,300,0.05,True
asymmetric-3-0,asymmetric,3,0,development,A1_decision_independent,decision,independent,widest,9,0.02,False,1.2505552149377763e-11,300,0.10692033299710602,True,0.0025585937500000005,300,0.05,True
asymmetric-3-0,asymmetric,3,0,development,A2_decision_joint,decision,joint,widest,9,0.02,False,2.6921043172478676e-10,300,0.128306332975626,True,0.004117187500000001,300,0.05,True
asymmetric-3-0,asymmetric,3,0,development,A3_decision_joint_relevant,decision,joint,decision,9,0.02,False,0.00199127197265625,300,0.13802987500093877,True,0.006455078125000001,300,0.05,True
asymmetric-3-1,asymmetric,3,1,development,A0_global_independent,global,independent,widest,0,0.02,False,0.0,300,0.11299791699275374,True,0.0,300,0.02,True
asymmetric-3-1,asymmetric,3,1,development,A1_decision_independent,decision,independent,widest,0,0.02,False,3.0468072509393096e-11,300,0.11528179200831801,True,0.0025585937500000005,300,0.02,True
asymmetric-3-1,asymmetric,3,1,development,A2_decision_joint,decision,joint,widest,0,0.02,False,1.949956640601158e-09,300,0.13935449998825788,True,0.005675781250000001,300,0.02,True
asymmetric-3-1,asymmetric,3,1,development,A3_decision_joint_relevant,decision,joint,decision,0,0.02,False,0.00579833984375,300,0.14277775003574789,True,0.008792968750000001,300,0.02,True
asymmetric-3-2,asymmetric,3,2,development,A0_global_independent,global,independent,widest,9,0.02,False,0.0,300,0.12726633297279477,True,0.0,300,0.2,True
asymmetric-3-2,asymmetric,3,2,development,A1_decision_independent,decision,independent,widest,9,0.02,False,6.332993507385254e-08,300,0.0992521250154823,True,0.008792968750000001,300,0.2,True
asymmetric-3-2,asymmetric,3,2,development,A2_decision_joint,decision,joint,widest,9,0.02,False,0.03564453125,300,0.1231946669286117,True,0.015806640625,300,0.2,True
asymmetric-3-2,asymmetric,3,2,development,A3_decision_joint_relevant,decision,joint,decision,9,0.02,True,1.0,71,0.03328075003810227,False,0.023599609375000004,300,0.2,True
asymmetric-3-3,asymmetric,3,3,calibration,A0_global_independent,global,independent,widest,8,0.02,False,0.0,300,0.12230641697533429,True,0.0,300,0.01,True
asymmetric-3-3,asymmetric,3,3,calibration,A1_decision_independent,decision,independent,widest,8,0.02,False,2.8421709430404007e-13,300,0.12362225004471838,True,0.001,300,0.01,True
asymmetric-3-3,asymmetric,3,3,calibration,A2_decision_joint,decision,joint,widest,8,0.02,False,2.1827872842550278e-11,300,0.13304166705347598,True,0.0017792968750000003,300,0.01,True
asymmetric-3-3,asymmetric,3,3,calibration,A3_decision_joint_relevant,decision,joint,decision,8,0.02,False,1.5988945960998535e-05,300,0.15558916691225022,True,0.0025585937500000005,300,0.01,True
asymmetric-3-4,asymmetric,3,4,test,A0_global_independent,global,independent,widest,0,0.02,False,0.0,300,0.11034483392722905,True,0.0,300,0.1,True
asymmetric-3-4,asymmetric,3,4,test,A1_decision_independent,decision,independent,widest,0,0.02,False,2.4010660126805305e-10,300,0.10286379198078066,True,0.003337890625000001,300,0.1,True
asymmetric-3-4,asymmetric,3,4,test,A2_decision_joint,decision,joint,widest,0,0.02,False,1.0477378964424133e-08,300,0.12422570795752108,True,0.006455078125000001,300,0.1,True
asymmetric-3-4,asymmetric,3,4,test,A3_decision_joint_relevant,decision,joint,decision,0,0.02,False,0.0263671875,300,0.13825641700532287,True,0.010351562500000001,300,0.1,True
asymmetric-3-5,asymmetric,3,5,test,A0_global_independent,global,independent,widest,5,0.02,False,0.0,300,0.1018738750135526,True,0.0,300,0.1,True
asymmetric-3-5,asymmetric,3,5,test,A1_decision_independent,decision,independent,widest,5,0.02,False,0.002197265625,300,0.10607683297712356,True,0.012689453125000002,300,0.1,True
asymmetric-3-5,asymmetric,3,5,test,A2_decision_joint,decision,joint,widest,5,0.02,True,1.0,31,0.013893999974243343,False,0.022041015625,300,0.1,True
asymmetric-3-5,asymmetric,3,5,test,A3_decision_joint_relevant,decision,joint,decision,5,0.02,True,1.0,31,0.015133250039070845,False,0.031392578125,300,0.1,True
asymmetric-3-6,asymmetric,3,6,test,A0_global_independent,global,independent,widest,2,0.02,False,0.0,300,0.1738950420403853,True,0.0,300,0.1,True
asymmetric-3-6,asymmetric,3,6,test,A1_decision_independent,decision,independent,widest,2,0.02,False,4.1350722312927246e-07,300,0.09816266701091081,True,0.004896484375000001,300,0.1,True
asymmetric-3-6,asymmetric,3,6,test,A2_decision_joint,decision,joint,widest,2,0.02,False,5.185604095458984e-06,300,0.12372037500608712,True,0.009572265625000001,300,0.1,True
asymmetric-3-6,asymmetric,3,6,test,A3_decision_joint_relevant,decision,joint,decision,2,0.02,False,0.1435546875,300,0.13575354195199907,True,0.015027343750000002,300,0.1,True
asymmetric-3-7,asymmetric,3,7,test,A0_global_independent,global,independent,widest,5,0.02,False,0.0,300,0.09447599994018674,True,0.0,300,0.05,True
asymmetric-3-7,asymmetric,3,7,test,A1_decision_independent,decision,independent,widest,5,0.02,False,3.166496753692627e-08,300,0.17519495799206197,True,0.004896484375000001,300,0.05,True
asymmetric-3-7,asymmetric,3,7,test,A2_decision_joint,decision,joint,widest,5,0.02,False,2.8405338525772095e-07,300,0.18048616708256304,True,0.009572265625000001,300,0.05,True
asymmetric-3-7,asymmetric,3,7,test,A3_decision_joint_relevant,decision,joint,decision,5,0.02,False,0.0625,300,0.1717499999795109,True,0.014248046875000002,300,0.05,True
asymmetric-6-0,asymmetric,6,0,development,A0_global_independent,global,independent,widest,2,0.02,False,0.0,300,0.12800716701894999,True,0.0,300,0.2,True
asymmetric-6-0,asymmetric,6,0,development,A1_decision_independent,decision,independent,widest,2,0.02,False,9.632110595703125e-05,300,0.16979716706555337,True,0.015027343750000002,300,0.2,True
asymmetric-6-0,asymmetric,6,0,development,A2_decision_joint,decision,joint,widest,2,0.02,True,1.0,1,0.0011485000140964985,False,0.028275390625,300,0.2,True
asymmetric-6-0,asymmetric,6,0,development,A3_decision_joint_relevant,decision,joint,decision,2,0.02,True,1.0,1,0.0011020000092685223,False,0.029833984375000004,300,0.2,True
asymmetric-6-1,asymmetric,6,1,development,A0_global_independent,global,independent,widest,9,0.02,False,0.0,300,0.12954858399461955,True,0.0,300,0.4,True
asymmetric-6-1,asymmetric,6,1,development,A1_decision_independent,decision,independent,widest,9,0.02,False,0.002197265625,300,0.14916720800101757,True,0.015806640625,300,0.4,True
asymmetric-6-1,asymmetric,6,1,development,A2_decision_joint,decision,joint,widest,9,0.02,True,1.0,1,0.0011619160650298,False,0.031392578125,300,0.4,True
asymmetric-6-1,asymmetric,6,1,development,A3_decision_joint_relevant,decision,joint,decision,9,0.02,True,1.0,1,0.0011112079955637455,False,0.032951171875000004,300,0.4,True
asymmetric-6-2,asymmetric,6,2,development,A0_global_independent,global,independent,widest,9,0.02,False,0.0,300,0.13933133298996836,True,0.0,300,0.02,True
asymmetric-6-2,asymmetric,6,2,development,A1_decision_independent,decision,independent,widest,9,0.02,False,0.0,300,0.14602424995973706,True,0.0017792968750000003,300,0.02,True
asymmetric-6-2,asymmetric,6,2,development,A2_decision_joint,decision,joint,widest,9,0.02,False,0.0,300,0.1561060829553753,True,0.004117187500000001,300,0.02,True
asymmetric-6-2,asymmetric,6,2,development,A3_decision_joint_relevant,decision,joint,decision,9,0.02,False,1.257285475730896e-08,300,0.17504262505099177,True,0.004117187500000001,300,0.02,True
asymmetric-6-3,asymmetric,6,3,calibration,A0_global_independent,global,independent,widest,9,0.02,False,0.0,300,0.12503916607238352,True,0.0,300,0.05,True
asymmetric-6-3,asymmetric,6,3,calibration,A1_decision_independent,decision,independent,widest,9,0.02,False,0.0,300,0.16095804201904684,True,0.0025585937500000005,300,0.05,True
asymmetric-6-3,asymmetric,6,3,calibration,A2_decision_joint,decision,joint,widest,9,0.02,False,4.3021142204224816e-16,300,0.1597785420017317,True,0.004896484375000001,300,0.05,True
asymmetric-6-3,asymmetric,6,3,calibration,A3_decision_joint_relevant,decision,joint,decision,9,0.02,False,1.430511474609375e-06,300,0.17772875004447997,True,0.005675781250000001,300,0.05,True
asymmetric-6-4,asymmetric,6,4,test,A0_global_independent,global,independent,widest,5,0.02,False,0.0,300,0.13020437501836568,True,0.0,300,0.02,True
asymmetric-6-4,asymmetric,6,4,test,A1_decision_independent,decision,independent,widest,5,0.02,False,0.0,300,0.28710529091767967,True,0.0017792968750000003,300,0.02,True
asymmetric-6-4,asymmetric,6,4,test,A2_decision_joint,decision,joint,widest,5,0.02,False,0.0,300,0.20526795799378306,True,0.003337890625000001,300,0.02,True
asymmetric-6-4,asymmetric,6,4,test,A3_decision_joint_relevant,decision,joint,decision,5,0.02,False,5.122274160385132e-09,300,0.1864239169517532,True,0.003337890625000001,300,0.02,True
asymmetric-6-5,asymmetric,6,5,test,A0_global_independent,global,independent,widest,3,0.02,False,0.0,300,0.12666583294048905,True,0.0,300,0.2,True
asymmetric-6-5,asymmetric,6,5,test,A1_decision_independent,decision,independent,widest,3,0.02,False,8.604228440844963e-16,300,0.13682574999984354,True,0.006455078125000001,300,0.2,True
asymmetric-6-5,asymmetric,6,5,test,A2_decision_joint,decision,joint,widest,3,0.02,False,9.164214134216309e-07,300,0.15709512494504452,True,0.011910156250000001,300,0.2,True
asymmetric-6-5,asymmetric,6,5,test,A3_decision_joint_relevant,decision,joint,decision,3,0.02,False,0.005615234375,300,0.1704733750084415,True,0.011910156250000001,300,0.2,True
asymmetric-6-6,asymmetric,6,6,test,A0_global_independent,global,independent,widest,4,0.02,False,0.0,300,0.12981533294077963,True,0.0,300,0.05,True
asymmetric-6-6,asymmetric,6,6,test,A1_decision_independent,decision,independent,widest,4,0.02,False,0.0,300,0.17482700000982732,True,0.0025585937500000005,300,0.05,True
asymmetric-6-6,asymmetric,6,6,test,A2_decision_joint,decision,joint,widest,4,0.02,False,7.327471962526033e-15,300,0.15981933393049985,True,0.005675781250000001,300,0.05,True
asymmetric-6-6,asymmetric,6,6,test,A3_decision_joint_relevant,decision,joint,decision,4,0.02,False,2.384185791015625e-06,300,0.17332512501161546,True,0.006455078125000001,300,0.05,True
asymmetric-6-7,asymmetric,6,7,test,A0_global_independent,global,independent,widest,9,0.02,False,0.0,300,0.14607762498781085,True,0.0,300,0.1,True
asymmetric-6-7,asymmetric,6,7,test,A1_decision_independent,decision,independent,widest,9,0.02,False,3.948807716369629e-07,300,0.1317102920729667,True,0.011910156250000001,300,0.1,True
asymmetric-6-7,asymmetric,6,7,test,A2_decision_joint,decision,joint,widest,9,0.02,True,1.0,51,0.026691708946600556,False,0.021261718750000002,300,0.1,True
asymmetric-6-7,asymmetric,6,7,test,A3_decision_joint_relevant,decision,joint,decision,9,0.02,True,1.0,27,0.01618545805104077,False,0.023599609375000004,300,0.1,True
asymmetric-10-0,asymmetric,10,0,development,A0_global_independent,global,independent,widest,9,0.02,False,0.0,300,0.17092841700650752,True,0.0,300,0.05,True
asymmetric-10-0,asymmetric,10,0,development,A1_decision_independent,decision,independent,widest,9,0.02,False,0.0,300,0.20093820802867413,True,0.003337890625000001,300,0.05,True
asymmetric-10-0,asymmetric,10,0,development,A2_decision_joint,decision,joint,widest,9,0.02,False,0.0,300,0.2034192499704659,True,0.005675781250000001,300,0.05,True
asymmetric-10-0,asymmetric,10,0,development,A3_decision_joint_relevant,decision,joint,decision,9,0.02,False,4.2928149923682213e-10,300,0.21462845895439386,True,0.006455078125000001,300,0.05,True
asymmetric-10-1,asymmetric,10,1,development,A0_global_independent,global,independent,widest,1,0.02,False,0.0,300,0.16601904097478837,True,0.0,300,0.05,True
asymmetric-10-1,asymmetric,10,1,development,A1_decision_independent,decision,independent,widest,1,0.02,False,0.0,300,0.30733162502292544,True,0.004117187500000001,300,0.05,True
asymmetric-10-1,asymmetric,10,1,development,A2_decision_joint,decision,joint,widest,1,0.02,False,0.0,300,0.21635820798110217,True,0.008013671875000001,300,0.05,True
asymmetric-10-1,asymmetric,10,1,development,A3_decision_joint_relevant,decision,joint,decision,1,0.02,False,1.5133991837501526e-08,300,0.22313783306162804,True,0.008013671875000001,300,0.05,True
asymmetric-10-2,asymmetric,10,2,development,A0_global_independent,global,independent,widest,7,0.02,False,0.0,300,0.1747711249627173,True,0.0,300,0.1,True
asymmetric-10-2,asymmetric,10,2,development,A1_decision_independent,decision,independent,widest,7,0.02,False,0.0,300,0.3591499578906223,True,0.005675781250000001,300,0.1,True
asymmetric-10-2,asymmetric,10,2,development,A2_decision_joint,decision,joint,widest,7,0.02,False,4.602043190971017e-10,300,0.2244631249923259,True,0.011910156250000001,300,0.1,True
asymmetric-10-2,asymmetric,10,2,development,A3_decision_joint_relevant,decision,joint,decision,7,0.02,False,0.00020885467529296875,300,0.2674887500470504,True,0.012689453125000002,300,0.1,True
asymmetric-10-3,asymmetric,10,3,calibration,A0_global_independent,global,independent,widest,6,0.02,False,0.0,300,0.17028479208238423,True,0.0,300,0.05,True
asymmetric-10-3,asymmetric,10,3,calibration,A1_decision_independent,decision,independent,widest,6,0.02,False,0.0,300,0.1981212089303881,True,0.003337890625000001,300,0.05,True
asymmetric-10-3,asymmetric,10,3,calibration,A2_decision_joint,decision,joint,widest,6,0.02,False,0.0,300,0.22685579198878258,True,0.006455078125000001,300,0.05,True
asymmetric-10-3,asymmetric,10,3,calibration,A3_decision_joint_relevant,decision,joint,decision,6,0.02,False,2.9685907065868378e-09,300,0.21182683296501637,True,0.006455078125000001,300,0.05,True
asymmetric-10-4,asymmetric,10,4,test,A0_global_independent,global,independent,widest,9,0.02,False,0.0,300,0.176263083005324,True,0.0,300,0.05,True
asymmetric-10-4,asymmetric,10,4,test,A1_decision_independent,decision,independent,widest,9,0.02,False,0.0,300,0.19887354201637208,True,0.001,300,0.05,True
asymmetric-10-4,asymmetric,10,4,test,A2_decision_joint,decision,joint,widest,9,0.02,False,0.0,300,0.22876733297016472,True,0.0017792968750000003,300,0.05,True
asymmetric-10-4,asymmetric,10,4,test,A3_decision_joint_relevant,decision,joint,decision,9,0.02,False,0.0,300,0.2219882500357926,True,0.0017792968750000003,300,0.05,True
asymmetric-10-5,asymmetric,10,5,test,A0_global_independent,global,independent,widest,3,0.02,False,0.0,300,0.16596600005868822,True,0.0,300,0.2,True
asymmetric-10-5,asymmetric,10,5,test,A1_decision_independent,decision,independent,widest,3,0.02,False,5.2909066017292616e-17,300,0.3584087920607999,True,0.015027343750000002,300,0.2,True
asymmetric-10-5,asymmetric,10,5,test,A2_decision_joint,decision,joint,widest,3,0.02,True,1.0,1,0.001588708022609353,False,0.027496093750000002,300,0.2,True
asymmetric-10-5,asymmetric,10,5,test,A3_decision_joint_relevant,decision,joint,decision,3,0.02,True,1.0,1,0.0015061659505590796,False,0.030613281250000002,300,0.2,True
asymmetric-10-6,asymmetric,10,6,test,A0_global_independent,global,independent,widest,9,0.02,False,0.0,300,0.16740587505046278,True,0.0,300,0.05,True
asymmetric-10-6,asymmetric,10,6,test,A1_decision_independent,decision,independent,widest,9,0.02,False,0.0,300,0.16450424992945045,True,0.0017792968750000003,300,0.05,True
asymmetric-10-6,asymmetric,10,6,test,A2_decision_joint,decision,joint,widest,9,0.02,False,0.0,300,0.1947017079219222,True,0.004117187500000001,300,0.05,True
asymmetric-10-6,asymmetric,10,6,test,A3_decision_joint_relevant,decision,joint,decision,9,0.02,False,3.907985046680551e-13,300,0.20658325008116663,True,0.004117187500000001,300,0.05,True
asymmetric-10-7,asymmetric,10,7,test,A0_global_independent,global,independent,widest,5,0.02,False,0.0,300,0.17043429100885987,True,0.0,300,0.1,True
asymmetric-10-7,asymmetric,10,7,test,A1_decision_independent,decision,independent,widest,5,0.02,False,0.0,300,0.2511414580512792,True,0.005675781250000001,300,0.1,True
asymmetric-10-7,asymmetric,10,7,test,A2_decision_joint,decision,joint,widest,5,0.02,False,8.731149137020111e-10,300,0.2381300829583779,True,0.011910156250000001,300,0.1,True
asymmetric-10-7,asymmetric,10,7,test,A3_decision_joint_relevant,decision,joint,decision,5,0.02,False,0.0018310546875,300,0.2430736250244081,True,0.013468750000000002,300,0.1,True
narrow-3-0,narrow,3,0,stress,A0_global_independent,global,independent,widest,7,0.02,False,0.0,300,0.14618820906616747,True,0.0,300,0.1,True
narrow-3-0,narrow,3,0,stress,A1_decision_independent,decision,independent,widest,7,0.02,False,0.072265625,300,0.12600741698406637,True,0.013468750000000002,300,0.1,True
narrow-3-0,narrow,3,0,stress,A2_decision_joint,decision,joint,widest,7,0.02,True,1.0,151,0.07458170794416219,False,0.022041015625,300,0.1,True
narrow-3-0,narrow,3,0,stress,A3_decision_joint_relevant,decision,joint,decision,7,0.02,True,1.0,135,0.07196766592096537,False,0.022041015625,300,0.1,True
narrow-3-1,narrow,3,1,stress,A0_global_independent,global,independent,widest,6,0.02,False,4.163336342344337e-17,300,0.14020762499421835,True,0.0,300,0.02,True
narrow-3-1,narrow,3,1,stress,A1_decision_independent,decision,independent,widest,6,0.02,False,1.3589859008789062e-05,300,0.10601620899979025,True,0.0025585937500000005,300,0.02,True
narrow-3-1,narrow,3,1,stress,A2_decision_joint,decision,joint,widest,6,0.02,False,0.000499725341796875,300,0.13870450004469603,True,0.004896484375000001,300,0.02,True
narrow-3-1,narrow,3,1,stress,A3_decision_joint_relevant,decision,joint,decision,6,0.02,False,0.00041961669921875,300,0.14287212502676994,True,0.005675781250000001,300,0.02,True
narrow-3-2,narrow,3,2,stress,A0_global_independent,global,independent,widest,2,0.02,False,1.1362438767648086e-16,300,0.29830937506631017,True,0.0,300,0.05,True
narrow-3-2,narrow,3,2,stress,A1_decision_independent,decision,independent,widest,2,0.02,False,0.0001392364501953125,300,0.1100046249339357,True,0.004117187500000001,300,0.05,True
narrow-3-2,narrow,3,2,stress,A2_decision_joint,decision,joint,widest,2,0.02,False,0.00634765625,300,0.1366012910148129,True,0.008013671875000001,300,0.05,True
narrow-3-2,narrow,3,2,stress,A3_decision_joint_relevant,decision,joint,decision,2,0.02,False,0.00518798828125,300,0.14321616699453443,True,0.008013671875000001,300,0.05,True
narrow-3-3,narrow,3,3,stress,A0_global_independent,global,independent,widest,9,0.02,False,0.0,300,0.12883633293677121,True,0.0,300,0.1,True
narrow-3-3,narrow,3,3,stress,A1_decision_independent,decision,independent,widest,9,0.02,False,0.0277099609375,300,0.10353858303278685,True,0.011130859375000001,300,0.1,True
narrow-3-3,narrow,3,3,stress,A2_decision_joint,decision,joint,widest,9,0.02,False,0.4296875,300,0.1261238749139011,True,0.018144531250000002,300,0.1,True
narrow-3-3,narrow,3,3,stress,A3_decision_joint_relevant,decision,joint,decision,9,0.02,False,0.453125,300,0.1379101249622181,True,0.018144531250000002,300,0.1,True
narrow-3-4,narrow,3,4,stress,A0_global_independent,global,independent,widest,9,0.02,False,0.0,300,0.10483924997970462,True,0.0,300,0.01,True
narrow-3-4,narrow,3,4,stress,A1_decision_independent,decision,independent,widest,9,0.02,False,1.1920928955078125e-07,300,0.09993537492118776,True,0.001,300,0.01,True
narrow-3-4,narrow,3,4,stress,A2_decision_joint,decision,joint,widest,9,0.02,False,3.039836883544922e-06,300,0.12543316697701812,True,0.0017792968750000003,300,0.01,True
narrow-3-4,narrow,3,4,stress,A3_decision_joint_relevant,decision,joint,decision,9,0.02,False,8.761882781982422e-06,300,0.14663633308373392,True,0.0025585937500000005,300,0.01,True
narrow-3-5,narrow,3,5,stress,A0_global_independent,global,independent,widest,2,0.02,False,6.465938895416912e-13,300,0.28392700001131743,True,0.0,300,0.1,True
narrow-3-5,narrow,3,5,stress,A1_decision_independent,decision,independent,widest,2,0.02,False,0.0087890625,300,0.09999904199503362,True,0.008792968750000001,300,0.1,True
narrow-3-5,narrow,3,5,stress,A2_decision_joint,decision,joint,widest,2,0.02,False,0.34375,300,0.12312191701494157,True,0.0165859375,300,0.1,True
narrow-3-5,narrow,3,5,stress,A3_decision_joint_relevant,decision,joint,decision,2,0.02,False,0.2734375,300,0.13473183300811797,True,0.0165859375,300,0.1,True
narrow-3-6,narrow,3,6,stress,A0_global_independent,global,independent,widest,1,0.02,False,2.864908310584724e-11,300,0.2597939169500023,True,0.0,300,0.1,True
narrow-3-6,narrow,3,6,stress,A1_decision_independent,decision,independent,widest,1,0.02,False,0.03204345703125,300,0.1292611249955371,True,0.010351562500000001,300,0.1,True
narrow-3-6,narrow,3,6,stress,A2_decision_joint,decision,joint,widest,1,0.02,False,0.84375,300,0.14870329108089209,True,0.018923828125,300,0.1,True
narrow-3-6,narrow,3,6,stress,A3_decision_joint_relevant,decision,joint,decision,1,0.02,False,0.650390625,300,0.15537320799194276,True,0.018923828125,300,0.1,True
narrow-3-7,narrow,3,7,stress,A0_global_independent,global,independent,widest,5,0.02,False,0.0,300,0.09828562499023974,True,0.0,300,0.05,True
narrow-3-7,narrow,3,7,stress,A1_decision_independent,decision,independent,widest,5,0.02,False,0.0081787109375,300,0.09874329098965973,True,0.008792968750000001,300,0.05,True
narrow-3-7,narrow,3,7,stress,A2_decision_joint,decision,joint,widest,5,0.02,False,0.15234375,300,0.12132041598670185,True,0.015806640625,300,0.05,True
narrow-3-7,narrow,3,7,stress,A3_decision_joint_relevant,decision,joint,decision,5,0.02,False,0.255859375,300,0.1356946669984609,True,0.015806640625,300,0.05,True
narrow-6-0,narrow,6,0,stress,A0_global_independent,global,independent,widest,1,0.02,False,0.0,300,0.127590624964796,True,0.0,300,0.2,True
narrow-6-0,narrow,6,0,stress,A1_decision_independent,decision,independent,widest,1,0.02,False,0.0045166015625,300,0.1398402500199154,True,0.012689453125000002,300,0.2,True
narrow-6-0,narrow,6,0,stress,A2_decision_joint,decision,joint,widest,1,0.02,True,1.0,73,0.04226679203566164,False,0.022041015625,300,0.2,True
narrow-6-0,narrow,6,0,stress,A3_decision_joint_relevant,decision,joint,decision,1,0.02,True,1.0,145,0.08260837499983609,False,0.021261718750000002,300,0.2,True
narrow-6-1,narrow,6,1,stress,A0_global_independent,global,independent,widest,7,0.02,False,0.0,300,0.13070829201024026,True,0.0,300,0.01,True
narrow-6-1,narrow,6,1,stress,A1_decision_independent,decision,independent,widest,7,0.02,False,2.1815882433884326e-14,300,0.1349118750076741,True,0.001,300,0.01,True
narrow-6-1,narrow,6,1,stress,A2_decision_joint,decision,joint,widest,7,0.02,False,4.297362465877086e-11,300,0.1543525840388611,True,0.0025585937500000005,300,0.01,True
narrow-6-1,narrow,6,1,stress,A3_decision_joint_relevant,decision,joint,decision,7,0.02,False,2.6830093702301383e-11,300,0.1705409170826897,True,0.0025585937500000005,300,0.01,True
narrow-6-2,narrow,6,2,stress,A0_global_independent,global,independent,widest,6,0.02,False,0.0,300,0.14276562503073364,True,0.0,300,0.2,True
narrow-6-2,narrow,6,2,stress,A1_decision_independent,decision,independent,widest,6,0.02,False,1.239776611328125e-05,300,0.13004483398981392,True,0.007234375000000001,300,0.2,True
narrow-6-2,narrow,6,2,stress,A2_decision_joint,decision,joint,widest,6,0.02,False,0.02734375,300,0.15385720797348768,True,0.013468750000000002,300,0.2,True
narrow-6-2,narrow,6,2,stress,A3_decision_joint_relevant,decision,joint,decision,6,0.02,False,0.021728515625,300,0.16884199995547533,True,0.013468750000000002,300,0.2,True
narrow-6-3,narrow,6,3,stress,A0_global_independent,global,independent,widest,2,0.02,False,0.0,300,0.16055720893200487,True,0.0,300,0.05,True
narrow-6-3,narrow,6,3,stress,A1_decision_independent,decision,independent,widest,2,0.02,False,1.4210854715202004e-13,300,0.14239558298140764,True,0.001,300,0.05,True
narrow-6-3,narrow,6,3,stress,A2_decision_joint,decision,joint,widest,2,0.02,False,2.0372681319713593e-10,300,0.15839204203803092,True,0.0025585937500000005,300,0.05,True
narrow-6-3,narrow,6,3,stress,A3_decision_joint_relevant,decision,joint,decision,2,0.02,False,7.275957614183426e-11,300,0.17054337495937943,True,0.0025585937500000005,300,0.05,True
narrow-6-4,narrow,6,4,stress,A0_global_independent,global,independent,widest,6,0.02,False,0.0,300,0.1513495829422027,True,0.0,300,0.02,True
narrow-6-4,narrow,6,4,stress,A1_decision_independent,decision,independent,widest,6,0.02,False,1.7069679003611782e-15,300,0.13486379198729992,True,0.001,300,0.02,True
narrow-6-4,narrow,6,4,stress,A2_decision_joint,decision,joint,widest,6,0.02,False,3.865352482534945e-12,300,0.16249629098456353,True,0.0017792968750000003,300,0.02,True
narrow-6-4,narrow,6,4,stress,A3_decision_joint_relevant,decision,joint,decision,6,0.02,False,3.893774191965349e-12,300,0.1816697500180453,True,0.0017792968750000003,300,0.02,True
narrow-6-5,narrow,6,5,stress,A0_global_independent,global,independent,widest,6,0.02,False,0.0,300,0.12520108302123845,True,0.0,300,0.01,True
narrow-6-5,narrow,6,5,stress,A1_decision_independent,decision,independent,widest,6,0.02,False,6.039613253960852e-14,300,0.1393564579775557,True,0.001,300,0.01,True
narrow-6-5,narrow,6,5,stress,A2_decision_joint,decision,joint,widest,6,0.02,False,1.4733814168721437e-10,300,0.15765187493525445,True,0.0025585937500000005,300,0.01,True
narrow-6-5,narrow,6,5,stress,A3_decision_joint_relevant,decision,joint,decision,6,0.02,False,3.319655661471188e-11,300,0.17260616610292345,True,0.0025585937500000005,300,0.01,True
narrow-6-6,narrow,6,6,stress,A0_global_independent,global,independent,widest,0,0.02,False,0.0,300,0.12542420788668096,True,0.0,300,0.1,True
narrow-6-6,narrow,6,6,stress,A1_decision_independent,decision,independent,widest,0,0.02,False,1.5020370483398438e-05,300,0.13226974999997765,True,0.007234375000000001,300,0.1,True
narrow-6-6,narrow,6,6,stress,A2_decision_joint,decision,joint,widest,0,0.02,False,0.02197265625,300,0.1555051659233868,True,0.013468750000000002,300,0.1,True
narrow-6-6,narrow,6,6,stress,A3_decision_joint_relevant,decision,joint,decision,0,0.02,False,0.0220947265625,300,0.16639816702809185,True,0.013468750000000002,300,0.1,True
narrow-6-7,narrow,6,7,stress,A0_global_independent,global,independent,widest,4,0.02,False,0.0,300,0.16203366708941758,True,0.0,300,0.05,True
narrow-6-7,narrow,6,7,stress,A1_decision_independent,decision,independent,widest,4,0.02,False,9.947598300641403e-13,300,0.13725454197265208,True,0.0017792968750000003,300,0.05,True
narrow-6-7,narrow,6,7,stress,A2_decision_joint,decision,joint,widest,4,0.02,False,2.4665496312081814e-09,300,0.16066166607197374,True,0.003337890625000001,300,0.05,True
narrow-6-7,narrow,6,7,stress,A3_decision_joint_relevant,decision,joint,decision,4,0.02,False,3.0122464522719383e-09,300,0.17096141690853983,True,0.003337890625000001,300,0.05,True
narrow-10-0,narrow,10,0,stress,A0_global_independent,global,independent,widest,2,0.02,False,0.0,300,0.16605962498579174,True,0.0,300,0.05,True
narrow-10-0,narrow,10,0,stress,A1_decision_independent,decision,independent,widest,2,0.02,False,0.0,300,0.20757008297368884,True,0.0017792968750000003,300,0.05,True
narrow-10-0,narrow,10,0,stress,A2_decision_joint,decision,joint,widest,2,0.02,False,4.163336342344337e-16,300,0.20824045792687684,True,0.003337890625000001,300,0.05,True
narrow-10-0,narrow,10,0,stress,A3_decision_joint_relevant,decision,joint,decision,2,0.02,False,4.85722573273506e-16,300,0.24400791700463742,True,0.0025585937500000005,300,0.05,True
narrow-10-1,narrow,10,1,stress,A0_global_independent,global,independent,widest,1,0.02,False,0.0,300,0.1707058330066502,True,0.0,300,0.05,True
narrow-10-1,narrow,10,1,stress,A1_decision_independent,decision,independent,widest,1,0.02,False,0.0,300,0.18829329195432365,True,0.0025585937500000005,300,0.05,True
narrow-10-1,narrow,10,1,stress,A2_decision_joint,decision,joint,widest,1,0.02,False,4.831690603168681e-12,300,0.219760708976537,True,0.004896484375000001,300,0.05,True
narrow-10-1,narrow,10,1,stress,A3_decision_joint_relevant,decision,joint,decision,1,0.02,False,1.1368683772161603e-11,300,0.22293962503317744,True,0.004896484375000001,300,0.05,True
narrow-10-2,narrow,10,2,stress,A0_global_independent,global,independent,widest,4,0.02,False,0.0,300,0.16865479201078415,True,0.0,300,0.05,True
narrow-10-2,narrow,10,2,stress,A1_decision_independent,decision,independent,widest,4,0.02,False,0.0,300,0.27053237496875226,True,0.0017792968750000003,300,0.05,True
narrow-10-2,narrow,10,2,stress,A2_decision_joint,decision,joint,widest,4,0.02,False,1.2589929099249275e-13,300,0.24176308303140104,True,0.004117187500000001,300,0.05,True
narrow-10-2,narrow,10,2,stress,A3_decision_joint_relevant,decision,joint,decision,4,0.02,False,9.414691248821327e-14,300,0.25481454201508313,True,0.004117187500000001,300,0.05,True
narrow-10-3,narrow,10,3,stress,A0_global_independent,global,independent,widest,7,0.02,False,0.0,300,0.1676034580450505,True,0.0,300,0.2,True
narrow-10-3,narrow,10,3,stress,A1_decision_independent,decision,independent,widest,7,0.02,False,0.0028076171875,300,0.21565420797560364,True,0.015027343750000002,300,0.2,True
narrow-10-3,narrow,10,3,stress,A2_decision_joint,decision,joint,widest,7,0.02,True,1.0,1,0.001480333972722292,False,0.029054687500000002,300,0.2,True
narrow-10-3,narrow,10,3,stress,A3_decision_joint_relevant,decision,joint,decision,7,0.02,True,1.0,1,0.0014572909567505121,False,0.028275390625,300,0.2,True
narrow-10-4,narrow,10,4,stress,A0_global_independent,global,independent,widest,9,0.02,False,0.0,300,0.16873629100155085,True,0.0,300,0.2,True
narrow-10-4,narrow,10,4,stress,A1_decision_independent,decision,independent,widest,9,0.02,False,0.150390625,300,0.3911213749088347,True,0.017365234375000003,300,0.2,True
narrow-10-4,narrow,10,4,stress,A2_decision_joint,decision,joint,widest,9,0.02,True,1.0,1,0.0014970829943194985,False,0.029054687500000002,300,0.2,True
narrow-10-4,narrow,10,4,stress,A3_decision_joint_relevant,decision,joint,decision,9,0.02,True,1.0,1,0.0014703329652547836,False,0.022041015625,300,0.2,True
narrow-10-5,narrow,10,5,stress,A0_global_independent,global,independent,widest,3,0.02,False,0.0,300,0.1734082920011133,True,0.0,300,0.05,True
narrow-10-5,narrow,10,5,stress,A1_decision_independent,decision,independent,widest,3,0.02,False,3.8744474295526743e-10,300,0.18792637495789677,True,0.006455078125000001,300,0.05,True
narrow-10-5,narrow,10,5,stress,A2_decision_joint,decision,joint,widest,3,0.02,False,0.0001773834228515625,300,0.2080626670503989,True,0.012689453125000002,300,0.05,True
narrow-10-5,narrow,10,5,stress,A3_decision_joint_relevant,decision,joint,decision,3,0.02,False,0.000453948974609375,300,0.2222724169259891,True,0.011910156250000001,300,0.05,True
narrow-10-6,narrow,10,6,stress,A0_global_independent,global,independent,widest,7,0.02,False,0.0,300,0.16513533308170736,True,0.0,300,0.4,True
narrow-10-6,narrow,10,6,stress,A1_decision_independent,decision,independent,widest,7,0.02,False,3.814697265625e-05,300,0.3504377080826089,True,0.015027343750000002,300,0.4,True
narrow-10-6,narrow,10,6,stress,A2_decision_joint,decision,joint,widest,7,0.02,True,1.0,43,0.039182999986223876,False,0.029054687500000002,300,0.4,True
narrow-10-6,narrow,10,6,stress,A3_decision_joint_relevant,decision,joint,decision,7,0.02,False,0.130859375,300,0.2913029999472201,True,0.015027343750000002,300,0.4,True
narrow-10-7,narrow,10,7,stress,A0_global_independent,global,independent,widest,7,0.02,False,0.0,300,0.16339066601358354,True,0.0,300,0.1,True
narrow-10-7,narrow,10,7,stress,A1_decision_independent,decision,independent,widest,7,0.02,False,7.510185241699219e-06,300,0.17004020896274596,True,0.011130859375000001,300,0.1,True
narrow-10-7,narrow,10,7,stress,A2_decision_joint,decision,joint,widest,7,0.02,True,1.0,25,0.0170888330321759,False,0.022041015625,300,0.1,True
narrow-10-7,narrow,10,7,stress,A3_decision_joint_relevant,decision,joint,decision,7,0.02,True,1.0,41,0.028688249993138015,False,0.021261718750000002,300,0.1,True
heavytail-3-0,heavytail,3,0,stress,A0_global_independent,global,independent,widest,0,0.02,False,3.197442310920451e-14,300,0.31460383301600814,True,0.0,300,,
heavytail-3-0,heavytail,3,0,stress,A1_decision_independent,decision,independent,widest,0,0.02,True,1.0,3,0.0016107909614220262,False,0.037626953125,300,,
heavytail-3-0,heavytail,3,0,stress,A2_decision_joint,decision,joint,widest,0,0.02,True,1.0,1,0.0008619580185040832,False,0.06334375,300,,
heavytail-3-0,heavytail,3,0,stress,A3_decision_joint_relevant,decision,joint,decision,0,0.02,True,1.0,1,0.0008811249863356352,False,0.06334375,300,,
heavytail-3-1,heavytail,3,1,stress,A0_global_independent,global,independent,widest,9,0.02,False,3.225864020350855e-12,300,0.2591594170080498,True,0.0,300,,
heavytail-3-1,heavytail,3,1,stress,A1_decision_independent,decision,independent,widest,9,0.02,True,1.0,179,0.07519491692073643,False,0.020482421875000004,300,,
heavytail-3-1,heavytail,3,1,stress,A2_decision_joint,decision,joint,widest,9,0.02,True,1.0,7,0.0035897090565413237,False,0.03684765625,300,,
heavytail-3-1,heavytail,3,1,stress,A3_decision_joint_relevant,decision,joint,decision,9,0.02,True,1.0,5,0.0028860829770565033,False,0.03684765625,300,,
heavytail-3-2,heavytail,3,2,stress,A0_global_independent,global,independent,widest,2,0.02,False,1.734723475976807e-16,300,0.29920558305457234,True,0.0,300,0.4,True
heavytail-3-2,heavytail,3,2,stress,A1_decision_independent,decision,independent,widest,2,0.02,True,1.0,91,0.045951709034852684,False,0.023599609375000004,300,0.4,True
heavytail-3-2,heavytail,3,2,stress,A2_decision_joint,decision,joint,widest,2,0.02,True,1.0,3,0.001716707949526608,False,0.03840625,300,0.4,True
heavytail-3-2,heavytail,3,2,stress,A3_decision_joint_relevant,decision,joint,decision,2,0.02,True,1.0,3,0.002062832936644554,False,0.03840625,300,0.4,True
heavytail-3-3,heavytail,3,3,stress,A0_global_independent,global,independent,widest,9,0.02,False,0.0,300,0.13859129208140075,True,0.0,300,0.2,True
heavytail-3-3,heavytail,3,3,stress,A1_decision_independent,decision,independent,widest,9,0.02,True,1.0,179,0.06450620898976922,False,0.020482421875000004,300,0.2,True
heavytail-3-3,heavytail,3,3,stress,A2_decision_joint,decision,joint,widest,9,0.02,True,1.0,15,0.006869165925309062,False,0.032171875,300,0.2,True
heavytail-3-3,heavytail,3,3,stress,A3_decision_joint_relevant,decision,joint,decision,9,0.02,True,1.0,15,0.007724041934125125,False,0.032171875,300,0.2,True
heavytail-3-4,heavytail,3,4,stress,A0_global_independent,global,independent,widest,1,0.02,False,0.0,300,0.16069941606838256,True,0.0,300,,
heavytail-3-4,heavytail,3,4,stress,A1_decision_independent,decision,independent,widest,1,0.02,True,1.0,1,0.0008061659755185246,False,0.060226562500000004,300,,
heavytail-3-4,heavytail,3,4,stress,A2_decision_joint,decision,joint,widest,1,0.02,True,1.0,1,0.0008725419174879789,False,0.098412109375,300,,
heavytail-3-4,heavytail,3,4,stress,A3_decision_joint_relevant,decision,joint,decision,1,0.02,True,1.0,1,0.000872333999723196,False,0.096853515625,300,,
heavytail-3-5,heavytail,3,5,stress,A0_global_independent,global,independent,widest,9,0.02,False,0.0,300,0.14884604199323803,True,0.0,300,,
heavytail-3-5,heavytail,3,5,stress,A1_decision_independent,decision,independent,widest,9,0.02,True,1.0,1,0.0007930829888209701,False,0.057109375000000004,300,,
heavytail-3-5,heavytail,3,5,stress,A2_decision_joint,decision,joint,widest,9,0.02,True,1.0,1,0.0008807909907773137,False,0.09919140625,300,,
heavytail-3-5,heavytail,3,5,stress,A3_decision_joint_relevant,decision,joint,decision,9,0.02,True,1.0,1,0.0008836250053718686,False,0.09607421875,300,,
heavytail-3-6,heavytail,3,6,stress,A0_global_independent,global,independent,widest,9,0.02,False,0.0,300,0.22070295794401318,True,0.0,300,0.4,True
heavytail-3-6,heavytail,3,6,stress,A1_decision_independent,decision,independent,widest,9,0.02,True,1.0,9,0.005905708065256476,False,0.033730468750000006,300,0.4,True
heavytail-3-6,heavytail,3,6,stress,A2_decision_joint,decision,joint,widest,9,0.02,True,1.0,1,0.0008408330613747239,False,0.054771484375,300,0.4,True
heavytail-3-6,heavytail,3,6,stress,A3_decision_joint_relevant,decision,joint,decision,9,0.02,True,1.0,1,0.0008559999987483025,False,0.054771484375,300,0.4,True
heavytail-3-7,heavytail,3,7,stress,A0_global_independent,global,independent,widest,2,0.02,False,1.669497873280079e-14,300,0.27324645896442235,True,0.0,300,,
heavytail-3-7,heavytail,3,7,stress,A1_decision_independent,decision,independent,widest,2,0.02,True,1.0,1,0.0008283749921247363,False,0.14049414062499999,300,,
heavytail-3-7,heavytail,3,7,stress,A2_decision_joint,decision,joint,widest,2,0.02,True,1.0,1,0.0008547500474378467,False,0.249595703125,300,,
heavytail-3-7,heavytail,3,7,stress,A3_decision_joint_relevant,decision,joint,decision,2,0.02,True,1.0,1,0.0008520829724147916,False,0.294015625,300,,
heavytail-6-0,heavytail,6,0,stress,A0_global_independent,global,independent,widest,5,0.02,False,0.0,300,0.20466899999883026,True,0.0,300,0.4,True
heavytail-6-0,heavytail,6,0,stress,A1_decision_independent,decision,independent,widest,5,0.02,True,1.0,1,0.0010332909878343344,False,0.05243359375000001,300,0.4,True
heavytail-6-0,heavytail,6,0,stress,A2_decision_joint,decision,joint,widest,5,0.02,True,1.0,1,0.0011056249495595694,False,0.08983984375000001,300,0.4,True
heavytail-6-0,heavytail,6,0,stress,A3_decision_joint_relevant,decision,joint,decision,5,0.02,True,1.0,1,0.0011015419149771333,False,0.09295703125000002,300,0.4,True
heavytail-6-1,heavytail,6,1,stress,A0_global_independent,global,independent,widest,7,0.02,False,0.0,300,0.17463466606568545,True,0.0,300,0.4,True
heavytail-6-1,heavytail,6,1,stress,A1_decision_independent,decision,independent,widest,7,0.02,True,1.0,1,0.0010343750473111868,False,0.033730468750000006,300,0.4,True
heavytail-6-1,heavytail,6,1,stress,A2_decision_joint,decision,joint,widest,7,0.02,True,1.0,1,0.0010964589891955256,False,0.06879882812500002,300,0.4,True
heavytail-6-1,heavytail,6,1,stress,A3_decision_joint_relevant,decision,joint,decision,7,0.02,True,1.0,1,0.0011167919728904963,False,0.06490234375000001,300,0.4,True
heavytail-6-2,heavytail,6,2,stress,A0_global_independent,global,independent,widest,0,0.02,False,0.0,300,0.1454087500460446,True,0.0,300,,
heavytail-6-2,heavytail,6,2,stress,A1_decision_independent,decision,independent,widest,0,0.02,True,1.0,1,0.00103087502066046,False,0.10464648437500002,300,,
heavytail-6-2,heavytail,6,2,stress,A2_decision_joint,decision,joint,widest,0,0.02,True,1.0,1,0.0011227919021621346,False,0.190369140625,300,,
heavytail-6-2,heavytail,6,2,stress,A3_decision_joint_relevant,decision,joint,decision,0,0.02,True,1.0,1,0.0012793750502169132,False,0.20673437500000003,300,,
heavytail-6-3,heavytail,6,3,stress,A0_global_independent,global,independent,widest,9,0.02,False,0.0,300,0.12722662498708814,True,0.0,300,,
heavytail-6-3,heavytail,6,3,stress,A1_decision_independent,decision,independent,widest,9,0.02,True,1.0,1,0.0010416250443086028,False,0.069578125,300,,
heavytail-6-3,heavytail,6,3,stress,A2_decision_joint,decision,joint,widest,9,0.02,True,1.0,1,0.0011097081005573273,False,0.121791015625,300,,
heavytail-6-3,heavytail,6,3,stress,A3_decision_joint_relevant,decision,joint,decision,9,0.02,True,1.0,1,0.0011152500519528985,False,0.121791015625,300,,
heavytail-6-4,heavytail,6,4,stress,A0_global_independent,global,independent,widest,5,0.02,False,0.0,300,0.12531995901372284,True,0.0,300,0.1,True
heavytail-6-4,heavytail,6,4,stress,A1_decision_independent,decision,independent,widest,5,0.02,False,0.0001354217529296875,300,0.130297040916048,True,0.008792968750000001,300,0.1,True
heavytail-6-4,heavytail,6,4,stress,A2_decision_joint,decision,joint,widest,5,0.02,False,0.18359375,300,0.15692758304066956,True,0.017365234375000003,300,0.1,True
heavytail-6-4,heavytail,6,4,stress,A3_decision_joint_relevant,decision,joint,decision,5,0.02,False,0.2578125,300,0.16908549994695932,True,0.015806640625,300,0.1,True
heavytail-6-5,heavytail,6,5,stress,A0_global_independent,global,independent,widest,9,0.02,False,0.0,300,0.1270414999453351,True,0.0,300,0.1,True
heavytail-6-5,heavytail,6,5,stress,A1_decision_independent,decision,independent,widest,9,0.02,False,3.986060619354248e-07,300,0.12792999995872378,True,0.005675781250000001,300,0.1,True
heavytail-6-5,heavytail,6,5,stress,A2_decision_joint,decision,joint,widest,9,0.02,False,0.0001983642578125,300,0.15446091699413955,True,0.009572265625000001,300,0.1,True
heavytail-6-5,heavytail,6,5,stress,A3_decision_joint_relevant,decision,joint,decision,9,0.02,False,0.00025653839111328125,300,0.1684360000072047,True,0.008792968750000001,300,0.1,True
heavytail-6-6,heavytail,6,6,stress,A0_global_independent,global,independent,widest,1,0.02,False,0.0,300,0.20398299989756197,True,0.0,300,,
heavytail-6-6,heavytail,6,6,stress,A1_decision_independent,decision,independent,widest,1,0.02,True,1.0,1,0.0010462499922141433,False,0.13581835937500003,300,,
heavytail-6-6,heavytail,6,6,stress,A2_decision_joint,decision,joint,widest,1,0.02,True,1.0,1,0.0012240409851074219,False,0.23556835937500004,300,,
heavytail-6-6,heavytail,6,6,stress,A3_decision_joint_relevant,decision,joint,decision,1,0.02,True,1.0,1,0.0011056249495595694,False,0.250375,300,,
heavytail-6-7,heavytail,6,7,stress,A0_global_independent,global,independent,widest,0,0.02,False,9.540979117872439e-18,300,0.2315648749936372,True,0.0,300,,
heavytail-6-7,heavytail,6,7,stress,A1_decision_independent,decision,independent,widest,0,0.02,True,1.0,1,0.0010343329049646854,False,0.048537109375,300,,
heavytail-6-7,heavytail,6,7,stress,A2_decision_joint,decision,joint,widest,0,0.02,True,1.0,1,0.0012294999323785305,False,0.087501953125,300,,
heavytail-6-7,heavytail,6,7,stress,A3_decision_joint_relevant,decision,joint,decision,0,0.02,True,1.0,1,0.0010956249898299575,False,0.087501953125,300,,
heavytail-10-0,heavytail,10,0,stress,A0_global_independent,global,independent,widest,2,0.02,False,0.0,300,0.16841558297164738,True,0.0,300,0.01,True
heavytail-10-0,heavytail,10,0,stress,A1_decision_independent,decision,independent,widest,2,0.02,False,0.0,300,0.1677943749818951,True,0.0,300,0.01,True
heavytail-10-0,heavytail,10,0,stress,A2_decision_joint,decision,joint,widest,2,0.02,False,0.0,300,0.19686162506695837,True,0.001,300,0.01,True
heavytail-10-0,heavytail,10,0,stress,A3_decision_joint_relevant,decision,joint,decision,2,0.02,False,0.0,300,0.21207695791963488,True,0.001,300,0.01,True
heavytail-10-1,heavytail,10,1,stress,A0_global_independent,global,independent,widest,0,0.02,False,0.0,300,0.4808417910244316,True,0.0,300,,
heavytail-10-1,heavytail,10,1,stress,A1_decision_independent,decision,independent,widest,0,0.02,False,0.0,300,0.2360369999660179,True,0.0,300,,
heavytail-10-1,heavytail,10,1,stress,A2_decision_joint,decision,joint,widest,0,0.02,False,0.0,300,0.26214616606011987,True,0.0,300,,
heavytail-10-1,heavytail,10,1,stress,A3_decision_joint_relevant,decision,joint,decision,0,0.02,False,0.0,300,0.2781621660105884,True,0.0,300,,
heavytail-10-2,heavytail,10,2,stress,A0_global_independent,global,independent,widest,2,0.02,False,0.0,300,0.17130295804236084,True,0.0,300,,
heavytail-10-2,heavytail,10,2,stress,A1_decision_independent,decision,independent,widest,2,0.02,True,1.0,1,0.0014604580355808139,False,0.15763867187500002,300,,
heavytail-10-2,heavytail,10,2,stress,A2_decision_joint,decision,joint,widest,2,0.02,True,1.0,1,0.0014614169485867023,False,0.281546875,300,,
heavytail-10-2,heavytail,10,2,stress,A3_decision_joint_relevant,decision,joint,decision,2,0.02,True,1.0,1,0.0014525000005960464,False,0.287001953125,300,,
heavytail-10-3,heavytail,10,3,stress,A0_global_independent,global,independent,widest,5,0.02,False,0.0,300,0.16722741699777544,True,0.0,300,0.4,True
heavytail-10-3,heavytail,10,3,stress,A1_decision_independent,decision,independent,widest,5,0.02,True,1.0,1,0.0014232499524950981,False,0.075033203125,300,0.4,True
heavytail-10-3,heavytail,10,3,stress,A2_decision_joint,decision,joint,widest,5,0.02,True,1.0,1,0.001508000073954463,False,0.13348046875000003,300,0.4,True
heavytail-10-3,heavytail,10,3,stress,A3_decision_joint_relevant,decision,joint,decision,5,0.02,True,1.0,1,0.0016085419338196516,False,0.13893554687499998,300,0.4,True
heavytail-10-4,heavytail,10,4,stress,A0_global_independent,global,independent,widest,2,0.02,False,0.0,300,0.16526066698133945,True,0.0,300,0.2,True
heavytail-10-4,heavytail,10,4,stress,A1_decision_independent,decision,independent,widest,2,0.02,False,0.003692626953125,300,0.17159024998545647,True,0.015027343750000002,300,0.2,True
heavytail-10-4,heavytail,10,4,stress,A2_decision_joint,decision,joint,widest,2,0.02,True,1.0,1,0.0016297081019729376,False,0.027496093750000002,300,0.2,True
heavytail-10-4,heavytail,10,4,stress,A3_decision_joint_relevant,decision,joint,decision,2,0.02,True,1.0,1,0.0014433750184252858,False,0.027496093750000002,300,0.2,True
heavytail-10-5,heavytail,10,5,stress,A0_global_independent,global,independent,widest,0,0.02,False,0.0,300,0.1930401249555871,True,0.0,300,,
heavytail-10-5,heavytail,10,5,stress,A1_decision_independent,decision,independent,widest,0,0.02,True,1.0,1,0.001497749937698245,False,0.054771484375,300,,
heavytail-10-5,heavytail,10,5,stress,A2_decision_joint,decision,joint,widest,0,0.02,True,1.0,1,0.0015127919614315033,False,0.112439453125,300,,
heavytail-10-5,heavytail,10,5,stress,A3_decision_joint_relevant,decision,joint,decision,0,0.02,True,1.0,1,0.00153870799113065,False,0.11399804687500001,300,,
heavytail-10-6,heavytail,10,6,stress,A0_global_independent,global,independent,widest,2,0.02,False,0.0,300,0.1677559589734301,True,0.0,300,,
heavytail-10-6,heavytail,10,6,stress,A1_decision_independent,decision,independent,widest,2,0.02,True,1.0,1,0.0014139160048216581,False,0.095294921875,300,,
heavytail-10-6,heavytail,10,6,stress,A2_decision_joint,decision,joint,widest,2,0.02,True,1.0,1,0.0015040410216897726,False,0.174783203125,300,,
heavytail-10-6,heavytail,10,6,stress,A3_decision_joint_relevant,decision,joint,decision,2,0.02,True,1.0,1,0.00167758297175169,False,0.18335546875000003,300,,
heavytail-10-7,heavytail,10,7,stress,A0_global_independent,global,independent,widest,0,0.02,False,0.0,300,0.1945405419683084,True,0.0,300,0.4,True
heavytail-10-7,heavytail,10,7,stress,A1_decision_independent,decision,independent,widest,0,0.02,True,1.0,1,0.0014109170297160745,False,0.0415234375,300,0.4,True
heavytail-10-7,heavytail,10,7,stress,A2_decision_joint,decision,joint,widest,0,0.02,True,1.0,1,0.0015085419872775674,False,0.07035742187499999,300,0.4,True
heavytail-10-7,heavytail,10,7,stress,A3_decision_joint_relevant,decision,joint,decision,0,0.02,True,1.0,1,0.001435499987564981,False,0.071916015625,300,0.4,True
