seed,family,m,N,tail_lexpr,tail_lexpr1,tail_asf1,tail_asfk,tail_mmrk,tail_raw,agree_lexpr_asfk,agree_lexpr_mmrk,tied_lexpr,tied_lexpr1,flip_lexpr_0.05,flip_lexpr_0.10,flip_lexpr_0.20,flip_lexpr1_0.05,flip_lexpr1_0.10,flip_lexpr1_0.20,flip_asf1_0.05,flip_asf1_0.10,flip_asf1_0.20,flip_asfk_0.05,flip_asfk_0.10,flip_asfk_0.20,flip_mmrk_0.05,flip_mmrk_0.10,flip_mmrk_0.20,flip_raw_0.05,flip_raw_0.10,flip_raw_0.20,classflip_lexpr_0.05,classflip_lexpr_0.10,classflip_lexpr_0.20,classflip_lexpr1_0.05,classflip_lexpr1_0.10,classflip_lexpr1_0.20
20260701,Knapsack,5,150,0.8128547394256264,0.7513058607045013,0.7513058607045013,0.8128547394256264,0.8128547394256264,0.7513058607045013,1,1,0,0,0.06666666666666667,0.45,0.7333333333333333,0.0,0.0,0.0,0.0,0.0,0.0,0.06666666666666667,0.45,0.7333333333333333,0.06666666666666667,0.45,0.7333333333333333,0.4,0.6666666666666666,0.9,0.06666666666666667,0.45,0.7333333333333333,0.0,0.0,0.0
20260701,Knapsack,4,209,0.8516383319734603,0.7735544831647092,0.7730647359472367,0.8516383319734603,0.8516383319734603,0.7730647359472367,1,1,0,0,0.0,0.05,0.08333333333333333,0.0,0.0,0.0,0.0,0.0,0.0,0.0,0.05,0.08333333333333333,0.0,0.05,0.08333333333333333,0.45,0.8666666666666667,1.0,0.0,0.05,0.08333333333333333,0.0,0.0,0.0
20260701,Knapsack,4,298,0.9096416887306226,0.780655574501775,0.780655574501775,0.9096416887306226,0.9096416887306226,0.780655574501775,1,1,0,0,0.1,0.16666666666666666,0.4,0.0,0.0,0.0,0.0,0.0,0.0,0.1,0.16666666666666666,0.38333333333333336,0.1,0.16666666666666666,0.4,0.4666666666666667,0.7333333333333333,0.9833333333333333,0.1,0.16666666666666666,0.4,0.0,0.0,0.0
20260701,Knapsack,5,200,0.8053014914012925,0.768753705242774,0.768753705242774,0.8053014914012925,0.8053014914012925,0.768753705242774,1,1,0,0,0.0,0.03333333333333333,0.21666666666666667,0.0,0.0,0.0,0.0,0.0,0.0,0.0,0.03333333333333333,0.21666666666666667,0.0,0.03333333333333333,0.21666666666666667,0.5666666666666667,0.75,0.9333333333333333,0.0,0.03333333333333333,0.21666666666666667,0.0,0.0,0.0
20260701,Knapsack,5,224,0.8003561953376769,0.7629444208432706,0.7629444208432706,0.8169669716467755,0.8169669716467755,0.7629444208432706,0,0,0,0,0.48333333333333334,0.6166666666666667,0.35,0.0,0.0,0.0,0.0,0.0,0.0,0.5166666666666667,0.38333333333333336,0.5,0.5166666666666667,0.38333333333333336,0.7166666666666667,0.8833333333333333,0.95,0.9833333333333333,0.48333333333333334,0.6166666666666667,0.35,0.0,0.0,0.0
20260701,Knapsack,4,159,0.8174164585429852,0.7700942582392929,0.7744798370709166,0.8174164585429852,0.8174164585429852,0.7744798370709166,1,1,0,0,0.0,0.03333333333333333,0.2833333333333333,0.0,0.0,0.0,0.0,0.0,0.0,0.0,0.03333333333333333,0.25,0.0,0.03333333333333333,0.31666666666666665,0.6166666666666667,0.8333333333333334,0.9333333333333333,0.0,0.03333333333333333,0.2833333333333333,0.0,0.0,0.0
20260701,Knapsack,3,260,0.8943695766040087,0.8392598700781287,0.8392598700781287,0.8943695766040087,0.8943695766040087,0.8392598700781287,1,1,0,0,0.0,0.1,0.45,0.0,0.0,0.0,0.0,0.0,0.0,0.0,0.06666666666666667,0.45,0.0,0.1,0.45,0.7833333333333333,0.9,1.0,0.0,0.1,0.45,0.0,0.0,0.0
20260701,Knapsack,3,101,0.9035300772365935,0.8593866590211342,0.8593866590211342,0.9035300772365935,0.9035300772365935,0.8593866590211342,1,1,0,0,0.0,0.05,0.2833333333333333,0.0,0.0,0.0,0.0,0.0,0.0,0.0,0.05,0.2833333333333333,0.0,0.05,0.2833333333333333,0.35,0.7833333333333333,0.85,0.0,0.05,0.2833333333333333,0.0,0.0,0.0
20260701,Knapsack,3,191,0.8851215888385686,0.8362635067240396,0.8362635067240396,0.8851215888385686,0.8851215888385686,0.8362635067240396,1,1,0,0,0.4,0.5,0.7,0.0,0.0,0.0,0.0,0.0,0.0,0.4,0.5,0.7166666666666667,0.4,0.5,0.7333333333333333,0.55,0.8666666666666667,0.9833333333333333,0.4,0.5,0.7,0.0,0.0,0.0
20260701,Knapsack,5,117,0.8208199196593117,0.7454848600665165,0.7454848600665165,0.8208199196593117,0.8208199196593117,0.7454848600665165,1,1,0,0,0.0,0.03333333333333333,0.06666666666666667,0.0,0.0,0.0,0.0,0.0,0.0,0.0,0.03333333333333333,0.06666666666666667,0.0,0.03333333333333333,0.06666666666666667,0.1,0.4666666666666667,0.8333333333333334,0.0,0.03333333333333333,0.06666666666666667,0.0,0.0,0.0
20260701,Knapsack,3,198,0.9103869035820665,0.8200366131843995,0.8200366131843995,0.9103869035820665,0.9103869035820665,0.8200366131843995,1,1,0,0,0.23333333333333334,0.43333333333333335,0.7166666666666667,0.0,0.0,0.0,0.0,0.0,0.0,0.23333333333333334,0.43333333333333335,0.7166666666666667,0.23333333333333334,0.43333333333333335,0.7166666666666667,0.6666666666666666,0.85,1.0,0.23333333333333334,0.43333333333333335,0.7166666666666667,0.0,0.0,0.0
20260701,Knapsack,4,221,0.8744420592573703,0.7830924292901441,0.7830924292901441,0.8744420592573703,0.8744420592573703,0.7830924292901441,1,1,0,0,0.13333333333333333,0.13333333333333333,0.4666666666666667,0.0,0.0,0.0,0.0,0.0,0.0,0.13333333333333333,0.13333333333333333,0.4666666666666667,0.13333333333333333,0.13333333333333333,0.4666666666666667,0.5666666666666667,0.8166666666666667,0.9333333333333333,0.13333333333333333,0.13333333333333333,0.4666666666666667,0.0,0.0,0.0
20260701,Knapsack,3,95,0.9027027836431318,0.8152409706912731,0.8152409706912731,0.9360133147027212,0.9360133147027212,0.8152409706912731,0,0,0,0,0.4666666666666667,0.55,0.7666666666666667,0.0,0.0,0.0,0.0,0.0,0.0,0.15,0.2833333333333333,0.5333333333333333,0.15,0.2833333333333333,0.5333333333333333,0.6,0.65,0.9333333333333333,0.4666666666666667,0.55,0.7666666666666667,0.0,0.0,0.0
20260701,Knapsack,5,123,0.8710508183236378,0.7715508625673155,0.7715508625673155,0.8710508183236378,0.8710508183236378,0.7715508625673155,1,1,0,0,0.0,0.0,0.21666666666666667,0.0,0.0,0.0,0.0,0.0,0.0,0.0,0.0,0.21666666666666667,0.0,0.0,0.21666666666666667,0.5166666666666667,0.85,0.9833333333333333,0.0,0.0,0.21666666666666667,0.0,0.0,0.0
20260701,Knapsack,4,233,0.8391408381947535,0.7976141375436796,0.7976141375436796,0.8391408381947535,0.8391408381947535,0.7976141375436796,1,1,0,0,0.35,0.4666666666666667,0.75,0.0,0.0,0.0,0.0,0.0,0.0,0.35,0.4666666666666667,0.75,0.35,0.4666666666666667,0.75,0.7166666666666667,0.8666666666666667,0.9833333333333333,0.35,0.4666666666666667,0.75,0.0,0.0,0.0
20260701,Knapsack,5,74,0.818441407740439,0.7693012580146712,0.7693012580146712,0.818441407740439,0.8006206786196872,0.7693012580146712,1,0,0,0,0.0,0.0,0.3,0.0,0.0,0.0,0.0,0.0,0.0,0.016666666666666666,0.23333333333333334,0.43333333333333335,0.11666666666666667,0.25,0.3,0.5,0.7,0.95,0.0,0.0,0.3,0.0,0.0,0.0
20260701,Knapsack,5,135,0.8682891216496681,0.7632228159565584,0.7632228159565584,0.8682891216496681,0.8682891216496681,0.7632228159565584,1,1,0,0,0.08333333333333333,0.5166666666666667,0.8,0.0,0.0,0.0,0.0,0.0,0.0,0.08333333333333333,0.5166666666666667,0.8,0.08333333333333333,0.5166666666666667,0.8166666666666667,0.6,0.6166666666666667,0.9333333333333333,0.08333333333333333,0.5166666666666667,0.8,0.0,0.0,0.0
20260701,Knapsack,4,125,0.8527802379346722,0.7493967171565672,0.7417299574825349,0.8527802379346722,0.8527802379346722,0.7417299574825349,1,1,0,0,0.0,0.03333333333333333,0.2833333333333333,0.0,0.0,0.0,0.0,0.0,0.0,0.0,0.03333333333333333,0.26666666666666666,0.0,0.03333333333333333,0.26666666666666666,0.8333333333333334,0.9833333333333333,0.9666666666666667,0.0,0.03333333333333333,0.2833333333333333,0.0,0.0,0.0
20260701,Knapsack,4,122,0.826441215078073,0.7752634876107064,0.7752634876107064,0.826441215078073,0.826441215078073,0.7752634876107064,1,1,0,0,0.06666666666666667,0.26666666666666666,0.4666666666666667,0.0,0.0,0.0,0.0,0.0,0.0,0.06666666666666667,0.26666666666666666,0.4666666666666667,0.06666666666666667,0.26666666666666666,0.4666666666666667,0.2833333333333333,0.7,0.9166666666666666,0.06666666666666667,0.26666666666666666,0.4666666666666667,0.0,0.0,0.0
20260701,Knapsack,3,216,0.8543234922771455,0.8308865792466139,0.8308865792466139,0.9135886174040166,0.8543234922771455,0.8308865792466139,0,1,0,0,0.7,0.7666666666666667,0.9,0.0,0.0,0.0,0.0,0.0,0.0,0.5833333333333334,0.6833333333333333,0.7833333333333333,0.6333333333333333,0.7333333333333333,0.85,0.6833333333333333,0.9,0.9666666666666667,0.7,0.7666666666666667,0.9,0.0,0.0,0.0
20260701,Knapsack,5,120,0.7482834177326164,0.7572733932569747,0.7572733932569747,0.7482834177326164,0.7482834177326164,0.7572733932569747,1,1,0,0,0.2,0.2833333333333333,0.55,0.0,0.0,0.0,0.0,0.0,0.0,0.2,0.2833333333333333,0.55,0.2,0.2833333333333333,0.55,0.7,0.8666666666666667,0.9,0.2,0.2833333333333333,0.55,0.0,0.0,0.0
20260701,Knapsack,3,266,0.9033841356879828,0.8205386678833148,0.8205386678833148,0.9033841356879828,0.9033841356879828,0.8205386678833148,1,1,0,0,0.05,0.36666666666666664,0.5166666666666667,0.0,0.0,0.0,0.0,0.0,0.0,0.05,0.36666666666666664,0.5166666666666667,0.05,0.36666666666666664,0.5166666666666667,0.48333333333333334,0.8166666666666667,0.95,0.05,0.36666666666666664,0.5166666666666667,0.0,0.0,0.0
20260701,Knapsack,3,244,0.9241592296460664,0.8673117846476152,0.8673117846476152,0.9241592296460664,0.9241592296460664,0.8673117846476152,1,1,0,1,0.35,0.5666666666666667,0.8333333333333334,0.0,0.0,0.0,0.0,0.0,0.0,0.35,0.55,0.8333333333333334,0.35,0.55,0.7833333333333333,0.6833333333333333,0.8666666666666667,1.0,0.35,0.5666666666666667,0.8333333333333334,0.0,0.0,0.0
20260701,Knapsack,3,291,0.9019988911811867,0.8422505157688717,0.8422505157688717,0.9019988911811867,0.9019988911811867,0.8422505157688717,1,1,0,0,0.48333333333333334,0.55,0.8666666666666667,0.0,0.0,0.0,0.0,0.0,0.0,0.48333333333333334,0.55,0.8666666666666667,0.48333333333333334,0.55,0.8666666666666667,0.7666666666666667,0.9166666666666666,0.9833333333333333,0.48333333333333334,0.55,0.8666666666666667,0.0,0.0,0.0
20260701,Knapsack,4,273,0.8901761779739368,0.8057104021531034,0.8057104021531034,0.8901761779739368,0.8901761779739368,0.8057104021531034,1,1,0,0,0.08333333333333333,0.23333333333333334,0.5166666666666667,0.0,0.0,0.0,0.0,0.0,0.0,0.08333333333333333,0.23333333333333334,0.5166666666666667,0.08333333333333333,0.23333333333333334,0.5166666666666667,0.6,0.9,0.9666666666666667,0.08333333333333333,0.23333333333333334,0.5166666666666667,0.0,0.0,0.0
20260701,Knapsack,3,223,0.8935003916067407,0.8399964831017799,0.8399964831017799,0.8935003916067407,0.8935003916067407,0.8399964831017799,1,1,0,1,0.13333333333333333,0.2,0.5666666666666667,0.0,0.0,0.0,0.0,0.0,0.0,0.03333333333333333,0.2,0.5833333333333334,0.13333333333333333,0.2,0.5666666666666667,0.5,0.9333333333333333,0.95,0.13333333333333333,0.2,0.5666666666666667,0.0,0.0,0.0
20260701,Knapsack,3,113,0.8942968019308577,0.8246805041165063,0.8246805041165063,0.8942968019308577,0.8942968019308577,0.8246805041165063,1,1,0,0,0.4666666666666667,0.6833333333333333,0.9333333333333333,0.0,0.0,0.0,0.0,0.0,0.0,0.4666666666666667,0.6833333333333333,0.9333333333333333,0.4666666666666667,0.6833333333333333,0.9333333333333333,0.4166666666666667,0.8166666666666667,0.9666666666666667,0.4666666666666667,0.6833333333333333,0.9333333333333333,0.0,0.0,0.0
20260701,Knapsack,5,140,0.8071000373761765,0.7569901773647404,0.7569901773647404,0.8071000373761765,0.8071000373761765,0.7569901773647404,1,1,0,0,0.23333333333333334,0.43333333333333335,0.7666666666666667,0.0,0.0,0.0,0.0,0.0,0.0,0.23333333333333334,0.45,0.7666666666666667,0.23333333333333334,0.4166666666666667,0.7666666666666667,0.6833333333333333,0.7666666666666667,0.9333333333333333,0.23333333333333334,0.43333333333333335,0.7666666666666667,0.0,0.0,0.0
20260701,Knapsack,4,69,0.8173497694449677,0.7772675185806264,0.7772675185806264,0.8173497694449677,0.8173497694449677,0.7772675185806264,1,1,0,0,0.0,0.15,0.35,0.0,0.0,0.0,0.0,0.0,0.0,0.0,0.15,0.35,0.0,0.15,0.35,0.35,0.55,0.8166666666666667,0.0,0.15,0.35,0.0,0.0,0.0
20260701,Knapsack,3,155,0.8938325301395266,0.8524291377956371,0.8524291377956371,0.8938325301395266,0.8938325301395266,0.8524291377956371,1,1,0,0,0.0,0.05,0.25,0.0,0.0,0.0,0.0,0.0,0.0,0.0,0.05,0.25,0.0,0.05,0.25,0.8,0.9666666666666667,1.0,0.0,0.05,0.25,0.0,0.0,0.0
20260701,Knapsack,4,197,0.7993453891084311,0.7865536428915896,0.7865536428915896,0.7993453891084311,0.7993453891084311,0.7865536428915896,1,1,0,0,0.0,0.1,0.3333333333333333,0.0,0.0,0.0,0.0,0.0,0.0,0.0,0.1,0.3333333333333333,0.0,0.1,0.3333333333333333,0.8166666666666667,0.9333333333333333,0.95,0.0,0.1,0.3333333333333333,0.0,0.0,0.0
20260701,Knapsack,4,279,0.8364927711463719,0.7866371165383368,0.7866371165383368,0.8364927711463719,0.8364927711463719,0.7866371165383368,1,1,0,0,0.0,0.03333333333333333,0.25,0.0,0.0,0.0,0.0,0.0,0.0,0.0,0.03333333333333333,0.25,0.0,0.03333333333333333,0.25,0.3,0.7,0.9833333333333333,0.0,0.03333333333333333,0.25,0.0,0.0,0.0
20260701,Knapsack,4,235,0.8469045617495851,0.7823954478933823,0.7823954478933823,0.8469045617495851,0.9096170986529816,0.7823954478933823,1,0,0,0,0.0,0.016666666666666666,0.3333333333333333,0.0,0.0,0.0,0.0,0.0,0.0,0.0,0.0,0.36666666666666664,0.45,0.6,0.55,0.8166666666666667,0.8833333333333333,0.9833333333333333,0.0,0.016666666666666666,0.3333333333333333,0.0,0.0,0.0
20260701,Knapsack,3,107,0.9347159448187475,0.8564434141316648,0.8564434141316648,0.9347159448187475,0.9347159448187475,0.8564434141316648,1,1,0,0,0.0,0.1,0.48333333333333334,0.0,0.0,0.0,0.0,0.0,0.0,0.0,0.1,0.48333333333333334,0.0,0.1,0.48333333333333334,0.8333333333333334,0.9166666666666666,0.9666666666666667,0.0,0.1,0.48333333333333334,0.0,0.0,0.0
20260701,Knapsack,5,125,0.7795230885508062,0.7620023815982582,0.7620023815982582,0.7795230885508062,0.7795230885508062,0.7620023815982582,1,1,0,0,0.3,0.43333333333333335,0.4666666666666667,0.0,0.0,0.0,0.0,0.0,0.0,0.3,0.43333333333333335,0.4666666666666667,0.3,0.43333333333333335,0.4666666666666667,0.55,0.8,0.9333333333333333,0.3,0.43333333333333335,0.4666666666666667,0.0,0.0,0.0
20260701,Knapsack,3,279,0.9225250519914366,0.8504638398088147,0.8504638398088147,0.9328408690376914,0.9225250519914366,0.8504638398088147,0,1,0,0,0.6333333333333333,0.7333333333333333,0.8333333333333334,0.0,0.0,0.0,0.0,0.0,0.0,0.5666666666666667,0.5,0.65,0.6333333333333333,0.7166666666666667,0.8,0.8833333333333333,0.9833333333333333,0.9833333333333333,0.6333333333333333,0.7333333333333333,0.8333333333333334,0.0,0.0,0.0
20260701,Knapsack,5,66,0.8301889885311072,0.7777236631153102,0.7777236631153102,0.8301889885311072,0.8301889885311072,0.7777236631153102,1,1,0,0,0.0,0.18333333333333332,0.5666666666666667,0.0,0.0,0.0,0.0,0.0,0.0,0.0,0.18333333333333332,0.5666666666666667,0.0,0.18333333333333332,0.5666666666666667,0.016666666666666666,0.43333333333333335,0.9166666666666666,0.0,0.18333333333333332,0.5666666666666667,0.0,0.0,0.0
20260701,Knapsack,5,110,0.7748652729812069,0.7672399037054195,0.7536583979631291,0.7748652729812069,0.7748652729812069,0.7536583979631291,1,1,0,0,0.0,0.0,0.03333333333333333,0.0,0.0,0.0,0.0,0.0,0.0,0.0,0.0,0.03333333333333333,0.0,0.0,0.03333333333333333,0.7,0.7833333333333333,0.8666666666666667,0.0,0.0,0.03333333333333333,0.0,0.0,0.0
20260701,Knapsack,5,194,0.8169731094953495,0.7485786463388167,0.7485786463388167,0.8169731094953495,0.8169731094953495,0.7485786463388167,1,1,0,0,0.0,0.0,0.0,0.0,0.0,0.0,0.0,0.0,0.0,0.0,0.0,0.0,0.0,0.0,0.0,0.6166666666666667,0.9166666666666666,0.9333333333333333,0.0,0.0,0.0,0.0,0.0,0.0
20260701,Knapsack,3,253,0.914107464337954,0.8387398414692246,0.8387398414692246,0.914107464337954,0.914107464337954,0.8387398414692246,1,1,0,0,0.0,0.06666666666666667,0.18333333333333332,0.0,0.0,0.0,0.0,0.0,0.0,0.0,0.06666666666666667,0.18333333333333332,0.0,0.06666666666666667,0.18333333333333332,0.75,0.9166666666666666,1.0,0.0,0.06666666666666667,0.18333333333333332,0.0,0.0,0.0
20260701,Knapsack,4,238,0.8133338516009019,0.7664387411790958,0.7664387411790958,0.8133338516009019,0.8133338516009019,0.7664387411790958,1,1,0,0,0.0,0.0,0.03333333333333333,0.0,0.0,0.0,0.0,0.0,0.0,0.0,0.0,0.03333333333333333,0.0,0.0,0.03333333333333333,0.5833333333333334,0.7166666666666667,0.9833333333333333,0.0,0.0,0.03333333333333333,0.0,0.0,0.0
20260701,Knapsack,3,128,0.8806532488873735,0.8212267452815356,0.8212267452815356,0.8806532488873735,0.8806532488873735,0.8212267452815356,1,1,0,0,0.18333333333333332,0.4666666666666667,0.6666666666666666,0.0,0.0,0.0,0.0,0.0,0.0,0.18333333333333332,0.4666666666666667,0.6666666666666666,0.18333333333333332,0.4666666666666667,0.6666666666666666,0.48333333333333334,0.7833333333333333,0.9666666666666667,0.18333333333333332,0.4666666666666667,0.6666666666666666,0.0,0.0,0.0
20260701,Knapsack,4,120,0.9079882358134699,0.778219200943201,0.778219200943201,0.9079882358134699,0.9079882358134699,0.778219200943201,1,1,0,0,0.03333333333333333,0.3,0.5666666666666667,0.0,0.0,0.0,0.0,0.0,0.0,0.03333333333333333,0.3,0.5666666666666667,0.03333333333333333,0.3,0.55,0.4,0.8166666666666667,0.9833333333333333,0.03333333333333333,0.3,0.5666666666666667,0.0,0.0,0.0
20260701,Knapsack,3,135,0.9540936798659908,0.8469423243892158,0.8469423243892158,0.9540936798659908,0.9540936798659908,0.8469423243892158,1,1,0,0,0.31666666666666665,0.6666666666666666,0.8333333333333334,0.0,0.0,0.0,0.0,0.0,0.0,0.2833333333333333,0.4166666666666667,0.55,0.35,0.6666666666666666,0.8333333333333334,0.7833333333333333,0.9333333333333333,0.9833333333333333,0.31666666666666665,0.6666666666666666,0.8333333333333334,0.0,0.0,0.0
20260701,Knapsack,4,294,0.862173925698867,0.7772243141805736,0.7772243141805736,0.862173925698867,0.862173925698867,0.7772243141805736,1,1,0,0,0.0,0.06666666666666667,0.21666666666666667,0.0,0.0,0.0,0.0,0.0,0.0,0.0,0.06666666666666667,0.18333333333333332,0.0,0.06666666666666667,0.21666666666666667,0.7666666666666667,0.8833333333333333,1.0,0.0,0.06666666666666667,0.21666666666666667,0.0,0.0,0.0
20260701,Knapsack,4,153,0.8920129800037085,0.8081179501209017,0.8081179501209017,0.8920129800037085,0.8920129800037085,0.8081179501209017,1,1,0,0,0.0,0.0,0.06666666666666667,0.0,0.0,0.0,0.0,0.0,0.0,0.0,0.0,0.06666666666666667,0.0,0.0,0.06666666666666667,0.6166666666666667,0.9166666666666666,0.95,0.0,0.0,0.06666666666666667,0.0,0.0,0.0
20260701,Knapsack,5,221,0.8084047002441191,0.7421247033327184,0.7421247033327184,0.8084047002441191,0.8084047002441191,0.7421247033327184,1,1,0,0,0.2833333333333333,0.4666666666666667,0.7666666666666667,0.0,0.0,0.0,0.0,0.0,0.0,0.2833333333333333,0.4666666666666667,0.7666666666666667,0.2833333333333333,0.4666666666666667,0.7666666666666667,0.08333333333333333,0.5,0.9166666666666666,0.2833333333333333,0.4666666666666667,0.7666666666666667,0.0,0.0,0.0
20260701,Knapsack,4,209,0.8351154553606654,0.7588851052278961,0.7588851052278961,0.8351154553606654,0.8351154553606654,0.7588851052278961,1,1,0,0,0.0,0.06666666666666667,0.48333333333333334,0.0,0.0,0.0,0.0,0.0,0.0,0.0,0.06666666666666667,0.48333333333333334,0.0,0.06666666666666667,0.48333333333333334,0.45,0.85,0.9666666666666667,0.0,0.06666666666666667,0.48333333333333334,0.0,0.0,0.0
20260701,Knapsack,5,77,0.8405350071099228,0.7542157559591233,0.7542157559591233,0.8405350071099228,0.8511065532551008,0.7542157559591233,1,0,0,0,0.5166666666666667,0.65,0.8,0.0,0.0,0.0,0.0,0.0,0.0,0.5833333333333334,0.7333333333333333,0.9166666666666666,0.5166666666666667,0.6333333333333333,0.7666666666666667,0.38333333333333336,0.7166666666666667,0.8833333333333333,0.5166666666666667,0.65,0.8,0.0,0.0,0.0
20260701,Knapsack,3,265,0.896613543919598,0.8496578088055318,0.8496578088055318,0.921496892950995,0.921496892950995,0.8496578088055318,0,0,0,0,0.16666666666666666,0.31666666666666665,0.5,0.0,0.0,0.0,0.0,0.0,0.0,0.4666666666666667,0.4,0.65,0.0,0.11666666666666667,0.4,0.85,0.9333333333333333,0.9833333333333333,0.16666666666666666,0.31666666666666665,0.5,0.0,0.0,0.0
20260701,Knapsack,3,182,0.8681996512106813,0.8437621983739433,0.8437621983739433,0.8681996512106813,0.8681996512106813,0.8437621983739433,1,1,0,0,0.26666666666666666,0.48333333333333334,0.7,0.0,0.0,0.0,0.0,0.0,0.0,0.26666666666666666,0.48333333333333334,0.7,0.26666666666666666,0.48333333333333334,0.7,0.7166666666666667,0.9333333333333333,1.0,0.26666666666666666,0.48333333333333334,0.7,0.0,0.0,0.0
20260701,Knapsack,4,64,0.8887299618713779,0.7766249345089712,0.7766249345089712,0.8887299618713779,0.8887299618713779,0.7766249345089712,1,1,0,0,0.0,0.0,0.016666666666666666,0.0,0.0,0.0,0.0,0.0,0.0,0.0,0.0,0.016666666666666666,0.0,0.0,0.016666666666666666,0.23333333333333334,0.5333333333333333,0.8333333333333334,0.0,0.0,0.016666666666666666,0.0,0.0,0.0
20260701,Knapsack,3,76,0.8863237385401381,0.7917761336793665,0.7917761336793665,0.8863237385401381,0.8863237385401381,0.7917761336793665,1,1,0,0,0.3,0.65,0.9,0.0,0.0,0.0,0.0,0.0,0.0,0.3,0.65,0.9,0.3,0.65,0.9,0.26666666666666666,0.6833333333333333,0.8666666666666667,0.3,0.65,0.9,0.0,0.0,0.0
20260701,Knapsack,5,117,0.7997267048840563,0.758766515260939,0.758766515260939,0.7997267048840563,0.7997267048840563,0.758766515260939,1,1,0,0,0.4666666666666667,0.5333333333333333,0.6666666666666666,0.0,0.0,0.0,0.0,0.0,0.0,0.4666666666666667,0.5333333333333333,0.6666666666666666,0.4666666666666667,0.5333333333333333,0.6666666666666666,0.18333333333333332,0.6166666666666667,0.9166666666666666,0.4666666666666667,0.5333333333333333,0.6666666666666666,0.0,0.0,0.0
20260701,Knapsack,5,236,0.7501349844426298,0.7317252191482388,0.7317252191482388,0.7501349844426298,0.7501349844426298,0.7317252191482388,1,1,0,0,0.0,0.21666666666666667,0.7666666666666667,0.0,0.0,0.0,0.0,0.0,0.0,0.0,0.2,0.7666666666666667,0.0,0.2,0.75,0.6833333333333333,0.75,0.9333333333333333,0.0,0.21666666666666667,0.7666666666666667,0.0,0.0,0.0
20260701,Knapsack,3,190,0.932827419002539,0.859450271691983,0.859450271691983,0.932827419002539,0.932827419002539,0.859450271691983,1,1,0,0,0.0,0.08333333333333333,0.1,0.0,0.0,0.0,0.0,0.0,0.0,0.0,0.08333333333333333,0.11666666666666667,0.0,0.08333333333333333,0.1,0.31666666666666665,0.8166666666666667,0.9666666666666667,0.0,0.08333333333333333,0.1,0.0,0.0,0.0
20260701,Knapsack,3,160,0.907162961706616,0.840217943037312,0.840217943037312,0.907162961706616,0.907162961706616,0.840217943037312,1,1,0,0,0.0,0.23333333333333334,0.4166666666666667,0.0,0.0,0.0,0.0,0.0,0.0,0.0,0.23333333333333334,0.4166666666666667,0.0,0.23333333333333334,0.4166666666666667,0.5333333333333333,0.8666666666666667,0.9,0.0,0.23333333333333334,0.4166666666666667,0.0,0.0,0.0
20260701,Knapsack,5,115,0.7788588064157981,0.7445568408563514,0.7445568408563514,0.7788588064157981,0.7788588064157981,0.7445568408563514,1,1,0,0,0.0,0.016666666666666666,0.25,0.0,0.0,0.0,0.0,0.0,0.0,0.0,0.0,0.21666666666666667,0.0,0.016666666666666666,0.25,0.13333333333333333,0.6166666666666667,0.9333333333333333,0.0,0.016666666666666666,0.25,0.0,0.0,0.0
20260701,Knapsack,5,197,0.8078185459990114,0.7776350115281602,0.7776350115281602,0.8078185459990114,0.8078185459990114,0.7776350115281602,1,1,0,0,0.35,0.4666666666666667,0.48333333333333334,0.0,0.0,0.0,0.0,0.0,0.0,0.35,0.4666666666666667,0.48333333333333334,0.35,0.4666666666666667,0.48333333333333334,0.43333333333333335,0.8,0.9666666666666667,0.35,0.4666666666666667,0.48333333333333334,0.0,0.0,0.0
20260701,Knapsack,3,215,0.8923776665246359,0.8516988064607719,0.8516988064607719,0.8923776665246359,0.8923776665246359,0.8516988064607719,1,1,0,0,0.016666666666666666,0.11666666666666667,0.5166666666666667,0.0,0.0,0.0,0.0,0.0,0.0,0.016666666666666666,0.11666666666666667,0.5166666666666667,0.016666666666666666,0.11666666666666667,0.5166666666666667,0.6833333333333333,0.9,0.95,0.016666666666666666,0.11666666666666667,0.5166666666666667,0.0,0.0,0.0
20260701,Knapsack,3,77,0.8717535848844518,0.8415106014658801,0.8429548602609125,0.8717535848844518,0.8717535848844518,0.8429548602609125,1,1,0,0,0.16666666666666666,0.45,0.55,0.0,0.0,0.0,0.0,0.0,0.0,0.16666666666666666,0.45,0.55,0.16666666666666666,0.45,0.55,0.4666666666666667,0.7,0.9,0.16666666666666666,0.45,0.55,0.0,0.0,0.0
20260701,Knapsack,3,296,0.9051674655325737,0.8442552652839673,0.843096655222663,0.9131931037004486,0.9051674655325737,0.843096655222663,0,1,0,0,0.55,0.38333333333333336,0.8333333333333334,0.0,0.0,0.0,0.0,0.0,0.0,0.36666666666666664,0.6166666666666667,0.6666666666666666,0.55,0.38333333333333336,0.8333333333333334,0.8666666666666667,0.95,1.0,0.55,0.38333333333333336,0.8333333333333334,0.0,0.0,0.0
20260701,Knapsack,5,86,0.8025203388649443,0.7190678546139812,0.7190678546139812,0.8025203388649443,0.8025203388649443,0.7190678546139812,1,1,0,0,0.06666666666666667,0.3333333333333333,0.6166666666666667,0.0,0.0,0.0,0.0,0.0,0.0,0.06666666666666667,0.3333333333333333,0.6166666666666667,0.06666666666666667,0.3333333333333333,0.6166666666666667,0.4666666666666667,0.6,0.8833333333333333,0.06666666666666667,0.3333333333333333,0.6166666666666667,0.0,0.0,0.0
20260701,Knapsack,3,88,0.8679931671197595,0.8428529314508088,0.8428529314508088,0.8679931671197595,0.8679931671197595,0.8428529314508088,1,1,0,0,0.5666666666666667,0.48333333333333334,0.4666666666666667,0.0,0.0,0.0,0.0,0.0,0.0,0.5666666666666667,0.48333333333333334,0.4666666666666667,0.5666666666666667,0.48333333333333334,0.4666666666666667,0.35,0.65,0.9833333333333333,0.5666666666666667,0.48333333333333334,0.4666666666666667,0.0,0.0,0.0
20260701,Knapsack,4,94,0.8008506366586589,0.760721837536273,0.760721837536273,0.8008506366586589,0.8008506366586589,0.760721837536273,1,1,0,0,0.03333333333333333,0.18333333333333332,0.3,0.0,0.0,0.0,0.0,0.0,0.0,0.03333333333333333,0.18333333333333332,0.3,0.03333333333333333,0.18333333333333332,0.3,0.0,0.3,0.9,0.03333333333333333,0.18333333333333332,0.3,0.0,0.0,0.0
20260701,Knapsack,5,186,0.8169617681832706,0.7595470872338288,0.7595470872338288,0.8169617681832706,0.8169617681832706,0.7595470872338288,1,1,0,0,0.016666666666666666,0.18333333333333332,0.5,0.0,0.0,0.0,0.0,0.0,0.0,0.016666666666666666,0.18333333333333332,0.5,0.016666666666666666,0.18333333333333332,0.5,0.05,0.55,0.8833333333333333,0.016666666666666666,0.18333333333333332,0.5,0.0,0.0,0.0
20260701,Knapsack,3,114,0.923901078323743,0.8270081856512194,0.8270081856512194,0.923901078323743,0.923901078323743,0.8270081856512194,1,1,0,0,0.016666666666666666,0.2833333333333333,0.4166666666666667,0.0,0.0,0.0,0.0,0.0,0.0,0.016666666666666666,0.2833333333333333,0.4166666666666667,0.016666666666666666,0.2833333333333333,0.4166666666666667,0.31666666666666665,0.6666666666666666,0.8833333333333333,0.016666666666666666,0.2833333333333333,0.4166666666666667,0.0,0.0,0.0
20260701,Knapsack,4,73,0.870711388897082,0.7803996430199549,0.7803996430199549,0.870711388897082,0.870711388897082,0.7803996430199549,1,1,0,0,0.3333333333333333,0.4666666666666667,0.6833333333333333,0.0,0.0,0.0,0.0,0.0,0.0,0.3333333333333333,0.4666666666666667,0.6833333333333333,0.3333333333333333,0.4666666666666667,0.6833333333333333,0.26666666666666666,0.4,0.7,0.3333333333333333,0.4666666666666667,0.6833333333333333,0.0,0.0,0.0
20260701,Knapsack,5,151,0.8241699539074954,0.7542474438062833,0.7542474438062833,0.8241699539074954,0.8241699539074954,0.7542474438062833,1,1,0,0,0.2833333333333333,0.3333333333333333,0.43333333333333335,0.0,0.0,0.0,0.0,0.0,0.0,0.2833333333333333,0.3333333333333333,0.43333333333333335,0.2833333333333333,0.3333333333333333,0.43333333333333335,0.7,0.85,0.9166666666666666,0.2833333333333333,0.3333333333333333,0.43333333333333335,0.0,0.0,0.0
20260701,Knapsack,5,287,0.837179659652138,0.7446467310889681,0.7446467310889681,0.837179659652138,0.837179659652138,0.7446467310889681,1,1,0,0,0.0,0.08333333333333333,0.3,0.0,0.0,0.0,0.0,0.0,0.0,0.0,0.08333333333333333,0.3,0.0,0.08333333333333333,0.3,0.5,0.7666666666666667,0.9833333333333333,0.0,0.08333333333333333,0.3,0.0,0.0,0.0
20260701,Knapsack,5,178,0.8043700296046389,0.7452140323028348,0.7452140323028348,0.8043700296046389,0.8043700296046389,0.7452140323028348,1,1,0,0,0.4,0.6333333333333333,0.8333333333333334,0.0,0.0,0.0,0.0,0.0,0.0,0.4,0.6333333333333333,0.8333333333333334,0.4,0.6333333333333333,0.8333333333333334,0.5,0.65,0.9333333333333333,0.4,0.6333333333333333,0.8333333333333334,0.0,0.0,0.0
20260701,Knapsack,4,237,0.8131128896627549,0.7665235423753519,0.7665235423753519,0.8131128896627549,0.8131128896627549,0.7665235423753519,1,1,0,0,0.43333333333333335,0.65,0.75,0.0,0.0,0.0,0.0,0.0,0.0,0.43333333333333335,0.65,0.75,0.43333333333333335,0.65,0.75,0.45,0.8333333333333334,0.9833333333333333,0.43333333333333335,0.65,0.75,0.0,0.0,0.0
20260701,Knapsack,3,115,0.9003592292261786,0.8494070658456506,0.8494070658456506,0.9003592292261786,0.9003592292261786,0.8494070658456506,1,1,0,0,0.16666666666666666,0.3333333333333333,0.5666666666666667,0.0,0.0,0.0,0.0,0.0,0.0,0.16666666666666666,0.3333333333333333,0.5666666666666667,0.16666666666666666,0.3333333333333333,0.5666666666666667,0.5666666666666667,0.8,0.9333333333333333,0.16666666666666666,0.3333333333333333,0.5666666666666667,0.0,0.0,0.0
20260701,Knapsack,5,242,0.7780198755039367,0.7408003496637062,0.7408003496637062,0.7780198755039367,0.7780198755039367,0.7408003496637062,1,1,0,0,0.0,0.05,0.25,0.0,0.0,0.0,0.0,0.0,0.0,0.0,0.05,0.25,0.0,0.05,0.25,0.18333333333333332,0.65,0.9166666666666666,0.0,0.05,0.25,0.0,0.0,0.0
20260701,Knapsack,3,125,0.9248498877517634,0.8313431507167527,0.8313431507167527,0.9248498877517634,0.9248498877517634,0.8313431507167527,1,1,0,0,0.4666666666666667,0.6833333333333333,0.6166666666666667,0.0,0.0,0.0,0.0,0.0,0.0,0.4666666666666667,0.6833333333333333,0.6166666666666667,0.4666666666666667,0.6833333333333333,0.6166666666666667,0.4666666666666667,0.8166666666666667,0.9,0.4666666666666667,0.6833333333333333,0.6166666666666667,0.0,0.0,0.0
20260701,Knapsack,3,206,0.9551933767687447,0.867732092245245,0.867732092245245,0.9551933767687447,0.9551933767687447,0.867732092245245,1,1,0,0,0.3333333333333333,0.4666666666666667,0.48333333333333334,0.0,0.0,0.0,0.0,0.0,0.0,0.3333333333333333,0.4666666666666667,0.48333333333333334,0.3333333333333333,0.4666666666666667,0.5,0.6,0.8,0.9833333333333333,0.3333333333333333,0.4666666666666667,0.48333333333333334,0.0,0.0,0.0
20260701,Knapsack,3,276,0.8987815828217253,0.8473641725947111,0.8473641725947111,0.8987815828217253,0.8987815828217253,0.8473641725947111,1,1,0,0,0.0,0.16666666666666666,0.4166666666666667,0.0,0.0,0.0,0.0,0.0,0.0,0.0,0.16666666666666666,0.4166666666666667,0.0,0.18333333333333332,0.4166666666666667,0.7833333333333333,0.95,1.0,0.0,0.16666666666666666,0.4166666666666667,0.0,0.0,0.0
20260701,Knapsack,5,226,0.7680198890172842,0.7509377230725701,0.7509377230725701,0.7680198890172842,0.7680198890172842,0.7509377230725701,1,1,0,0,0.03333333333333333,0.38333333333333336,0.5166666666666667,0.0,0.0,0.0,0.0,0.0,0.0,0.03333333333333333,0.38333333333333336,0.5166666666666667,0.03333333333333333,0.38333333333333336,0.5166666666666667,0.7166666666666667,0.8333333333333334,0.9,0.03333333333333333,0.38333333333333336,0.5166666666666667,0.0,0.0,0.0
20260701,Knapsack,3,185,0.9573144954567162,0.8464340228293492,0.8464340228293492,0.9573144954567162,0.9573144954567162,0.8464340228293492,1,1,0,0,0.5,0.5666666666666667,0.6833333333333333,0.0,0.0,0.0,0.0,0.0,0.0,0.5,0.5666666666666667,0.6833333333333333,0.5,0.5666666666666667,0.6833333333333333,0.7333333333333333,0.9166666666666666,0.9666666666666667,0.5,0.5666666666666667,0.6833333333333333,0.0,0.0,0.0
20260701,Knapsack,4,218,0.8865212238387891,0.7754206040882191,0.7754206040882191,0.8865212238387891,0.8865212238387891,0.7754206040882191,1,1,0,0,0.0,0.18333333333333332,0.31666666666666665,0.0,0.0,0.0,0.0,0.0,0.0,0.0,0.18333333333333332,0.26666666666666666,0.0,0.15,0.26666666666666666,0.4666666666666667,0.7833333333333333,0.9,0.0,0.18333333333333332,0.31666666666666665,0.0,0.0,0.0
20260701,Knapsack,4,280,0.825876767090808,0.7852169075871255,0.7852169075871255,0.825876767090808,0.825876767090808,0.7852169075871255,1,1,0,0,0.31666666666666665,0.5833333333333334,0.7166666666666667,0.0,0.0,0.0,0.0,0.0,0.0,0.31666666666666665,0.5833333333333334,0.7166666666666667,0.31666666666666665,0.5833333333333334,0.7166666666666667,0.4166666666666667,0.9,0.9666666666666667,0.31666666666666665,0.5833333333333334,0.7166666666666667,0.0,0.0,0.0
20260701,Knapsack,5,213,0.8149208247383053,0.7480770689072948,0.7480770689072948,0.8155836769181537,0.8155836769181537,0.7480770689072948,0,0,0,0,0.6833333333333333,0.7833333333333333,0.7833333333333333,0.0,0.0,0.0,0.0,0.0,0.0,0.8333333333333334,0.9,0.8833333333333333,0.85,0.8666666666666667,0.9166666666666666,0.6333333333333333,0.7,0.8666666666666667,0.6833333333333333,0.7833333333333333,0.7833333333333333,0.0,0.0,0.0
20260701,Knapsack,5,132,0.7747600720932204,0.7422346069294806,0.7422346069294806,0.7747600720932204,0.7747600720932204,0.7422346069294806,1,1,0,0,0.23333333333333334,0.26666666666666666,0.38333333333333336,0.0,0.0,0.0,0.0,0.0,0.0,0.23333333333333334,0.26666666666666666,0.38333333333333336,0.23333333333333334,0.26666666666666666,0.38333333333333336,0.6,0.7666666666666667,0.95,0.23333333333333334,0.26666666666666666,0.38333333333333336,0.0,0.0,0.0
20260701,Knapsack,3,116,0.86941320263801,0.8109112889904437,0.8109112889904437,0.86941320263801,0.86941320263801,0.8109112889904437,1,1,0,0,0.11666666666666667,0.2,0.5666666666666667,0.0,0.0,0.0,0.0,0.0,0.0,0.11666666666666667,0.2,0.5666666666666667,0.11666666666666667,0.2,0.5666666666666667,0.65,0.7333333333333333,0.9333333333333333,0.11666666666666667,0.2,0.5666666666666667,0.0,0.0,0.0
20260701,Knapsack,4,128,0.8064000975811761,0.761804284920601,0.761804284920601,0.8064000975811761,0.8064000975811761,0.761804284920601,1,1,0,0,0.0,0.25,0.6166666666666667,0.0,0.0,0.0,0.0,0.0,0.0,0.0,0.25,0.6166666666666667,0.0,0.25,0.6166666666666667,0.6,0.75,0.9333333333333333,0.0,0.25,0.6166666666666667,0.0,0.0,0.0
20260701,Knapsack,3,269,0.9465212847373213,0.8451047294951518,0.8451047294951518,0.9465212847373213,0.9465212847373213,0.8451047294951518,1,1,0,0,0.31666666666666665,0.4166666666666667,0.8166666666666667,0.0,0.0,0.0,0.0,0.0,0.0,0.31666666666666665,0.4166666666666667,0.8166666666666667,0.31666666666666665,0.4166666666666667,0.8166666666666667,0.4666666666666667,0.8333333333333334,0.95,0.31666666666666665,0.4166666666666667,0.8166666666666667,0.0,0.0,0.0
20260701,Knapsack,4,202,0.828312376483972,0.7732644524438366,0.7732644524438366,0.828312376483972,0.828312376483972,0.7732644524438366,1,1,0,0,0.0,0.11666666666666667,0.35,0.0,0.0,0.0,0.0,0.0,0.0,0.0,0.1,0.36666666666666664,0.0,0.1,0.3333333333333333,0.6333333333333333,0.7833333333333333,0.9,0.0,0.11666666666666667,0.35,0.0,0.0,0.0
20260701,Knapsack,5,178,0.7723516538120863,0.7332319596079402,0.7332319596079402,0.7723516538120863,0.7723516538120863,0.7332319596079402,1,1,0,0,0.3333333333333333,0.55,0.8333333333333334,0.0,0.0,0.0,0.0,0.0,0.0,0.3333333333333333,0.55,0.8333333333333334,0.3333333333333333,0.55,0.8333333333333334,0.23333333333333334,0.55,0.95,0.3333333333333333,0.55,0.8333333333333334,0.0,0.0,0.0
20260701,Knapsack,5,283,0.7805233795539224,0.7423140055334813,0.7423140055334813,0.7805233795539224,0.7805233795539224,0.7423140055334813,1,1,0,0,0.2,0.5333333333333333,0.8,0.0,0.0,0.0,0.0,0.0,0.0,0.08333333333333333,0.6,0.8833333333333333,0.2,0.5333333333333333,0.8,0.48333333333333334,0.9,0.9833333333333333,0.2,0.5333333333333333,0.8,0.0,0.0,0.0
20260701,Knapsack,4,234,0.8595863357774014,0.7880113409757488,0.7880113409757488,0.8595863357774014,0.8595863357774014,0.7880113409757488,1,1,0,0,0.0,0.016666666666666666,0.16666666666666666,0.0,0.0,0.0,0.0,0.0,0.0,0.0,0.016666666666666666,0.16666666666666666,0.0,0.016666666666666666,0.16666666666666666,0.43333333333333335,0.8333333333333334,0.9833333333333333,0.0,0.016666666666666666,0.16666666666666666,0.0,0.0,0.0
20260701,Knapsack,5,231,0.8225089934200026,0.7542827874780921,0.7542827874780921,0.8225089934200026,0.8225089934200026,0.7542827874780921,1,1,0,0,0.0,0.016666666666666666,0.3333333333333333,0.0,0.0,0.0,0.0,0.0,0.0,0.0,0.016666666666666666,0.3333333333333333,0.0,0.016666666666666666,0.3333333333333333,0.5666666666666667,0.8833333333333333,0.9833333333333333,0.0,0.016666666666666666,0.3333333333333333,0.0,0.0,0.0
20260701,Knapsack,5,148,0.8358232415933664,0.7523038030777397,0.7523038030777397,0.8358232415933664,0.8358232415933664,0.7523038030777397,1,1,0,0,0.0,0.1,0.38333333333333336,0.0,0.0,0.0,0.0,0.0,0.0,0.0,0.1,0.38333333333333336,0.0,0.1,0.38333333333333336,0.6333333333333333,0.95,0.9166666666666666,0.0,0.1,0.38333333333333336,0.0,0.0,0.0
20260701,Knapsack,4,196,0.8259331703556926,0.7753999484099755,0.7964120184767964,0.8259331703556926,0.8259331703556926,0.7964120184767964,1,1,0,0,0.0,0.15,0.36666666666666664,0.0,0.0,0.0,0.0,0.0,0.0,0.0,0.15,0.36666666666666664,0.0,0.15,0.36666666666666664,0.8166666666666667,0.95,0.9666666666666667,0.0,0.15,0.36666666666666664,0.0,0.0,0.0
20260701,Knapsack,3,184,0.8859297041367455,0.8240255223618984,0.821516479496449,0.8973433972667373,0.876769639687962,0.821516479496449,0,0,0,0,0.65,0.7833333333333333,0.9666666666666667,0.0,0.0,0.0,0.0,0.0,0.0,0.6666666666666666,0.8833333333333333,0.9666666666666667,0.95,0.9666666666666667,0.9833333333333333,0.8833333333333333,0.9833333333333333,0.9833333333333333,0.65,0.7833333333333333,0.9666666666666667,0.0,0.0,0.0
20260701,Knapsack,3,127,0.894233202855796,0.8472608145041302,0.8472608145041302,0.894233202855796,0.894233202855796,0.8472608145041302,1,1,0,0,0.016666666666666666,0.13333333333333333,0.5333333333333333,0.0,0.0,0.0,0.0,0.0,0.0,0.016666666666666666,0.13333333333333333,0.5333333333333333,0.016666666666666666,0.13333333333333333,0.5333333333333333,0.43333333333333335,0.8333333333333334,0.9666666666666667,0.016666666666666666,0.13333333333333333,0.5333333333333333,0.0,0.0,0.0
20260701,Knapsack,3,176,0.9338738537019644,0.8533656065222629,0.8533656065222629,0.9338738537019644,0.9338738537019644,0.8533656065222629,1,1,0,0,0.11666666666666667,0.3,0.5833333333333334,0.0,0.0,0.0,0.0,0.0,0.0,0.11666666666666667,0.3,0.5833333333333334,0.11666666666666667,0.3,0.5833333333333334,0.7333333333333333,0.9666666666666667,0.9833333333333333,0.11666666666666667,0.3,0.5833333333333334,0.0,0.0,0.0
20260701,Knapsack,5,148,0.7644415058513876,0.755937888857834,0.755937888857834,0.7644415058513876,0.7644415058513876,0.755937888857834,1,1,0,0,0.0,0.08333333333333333,0.23333333333333334,0.0,0.0,0.0,0.0,0.0,0.0,0.0,0.08333333333333333,0.23333333333333334,0.0,0.08333333333333333,0.23333333333333334,0.65,0.8,0.9166666666666666,0.0,0.08333333333333333,0.23333333333333334,0.0,0.0,0.0
20260701,Knapsack,4,104,0.8173561093532089,0.7700705806816907,0.7700705806816907,0.8173561093532089,0.8173561093532089,0.7700705806816907,1,1,0,0,0.0,0.016666666666666666,0.3,0.0,0.0,0.0,0.0,0.0,0.0,0.0,0.016666666666666666,0.3,0.0,0.016666666666666666,0.3,0.5666666666666667,0.65,0.9166666666666666,0.0,0.016666666666666666,0.3,0.0,0.0,0.0
20260701,Knapsack,3,181,0.8745505911672349,0.8490137148509659,0.8490137148509659,0.8745505911672349,0.8745505911672349,0.8490137148509659,1,1,0,0,0.03333333333333333,0.23333333333333334,0.7333333333333333,0.0,0.0,0.0,0.0,0.0,0.0,0.03333333333333333,0.23333333333333334,0.7333333333333333,0.03333333333333333,0.23333333333333334,0.7333333333333333,0.7333333333333333,0.8333333333333334,1.0,0.03333333333333333,0.23333333333333334,0.7333333333333333,0.0,0.0,0.0
20260701,Knapsack,4,68,0.8470784288225114,0.7493478849439524,0.7627690867257234,0.8470784288225114,0.8470784288225114,0.7627690867257234,1,1,0,0,0.0,0.03333333333333333,0.21666666666666667,0.0,0.0,0.0,0.0,0.0,0.0,0.0,0.03333333333333333,0.21666666666666667,0.0,0.03333333333333333,0.21666666666666667,0.8166666666666667,0.8,0.9666666666666667,0.0,0.03333333333333333,0.21666666666666667,0.0,0.0,0.0
20260701,Job-shop,3,106,0.4915939440642471,0.5071392333381602,0.5071392333381602,0.4915939440642471,0.4915939440642471,0.5071392333381602,1,1,0,0,0.03333333333333333,0.13333333333333333,0.25,0.0,0.0,0.0,0.0,0.0,0.0,0.03333333333333333,0.13333333333333333,0.25,0.03333333333333333,0.13333333333333333,0.25,0.21666666666666667,0.5333333333333333,0.8833333333333333,0.03333333333333333,0.13333333333333333,0.25,0.0,0.0,0.0
20260701,Job-shop,4,264,0.48312715498623426,0.48312715498623426,0.48312715498623426,0.48312715498623426,0.48312715498623426,0.48312715498623426,1,1,0,0,0.03333333333333333,0.13333333333333333,0.38333333333333336,0.0,0.0,0.0,0.0,0.0,0.0,0.03333333333333333,0.13333333333333333,0.38333333333333336,0.03333333333333333,0.13333333333333333,0.4,0.05,0.36666666666666664,0.7,0.03333333333333333,0.13333333333333333,0.38333333333333336,0.0,0.0,0.0
20260701,Job-shop,4,144,0.5187285625245398,0.5159311863095624,0.512054504839563,0.512054504839563,0.5187285625245398,0.512054504839563,0,1,0,0,0.5666666666666667,0.7166666666666667,0.75,0.0,0.0,0.0,0.0,0.0,0.0,0.0,0.03333333333333333,0.15,0.21666666666666667,0.43333333333333335,0.5166666666666667,0.23333333333333334,0.5833333333333334,0.8333333333333334,0.5666666666666667,0.7166666666666667,0.75,0.0,0.0,0.0
20260701,Job-shop,4,214,0.4571385739313385,0.49104965046442417,0.49104965046442417,0.46529092840692626,0.46529092840692626,0.49104965046442417,0,0,0,0,0.35,0.5333333333333333,0.7833333333333333,0.0,0.0,0.0,0.0,0.0,0.0,0.65,0.65,0.8833333333333333,0.4,0.6166666666666667,0.85,0.3333333333333333,0.7,0.7833333333333333,0.35,0.5333333333333333,0.7833333333333333,0.0,0.0,0.0
20260701,Job-shop,5,119,0.4655699572413698,0.4803961761531569,0.4803961761531569,0.4655699572413698,0.4655699572413698,0.4803961761531569,1,1,0,0,0.2,0.13333333333333333,0.31666666666666665,0.0,0.0,0.0,0.0,0.0,0.0,0.2,0.13333333333333333,0.31666666666666665,0.2,0.13333333333333333,0.31666666666666665,0.5666666666666667,0.65,0.7,0.2,0.13333333333333333,0.31666666666666665,0.0,0.0,0.0
20260701,Job-shop,5,178,0.46990679371620997,0.4715325811441315,0.4715325811441315,0.46990679371620997,0.5060257417736082,0.4715325811441315,1,0,0,0,0.31666666666666665,0.6333333333333333,0.7333333333333333,0.0,0.0,0.0,0.0,0.0,0.0,0.23333333333333334,0.5833333333333334,0.75,0.6,0.8333333333333334,0.95,0.36666666666666664,0.5666666666666667,0.7666666666666667,0.31666666666666665,0.6333333333333333,0.7333333333333333,0.0,0.0,0.0
20260701,Job-shop,5,290,0.4569086950783146,0.4569086950783146,0.4569086950783146,0.4569086950783146,0.4569086950783146,0.4569086950783146,1,1,0,0,0.13333333333333333,0.43333333333333335,0.5166666666666667,0.0,0.0,0.0,0.0,0.0,0.0,0.13333333333333333,0.43333333333333335,0.5166666666666667,0.13333333333333333,0.43333333333333335,0.5166666666666667,0.23333333333333334,0.5166666666666667,0.7166666666666667,0.13333333333333333,0.43333333333333335,0.5166666666666667,0.0,0.0,0.0
20260701,Job-shop,5,69,0.45507413275642,0.45507413275642,0.45507413275642,0.45507413275642,0.45507413275642,0.45507413275642,1,1,0,0,0.0,0.0,0.0,0.0,0.0,0.0,0.0,0.0,0.0,0.0,0.0,0.0,0.0,0.0,0.0,0.05,0.3333333333333333,0.75,0.0,0.0,0.0,0.0,0.0,0.0
20260701,Job-shop,4,65,0.5204023220517269,0.5673087912072285,0.5673087912072285,0.5204023220517269,0.5204023220517269,0.5673087912072285,1,1,0,0,0.08333333333333333,0.2,0.4666666666666667,0.0,0.0,0.0,0.0,0.0,0.0,0.08333333333333333,0.2,0.4666666666666667,0.08333333333333333,0.2,0.4666666666666667,0.6666666666666666,0.6166666666666667,0.7666666666666667,0.08333333333333333,0.2,0.4666666666666667,0.0,0.0,0.0
20260701,Job-shop,3,108,0.5017093375482833,0.5315039159053853,0.5315039159053853,0.5017093375482833,0.5017093375482833,0.5315039159053853,1,1,0,0,0.21666666666666667,0.35,0.43333333333333335,0.0,0.0,0.0,0.0,0.0,0.0,0.21666666666666667,0.35,0.43333333333333335,0.21666666666666667,0.35,0.43333333333333335,0.11666666666666667,0.5666666666666667,0.8833333333333333,0.21666666666666667,0.35,0.43333333333333335,0.0,0.0,0.0
20260701,Job-shop,3,128,0.5086469406731239,0.5192192998693979,0.5192192998693979,0.5086469406731239,0.5086469406731239,0.5192192998693979,1,1,0,0,0.45,0.75,0.6833333333333333,0.0,0.0,0.0,0.0,0.0,0.0,0.2833333333333333,0.5666666666666667,0.6333333333333333,0.4666666666666667,0.75,0.6833333333333333,0.0,0.23333333333333334,0.5833333333333334,0.45,0.75,0.6833333333333333,0.0,0.0,0.0
20260701,Job-shop,5,243,0.46339812394937013,0.46339812394937013,0.46339812394937013,0.46339812394937013,0.46339812394937013,0.46339812394937013,1,1,0,0,0.8,0.8833333333333333,0.8,0.0,0.0,0.0,0.0,0.0,0.0,0.8,0.8833333333333333,0.8,0.8,0.8833333333333333,0.8,0.48333333333333334,0.6333333333333333,0.9166666666666666,0.8,0.8833333333333333,0.8,0.0,0.0,0.0
20260701,Job-shop,3,163,0.49679670159130396,0.49679670159130396,0.49679670159130396,0.49679670159130396,0.49679670159130396,0.49679670159130396,1,1,0,0,0.0,0.13333333333333333,0.31666666666666665,0.0,0.0,0.0,0.0,0.0,0.0,0.0,0.13333333333333333,0.31666666666666665,0.0,0.13333333333333333,0.31666666666666665,0.45,0.5166666666666667,0.85,0.0,0.13333333333333333,0.31666666666666665,0.0,0.0,0.0
20260701,Job-shop,4,104,0.5061490818227655,0.48489212332669596,0.48430908122277144,0.5061490818227655,0.5061490818227655,0.48430908122277144,1,1,0,0,0.4,0.55,0.6166666666666667,0.0,0.0,0.0,0.0,0.0,0.0,0.4,0.55,0.6166666666666667,0.4,0.55,0.6166666666666667,0.8,0.7833333333333333,0.8166666666666667,0.4,0.55,0.6166666666666667,0.0,0.0,0.0
20260701,Job-shop,3,183,0.509797313469988,0.5216617027146072,0.5216617027146072,0.509797313469988,0.509797313469988,0.5216617027146072,1,1,0,0,0.2833333333333333,0.48333333333333334,0.7666666666666667,0.0,0.0,0.0,0.0,0.0,0.0,0.2833333333333333,0.48333333333333334,0.7666666666666667,0.2833333333333333,0.48333333333333334,0.7666666666666667,0.55,0.7,0.8666666666666667,0.2833333333333333,0.48333333333333334,0.7666666666666667,0.0,0.0,0.0
20260701,Job-shop,4,159,0.48605379312813274,0.5029394639763372,0.5029394639763372,0.48605379312813274,0.48605379312813274,0.5029394639763372,1,1,0,0,0.2,0.45,0.55,0.0,0.0,0.0,0.0,0.0,0.0,0.2,0.45,0.55,0.2,0.45,0.55,0.6833333333333333,0.8333333333333334,0.9666666666666667,0.2,0.45,0.55,0.0,0.0,0.0
20260701,Job-shop,4,267,0.4778295851435852,0.4650504538627665,0.4650504538627665,0.4778295851435852,0.4778295851435852,0.4650504538627665,1,1,0,0,0.7833333333333333,0.8833333333333333,0.7333333333333333,0.0,0.0,0.0,0.0,0.0,0.0,0.7833333333333333,0.8833333333333333,0.7333333333333333,0.7833333333333333,0.8833333333333333,0.75,0.0,0.1,0.48333333333333334,0.7833333333333333,0.8833333333333333,0.7333333333333333,0.0,0.0,0.0
20260701,Job-shop,4,283,0.47660367096101197,0.48321430030128326,0.48321430030128326,0.4917074522574457,0.4917074522574457,0.48321430030128326,0,0,0,0,0.55,0.6333333333333333,0.8,0.0,0.0,0.0,0.0,0.0,0.0,0.18333333333333332,0.6333333333333333,0.7166666666666667,0.18333333333333332,0.48333333333333334,0.6,0.3,0.6166666666666667,0.7666666666666667,0.55,0.6333333333333333,0.8,0.0,0.0,0.0
20260701,Job-shop,4,235,0.49462046953874733,0.49021793723872636,0.49021793723872636,0.49462046953874733,0.49462046953874733,0.49021793723872636,1,1,0,0,0.23333333333333334,0.38333333333333336,0.6833333333333333,0.0,0.0,0.0,0.0,0.0,0.0,0.23333333333333334,0.38333333333333336,0.6833333333333333,0.23333333333333334,0.38333333333333336,0.6833333333333333,0.3,0.65,0.8333333333333334,0.23333333333333334,0.38333333333333336,0.6833333333333333,0.0,0.0,0.0
20260701,Job-shop,5,96,0.4926938306602951,0.5079564705908705,0.5079564705908705,0.4926938306602951,0.4926938306602951,0.5079564705908705,1,1,0,0,0.0,0.05,0.2833333333333333,0.0,0.0,0.0,0.0,0.0,0.0,0.0,0.05,0.2833333333333333,0.0,0.05,0.2833333333333333,0.03333333333333333,0.06666666666666667,0.6166666666666667,0.0,0.05,0.2833333333333333,0.0,0.0,0.0
20260701,Job-shop,4,63,0.5087798342508463,0.5075628397551204,0.5075628397551204,0.5087798342508463,0.5087798342508463,0.5075628397551204,1,1,0,0,0.4666666666666667,0.5166666666666667,0.65,0.0,0.0,0.0,0.0,0.0,0.0,0.4666666666666667,0.5166666666666667,0.65,0.4666666666666667,0.5166666666666667,0.65,0.38333333333333336,0.43333333333333335,0.75,0.4666666666666667,0.5166666666666667,0.65,0.0,0.0,0.0
20260701,Job-shop,4,253,0.5062875235690439,0.5062875235690439,0.5062875235690439,0.5062875235690439,0.5062875235690439,0.5062875235690439,1,1,0,0,0.5666666666666667,0.7666666666666667,0.7666666666666667,0.0,0.0,0.0,0.0,0.0,0.0,0.5666666666666667,0.7666666666666667,0.7666666666666667,0.5666666666666667,0.7666666666666667,0.7666666666666667,0.2,0.38333333333333336,0.8166666666666667,0.5666666666666667,0.7666666666666667,0.7666666666666667,0.0,0.0,0.0
20260701,Job-shop,4,126,0.47903262520027295,0.488721139938878,0.488721139938878,0.47903262520027295,0.47903262520027295,0.488721139938878,1,1,0,0,0.38333333333333336,0.6666666666666666,0.6666666666666666,0.0,0.0,0.0,0.0,0.0,0.0,0.38333333333333336,0.6666666666666666,0.7,0.38333333333333336,0.7,0.7833333333333333,0.45,0.65,0.7833333333333333,0.38333333333333336,0.6666666666666666,0.6666666666666666,0.0,0.0,0.0
20260701,Job-shop,5,297,0.481312053568118,0.4783144209152962,0.4783144209152962,0.481312053568118,0.481312053568118,0.4783144209152962,1,1,0,0,0.9333333333333333,0.8666666666666667,0.8666666666666667,0.0,0.0,0.0,0.0,0.0,0.0,0.9333333333333333,0.8666666666666667,0.8666666666666667,0.9333333333333333,0.8666666666666667,0.8666666666666667,0.21666666666666667,0.43333333333333335,0.8333333333333334,0.9333333333333333,0.8666666666666667,0.8666666666666667,0.0,0.0,0.0
20260701,Job-shop,5,72,0.5092067335798416,0.5093406556306094,0.5019289471983494,0.5092067335798416,0.5092067335798416,0.5019289471983494,1,1,0,0,0.23333333333333334,0.45,0.65,0.0,0.0,0.0,0.0,0.0,0.0,0.21666666666666667,0.43333333333333335,0.6333333333333333,0.21666666666666667,0.4166666666666667,0.5166666666666667,0.05,0.45,0.75,0.23333333333333334,0.45,0.65,0.0,0.0,0.0
20260701,Job-shop,5,150,0.48689002037928714,0.4618844979210361,0.4618844979210361,0.48689002037928714,0.48689002037928714,0.4618844979210361,1,1,0,0,0.11666666666666667,0.2833333333333333,0.43333333333333335,0.0,0.0,0.0,0.0,0.0,0.0,0.11666666666666667,0.2833333333333333,0.43333333333333335,0.11666666666666667,0.2833333333333333,0.43333333333333335,0.0,0.016666666666666666,0.45,0.11666666666666667,0.2833333333333333,0.43333333333333335,0.0,0.0,0.0
20260701,Job-shop,5,216,0.4507958676334218,0.4507958676334218,0.4507958676334218,0.4507958676334218,0.4507958676334218,0.4507958676334218,1,1,0,0,0.08333333333333333,0.26666666666666666,0.48333333333333334,0.0,0.0,0.0,0.0,0.0,0.0,0.08333333333333333,0.26666666666666666,0.48333333333333334,0.08333333333333333,0.26666666666666666,0.48333333333333334,0.2,0.36666666666666664,0.5833333333333334,0.08333333333333333,0.26666666666666666,0.48333333333333334,0.0,0.0,0.0
20260701,Job-shop,4,111,0.5216463688926927,0.5216463688926927,0.5216463688926927,0.5216463688926927,0.5216463688926927,0.5216463688926927,1,1,0,0,0.16666666666666666,0.5,0.7666666666666667,0.0,0.0,0.0,0.0,0.0,0.0,0.16666666666666666,0.5,0.7666666666666667,0.16666666666666666,0.5,0.7666666666666667,0.03333333333333333,0.4,0.7333333333333333,0.16666666666666666,0.5,0.7666666666666667,0.0,0.0,0.0
20260701,Job-shop,3,103,0.5128469096267586,0.5128469096267586,0.5128469096267586,0.5128469096267586,0.5128469096267586,0.5128469096267586,1,1,0,0,0.5166666666666667,0.7166666666666667,0.65,0.0,0.0,0.0,0.0,0.0,0.0,0.5166666666666667,0.7166666666666667,0.65,0.5166666666666667,0.7166666666666667,0.6333333333333333,0.16666666666666666,0.5166666666666667,0.6333333333333333,0.5166666666666667,0.7166666666666667,0.65,0.0,0.0,0.0
20260701,Job-shop,3,278,0.49357798935140595,0.5171187013945918,0.49357798935140595,0.49357798935140595,0.49357798935140595,0.49357798935140595,1,1,0,0,0.016666666666666666,0.23333333333333334,0.38333333333333336,0.0,0.0,0.0,0.0,0.0,0.0,0.016666666666666666,0.2,0.3333333333333333,0.016666666666666666,0.23333333333333334,0.38333333333333336,0.8333333333333334,0.85,0.9166666666666666,0.016666666666666666,0.23333333333333334,0.38333333333333336,0.0,0.0,0.0
20260701,Job-shop,4,243,0.4832691790795945,0.4844893902879443,0.4844893902879443,0.4832691790795945,0.4934809193927258,0.4844893902879443,1,0,0,0,0.2833333333333333,0.5666666666666667,0.7,0.0,0.0,0.0,0.0,0.0,0.0,0.2833333333333333,0.55,0.7,0.5833333333333334,0.8,0.9,0.05,0.4166666666666667,0.8666666666666667,0.2833333333333333,0.5666666666666667,0.7,0.0,0.0,0.0
20260701,Job-shop,3,239,0.5094394898468616,0.5223080154945217,0.5221147108502329,0.5094394898468616,0.5094394898468616,0.5221147108502329,1,1,0,0,0.2833333333333333,0.45,0.75,0.0,0.0,0.0,0.0,0.0,0.0,0.2833333333333333,0.45,0.75,0.2833333333333333,0.45,0.75,0.6833333333333333,0.7166666666666667,0.8833333333333333,0.2833333333333333,0.45,0.75,0.0,0.0,0.0
20260701,Job-shop,4,160,0.5115947101099214,0.5115947101099214,0.5115947101099214,0.5115947101099214,0.5346091593315961,0.5115947101099214,1,0,0,0,0.0,0.016666666666666666,0.16666666666666666,0.0,0.0,0.0,0.0,0.0,0.0,0.016666666666666666,0.1,0.31666666666666665,0.55,0.5166666666666667,0.6,0.38333333333333336,0.55,0.65,0.0,0.016666666666666666,0.16666666666666666,0.0,0.0,0.0
20260701,Job-shop,3,275,0.501224587868545,0.5181731277435576,0.5181731277435576,0.501224587868545,0.501224587868545,0.5181731277435576,1,1,0,1,0.0,0.1,0.31666666666666665,0.0,0.0,0.0,0.0,0.0,0.0,0.0,0.1,0.31666666666666665,0.0,0.1,0.31666666666666665,0.6333333333333333,0.8666666666666667,0.9333333333333333,0.0,0.1,0.31666666666666665,0.0,0.0,0.0
20260701,Job-shop,5,97,0.5257595564995948,0.5257595564995948,0.5257595564995948,0.5257595564995948,0.5257595564995948,0.5257595564995948,1,1,0,0,0.03333333333333333,0.4166666666666667,0.6666666666666666,0.0,0.0,0.0,0.0,0.0,0.0,0.016666666666666666,0.4,0.6666666666666666,0.18333333333333332,0.5166666666666667,0.6833333333333333,0.48333333333333334,0.7,0.8166666666666667,0.03333333333333333,0.4166666666666667,0.6666666666666666,0.0,0.0,0.0
20260701,Job-shop,3,184,0.5274014461145977,0.5285321386730498,0.5285321386730498,0.5274014461145977,0.5274014461145977,0.5285321386730498,1,1,0,0,0.13333333333333333,0.7166666666666667,0.7,0.0,0.0,0.0,0.0,0.0,0.0,0.13333333333333333,0.7166666666666667,0.7,0.13333333333333333,0.7166666666666667,0.7,0.3,0.5333333333333333,0.8166666666666667,0.13333333333333333,0.7166666666666667,0.7,0.0,0.0,0.0
20260701,Job-shop,3,162,0.4929828903378841,0.5039432053565647,0.5039432053565647,0.4929828903378841,0.4929828903378841,0.5039432053565647,1,1,0,0,0.11666666666666667,0.26666666666666666,0.5333333333333333,0.0,0.0,0.0,0.0,0.0,0.0,0.11666666666666667,0.26666666666666666,0.5333333333333333,0.11666666666666667,0.26666666666666666,0.5333333333333333,0.5,0.85,0.9333333333333333,0.11666666666666667,0.26666666666666666,0.5333333333333333,0.0,0.0,0.0
20260701,Job-shop,3,117,0.51164854044136,0.5326777277295266,0.5326777277295266,0.51164854044136,0.51164854044136,0.5326777277295266,1,1,0,0,0.16666666666666666,0.13333333333333333,0.3,0.0,0.0,0.0,0.0,0.0,0.0,0.16666666666666666,0.13333333333333333,0.3,0.16666666666666666,0.13333333333333333,0.3,0.43333333333333335,0.6,0.8666666666666667,0.16666666666666666,0.13333333333333333,0.3,0.0,0.0,0.0
20260701,Job-shop,4,225,0.49374985837127855,0.503787334791879,0.4922553362055438,0.49374985837127855,0.49374985837127855,0.4922553362055438,1,1,0,0,0.7,0.8166666666666667,0.9,0.0,0.0,0.0,0.0,0.0,0.0,0.6833333333333333,0.7833333333333333,0.9,0.7,0.8166666666666667,0.9,0.38333333333333336,0.6666666666666666,0.7833333333333333,0.7,0.8166666666666667,0.9,0.0,0.0,0.0
20260701,Job-shop,5,268,0.5369205560672992,0.4900493255247695,0.4900493255247695,0.5369205560672992,0.5369205560672992,0.4900493255247695,1,1,0,0,0.4166666666666667,0.6833333333333333,0.8,0.0,0.0,0.0,0.0,0.0,0.0,0.21666666666666667,0.4666666666666667,0.6833333333333333,0.21666666666666667,0.43333333333333335,0.5833333333333334,0.016666666666666666,0.3333333333333333,0.7833333333333333,0.4166666666666667,0.6833333333333333,0.8,0.0,0.0,0.0
20260701,Job-shop,3,64,0.5146105594541763,0.5120139321190177,0.5120139321190177,0.5146105594541763,0.5146105594541763,0.5120139321190177,1,1,0,0,0.4666666666666667,0.7,0.7833333333333333,0.0,0.0,0.0,0.0,0.0,0.0,0.4666666666666667,0.7,0.7833333333333333,0.4666666666666667,0.7,0.7833333333333333,0.18333333333333332,0.4,0.7,0.4666666666666667,0.7,0.7833333333333333,0.0,0.0,0.0
20260701,Job-shop,5,235,0.4673102281915792,0.49786276807765034,0.49786276807765034,0.4673102281915792,0.4673102281915792,0.49786276807765034,1,1,0,0,0.6833333333333333,0.8166666666666667,0.7833333333333333,0.0,0.0,0.0,0.0,0.0,0.0,0.6833333333333333,0.8166666666666667,0.7833333333333333,0.6833333333333333,0.8166666666666667,0.7833333333333333,0.03333333333333333,0.38333333333333336,0.8166666666666667,0.6833333333333333,0.8166666666666667,0.7833333333333333,0.0,0.0,0.0
20260701,Job-shop,4,192,0.5170563888212549,0.5349220372591322,0.5349220372591322,0.5102244825156327,0.5102244825156327,0.5349220372591322,0,0,0,0,0.25,0.5333333333333333,0.8166666666666667,0.0,0.0,0.0,0.0,0.0,0.0,0.48333333333333334,0.4166666666666667,0.8333333333333334,0.16666666666666666,0.36666666666666664,0.7166666666666667,0.23333333333333334,0.36666666666666664,0.6666666666666666,0.25,0.5333333333333333,0.8166666666666667,0.0,0.0,0.0
20260701,Job-shop,4,72,0.47906867682518056,0.5400618085958505,0.5400618085958505,0.47906867682518056,0.47906867682518056,0.5400618085958505,1,1,0,0,0.0,0.06666666666666667,0.2833333333333333,0.0,0.0,0.0,0.0,0.0,0.0,0.0,0.06666666666666667,0.2833333333333333,0.0,0.08333333333333333,0.36666666666666664,0.38333333333333336,0.4,0.6666666666666666,0.0,0.06666666666666667,0.2833333333333333,0.0,0.0,0.0
20260701,Job-shop,5,81,0.4997195345476368,0.4997195345476368,0.4997195345476368,0.4997195345476368,0.4997195345476368,0.4997195345476368,1,1,0,0,0.03333333333333333,0.25,0.31666666666666665,0.0,0.0,0.0,0.0,0.0,0.0,0.03333333333333333,0.25,0.31666666666666665,0.03333333333333333,0.25,0.31666666666666665,0.016666666666666666,0.21666666666666667,0.4,0.03333333333333333,0.25,0.31666666666666665,0.0,0.0,0.0
20260701,Job-shop,5,263,0.45833846038803044,0.49258798287640465,0.49258798287640465,0.45833846038803044,0.45833846038803044,0.49258798287640465,1,1,0,0,0.0,0.15,0.31666666666666665,0.0,0.0,0.0,0.0,0.0,0.0,0.0,0.15,0.31666666666666665,0.0,0.15,0.31666666666666665,0.11666666666666667,0.31666666666666665,0.7,0.0,0.15,0.31666666666666665,0.0,0.0,0.0
20260701,Job-shop,3,299,0.5070851284509409,0.5253913888036983,0.5253913888036983,0.5070851284509409,0.5070851284509409,0.5253913888036983,1,1,0,0,0.016666666666666666,0.16666666666666666,0.3,0.0,0.0,0.0,0.0,0.0,0.0,0.016666666666666666,0.16666666666666666,0.3,0.016666666666666666,0.16666666666666666,0.3,0.6666666666666666,0.6166666666666667,0.6833333333333333,0.016666666666666666,0.16666666666666666,0.3,0.0,0.0,0.0
20260701,Job-shop,5,294,0.49756424281762046,0.5134017599109637,0.5134017599109637,0.49756424281762046,0.49756424281762046,0.5134017599109637,1,1,0,0,0.06666666666666667,0.13333333333333333,0.25,0.0,0.0,0.0,0.0,0.0,0.0,0.0,0.05,0.18333333333333332,0.06666666666666667,0.13333333333333333,0.25,0.48333333333333334,0.7,0.9,0.06666666666666667,0.13333333333333333,0.25,0.0,0.0,0.0
20260701,Job-shop,5,146,0.4725971781809415,0.4807739701874451,0.4807739701874451,0.4725971781809415,0.4725971781809415,0.4807739701874451,1,1,0,0,0.31666666666666665,0.45,0.6833333333333333,0.0,0.0,0.0,0.0,0.0,0.0,0.016666666666666666,0.15,0.5333333333333333,0.15,0.26666666666666666,0.5833333333333334,0.0,0.08333333333333333,0.6333333333333333,0.31666666666666665,0.45,0.6833333333333333,0.0,0.0,0.0
20260701,Job-shop,5,62,0.49062862564776266,0.49062862564776266,0.49062862564776266,0.49062862564776266,0.49062862564776266,0.49062862564776266,1,1,0,0,0.25,0.2,0.4666666666666667,0.0,0.0,0.0,0.0,0.0,0.0,0.25,0.2,0.4666666666666667,0.25,0.2,0.4666666666666667,0.11666666666666667,0.4666666666666667,0.6666666666666666,0.25,0.2,0.4666666666666667,0.0,0.0,0.0
20260701,Job-shop,5,185,0.47201199763460705,0.4765378317030084,0.4765378317030084,0.47201199763460705,0.47201199763460705,0.4765378317030084,1,1,0,0,0.016666666666666666,0.05,0.3333333333333333,0.0,0.0,0.0,0.0,0.0,0.0,0.016666666666666666,0.05,0.3333333333333333,0.016666666666666666,0.05,0.3333333333333333,0.25,0.38333333333333336,0.7166666666666667,0.016666666666666666,0.05,0.3333333333333333,0.0,0.0,0.0
20260701,Job-shop,3,143,0.49347786431952667,0.513718506675235,0.513718506675235,0.49347786431952667,0.49347786431952667,0.513718506675235,1,1,0,0,0.03333333333333333,0.2833333333333333,0.55,0.0,0.0,0.0,0.0,0.0,0.0,0.03333333333333333,0.2833333333333333,0.55,0.03333333333333333,0.2833333333333333,0.55,0.3,0.43333333333333335,0.8333333333333334,0.03333333333333333,0.2833333333333333,0.55,0.0,0.0,0.0
20260701,Job-shop,5,82,0.4449863168245487,0.4449863168245487,0.4449863168245487,0.4449863168245487,0.4449863168245487,0.4449863168245487,1,1,0,0,0.03333333333333333,0.16666666666666666,0.2833333333333333,0.0,0.0,0.0,0.0,0.0,0.0,0.03333333333333333,0.16666666666666666,0.2833333333333333,0.03333333333333333,0.16666666666666666,0.2833333333333333,0.08333333333333333,0.2,0.36666666666666664,0.03333333333333333,0.16666666666666666,0.2833333333333333,0.0,0.0,0.0
20260701,Job-shop,4,266,0.47917786290727943,0.4972969451217228,0.4972969451217228,0.47917786290727943,0.47917786290727943,0.4972969451217228,1,1,0,0,0.21666666666666667,0.4166666666666667,0.65,0.0,0.0,0.0,0.0,0.0,0.0,0.21666666666666667,0.4166666666666667,0.65,0.21666666666666667,0.4166666666666667,0.65,0.06666666666666667,0.5666666666666667,0.85,0.21666666666666667,0.4166666666666667,0.65,0.0,0.0,0.0
20260701,Job-shop,5,231,0.4586525483023031,0.4586525483023031,0.4586525483023031,0.4586525483023031,0.4586525483023031,0.4586525483023031,1,1,0,0,0.0,0.15,0.3333333333333333,0.0,0.0,0.0,0.0,0.0,0.0,0.0,0.15,0.3333333333333333,0.0,0.15,0.3333333333333333,0.0,0.11666666666666667,0.6333333333333333,0.0,0.15,0.3333333333333333,0.0,0.0,0.0
20260701,Job-shop,5,190,0.4795264985814552,0.4795264985814552,0.4795264985814552,0.4795264985814552,0.4795264985814552,0.4795264985814552,1,1,0,0,0.85,0.9166666666666666,0.8166666666666667,0.0,0.0,0.0,0.0,0.0,0.0,0.85,0.9166666666666666,0.8333333333333334,0.9,0.95,0.8666666666666667,0.6,0.7,0.75,0.85,0.9166666666666666,0.8166666666666667,0.0,0.0,0.0
20260701,Job-shop,3,240,0.5243631754165137,0.5229245137515977,0.5229245137515977,0.51541489994442,0.5243631754165137,0.5229245137515977,0,1,0,0,0.2833333333333333,0.45,0.8,0.0,0.0,0.0,0.0,0.0,0.0,0.03333333333333333,0.3,0.5833333333333334,0.23333333333333334,0.3333333333333333,0.6666666666666666,0.55,0.5666666666666667,0.9,0.2833333333333333,0.45,0.8,0.0,0.0,0.0
20260701,Job-shop,4,174,0.5105040348680474,0.5105040348680474,0.5105040348680474,0.5105040348680474,0.5105040348680474,0.5105040348680474,1,1,0,0,0.31666666666666665,0.45,0.65,0.0,0.0,0.0,0.0,0.0,0.0,0.4,0.48333333333333334,0.6666666666666666,0.2833333333333333,0.45,0.6166666666666667,0.5,0.6166666666666667,0.7166666666666667,0.31666666666666665,0.45,0.65,0.0,0.0,0.0
20260701,Job-shop,3,257,0.5454662494130548,0.5158810365184546,0.5158810365184546,0.5454662494130548,0.5454662494130548,0.5158810365184546,1,1,1,1,0.75,0.9166666666666666,0.9666666666666667,0.0,0.0,0.0,0.0,0.0,0.0,0.75,0.9166666666666666,0.9666666666666667,0.75,0.9166666666666666,0.9666666666666667,0.26666666666666666,0.6166666666666667,0.9666666666666667,0.75,0.9166666666666666,0.9666666666666667,0.0,0.0,0.0
20260701,Job-shop,5,259,0.4686051709132191,0.4686051709132191,0.4686051709132191,0.4686051709132191,0.4686051709132191,0.4686051709132191,1,1,0,0,0.3,0.36666666666666664,0.5833333333333334,0.0,0.0,0.0,0.0,0.0,0.0,0.3,0.36666666666666664,0.5833333333333334,0.3,0.36666666666666664,0.5833333333333334,0.1,0.4166666666666667,0.7833333333333333,0.3,0.36666666666666664,0.5833333333333334,0.0,0.0,0.0
20260701,Job-shop,4,268,0.48682402174599915,0.48682402174599915,0.48682402174599915,0.48682402174599915,0.48682402174599915,0.48682402174599915,1,1,0,0,0.05,0.3,0.5166666666666667,0.0,0.0,0.0,0.0,0.0,0.0,0.05,0.3,0.5166666666666667,0.05,0.3,0.5166666666666667,0.3333333333333333,0.6833333333333333,0.8333333333333334,0.05,0.3,0.5166666666666667,0.0,0.0,0.0
20260701,Job-shop,4,81,0.49006439732449636,0.49006439732449636,0.49006439732449636,0.49006439732449636,0.49006439732449636,0.49006439732449636,1,1,0,0,0.0,0.18333333333333332,0.4666666666666667,0.0,0.0,0.0,0.0,0.0,0.0,0.0,0.18333333333333332,0.4666666666666667,0.0,0.18333333333333332,0.4666666666666667,0.13333333333333333,0.45,0.6166666666666667,0.0,0.18333333333333332,0.4666666666666667,0.0,0.0,0.0
20260701,Job-shop,4,170,0.49227377273103995,0.4972403961556573,0.4972403961556573,0.49227377273103995,0.49227377273103995,0.4972403961556573,1,1,0,0,0.13333333333333333,0.2833333333333333,0.6666666666666666,0.0,0.0,0.0,0.0,0.0,0.0,0.13333333333333333,0.2833333333333333,0.6666666666666666,0.13333333333333333,0.2833333333333333,0.6666666666666666,0.3333333333333333,0.6333333333333333,0.6833333333333333,0.13333333333333333,0.2833333333333333,0.6666666666666666,0.0,0.0,0.0
20260701,Job-shop,4,101,0.4738284288594143,0.5151417584691115,0.4738284288594143,0.4738284288594143,0.4738284288594143,0.4738284288594143,1,1,0,0,0.08333333333333333,0.13333333333333333,0.31666666666666665,0.0,0.0,0.0,0.0,0.0,0.0,0.08333333333333333,0.11666666666666667,0.3,0.08333333333333333,0.11666666666666667,0.3,0.2,0.4166666666666667,0.6333333333333333,0.08333333333333333,0.13333333333333333,0.31666666666666665,0.0,0.0,0.0
20260701,Job-shop,5,180,0.4844492118630924,0.4844492118630924,0.4844492118630924,0.4844492118630924,0.4844492118630924,0.4844492118630924,1,1,0,0,0.16666666666666666,0.36666666666666664,0.43333333333333335,0.0,0.0,0.0,0.0,0.0,0.0,0.16666666666666666,0.36666666666666664,0.43333333333333335,0.16666666666666666,0.36666666666666664,0.43333333333333335,0.05,0.36666666666666664,0.7,0.16666666666666666,0.36666666666666664,0.43333333333333335,0.0,0.0,0.0
20260701,Job-shop,3,136,0.5107844323383756,0.5262007588653618,0.5262007588653618,0.5107844323383756,0.5107844323383756,0.5262007588653618,1,1,0,0,0.016666666666666666,0.23333333333333334,0.4666666666666667,0.0,0.0,0.0,0.0,0.0,0.0,0.016666666666666666,0.23333333333333334,0.4666666666666667,0.016666666666666666,0.23333333333333334,0.4666666666666667,0.4,0.6166666666666667,0.7833333333333333,0.016666666666666666,0.23333333333333334,0.4666666666666667,0.0,0.0,0.0
20260701,Job-shop,5,122,0.43980980478786585,0.43980980478786585,0.43980980478786585,0.43980980478786585,0.43980980478786585,0.43980980478786585,1,1,0,0,0.0,0.016666666666666666,0.05,0.0,0.0,0.0,0.0,0.0,0.0,0.0,0.016666666666666666,0.05,0.0,0.016666666666666666,0.05,0.03333333333333333,0.3,0.5166666666666667,0.0,0.016666666666666666,0.05,0.0,0.0,0.0
20260701,Job-shop,3,62,0.5162556414272544,0.5144603888874112,0.5144603888874112,0.5162556414272544,0.5162556414272544,0.5144603888874112,1,1,0,0,0.5666666666666667,0.7,0.8,0.0,0.0,0.0,0.0,0.0,0.0,0.5666666666666667,0.7,0.8,0.5666666666666667,0.7,0.8,0.016666666666666666,0.36666666666666664,0.7333333333333333,0.5666666666666667,0.7,0.8,0.0,0.0,0.0
20260701,Job-shop,5,158,0.4731860984042649,0.4731860984042649,0.4731860984042649,0.4731860984042649,0.4731860984042649,0.4731860984042649,1,1,0,0,0.25,0.4166666666666667,0.65,0.0,0.0,0.0,0.0,0.0,0.0,0.25,0.4166666666666667,0.65,0.25,0.4166666666666667,0.65,0.08333333333333333,0.48333333333333334,0.6833333333333333,0.25,0.4166666666666667,0.65,0.0,0.0,0.0
20260701,Job-shop,3,69,0.5409459822028528,0.511333246627241,0.511333246627241,0.5409459822028528,0.5409459822028528,0.511333246627241,1,1,0,0,0.6666666666666666,0.65,0.7333333333333333,0.0,0.0,0.0,0.0,0.0,0.0,0.6666666666666666,0.65,0.7333333333333333,0.6666666666666666,0.65,0.7333333333333333,0.25,0.2833333333333333,0.5833333333333334,0.6666666666666666,0.65,0.7333333333333333,0.0,0.0,0.0
20260701,Job-shop,5,135,0.48249798310208086,0.48912931059629455,0.48912931059629455,0.48249798310208086,0.48249798310208086,0.48912931059629455,1,1,0,0,0.3,0.4,0.6666666666666666,0.0,0.0,0.0,0.0,0.0,0.0,0.3,0.4,0.6666666666666666,0.3,0.4,0.6666666666666666,0.4166666666666667,0.4,0.7666666666666667,0.3,0.4,0.6666666666666666,0.0,0.0,0.0
20260701,Job-shop,3,156,0.5022991719609392,0.5195936057640682,0.5195936057640682,0.5022991719609392,0.5022991719609392,0.5195936057640682,1,1,0,0,0.0,0.06666666666666667,0.4,0.0,0.0,0.0,0.0,0.0,0.0,0.0,0.06666666666666667,0.3333333333333333,0.0,0.11666666666666667,0.4666666666666667,0.45,0.6666666666666666,0.8333333333333334,0.0,0.06666666666666667,0.4,0.0,0.0,0.0
20260701,Job-shop,3,233,0.5032445268329939,0.5116326858670511,0.5116326858670511,0.5032445268329939,0.5032445268329939,0.5116326858670511,1,1,0,1,0.1,0.25,0.6,0.0,0.0,0.0,0.0,0.0,0.0,0.1,0.25,0.6,0.1,0.25,0.6,0.6833333333333333,0.7333333333333333,0.8833333333333333,0.1,0.25,0.6,0.0,0.0,0.0
20260701,Job-shop,5,82,0.4836599785835406,0.47286141794303377,0.47286141794303377,0.4836599785835406,0.4836599785835406,0.47286141794303377,1,1,0,0,0.65,0.7,0.6833333333333333,0.0,0.0,0.0,0.0,0.0,0.0,0.65,0.7,0.6833333333333333,0.65,0.7,0.6833333333333333,0.06666666666666667,0.3333333333333333,0.55,0.65,0.7,0.6833333333333333,0.0,0.0,0.0
20260701,Job-shop,3,236,0.545926367618632,0.5310386486087169,0.5310386486087169,0.545926367618632,0.5353620584841666,0.5310386486087169,1,0,0,0,0.8166666666666667,0.9333333333333333,0.95,0.0,0.0,0.0,0.0,0.0,0.0,0.7666666666666667,0.8833333333333333,0.9333333333333333,0.9166666666666666,0.95,0.9166666666666666,0.35,0.65,0.9333333333333333,0.8166666666666667,0.9333333333333333,0.95,0.0,0.0,0.0
20260701,Job-shop,3,105,0.532530397901499,0.5280068056600064,0.5280068056600064,0.532530397901499,0.532530397901499,0.5280068056600064,1,1,0,0,0.26666666666666666,0.45,0.5666666666666667,0.0,0.0,0.0,0.0,0.0,0.0,0.26666666666666666,0.4666666666666667,0.6,0.26666666666666666,0.4166666666666667,0.5333333333333333,0.18333333333333332,0.48333333333333334,0.75,0.26666666666666666,0.45,0.5666666666666667,0.0,0.0,0.0
20260701,Job-shop,4,155,0.4841968601159901,0.4841968601159901,0.4841968601159901,0.4841968601159901,0.4841968601159901,0.4841968601159901,1,1,0,0,0.05,0.31666666666666665,0.7166666666666667,0.0,0.0,0.0,0.0,0.0,0.0,0.05,0.31666666666666665,0.7166666666666667,0.05,0.31666666666666665,0.7166666666666667,0.26666666666666666,0.48333333333333334,0.8666666666666667,0.05,0.31666666666666665,0.7166666666666667,0.0,0.0,0.0
20260701,Job-shop,5,287,0.5036358723370474,0.4954336056146008,0.4954336056146008,0.5087666166157463,0.5036358723370474,0.4954336056146008,0,1,0,0,0.8166666666666667,0.8833333333333333,0.95,0.0,0.0,0.0,0.0,0.0,0.0,0.5833333333333334,0.6666666666666666,0.85,0.7,0.85,0.9,0.38333333333333336,0.6166666666666667,0.8833333333333333,0.8166666666666667,0.8833333333333333,0.95,0.0,0.0,0.0
20260701,Job-shop,3,200,0.4953803120904015,0.5158026987386051,0.5158026987386051,0.4953803120904015,0.4953803120904015,0.5158026987386051,1,1,0,0,0.23333333333333334,0.18333333333333332,0.4666666666666667,0.0,0.0,0.0,0.0,0.0,0.0,0.23333333333333334,0.18333333333333332,0.4666666666666667,0.4166666666666667,0.26666666666666666,0.5166666666666667,0.1,0.36666666666666664,0.8833333333333333,0.23333333333333334,0.18333333333333332,0.4666666666666667,0.0,0.0,0.0
20260701,Job-shop,3,233,0.518188209931275,0.5374958394971673,0.5374958394971673,0.526286803314819,0.518188209931275,0.5374958394971673,0,1,0,0,0.16666666666666666,0.38333333333333336,0.6666666666666666,0.0,0.0,0.0,0.0,0.0,0.0,0.36666666666666664,0.6,0.8,0.15,0.38333333333333336,0.6666666666666666,0.06666666666666667,0.4,0.8166666666666667,0.16666666666666666,0.38333333333333336,0.6666666666666666,0.0,0.0,0.0
20260701,Job-shop,5,180,0.4687520192293832,0.49527656606588644,0.49527656606588644,0.48542897782702,0.48542897782702,0.49527656606588644,0,0,0,0,0.25,0.55,0.7833333333333333,0.0,0.0,0.0,0.0,0.0,0.0,0.25,0.48333333333333334,0.5166666666666667,0.06666666666666667,0.3,0.43333333333333335,0.45,0.8,0.8166666666666667,0.25,0.55,0.7833333333333333,0.0,0.0,0.0
20260701,Job-shop,5,114,0.468143997315244,0.4764056893454009,0.4764056893454009,0.468143997315244,0.468143997315244,0.4764056893454009,1,1,0,0,0.26666666666666666,0.43333333333333335,0.5166666666666667,0.0,0.0,0.0,0.0,0.0,0.0,0.26666666666666666,0.43333333333333335,0.5166666666666667,0.26666666666666666,0.43333333333333335,0.5166666666666667,0.6666666666666666,0.65,0.6666666666666666,0.26666666666666666,0.43333333333333335,0.5166666666666667,0.0,0.0,0.0
20260701,Job-shop,5,234,0.4879716327545623,0.48449154228114255,0.48449154228114255,0.4879716327545623,0.4879716327545623,0.48449154228114255,1,1,0,0,0.55,0.7333333333333333,0.8166666666666667,0.0,0.0,0.0,0.0,0.0,0.0,0.55,0.7333333333333333,0.8166666666666667,0.55,0.7333333333333333,0.8166666666666667,0.48333333333333334,0.43333333333333335,0.75,0.55,0.7333333333333333,0.8166666666666667,0.0,0.0,0.0
20260701,Job-shop,3,144,0.49590334996753477,0.49590334996753477,0.49590334996753477,0.49590334996753477,0.49590334996753477,0.49590334996753477,1,1,0,0,0.0,0.03333333333333333,0.15,0.0,0.0,0.0,0.0,0.0,0.0,0.0,0.03333333333333333,0.15,0.0,0.03333333333333333,0.15,0.016666666666666666,0.2833333333333333,0.6833333333333333,0.0,0.03333333333333333,0.15,0.0,0.0,0.0
20260701,Job-shop,5,116,0.5160953879304906,0.46900350959268844,0.46900350959268844,0.5160953879304906,0.5246289530401675,0.46900350959268844,1,0,0,0,0.5666666666666667,0.7666666666666667,0.9333333333333333,0.0,0.0,0.0,0.0,0.0,0.0,0.5666666666666667,0.7666666666666667,0.9333333333333333,0.8333333333333334,0.8833333333333333,0.95,0.0,0.15,0.43333333333333335,0.5666666666666667,0.7666666666666667,0.9333333333333333,0.0,0.0,0.0
20260701,Job-shop,5,259,0.4860297952910063,0.47218904142741047,0.47218904142741047,0.4860297952910063,0.4860297952910063,0.47218904142741047,1,1,0,0,0.9,0.85,0.8333333333333334,0.0,0.0,0.0,0.0,0.0,0.0,0.9,0.85,0.8333333333333334,0.9,0.85,0.8833333333333333,0.25,0.4666666666666667,0.8333333333333334,0.9,0.85,0.8333333333333334,0.0,0.0,0.0
20260701,Job-shop,4,116,0.498845955207635,0.498845955207635,0.498845955207635,0.498845955207635,0.498845955207635,0.498845955207635,1,1,0,0,0.55,0.65,0.6833333333333333,0.0,0.0,0.0,0.0,0.0,0.0,0.55,0.65,0.6833333333333333,0.55,0.65,0.6833333333333333,0.15,0.3,0.5666666666666667,0.55,0.65,0.6833333333333333,0.0,0.0,0.0
20260701,Job-shop,4,106,0.4823082638502639,0.4952379103507052,0.4952379103507052,0.4823082638502639,0.4823082638502639,0.4952379103507052,1,1,0,0,0.4,0.38333333333333336,0.5666666666666667,0.0,0.0,0.0,0.0,0.0,0.0,0.4,0.35,0.5333333333333333,0.4,0.38333333333333336,0.5666666666666667,0.5,0.6,0.6666666666666666,0.4,0.38333333333333336,0.5666666666666667,0.0,0.0,0.0
20260701,Job-shop,3,258,0.5221072403277076,0.5501407702205174,0.5501407702205174,0.5221072403277076,0.5221072403277076,0.5501407702205174,1,1,0,0,0.2833333333333333,0.48333333333333334,0.6,0.0,0.0,0.0,0.0,0.0,0.0,0.2833333333333333,0.43333333333333335,0.5333333333333333,0.2833333333333333,0.43333333333333335,0.5166666666666667,0.38333333333333336,0.5833333333333334,0.95,0.2833333333333333,0.48333333333333334,0.6,0.0,0.0,0.0
20260701,Job-shop,5,108,0.45859095608117656,0.45859095608117656,0.45859095608117656,0.45859095608117656,0.45859095608117656,0.45859095608117656,1,1,0,0,0.0,0.0,0.13333333333333333,0.0,0.0,0.0,0.0,0.0,0.0,0.0,0.0,0.13333333333333333,0.0,0.0,0.13333333333333333,0.0,0.18333333333333332,0.5333333333333333,0.0,0.0,0.13333333333333333,0.0,0.0,0.0
20260701,Job-shop,3,269,0.4970593611188666,0.5144235949052125,0.5144235949052125,0.4970593611188666,0.4970593611188666,0.5144235949052125,1,1,0,0,0.15,0.3,0.5,0.0,0.0,0.0,0.0,0.0,0.0,0.15,0.3,0.5,0.15,0.3,0.5,0.6,0.9166666666666666,1.0,0.15,0.3,0.5,0.0,0.0,0.0
20260701,Job-shop,3,258,0.5017487826162095,0.5182630454806318,0.5182630454806318,0.5017487826162095,0.5017487826162095,0.5182630454806318,1,1,0,0,0.15,0.26666666666666666,0.6,0.0,0.0,0.0,0.0,0.0,0.0,0.15,0.26666666666666666,0.6,0.15,0.26666666666666666,0.6,0.26666666666666666,0.55,0.7333333333333333,0.15,0.26666666666666666,0.6,0.0,0.0,0.0
20260701,Job-shop,5,243,0.4529024467657222,0.4529024467657222,0.4529024467657222,0.4529024467657222,0.4529024467657222,0.4529024467657222,1,1,0,0,0.06666666666666667,0.23333333333333334,0.23333333333333334,0.0,0.0,0.0,0.0,0.0,0.0,0.06666666666666667,0.21666666666666667,0.3,0.35,0.4666666666666667,0.65,0.45,0.6,0.6166666666666667,0.06666666666666667,0.23333333333333334,0.23333333333333334,0.0,0.0,0.0
20260701,Job-shop,5,140,0.4843490219780343,0.505133052515815,0.505133052515815,0.4843490219780343,0.4843490219780343,0.505133052515815,1,1,0,0,0.36666666666666664,0.5833333333333334,0.7333333333333333,0.0,0.0,0.0,0.0,0.0,0.0,0.36666666666666664,0.5833333333333334,0.7333333333333333,0.36666666666666664,0.5833333333333334,0.7333333333333333,0.4,0.6166666666666667,0.8833333333333333,0.36666666666666664,0.5833333333333334,0.7333333333333333,0.0,0.0,0.0
20260701,Job-shop,3,134,0.4880512590712082,0.4880512590712082,0.4880512590712082,0.4880512590712082,0.4880512590712082,0.4880512590712082,1,1,0,0,0.08333333333333333,0.18333333333333332,0.4166666666666667,0.0,0.0,0.0,0.0,0.0,0.0,0.08333333333333333,0.18333333333333332,0.4166666666666667,0.08333333333333333,0.18333333333333332,0.4166666666666667,0.3,0.4666666666666667,0.7666666666666667,0.08333333333333333,0.18333333333333332,0.4166666666666667,0.0,0.0,0.0
20260701,Job-shop,4,86,0.49020842874161147,0.49020842874161147,0.49020842874161147,0.49020842874161147,0.49020842874161147,0.49020842874161147,1,1,0,0,0.1,0.5,0.75,0.0,0.0,0.0,0.0,0.0,0.0,0.1,0.5,0.75,0.1,0.5,0.75,0.38333333333333336,0.7333333333333333,0.7833333333333333,0.1,0.5,0.75,0.0,0.0,0.0
20260701,Job-shop,3,219,0.5414205663048628,0.5305001593109507,0.5305001593109507,0.5414205663048628,0.5414205663048628,0.5305001593109507,1,1,0,0,0.7166666666666667,0.8166666666666667,0.8166666666666667,0.0,0.0,0.0,0.0,0.0,0.0,0.7166666666666667,0.8166666666666667,0.8166666666666667,0.7166666666666667,0.8166666666666667,0.8166666666666667,0.6333333333333333,0.7666666666666667,0.9,0.7166666666666667,0.8166666666666667,0.8166666666666667,0.0,0.0,0.0
20260701,Job-shop,4,184,0.5231090544858822,0.5167762426018626,0.5167762426018626,0.5231090544858822,0.5231090544858822,0.5167762426018626,1,1,0,0,0.26666666666666666,0.6666666666666666,0.6166666666666667,0.0,0.0,0.0,0.0,0.0,0.0,0.26666666666666666,0.6666666666666666,0.6166666666666667,0.26666666666666666,0.6666666666666666,0.6166666666666667,0.6666666666666666,0.75,0.8833333333333333,0.26666666666666666,0.6666666666666666,0.6166666666666667,0.0,0.0,0.0
20260701,Job-shop,3,220,0.48574299765428736,0.5015381517414447,0.5015381517414447,0.48574299765428736,0.48574299765428736,0.5015381517414447,1,1,0,0,0.08333333333333333,0.35,0.48333333333333334,0.0,0.0,0.0,0.0,0.0,0.0,0.03333333333333333,0.2833333333333333,0.36666666666666664,0.08333333333333333,0.35,0.48333333333333334,0.48333333333333334,0.7,0.7833333333333333,0.08333333333333333,0.35,0.48333333333333334,0.0,0.0,0.0
20260701,Job-shop,3,274,0.49685513564393363,0.5114565806043118,0.5114565806043118,0.49685513564393363,0.49685513564393363,0.5114565806043118,1,1,0,0,0.35,0.35,0.6833333333333333,0.0,0.0,0.0,0.0,0.0,0.0,0.35,0.35,0.6833333333333333,0.35,0.35,0.6833333333333333,0.6166666666666667,0.6833333333333333,0.95,0.35,0.35,0.6833333333333333,0.0,0.0,0.0
20260701,WFG2,13,261,0.4747897977996635,0.4747897977996635,0.4747897977996635,0.4747897977996635,0.4747897977996635,0.4747897977996635,1,1,0,0,0.0,0.0,0.0,0.0,0.0,0.0,0.0,0.0,0.0,0.0,0.0,0.0,0.0,0.0,0.0,0.4666666666666667,0.7666666666666667,0.85,0.0,0.0,0.0,0.0,0.0,0.0
20260701,WFG2,15,263,0.5264032051939386,0.5264032051939386,0.5264032051939386,0.5264032051939386,0.5264032051939386,0.5264032051939386,1,1,0,0,0.0,0.0,0.0,0.0,0.0,0.0,0.0,0.0,0.0,0.0,0.0,0.0,0.0,0.0,0.0,0.6,0.6166666666666667,0.8333333333333334,0.0,0.0,0.0,0.0,0.0,0.0
20260701,WFG2,6,306,0.3339096871050477,0.3339096871050477,0.3339096871050477,0.3339096871050477,0.3339096871050477,0.3339096871050477,1,1,0,0,0.0,0.0,0.0,0.0,0.0,0.0,0.0,0.0,0.0,0.0,0.0,0.0,0.0,0.0,0.0,0.31666666666666665,0.5166666666666667,0.6333333333333333,0.0,0.0,0.0,0.0,0.0,0.0
20260701,WFG2,5,253,0.27449443186425004,0.27449443186425004,0.27449443186425004,0.27449443186425004,0.27449443186425004,0.27449443186425004,1,1,0,0,0.0,0.0,0.0,0.0,0.0,0.0,0.0,0.0,0.0,0.0,0.0,0.0,0.0,0.0,0.0,0.25,0.45,0.7,0.0,0.0,0.0,0.0,0.0,0.0
20260701,WFG2,13,305,0.5250799231024137,0.5250799231024137,0.5250799231024137,0.5250799231024137,0.5250799231024137,0.5250799231024137,1,1,0,0,0.0,0.0,0.0,0.0,0.0,0.0,0.0,0.0,0.0,0.0,0.0,0.0,0.0,0.0,0.0,0.45,0.6833333333333333,0.8,0.0,0.0,0.0,0.0,0.0,0.0
20260701,WFG2,15,498,0.5136445031556507,0.5136445031556507,0.5136445031556507,0.5136445031556507,0.5136445031556507,0.5136445031556507,1,1,0,0,0.0,0.0,0.016666666666666666,0.0,0.0,0.0,0.0,0.0,0.0,0.0,0.0,0.016666666666666666,0.0,0.0,0.016666666666666666,0.31666666666666665,0.5333333333333333,0.8333333333333334,0.0,0.0,0.016666666666666666,0.0,0.0,0.0
20260701,WFG2,9,296,0.35867968512228904,0.35867968512228904,0.35867968512228904,0.35867968512228904,0.35867968512228904,0.35867968512228904,1,1,0,0,0.0,0.0,0.0,0.0,0.0,0.0,0.0,0.0,0.0,0.0,0.0,0.0,0.0,0.0,0.0,0.0,0.05,0.4,0.0,0.0,0.0,0.0,0.0,0.0
20260701,WFG2,9,413,0.40657175101351156,0.40657175101351156,0.40657175101351156,0.40657175101351156,0.40657175101351156,0.40657175101351156,1,1,0,0,0.0,0.0,0.016666666666666666,0.0,0.0,0.0,0.0,0.0,0.0,0.0,0.0,0.016666666666666666,0.0,0.0,0.016666666666666666,0.6166666666666667,0.7333333333333333,0.7666666666666667,0.0,0.0,0.016666666666666666,0.0,0.0,0.0
20260701,WFG2,11,286,0.49605717915952435,0.49605717915952435,0.49605717915952435,0.49605717915952435,0.49605717915952435,0.49605717915952435,1,1,0,0,0.0,0.0,0.0,0.0,0.0,0.0,0.0,0.0,0.0,0.0,0.0,0.0,0.0,0.0,0.0,0.26666666666666666,0.5833333333333334,0.9,0.0,0.0,0.0,0.0,0.0,0.0
20260701,WFG2,8,164,0.4628008016618748,0.4628008016618748,0.4628008016618748,0.4628008016618748,0.4628008016618748,0.4628008016618748,1,1,0,0,0.0,0.0,0.0,0.0,0.0,0.0,0.0,0.0,0.0,0.0,0.0,0.0,0.0,0.0,0.0,0.5,0.5333333333333333,0.7333333333333333,0.0,0.0,0.0,0.0,0.0,0.0
20260701,WFG2,14,226,0.5535807333267092,0.5939608419170611,0.5939608419170611,0.5535807333267092,0.5535807333267092,0.5939608419170611,1,1,0,0,0.016666666666666666,0.15,0.6166666666666667,0.0,0.0,0.0,0.0,0.0,0.0,0.016666666666666666,0.15,0.6,0.016666666666666666,0.15,0.6166666666666667,0.7333333333333333,0.85,0.9833333333333333,0.016666666666666666,0.15,0.6166666666666667,0.0,0.0,0.0
20260701,WFG2,3,88,0.10523837486765045,0.10523837486765045,0.10523837486765045,0.10523837486765045,0.10523837486765045,0.10523837486765045,1,1,0,0,0.0,0.0,0.0,0.0,0.0,0.0,0.0,0.0,0.0,0.0,0.0,0.0,0.0,0.0,0.0,0.0,0.0,0.21666666666666667,0.0,0.0,0.0,0.0,0.0,0.0
20260701,WFG2,15,300,0.5423986175112885,0.5423986175112885,0.5423986175112885,0.5423986175112885,0.5423986175112885,0.5423986175112885,1,1,0,0,0.0,0.0,0.016666666666666666,0.0,0.0,0.0,0.0,0.0,0.0,0.0,0.0,0.016666666666666666,0.0,0.0,0.016666666666666666,0.6,0.8833333333333333,1.0,0.0,0.0,0.016666666666666666,0.0,0.0,0.0
20260701,WFG2,9,261,0.4303573357590873,0.48819411038372224,0.48819411038372224,0.4303573357590873,0.4303573357590873,0.48819411038372224,1,1,0,0,0.03333333333333333,0.2833333333333333,0.4666666666666667,0.0,0.0,0.0,0.0,0.0,0.0,0.03333333333333333,0.2833333333333333,0.4666666666666667,0.03333333333333333,0.2833333333333333,0.4666666666666667,0.6,0.7,0.8166666666666667,0.03333333333333333,0.2833333333333333,0.4666666666666667,0.0,0.0,0.0
20260701,WFG2,4,89,0.2832530313032076,0.2832530313032076,0.2832530313032076,0.2832530313032076,0.2832530313032076,0.2832530313032076,1,1,0,0,0.0,0.0,0.0,0.0,0.0,0.0,0.0,0.0,0.0,0.0,0.0,0.0,0.0,0.0,0.0,0.36666666666666664,0.5,0.7333333333333333,0.0,0.0,0.0,0.0,0.0,0.0
20260701,WFG2,14,400,0.5088641508238237,0.5088641508238237,0.5088641508238237,0.5088641508238237,0.5088641508238237,0.5088641508238237,1,1,0,0,0.0,0.0,0.0,0.0,0.0,0.0,0.0,0.0,0.0,0.0,0.0,0.0,0.0,0.0,0.0,0.7166666666666667,0.85,0.9166666666666666,0.0,0.0,0.0,0.0,0.0,0.0
20260701,WFG2,15,465,0.48596324130754665,0.48596324130754665,0.48596324130754665,0.48596324130754665,0.48596324130754665,0.48596324130754665,1,1,0,0,0.0,0.0,0.0,0.0,0.0,0.0,0.0,0.0,0.0,0.0,0.0,0.0,0.0,0.0,0.0,0.31666666666666665,0.6333333333333333,0.95,0.0,0.0,0.0,0.0,0.0,0.0
20260701,WFG2,6,391,0.28032731843077036,0.28032731843077036,0.28032731843077036,0.28032731843077036,0.28032731843077036,0.28032731843077036,1,1,0,0,0.0,0.0,0.0,0.0,0.0,0.0,0.0,0.0,0.0,0.0,0.0,0.0,0.0,0.0,0.0,0.26666666666666666,0.5666666666666667,0.5666666666666667,0.0,0.0,0.0,0.0,0.0,0.0
20260701,WFG2,5,84,0.3150489766640219,0.3150489766640219,0.3150489766640219,0.3150489766640219,0.3150489766640219,0.3150489766640219,1,1,0,0,0.0,0.0,0.0,0.0,0.0,0.0,0.0,0.0,0.0,0.0,0.0,0.0,0.0,0.0,0.0,0.0,0.11666666666666667,0.25,0.0,0.0,0.0,0.0,0.0,0.0
20260701,WFG2,8,277,0.44103654005784304,0.44103654005784304,0.44103654005784304,0.44103654005784304,0.44103654005784304,0.44103654005784304,1,1,0,0,0.0,0.0,0.0,0.0,0.0,0.0,0.0,0.0,0.0,0.0,0.0,0.0,0.0,0.0,0.0,0.5,0.7166666666666667,0.8333333333333334,0.0,0.0,0.0,0.0,0.0,0.0
20260701,WFG2,11,424,0.4588240795357123,0.4588240795357123,0.4588240795357123,0.4588240795357123,0.4588240795357123,0.4588240795357123,1,1,0,0,0.0,0.0,0.0,0.0,0.0,0.0,0.0,0.0,0.0,0.0,0.0,0.0,0.0,0.0,0.0,0.45,0.7,0.8833333333333333,0.0,0.0,0.0,0.0,0.0,0.0
20260701,WFG2,11,155,0.5041634352294098,0.5041634352294098,0.5041634352294098,0.5041634352294098,0.5041634352294098,0.5041634352294098,1,1,0,0,0.0,0.0,0.0,0.0,0.0,0.0,0.0,0.0,0.0,0.0,0.0,0.0,0.0,0.0,0.0,0.31666666666666665,0.43333333333333335,0.8,0.0,0.0,0.0,0.0,0.0,0.0
20260701,WFG2,12,122,0.534411127167537,0.534411127167537,0.534411127167537,0.534411127167537,0.534411127167537,0.534411127167537,1,1,0,0,0.0,0.0,0.0,0.0,0.0,0.0,0.0,0.0,0.0,0.0,0.0,0.0,0.0,0.0,0.0,0.35,0.6666666666666666,0.9,0.0,0.0,0.0,0.0,0.0,0.0
20260701,WFG2,7,312,0.4253079499413488,0.4570332336735659,0.4570332336735659,0.4253079499413488,0.4253079499413488,0.4570332336735659,1,1,0,0,0.23333333333333334,0.65,0.7166666666666667,0.0,0.0,0.0,0.0,0.0,0.0,0.23333333333333334,0.6666666666666666,0.7166666666666667,0.23333333333333334,0.65,0.7166666666666667,0.05,0.45,0.7333333333333333,0.23333333333333334,0.65,0.7166666666666667,0.0,0.0,0.0
20260701,WFG2,15,260,0.5169617451742721,0.5169617451742721,0.5169617451742721,0.5169617451742721,0.5169617451742721,0.5169617451742721,1,1,0,0,0.0,0.0,0.0,0.0,0.0,0.0,0.0,0.0,0.0,0.0,0.0,0.0,0.0,0.0,0.0,0.25,0.43333333333333335,0.8666666666666667,0.0,0.0,0.0,0.0,0.0,0.0
20260701,WFG2,9,443,0.47678589994177456,0.47678589994177456,0.47678589994177456,0.47678589994177456,0.47678589994177456,0.47678589994177456,1,1,0,0,0.0,0.0,0.0,0.0,0.0,0.0,0.0,0.0,0.0,0.0,0.0,0.0,0.0,0.0,0.0,0.4166666666666667,0.5666666666666667,0.9,0.0,0.0,0.0,0.0,0.0,0.0
20260701,WFG2,15,352,0.5164840061603653,0.5164840061603653,0.5164840061603653,0.5164840061603653,0.5164840061603653,0.5164840061603653,1,1,0,0,0.0,0.0,0.0,0.0,0.0,0.0,0.0,0.0,0.0,0.0,0.0,0.0,0.0,0.0,0.0,0.6,0.8666666666666667,1.0,0.0,0.0,0.0,0.0,0.0,0.0
20260701,WFG2,15,327,0.5282600879182503,0.5282600879182503,0.5282600879182503,0.5282600879182503,0.5282600879182503,0.5282600879182503,1,1,0,0,0.0,0.0,0.0,0.0,0.0,0.0,0.0,0.0,0.0,0.0,0.0,0.0,0.0,0.0,0.0,0.8,0.8833333333333333,0.9166666666666666,0.0,0.0,0.0,0.0,0.0,0.0
20260701,WFG2,6,255,0.39338011226890923,0.39338011226890923,0.39338011226890923,0.39338011226890923,0.39338011226890923,0.39338011226890923,1,1,0,0,0.0,0.0,0.0,0.0,0.0,0.0,0.0,0.0,0.0,0.0,0.0,0.0,0.0,0.0,0.0,0.06666666666666667,0.18333333333333332,0.5166666666666667,0.0,0.0,0.0,0.0,0.0,0.0
20260701,WFG2,3,111,0.0715952350048826,0.0715952350048826,0.0715952350048826,0.0715952350048826,0.0715952350048826,0.0715952350048826,1,1,0,0,0.0,0.0,0.0,0.0,0.0,0.0,0.0,0.0,0.0,0.0,0.0,0.0,0.0,0.0,0.0,0.0,0.0,0.08333333333333333,0.0,0.0,0.0,0.0,0.0,0.0
20260701,WFG2,7,315,0.42015184197159755,0.42015184197159755,0.42015184197159755,0.42015184197159755,0.42015184197159755,0.42015184197159755,1,1,0,0,0.0,0.0,0.0,0.0,0.0,0.0,0.0,0.0,0.0,0.0,0.0,0.0,0.0,0.0,0.0,0.016666666666666666,0.25,0.7166666666666667,0.0,0.0,0.0,0.0,0.0,0.0
20260701,WFG2,11,211,0.4748623924623819,0.4748623924623819,0.4748623924623819,0.4748623924623819,0.4748623924623819,0.4748623924623819,1,1,0,0,0.0,0.0,0.0,0.0,0.0,0.0,0.0,0.0,0.0,0.0,0.0,0.0,0.0,0.0,0.0,0.4666666666666667,0.6166666666666667,0.8,0.0,0.0,0.0,0.0,0.0,0.0
20260701,WFG2,13,240,0.505815454031216,0.505815454031216,0.505815454031216,0.505815454031216,0.505815454031216,0.505815454031216,1,1,0,0,0.0,0.0,0.0,0.0,0.0,0.0,0.0,0.0,0.0,0.0,0.0,0.0,0.0,0.0,0.0,0.0,0.18333333333333332,0.5666666666666667,0.0,0.0,0.0,0.0,0.0,0.0
20260701,WFG2,4,200,0.2777998187798811,0.2777998187798811,0.2777998187798811,0.2777998187798811,0.2777998187798811,0.2777998187798811,1,1,0,0,0.0,0.0,0.0,0.0,0.0,0.0,0.0,0.0,0.0,0.0,0.0,0.0,0.0,0.0,0.0,0.06666666666666667,0.21666666666666667,0.6,0.0,0.0,0.0,0.0,0.0,0.0
20260701,WFG2,6,184,0.29597683092577903,0.29597683092577903,0.29597683092577903,0.29597683092577903,0.29597683092577903,0.29597683092577903,1,1,0,0,0.0,0.0,0.0,0.0,0.0,0.0,0.0,0.0,0.0,0.0,0.0,0.0,0.0,0.0,0.0,0.3,0.5166666666666667,0.6166666666666667,0.0,0.0,0.0,0.0,0.0,0.0
20260701,WFG2,5,359,0.2825907438806255,0.2825907438806255,0.2825907438806255,0.2825907438806255,0.2825907438806255,0.2825907438806255,1,1,0,0,0.0,0.0,0.0,0.0,0.0,0.0,0.0,0.0,0.0,0.0,0.0,0.0,0.0,0.0,0.0,0.7,0.8,0.85,0.0,0.0,0.0,0.0,0.0,0.0
20260701,WFG2,3,117,0.16348530898466052,0.16348530898466052,0.16348530898466052,0.16348530898466052,0.16348530898466052,0.16348530898466052,1,1,0,0,0.0,0.0,0.0,0.0,0.0,0.0,0.0,0.0,0.0,0.0,0.0,0.0,0.0,0.0,0.0,0.0,0.13333333333333333,0.45,0.0,0.0,0.0,0.0,0.0,0.0
20260701,WFG2,14,105,0.5897833840990613,0.5963320328231186,0.5963320328231186,0.5897833840990613,0.5897833840990613,0.5963320328231186,1,1,0,0,0.43333333333333335,0.7333333333333333,0.8166666666666667,0.0,0.0,0.0,0.0,0.0,0.0,0.43333333333333335,0.7333333333333333,0.8166666666666667,0.43333333333333335,0.7333333333333333,0.8166666666666667,0.05,0.2,0.7,0.43333333333333335,0.7333333333333333,0.8166666666666667,0.0,0.0,0.0
20260701,WFG2,15,373,0.5049148916807215,0.5049148916807215,0.5049148916807215,0.5049148916807215,0.5049148916807215,0.5049148916807215,1,1,0,0,0.0,0.0,0.0,0.0,0.0,0.0,0.0,0.0,0.0,0.0,0.0,0.0,0.0,0.0,0.0,0.6666666666666666,0.8166666666666667,0.9333333333333333,0.0,0.0,0.0,0.0,0.0,0.0
20260701,WFG2,3,133,0.08917518426135768,0.08917518426135768,0.08917518426135768,0.08917518426135768,0.08917518426135768,0.08917518426135768,1,1,0,0,0.0,0.0,0.0,0.0,0.0,0.0,0.0,0.0,0.0,0.0,0.0,0.0,0.0,0.0,0.0,0.0,0.1,0.35,0.0,0.0,0.0,0.0,0.0,0.0
20260701,WFG2,3,76,0.11136862925845191,0.11136862925845191,0.11136862925845191,0.11136862925845191,0.11136862925845191,0.11136862925845191,1,1,0,0,0.0,0.0,0.0,0.0,0.0,0.0,0.0,0.0,0.0,0.0,0.0,0.0,0.0,0.0,0.0,0.18333333333333332,0.2833333333333333,0.6833333333333333,0.0,0.0,0.0,0.0,0.0,0.0
20260701,WFG2,3,75,0.18092232572391076,0.18092232572391076,0.18092232572391076,0.18092232572391076,0.18092232572391076,0.18092232572391076,1,1,0,0,0.0,0.0,0.0,0.0,0.0,0.0,0.0,0.0,0.0,0.0,0.0,0.0,0.0,0.0,0.0,0.0,0.0,0.03333333333333333,0.0,0.0,0.0,0.0,0.0,0.0
20260701,WFG2,10,74,0.4891322515936763,0.4891322515936763,0.4891322515936763,0.4891322515936763,0.4891322515936763,0.4891322515936763,1,1,0,0,0.0,0.0,0.0,0.0,0.0,0.0,0.0,0.0,0.0,0.0,0.0,0.0,0.0,0.0,0.0,0.0,0.1,0.5333333333333333,0.0,0.0,0.0,0.0,0.0,0.0
20260701,WFG2,6,303,0.41196914266202744,0.4633265538499324,0.4633265538499324,0.41196914266202744,0.41196914266202744,0.4633265538499324,1,1,0,0,0.0,0.0,0.0,0.0,0.0,0.0,0.0,0.0,0.0,0.0,0.0,0.0,0.0,0.0,0.0,0.5166666666666667,0.65,0.9,0.0,0.0,0.0,0.0,0.0,0.0
20260701,WFG2,15,357,0.46185629098555125,0.46185629098555125,0.46185629098555125,0.46185629098555125,0.46185629098555125,0.46185629098555125,1,1,0,0,0.0,0.0,0.0,0.0,0.0,0.0,0.0,0.0,0.0,0.0,0.0,0.0,0.0,0.0,0.0,0.016666666666666666,0.16666666666666666,0.5,0.0,0.0,0.0,0.0,0.0,0.0
20260701,WFG2,15,224,0.4736218847404313,0.4736218847404313,0.4736218847404313,0.4736218847404313,0.4736218847404313,0.4736218847404313,1,1,0,0,0.0,0.0,0.0,0.0,0.0,0.0,0.0,0.0,0.0,0.0,0.0,0.0,0.0,0.0,0.0,0.06666666666666667,0.36666666666666664,0.75,0.0,0.0,0.0,0.0,0.0,0.0
20260701,WFG2,3,108,0.07914340837494253,0.07914340837494253,0.07914340837494253,0.07914340837494253,0.07914340837494253,0.07914340837494253,1,1,0,0,0.0,0.0,0.0,0.0,0.0,0.0,0.0,0.0,0.0,0.0,0.0,0.0,0.0,0.0,0.0,0.0,0.0,0.08333333333333333,0.0,0.0,0.0,0.0,0.0,0.0
20260701,WFG2,7,177,0.4417243511976455,0.4417243511976455,0.4417243511976455,0.4417243511976455,0.4417243511976455,0.4417243511976455,1,1,0,0,0.13333333333333333,0.2833333333333333,0.2833333333333333,0.0,0.0,0.0,0.0,0.0,0.0,0.13333333333333333,0.2833333333333333,0.2833333333333333,0.13333333333333333,0.2833333333333333,0.2833333333333333,0.45,0.6666666666666666,0.8166666666666667,0.13333333333333333,0.2833333333333333,0.2833333333333333,0.0,0.0,0.0
20260701,WFG2,6,67,0.5190756183676126,0.5190756183676126,0.5190756183676126,0.5190756183676126,0.5190756183676126,0.5190756183676126,1,1,0,0,0.0,0.0,0.0,0.0,0.0,0.0,0.0,0.0,0.0,0.0,0.0,0.0,0.0,0.0,0.0,0.03333333333333333,0.21666666666666667,0.6333333333333333,0.0,0.0,0.0,0.0,0.0,0.0
20260701,WFG2,9,157,0.47741639180365103,0.47741639180365103,0.47741639180365103,0.47741639180365103,0.47741639180365103,0.47741639180365103,1,1,0,0,0.0,0.0,0.0,0.0,0.0,0.0,0.0,0.0,0.0,0.0,0.0,0.0,0.0,0.0,0.0,0.5166666666666667,0.6166666666666667,0.85,0.0,0.0,0.0,0.0,0.0,0.0
20260701,WFG2,11,352,0.42224921295215256,0.4994403543363507,0.4994403543363507,0.42224921295215256,0.42224921295215256,0.4994403543363507,1,1,0,0,0.0,0.0,0.18333333333333332,0.0,0.0,0.0,0.0,0.0,0.0,0.0,0.0,0.18333333333333332,0.0,0.0,0.18333333333333332,0.6333333333333333,0.75,0.9333333333333333,0.0,0.0,0.18333333333333332,0.0,0.0,0.0
20260701,WFG2,11,385,0.4919246771980363,0.4919246771980363,0.4919246771980363,0.4919246771980363,0.4919246771980363,0.4919246771980363,1,1,0,0,0.0,0.0,0.03333333333333333,0.0,0.0,0.0,0.0,0.0,0.0,0.0,0.0,0.03333333333333333,0.0,0.0,0.03333333333333333,0.9333333333333333,0.9333333333333333,1.0,0.0,0.0,0.03333333333333333,0.0,0.0,0.0
20260701,WFG2,15,179,0.5197286390724245,0.5197286390724245,0.5197286390724245,0.5197286390724245,0.5197286390724245,0.5197286390724245,1,1,0,0,0.0,0.0,0.0,0.0,0.0,0.0,0.0,0.0,0.0,0.0,0.0,0.0,0.0,0.0,0.0,0.7166666666666667,0.8166666666666667,0.85,0.0,0.0,0.0,0.0,0.0,0.0
20260701,WFG2,11,256,0.47087229821258314,0.47087229821258314,0.47087229821258314,0.47087229821258314,0.47087229821258314,0.47087229821258314,1,1,0,0,0.0,0.0,0.0,0.0,0.0,0.0,0.0,0.0,0.0,0.0,0.0,0.0,0.0,0.0,0.0,0.55,0.7,0.9166666666666666,0.0,0.0,0.0,0.0,0.0,0.0
20260701,WFG2,14,103,0.5927515782080377,0.635091810707929,0.635091810707929,0.5927515782080377,0.5927515782080377,0.635091810707929,1,1,0,0,0.2833333333333333,0.23333333333333334,0.23333333333333334,0.0,0.0,0.0,0.0,0.0,0.0,0.2833333333333333,0.23333333333333334,0.23333333333333334,0.2833333333333333,0.23333333333333334,0.23333333333333334,0.7833333333333333,0.6833333333333333,0.8166666666666667,0.2833333333333333,0.23333333333333334,0.23333333333333334,0.0,0.0,0.0
20260701,WFG2,13,391,0.48022351128316215,0.48022351128316215,0.48022351128316215,0.48022351128316215,0.48022351128316215,0.48022351128316215,1,1,0,0,0.0,0.0,0.0,0.0,0.0,0.0,0.0,0.0,0.0,0.0,0.0,0.0,0.0,0.0,0.0,0.03333333333333333,0.4666666666666667,0.7666666666666667,0.0,0.0,0.0,0.0,0.0,0.0
20260701,WFG2,5,121,0.31196262567548677,0.31196262567548677,0.31196262567548677,0.31196262567548677,0.31196262567548677,0.31196262567548677,1,1,0,0,0.0,0.0,0.0,0.0,0.0,0.0,0.0,0.0,0.0,0.0,0.0,0.0,0.0,0.0,0.0,0.6,0.45,0.6666666666666666,0.0,0.0,0.0,0.0,0.0,0.0
20260701,WFG2,12,278,0.4551832881081965,0.4551832881081965,0.4551832881081965,0.4551832881081965,0.4551832881081965,0.4551832881081965,1,1,0,0,0.0,0.0,0.0,0.0,0.0,0.0,0.0,0.0,0.0,0.0,0.0,0.0,0.0,0.0,0.0,0.55,0.65,0.8333333333333334,0.0,0.0,0.0,0.0,0.0,0.0
20260701,WFG2,4,197,0.25966571047570564,0.25966571047570564,0.25966571047570564,0.25966571047570564,0.25966571047570564,0.25966571047570564,1,1,0,0,0.0,0.0,0.0,0.0,0.0,0.0,0.0,0.0,0.0,0.0,0.0,0.0,0.0,0.0,0.0,0.3,0.6833333333333333,0.5666666666666667,0.0,0.0,0.0,0.0,0.0,0.0
20260701,WFG2,4,66,0.09839511601127711,0.09839511601127711,0.09839511601127711,0.09839511601127711,0.09839511601127711,0.09839511601127711,1,1,0,0,0.0,0.0,0.0,0.0,0.0,0.0,0.0,0.0,0.0,0.0,0.0,0.0,0.0,0.0,0.0,0.0,0.0,0.08333333333333333,0.0,0.0,0.0,0.0,0.0,0.0
20260701,WFG2,8,361,0.4353095779607802,0.4353095779607802,0.4353095779607802,0.4353095779607802,0.4353095779607802,0.4353095779607802,1,1,0,0,0.0,0.0,0.0,0.0,0.0,0.0,0.0,0.0,0.0,0.0,0.0,0.0,0.0,0.0,0.0,0.48333333333333334,0.6,0.9333333333333333,0.0,0.0,0.0,0.0,0.0,0.0
20260701,WFG2,4,151,0.17237959919836482,0.17237959919836482,0.17237959919836482,0.17237959919836482,0.17237959919836482,0.17237959919836482,1,1,0,0,0.0,0.0,0.0,0.0,0.0,0.0,0.0,0.0,0.0,0.0,0.0,0.0,0.0,0.0,0.0,0.0,0.0,0.03333333333333333,0.0,0.0,0.0,0.0,0.0,0.0
20260701,WFG2,15,110,0.5844313073666773,0.5844313073666773,0.5844313073666773,0.5844313073666773,0.5844313073666773,0.5844313073666773,1,1,0,0,0.0,0.0,0.0,0.0,0.0,0.0,0.0,0.0,0.0,0.0,0.0,0.0,0.0,0.0,0.0,0.35,0.6166666666666667,0.8333333333333334,0.0,0.0,0.0,0.0,0.0,0.0
20260701,WFG2,8,98,0.4937116525112832,0.4937116525112832,0.4937116525112832,0.4937116525112832,0.4937116525112832,0.4937116525112832,1,1,0,0,0.0,0.0,0.0,0.0,0.0,0.0,0.0,0.0,0.0,0.0,0.0,0.0,0.0,0.0,0.0,0.05,0.4,0.7333333333333333,0.0,0.0,0.0,0.0,0.0,0.0
20260701,WFG2,4,221,0.21831192630818877,0.21831192630818877,0.21831192630818877,0.21831192630818877,0.21831192630818877,0.21831192630818877,1,1,0,0,0.0,0.0,0.0,0.0,0.0,0.0,0.0,0.0,0.0,0.0,0.0,0.0,0.0,0.0,0.0,0.0,0.0,0.2,0.0,0.0,0.0,0.0,0.0,0.0
20260701,WFG2,9,147,0.44811159607469714,0.44811159607469714,0.44811159607469714,0.44811159607469714,0.44811159607469714,0.44811159607469714,1,1,0,0,0.0,0.0,0.0,0.0,0.0,0.0,0.0,0.0,0.0,0.0,0.0,0.0,0.0,0.0,0.0,0.5166666666666667,0.7333333333333333,0.7833333333333333,0.0,0.0,0.0,0.0,0.0,0.0
20260701,WFG2,5,350,0.2539446237306831,0.2539446237306831,0.2539446237306831,0.2539446237306831,0.2539446237306831,0.2539446237306831,1,1,0,0,0.0,0.0,0.0,0.0,0.0,0.0,0.0,0.0,0.0,0.0,0.0,0.0,0.0,0.0,0.0,0.36666666666666664,0.43333333333333335,0.35,0.0,0.0,0.0,0.0,0.0,0.0
20260701,WFG2,7,117,0.4294591010369564,0.4294591010369564,0.4294591010369564,0.4294591010369564,0.4294591010369564,0.4294591010369564,1,1,0,0,0.0,0.0,0.0,0.0,0.0,0.0,0.0,0.0,0.0,0.0,0.0,0.0,0.0,0.0,0.0,0.6333333333333333,0.8,0.95,0.0,0.0,0.0,0.0,0.0,0.0
20260701,WFG2,4,136,0.17363702573906956,0.17363702573906956,0.17363702573906956,0.17363702573906956,0.17363702573906956,0.17363702573906956,1,1,0,0,0.0,0.0,0.0,0.0,0.0,0.0,0.0,0.0,0.0,0.0,0.0,0.0,0.0,0.0,0.0,0.03333333333333333,0.08333333333333333,0.21666666666666667,0.0,0.0,0.0,0.0,0.0,0.0
20260701,WFG2,9,403,0.38599027289523125,0.38599027289523125,0.38599027289523125,0.38599027289523125,0.38599027289523125,0.38599027289523125,1,1,0,0,0.0,0.0,0.0,0.0,0.0,0.0,0.0,0.0,0.0,0.0,0.0,0.0,0.0,0.0,0.0,0.0,0.3333333333333333,0.65,0.0,0.0,0.0,0.0,0.0,0.0
20260701,WFG2,12,154,0.5169326668076588,0.5169326668076588,0.5169326668076588,0.5169326668076588,0.5169326668076588,0.5169326668076588,1,1,0,0,0.0,0.0,0.0,0.0,0.0,0.0,0.0,0.0,0.0,0.0,0.0,0.0,0.0,0.0,0.0,0.43333333333333335,0.7333333333333333,0.75,0.0,0.0,0.0,0.0,0.0,0.0
20260701,WFG2,13,92,0.4662539524554622,0.4662539524554622,0.4662539524554622,0.4662539524554622,0.4662539524554622,0.4662539524554622,1,1,0,0,0.0,0.0,0.0,0.0,0.0,0.0,0.0,0.0,0.0,0.0,0.0,0.0,0.0,0.0,0.0,0.25,0.45,0.7166666666666667,0.0,0.0,0.0,0.0,0.0,0.0
20260701,WFG2,9,102,0.4579946023817018,0.6058167224852222,0.6058167224852222,0.4579946023817018,0.4579946023817018,0.6058167224852222,1,1,0,0,0.0,0.0,0.0,0.0,0.0,0.0,0.0,0.0,0.0,0.0,0.0,0.0,0.0,0.0,0.0,0.08333333333333333,0.4,0.8166666666666667,0.0,0.0,0.0,0.0,0.0,0.0
20260701,WFG2,15,425,0.47256106348590193,0.47256106348590193,0.47256106348590193,0.47256106348590193,0.47256106348590193,0.47256106348590193,1,1,0,0,0.0,0.0,0.0,0.0,0.0,0.0,0.0,0.0,0.0,0.0,0.0,0.0,0.0,0.0,0.0,0.0,0.3,0.7166666666666667,0.0,0.0,0.0,0.0,0.0,0.0
20260701,WFG2,10,191,0.4807981970778163,0.4807981970778163,0.4807981970778163,0.4807981970778163,0.4807981970778163,0.4807981970778163,1,1,0,0,0.0,0.03333333333333333,0.15,0.0,0.0,0.0,0.0,0.0,0.0,0.0,0.03333333333333333,0.15,0.0,0.03333333333333333,0.15,0.05,0.16666666666666666,0.6666666666666666,0.0,0.03333333333333333,0.15,0.0,0.0,0.0
20260701,WFG2,5,331,0.37104523376004067,0.37104523376004067,0.37104523376004067,0.37104523376004067,0.37104523376004067,0.37104523376004067,1,1,0,0,0.0,0.0,0.0,0.0,0.0,0.0,0.0,0.0,0.0,0.0,0.0,0.0,0.0,0.0,0.0,0.4666666666666667,0.6333333333333333,0.85,0.0,0.0,0.0,0.0,0.0,0.0
20260701,WFG2,14,477,0.5127149852141113,0.5127149852141113,0.5127149852141113,0.5127149852141113,0.5127149852141113,0.5127149852141113,1,1,0,0,0.0,0.03333333333333333,0.16666666666666666,0.0,0.0,0.0,0.0,0.0,0.0,0.016666666666666666,0.03333333333333333,0.16666666666666666,0.0,0.03333333333333333,0.16666666666666666,0.0,0.15,0.6,0.0,0.03333333333333333,0.16666666666666666,0.0,0.0,0.0
20260701,WFG2,12,284,0.520671360843729,0.520671360843729,0.520671360843729,0.520671360843729,0.520671360843729,0.520671360843729,1,1,0,0,0.03333333333333333,0.08333333333333333,0.11666666666666667,0.0,0.0,0.0,0.0,0.0,0.0,0.03333333333333333,0.08333333333333333,0.11666666666666667,0.03333333333333333,0.08333333333333333,0.11666666666666667,0.7666666666666667,0.8333333333333334,0.95,0.03333333333333333,0.08333333333333333,0.11666666666666667,0.0,0.0,0.0
20260701,WFG2,7,385,0.31251715804129193,0.31251715804129193,0.31251715804129193,0.31251715804129193,0.31251715804129193,0.31251715804129193,1,1,0,0,0.0,0.0,0.0,0.0,0.0,0.0,0.0,0.0,0.0,0.0,0.0,0.0,0.0,0.0,0.0,0.48333333333333334,0.48333333333333334,0.6166666666666667,0.0,0.0,0.0,0.0,0.0,0.0
20260701,WFG2,8,157,0.5015179269182137,0.5015179269182137,0.5015179269182137,0.5015179269182137,0.5015179269182137,0.5015179269182137,1,1,0,0,0.0,0.0,0.0,0.0,0.0,0.0,0.0,0.0,0.0,0.0,0.0,0.0,0.0,0.0,0.0,0.6,0.85,0.9166666666666666,0.0,0.0,0.0,0.0,0.0,0.0
20260701,WFG2,4,197,0.21762931380938533,0.21762931380938533,0.21762931380938533,0.21762931380938533,0.21762931380938533,0.21762931380938533,1,1,0,0,0.0,0.0,0.0,0.0,0.0,0.0,0.0,0.0,0.0,0.0,0.0,0.0,0.0,0.0,0.0,0.4166666666666667,0.36666666666666664,0.5166666666666667,0.0,0.0,0.0,0.0,0.0,0.0
20260701,WFG2,4,72,0.15977307654711984,0.15977307654711984,0.15977307654711984,0.15977307654711984,0.15977307654711984,0.15977307654711984,1,1,0,0,0.0,0.0,0.0,0.0,0.0,0.0,0.0,0.0,0.0,0.0,0.0,0.0,0.0,0.0,0.0,0.0,0.1,0.21666666666666667,0.0,0.0,0.0,0.0,0.0,0.0
20260701,WFG2,7,475,0.3845324753991,0.3845324753991,0.3845324753991,0.3845324753991,0.3845324753991,0.3845324753991,1,1,0,0,0.0,0.0,0.0,0.0,0.0,0.0,0.0,0.0,0.0,0.0,0.0,0.0,0.0,0.0,0.0,0.38333333333333336,0.9,0.8833333333333333,0.0,0.0,0.0,0.0,0.0,0.0
20260701,WFG2,15,317,0.49637742142391544,0.49637742142391544,0.49637742142391544,0.49637742142391544,0.49637742142391544,0.49637742142391544,1,1,0,0,0.0,0.0,0.0,0.0,0.0,0.0,0.0,0.0,0.0,0.0,0.0,0.0,0.0,0.0,0.0,0.5666666666666667,0.7333333333333333,0.8,0.0,0.0,0.0,0.0,0.0,0.0
20260701,WFG2,7,351,0.4578372816302339,0.4578372816302339,0.4578372816302339,0.4578372816302339,0.4578372816302339,0.4578372816302339,1,1,0,0,0.0,0.2,0.23333333333333334,0.0,0.0,0.0,0.0,0.0,0.0,0.0,0.2,0.23333333333333334,0.0,0.2,0.23333333333333334,0.1,0.5,0.95,0.0,0.2,0.23333333333333334,0.0,0.0,0.0
20260701,WFG2,5,117,0.20168596731933502,0.20168596731933502,0.20168596731933502,0.20168596731933502,0.20168596731933502,0.20168596731933502,1,1,0,0,0.0,0.0,0.0,0.0,0.0,0.0,0.0,0.0,0.0,0.0,0.0,0.0,0.0,0.0,0.0,0.016666666666666666,0.15,0.36666666666666664,0.0,0.0,0.0,0.0,0.0,0.0
20260701,WFG2,12,141,0.5143808409964237,0.5143808409964237,0.5143808409964237,0.5143808409964237,0.5143808409964237,0.5143808409964237,1,1,0,0,0.0,0.0,0.0,0.0,0.0,0.0,0.0,0.0,0.0,0.0,0.0,0.0,0.0,0.0,0.0,0.0,0.2,0.55,0.0,0.0,0.0,0.0,0.0,0.0
20260701,WFG2,4,179,0.15272743121309362,0.15272743121309362,0.15272743121309362,0.15272743121309362,0.15272743121309362,0.15272743121309362,1,1,0,0,0.0,0.0,0.0,0.0,0.0,0.0,0.0,0.0,0.0,0.0,0.0,0.0,0.0,0.0,0.0,0.06666666666666667,0.35,0.43333333333333335,0.0,0.0,0.0,0.0,0.0,0.0
20260701,WFG2,14,358,0.5201999612463566,0.5201999612463566,0.5201999612463566,0.5201999612463566,0.5201999612463566,0.5201999612463566,1,1,0,0,0.0,0.0,0.0,0.0,0.0,0.0,0.0,0.0,0.0,0.0,0.0,0.0,0.0,0.0,0.0,0.2833333333333333,0.7666666666666667,0.9333333333333333,0.0,0.0,0.0,0.0,0.0,0.0
20260701,WFG2,12,380,0.5395421666564234,0.5395421666564234,0.5395421666564234,0.5395421666564234,0.5395421666564234,0.5395421666564234,1,1,0,0,0.0,0.0,0.0,0.0,0.0,0.0,0.0,0.0,0.0,0.0,0.0,0.0,0.0,0.0,0.0,0.26666666666666666,0.6166666666666667,0.8,0.0,0.0,0.0,0.0,0.0,0.0
20260701,WFG2,4,226,0.18600162994792543,0.18600162994792543,0.18600162994792543,0.18600162994792543,0.18600162994792543,0.18600162994792543,1,1,0,0,0.0,0.0,0.0,0.0,0.0,0.0,0.0,0.0,0.0,0.0,0.0,0.0,0.0,0.0,0.0,0.16666666666666666,0.45,0.6166666666666667,0.0,0.0,0.0,0.0,0.0,0.0
20260701,WFG2,8,496,0.44620471416982094,0.44620471416982094,0.44620471416982094,0.44620471416982094,0.44620471416982094,0.44620471416982094,1,1,0,0,0.0,0.0,0.0,0.0,0.0,0.0,0.0,0.0,0.0,0.0,0.0,0.0,0.0,0.0,0.0,0.65,0.8333333333333334,0.9833333333333333,0.0,0.0,0.0,0.0,0.0,0.0
20260701,WFG2,8,258,0.44145900045038716,0.44145900045038716,0.44145900045038716,0.44145900045038716,0.44145900045038716,0.44145900045038716,1,1,0,0,0.0,0.0,0.0,0.0,0.0,0.0,0.0,0.0,0.0,0.0,0.0,0.0,0.0,0.0,0.0,0.0,0.11666666666666667,0.5666666666666667,0.0,0.0,0.0,0.0,0.0,0.0
20260701,WFG2,9,107,0.4322973376304579,0.4322973376304579,0.4322973376304579,0.4322973376304579,0.4322973376304579,0.4322973376304579,1,1,0,0,0.0,0.0,0.0,0.0,0.0,0.0,0.0,0.0,0.0,0.0,0.0,0.0,0.0,0.0,0.0,0.11666666666666667,0.5333333333333333,0.7666666666666667,0.0,0.0,0.0,0.0,0.0,0.0
20260701,WFG2,13,63,0.6008081796440528,0.6008081796440528,0.6008081796440528,0.6008081796440528,0.6008081796440528,0.6008081796440528,1,1,0,0,0.0,0.0,0.0,0.0,0.0,0.0,0.0,0.0,0.0,0.0,0.0,0.0,0.0,0.0,0.0,0.016666666666666666,0.26666666666666666,0.65,0.0,0.0,0.0,0.0,0.0,0.0
20260701,WFG2,9,442,0.44579266347610225,0.44579266347610225,0.44579266347610225,0.44579266347610225,0.44579266347610225,0.44579266347610225,1,1,0,0,0.0,0.0,0.0,0.0,0.0,0.0,0.0,0.0,0.0,0.0,0.0,0.0,0.0,0.0,0.0,0.38333333333333336,0.6166666666666667,0.6833333333333333,0.0,0.0,0.0,0.0,0.0,0.0
20260701,WFG2,8,488,0.3335164026887425,0.3335164026887425,0.3335164026887425,0.3335164026887425,0.3335164026887425,0.3335164026887425,1,1,0,0,0.0,0.0,0.0,0.0,0.0,0.0,0.0,0.0,0.0,0.0,0.0,0.0,0.0,0.0,0.0,0.21666666666666667,0.48333333333333334,0.85,0.0,0.0,0.0,0.0,0.0,0.0
20260701,WFG2,7,381,0.3948666092479628,0.48301263658692084,0.48301263658692084,0.3948666092479628,0.3948666092479628,0.48301263658692084,1,1,0,0,0.0,0.0,0.0,0.0,0.0,0.0,0.0,0.0,0.0,0.0,0.0,0.0,0.0,0.0,0.0,0.7166666666666667,0.85,0.95,0.0,0.0,0.0,0.0,0.0,0.0
20260701,WFG2,4,215,0.22106856120886295,0.22106856120886295,0.22106856120886295,0.22106856120886295,0.22106856120886295,0.22106856120886295,1,1,0,0,0.0,0.0,0.0,0.0,0.0,0.0,0.0,0.0,0.0,0.0,0.0,0.0,0.0,0.0,0.0,0.4666666666666667,0.4666666666666667,0.6333333333333333,0.0,0.0,0.0,0.0,0.0,0.0
20260701,WFG2,11,124,0.47063026048761286,0.5737438952541928,0.5737438952541928,0.47063026048761286,0.47063026048761286,0.5737438952541928,1,1,0,0,0.05,0.36666666666666664,0.4666666666666667,0.0,0.0,0.0,0.0,0.0,0.0,0.05,0.36666666666666664,0.4666666666666667,0.05,0.36666666666666664,0.4666666666666667,0.0,0.25,0.7,0.05,0.36666666666666664,0.4666666666666667,0.0,0.0,0.0
20260701,DTLZ,13,307,0.7688638030475801,0.7473709039555753,0.7473709039555753,0.7688638030475801,0.7688638030475801,0.7473709039555753,1,1,0,0,0.016666666666666666,0.23333333333333334,0.6833333333333333,0.0,0.0,0.0,0.0,0.0,0.0,0.016666666666666666,0.23333333333333334,0.6833333333333333,0.016666666666666666,0.23333333333333334,0.6833333333333333,0.8,0.9,0.9833333333333333,0.016666666666666666,0.23333333333333334,0.6833333333333333,0.0,0.0,0.0
20260701,DTLZ,7,318,0.7859555754472068,0.7426001944548031,0.7426001944548031,0.7859555754472068,0.7859555754472068,0.7426001944548031,1,1,0,0,0.016666666666666666,0.23333333333333334,0.6166666666666667,0.0,0.0,0.0,0.0,0.0,0.0,0.016666666666666666,0.23333333333333334,0.6166666666666667,0.016666666666666666,0.23333333333333334,0.6166666666666667,0.5333333333333333,0.85,1.0,0.016666666666666666,0.23333333333333334,0.6166666666666667,0.0,0.0,0.0
20260701,DTLZ,10,292,0.7568490661816881,0.7244683902916887,0.7244683902916887,0.7568490661816881,0.7568490661816881,0.7244683902916887,1,1,0,0,0.0,0.016666666666666666,0.2833333333333333,0.0,0.0,0.0,0.0,0.0,0.0,0.0,0.016666666666666666,0.2833333333333333,0.0,0.016666666666666666,0.2833333333333333,0.5166666666666667,0.6333333333333333,0.95,0.0,0.016666666666666666,0.2833333333333333,0.0,0.0,0.0
20260701,DTLZ,7,140,0.7576266438252897,0.7581285367212016,0.7581285367212016,0.7576266438252897,0.7576266438252897,0.7581285367212016,1,1,0,0,0.7833333333333333,0.8666666666666667,0.8833333333333333,0.0,0.0,0.0,0.0,0.0,0.0,0.7833333333333333,0.8666666666666667,0.8833333333333333,0.7833333333333333,0.8666666666666667,0.8833333333333333,0.6166666666666667,0.95,0.9833333333333333,0.7833333333333333,0.8666666666666667,0.8833333333333333,0.0,0.0,0.0
20260701,DTLZ,7,455,0.7454418665026872,0.7474171648385125,0.7474171648385125,0.7454418665026872,0.7454418665026872,0.7474171648385125,1,1,0,0,0.4,0.7,0.7,0.0,0.0,0.0,0.0,0.0,0.0,0.4,0.7,0.7,0.4,0.7,0.7,0.2833333333333333,0.6666666666666666,0.85,0.4,0.7,0.7,0.0,0.0,0.0
20260701,DTLZ,14,164,0.7263187172670867,0.7360469771345258,0.7360469771345258,0.7263187172670867,0.7263187172670867,0.7360469771345258,1,1,0,0,0.18333333333333332,0.6166666666666667,0.6166666666666667,0.0,0.0,0.0,0.0,0.0,0.0,0.18333333333333332,0.6166666666666667,0.6166666666666667,0.18333333333333332,0.6166666666666667,0.6166666666666667,0.2,0.48333333333333334,0.85,0.18333333333333332,0.6166666666666667,0.6166666666666667,0.0,0.0,0.0
20260701,DTLZ,4,273,0.8249977760482825,0.7756287649190797,0.7756287649190797,0.8249977760482825,0.8249977760482825,0.7756287649190797,1,1,0,0,0.31666666666666665,0.36666666666666664,0.4166666666666667,0.0,0.0,0.0,0.0,0.0,0.0,0.31666666666666665,0.36666666666666664,0.4166666666666667,0.31666666666666665,0.36666666666666664,0.4166666666666667,0.6666666666666666,0.8666666666666667,0.9833333333333333,0.31666666666666665,0.36666666666666664,0.4166666666666667,0.0,0.0,0.0
20260701,DTLZ,8,117,0.7388094388786693,0.7370950152427651,0.7370950152427651,0.7388094388786693,0.7388094388786693,0.7370950152427651,1,1,0,0,0.31666666666666665,0.45,0.7,0.0,0.0,0.0,0.0,0.0,0.0,0.31666666666666665,0.45,0.7,0.31666666666666665,0.45,0.7,0.6,0.7166666666666667,0.8666666666666667,0.31666666666666665,0.45,0.7,0.0,0.0,0.0
20260701,DTLZ,4,102,0.8549009130833848,0.77271772743212,0.77271772743212,0.8549009130833848,0.8549009130833848,0.77271772743212,1,1,0,0,0.016666666666666666,0.38333333333333336,0.6666666666666666,0.0,0.0,0.0,0.0,0.0,0.0,0.016666666666666666,0.38333333333333336,0.6666666666666666,0.016666666666666666,0.38333333333333336,0.6666666666666666,0.11666666666666667,0.5333333333333333,0.8833333333333333,0.016666666666666666,0.38333333333333336,0.6666666666666666,0.0,0.0,0.0
20260701,DTLZ,4,256,0.8634280701724382,0.7889619265415196,0.7889619265415196,0.8634280701724382,0.8634280701724382,0.7889619265415196,1,1,0,0,0.3333333333333333,0.5,0.7833333333333333,0.0,0.0,0.0,0.0,0.0,0.0,0.3333333333333333,0.5,0.7833333333333333,0.3333333333333333,0.5,0.7833333333333333,0.8,0.8833333333333333,0.9666666666666667,0.3333333333333333,0.5,0.7833333333333333,0.0,0.0,0.0
20260701,DTLZ,8,444,0.7552904112320332,0.7425387138289418,0.7425387138289418,0.7552904112320332,0.7552904112320332,0.7425387138289418,1,1,0,0,0.2833333333333333,0.43333333333333335,0.43333333333333335,0.0,0.0,0.0,0.0,0.0,0.0,0.2833333333333333,0.43333333333333335,0.43333333333333335,0.2833333333333333,0.43333333333333335,0.43333333333333335,0.48333333333333334,0.8166666666666667,0.8666666666666667,0.2833333333333333,0.43333333333333335,0.43333333333333335,0.0,0.0,0.0
20260701,DTLZ,9,347,0.7292556929741624,0.7500057370552597,0.7500057370552597,0.7292556929741624,0.7292556929741624,0.7500057370552597,1,1,0,0,0.7333333333333333,0.8333333333333334,0.9333333333333333,0.0,0.0,0.0,0.0,0.0,0.0,0.7333333333333333,0.8333333333333334,0.9333333333333333,0.7333333333333333,0.8333333333333334,0.9333333333333333,0.6833333333333333,0.9666666666666667,1.0,0.7333333333333333,0.8333333333333334,0.9333333333333333,0.0,0.0,0.0
20260701,DTLZ,13,355,0.7277056394721829,0.7316619079629307,0.7316619079629307,0.7277056394721829,0.7277056394721829,0.7316619079629307,1,1,0,0,0.2833333333333333,0.4666666666666667,0.4166666666666667,0.0,0.0,0.0,0.0,0.0,0.0,0.2833333333333333,0.4666666666666667,0.4166666666666667,0.2833333333333333,0.4666666666666667,0.4166666666666667,0.43333333333333335,0.7,0.8833333333333333,0.2833333333333333,0.4666666666666667,0.4166666666666667,0.0,0.0,0.0
20260701,DTLZ,3,221,0.9038659126134564,0.8225270007968063,0.8225270007968063,0.9038659126134564,0.9038659126134564,0.8225270007968063,1,1,0,0,0.13333333333333333,0.3,0.6,0.0,0.0,0.0,0.0,0.0,0.0,0.13333333333333333,0.3,0.6,0.13333333333333333,0.3,0.6,0.8666666666666667,0.9666666666666667,1.0,0.13333333333333333,0.3,0.6,0.0,0.0,0.0
20260701,DTLZ,10,412,0.7630189779069554,0.7301500870277664,0.7301500870277664,0.7630189779069554,0.7630189779069554,0.7301500870277664,1,1,0,0,0.05,0.2,0.38333333333333336,0.0,0.0,0.0,0.0,0.0,0.0,0.05,0.2,0.38333333333333336,0.05,0.2,0.38333333333333336,0.5833333333333334,0.9,0.9666666666666667,0.05,0.2,0.38333333333333336,0.0,0.0,0.0
20260701,DTLZ,11,428,0.7402436063768932,0.742257551410692,0.742257551410692,0.7402436063768932,0.7402436063768932,0.742257551410692,1,1,0,0,0.5166666666666667,0.55,0.7,0.0,0.0,0.0,0.0,0.0,0.0,0.5166666666666667,0.55,0.7,0.5166666666666667,0.55,0.7,0.8666666666666667,0.9333333333333333,1.0,0.5166666666666667,0.55,0.7,0.0,0.0,0.0
20260701,DTLZ,4,317,0.8582588150793876,0.7965709183200447,0.7965709183200447,0.8582588150793876,0.8582588150793876,0.7965709183200447,1,1,0,0,0.45,0.4,0.55,0.0,0.0,0.0,0.0,0.0,0.0,0.45,0.4,0.55,0.45,0.4,0.55,0.5666666666666667,0.75,1.0,0.45,0.4,0.55,0.0,0.0,0.0
20260701,DTLZ,15,186,0.7459893757440005,0.7536865946860137,0.7536865946860137,0.7459893757440005,0.7459893757440005,0.7536865946860137,1,1,0,0,0.4166666666666667,0.6166666666666667,0.7333333333333333,0.0,0.0,0.0,0.0,0.0,0.0,0.4166666666666667,0.6166666666666667,0.7333333333333333,0.4166666666666667,0.6166666666666667,0.7333333333333333,0.6833333333333333,0.75,0.9833333333333333,0.4166666666666667,0.6166666666666667,0.7333333333333333,0.0,0.0,0.0
20260701,DTLZ,14,190,0.7481095784263182,0.7673132740901182,0.7673132740901182,0.7481095784263182,0.7481095784263182,0.7673132740901182,1,1,0,0,0.0,0.11666666666666667,0.5333333333333333,0.0,0.0,0.0,0.0,0.0,0.0,0.0,0.11666666666666667,0.5333333333333333,0.0,0.11666666666666667,0.5333333333333333,0.55,0.7333333333333333,0.9,0.0,0.11666666666666667,0.5333333333333333,0.0,0.0,0.0
20260701,DTLZ,13,426,0.7416674209001128,0.7412486831966867,0.7412486831966867,0.7416674209001128,0.7416674209001128,0.7412486831966867,1,1,0,0,0.016666666666666666,0.3,0.7166666666666667,0.0,0.0,0.0,0.0,0.0,0.0,0.016666666666666666,0.3,0.7166666666666667,0.016666666666666666,0.3,0.7166666666666667,0.4166666666666667,0.7833333333333333,0.9666666666666667,0.016666666666666666,0.3,0.7166666666666667,0.0,0.0,0.0
20260701,DTLZ,10,186,0.8005553823309879,0.758114654938643,0.758114654938643,0.8005553823309879,0.8005553823309879,0.758114654938643,1,1,0,0,0.0,0.0,0.0,0.0,0.0,0.0,0.0,0.0,0.0,0.0,0.0,0.0,0.0,0.0,0.0,0.6333333333333333,0.8166666666666667,0.95,0.0,0.0,0.0,0.0,0.0,0.0
20260701,DTLZ,5,185,0.797344866699074,0.7398703849183441,0.7398703849183441,0.797344866699074,0.797344866699074,0.7398703849183441,1,1,0,0,0.15,0.31666666666666665,0.6,0.0,0.0,0.0,0.0,0.0,0.0,0.15,0.31666666666666665,0.6,0.15,0.31666666666666665,0.6,0.6333333333333333,0.8,0.9666666666666667,0.15,0.31666666666666665,0.6,0.0,0.0,0.0
20260701,DTLZ,7,316,0.737576618845393,0.7311878041649059,0.7311878041649059,0.737576618845393,0.737576618845393,0.7311878041649059,1,1,0,0,0.1,0.43333333333333335,0.5833333333333334,0.0,0.0,0.0,0.0,0.0,0.0,0.1,0.43333333333333335,0.5833333333333334,0.1,0.43333333333333335,0.5833333333333334,0.23333333333333334,0.6833333333333333,0.9,0.1,0.43333333333333335,0.5833333333333334,0.0,0.0,0.0
20260701,DTLZ,9,95,0.7537262819884677,0.7557670320790215,0.7557670320790215,0.7537262819884677,0.7537262819884677,0.7557670320790215,1,1,0,0,0.0,0.11666666666666667,0.26666666666666666,0.0,0.0,0.0,0.0,0.0,0.0,0.0,0.11666666666666667,0.26666666666666666,0.0,0.11666666666666667,0.26666666666666666,0.08333333333333333,0.5333333333333333,0.8666666666666667,0.0,0.11666666666666667,0.26666666666666666,0.0,0.0,0.0
20260701,DTLZ,11,220,0.7524394539575302,0.7524394539575302,0.7524394539575302,0.7524394539575302,0.7524394539575302,0.7524394539575302,1,1,0,0,0.13333333333333333,0.31666666666666665,0.31666666666666665,0.0,0.0,0.0,0.0,0.0,0.0,0.13333333333333333,0.31666666666666665,0.31666666666666665,0.13333333333333333,0.31666666666666665,0.31666666666666665,0.6166666666666667,0.8833333333333333,0.9666666666666667,0.13333333333333333,0.31666666666666665,0.31666666666666665,0.0,0.0,0.0
20260701,DTLZ,6,213,0.7599778399566507,0.752261292084801,0.752261292084801,0.7599778399566507,0.7599778399566507,0.752261292084801,1,1,0,0,0.5333333333333333,0.5166666666666667,0.5666666666666667,0.0,0.0,0.0,0.0,0.0,0.0,0.5333333333333333,0.5166666666666667,0.5666666666666667,0.5333333333333333,0.5166666666666667,0.5666666666666667,0.23333333333333334,0.7,1.0,0.5333333333333333,0.5166666666666667,0.5666666666666667,0.0,0.0,0.0
20260701,DTLZ,9,288,0.7660722654938297,0.7323345486397671,0.7323345486397671,0.7660722654938297,0.7660722654938297,0.7323345486397671,1,1,0,0,0.4166666666666667,0.6,0.85,0.0,0.0,0.0,0.0,0.0,0.0,0.4166666666666667,0.6,0.85,0.4166666666666667,0.6,0.85,0.13333333333333333,0.4166666666666667,0.8666666666666667,0.4166666666666667,0.6,0.85,0.0,0.0,0.0
20260701,DTLZ,9,191,0.7288302376120193,0.7536929523421657,0.7536929523421657,0.7288302376120193,0.7288302376120193,0.7536929523421657,1,1,0,0,0.0,0.016666666666666666,0.26666666666666666,0.0,0.0,0.0,0.0,0.0,0.0,0.0,0.016666666666666666,0.26666666666666666,0.0,0.016666666666666666,0.26666666666666666,0.5833333333333334,0.8666666666666667,0.9833333333333333,0.0,0.016666666666666666,0.26666666666666666,0.0,0.0,0.0
20260701,DTLZ,6,222,0.7503628869754677,0.7347856385606752,0.7347856385606752,0.7503628869754677,0.7503628869754677,0.7347856385606752,1,1,0,0,0.5,0.6333333333333333,0.6166666666666667,0.0,0.0,0.0,0.0,0.0,0.0,0.5,0.6333333333333333,0.6166666666666667,0.5,0.6333333333333333,0.6166666666666667,0.4666666666666667,0.75,0.9333333333333333,0.5,0.6333333333333333,0.6166666666666667,0.0,0.0,0.0
20260701,DTLZ,6,261,0.8142550805388934,0.7476752053407599,0.7476752053407599,0.8142550805388934,0.8142550805388934,0.7476752053407599,1,1,0,0,0.21666666666666667,0.5166666666666667,0.8666666666666667,0.0,0.0,0.0,0.0,0.0,0.0,0.21666666666666667,0.5166666666666667,0.8666666666666667,0.21666666666666667,0.5166666666666667,0.8666666666666667,0.25,0.55,0.9,0.21666666666666667,0.5166666666666667,0.8666666666666667,0.0,0.0,0.0
20260701,DTLZ,7,169,0.7918510097391338,0.742042123308026,0.742042123308026,0.7918510097391338,0.7918510097391338,0.742042123308026,1,1,0,0,0.0,0.0,0.26666666666666666,0.0,0.0,0.0,0.0,0.0,0.0,0.0,0.0,0.26666666666666666,0.0,0.0,0.26666666666666666,0.4666666666666667,0.65,0.95,0.0,0.0,0.26666666666666666,0.0,0.0,0.0
20260701,DTLZ,13,246,0.7843155672700182,0.7336837346351591,0.7336837346351591,0.7843155672700182,0.7843155672700182,0.7336837346351591,1,1,0,0,0.15,0.18333333333333332,0.38333333333333336,0.0,0.0,0.0,0.0,0.0,0.0,0.15,0.18333333333333332,0.38333333333333336,0.15,0.18333333333333332,0.38333333333333336,0.4166666666666667,0.7666666666666667,0.85,0.15,0.18333333333333332,0.38333333333333336,0.0,0.0,0.0
20260701,DTLZ,12,410,0.7480422233252111,0.728829226799662,0.728829226799662,0.7480422233252111,0.7480422233252111,0.728829226799662,1,1,0,0,0.06666666666666667,0.18333333333333332,0.43333333333333335,0.0,0.0,0.0,0.0,0.0,0.0,0.06666666666666667,0.18333333333333332,0.43333333333333335,0.06666666666666667,0.18333333333333332,0.43333333333333335,0.5166666666666667,0.7166666666666667,0.8666666666666667,0.06666666666666667,0.18333333333333332,0.43333333333333335,0.0,0.0,0.0
20260701,DTLZ,3,121,0.8662612948814022,0.8328832685863193,0.8328832685863193,0.8662612948814022,0.8662612948814022,0.8328832685863193,1,1,0,0,0.4,0.38333333333333336,0.6666666666666666,0.0,0.0,0.0,0.0,0.0,0.0,0.4,0.38333333333333336,0.6666666666666666,0.4,0.38333333333333336,0.6666666666666666,0.8666666666666667,0.85,0.9666666666666667,0.4,0.38333333333333336,0.6666666666666666,0.0,0.0,0.0
20260701,DTLZ,11,125,0.8062593328551361,0.7418314407902661,0.7418314407902661,0.8062593328551361,0.8062593328551361,0.7418314407902661,1,1,0,0,0.0,0.0,0.2833333333333333,0.0,0.0,0.0,0.0,0.0,0.0,0.0,0.0,0.2833333333333333,0.0,0.0,0.2833333333333333,0.3,0.5,0.9333333333333333,0.0,0.0,0.2833333333333333,0.0,0.0,0.0
20260701,DTLZ,12,239,0.7894994477195072,0.7482252018478783,0.7482252018478783,0.7894994477195072,0.7894994477195072,0.7482252018478783,1,1,0,0,0.7666666666666667,0.9,1.0,0.0,0.0,0.0,0.0,0.0,0.0,0.7666666666666667,0.9,1.0,0.7666666666666667,0.9,1.0,0.4,0.65,0.95,0.7666666666666667,0.9,1.0,0.0,0.0,0.0
20260701,DTLZ,6,385,0.7914605256746547,0.752412395731596,0.752412395731596,0.7914605256746547,0.7914605256746547,0.752412395731596,1,1,0,0,0.18333333333333332,0.43333333333333335,0.5333333333333333,0.0,0.0,0.0,0.0,0.0,0.0,0.18333333333333332,0.43333333333333335,0.5333333333333333,0.18333333333333332,0.43333333333333335,0.5333333333333333,0.6833333333333333,0.8666666666666667,0.95,0.18333333333333332,0.43333333333333335,0.5333333333333333,0.0,0.0,0.0
20260701,DTLZ,7,261,0.7682458745189784,0.7533287658848299,0.7533287658848299,0.7682458745189784,0.7682458745189784,0.7533287658848299,1,1,0,0,0.9666666666666667,0.95,0.95,0.0,0.0,0.0,0.0,0.0,0.0,0.9666666666666667,0.95,0.95,0.9666666666666667,0.95,0.95,0.65,0.8333333333333334,0.9666666666666667,0.9666666666666667,0.95,0.95,0.0,0.0,0.0
20260701,DTLZ,3,376,0.9219292673950378,0.840221938139987,0.840221938139987,0.9219292673950378,0.9219292673950378,0.840221938139987,1,1,0,0,0.08333333333333333,0.3,0.5666666666666667,0.0,0.0,0.0,0.0,0.0,0.0,0.08333333333333333,0.3,0.5666666666666667,0.08333333333333333,0.3,0.5666666666666667,0.8333333333333334,0.9166666666666666,1.0,0.08333333333333333,0.3,0.5666666666666667,0.0,0.0,0.0
20260701,DTLZ,5,309,0.8653722191565119,0.766408656338287,0.766408656338287,0.8653722191565119,0.8653722191565119,0.766408656338287,1,1,0,0,0.25,0.5,0.7333333333333333,0.0,0.0,0.0,0.0,0.0,0.0,0.25,0.5,0.7333333333333333,0.25,0.5,0.7333333333333333,0.43333333333333335,0.8,0.9333333333333333,0.25,0.5,0.7333333333333333,0.0,0.0,0.0
20260701,DTLZ,5,66,0.794894454371902,0.7452077351132735,0.7452077351132735,0.794894454371902,0.794894454371902,0.7452077351132735,1,1,0,0,0.3,0.5666666666666667,0.75,0.0,0.0,0.0,0.0,0.0,0.0,0.3,0.5666666666666667,0.75,0.3,0.5666666666666667,0.75,0.08333333333333333,0.4,0.8666666666666667,0.3,0.5666666666666667,0.75,0.0,0.0,0.0
20260701,DTLZ,7,101,0.7231797761892739,0.7502677290203188,0.7502677290203188,0.7231797761892739,0.7231797761892739,0.7502677290203188,1,1,0,0,0.0,0.016666666666666666,0.03333333333333333,0.0,0.0,0.0,0.0,0.0,0.0,0.0,0.016666666666666666,0.03333333333333333,0.0,0.016666666666666666,0.03333333333333333,0.16666666666666666,0.6666666666666666,0.8166666666666667,0.0,0.016666666666666666,0.03333333333333333,0.0,0.0,0.0
20260701,DTLZ,11,175,0.7866810648791944,0.7585612117074506,0.7585612117074506,0.7866810648791944,0.7866810648791944,0.7585612117074506,1,1,0,0,0.55,0.5333333333333333,0.8,0.0,0.0,0.0,0.0,0.0,0.0,0.55,0.5333333333333333,0.8,0.55,0.5333333333333333,0.8,0.18333333333333332,0.6166666666666667,0.9,0.55,0.5333333333333333,0.8,0.0,0.0,0.0
20260701,DTLZ,11,210,0.7631136215515657,0.7414544485688382,0.7414544485688382,0.7631136215515657,0.7631136215515657,0.7414544485688382,1,1,0,0,0.2,0.5333333333333333,0.8,0.0,0.0,0.0,0.0,0.0,0.0,0.2,0.5333333333333333,0.8,0.2,0.5333333333333333,0.8,0.48333333333333334,0.7333333333333333,0.9333333333333333,0.2,0.5333333333333333,0.8,0.0,0.0,0.0
20260701,DTLZ,15,179,0.7730870699264422,0.745825694518418,0.745825694518418,0.7730870699264422,0.7730870699264422,0.745825694518418,1,1,0,0,0.25,0.5166666666666667,0.6166666666666667,0.0,0.0,0.0,0.0,0.0,0.0,0.25,0.5166666666666667,0.6166666666666667,0.25,0.5166666666666667,0.6166666666666667,0.38333333333333336,0.7,0.95,0.25,0.5166666666666667,0.6166666666666667,0.0,0.0,0.0
20260701,DTLZ,14,334,0.7473874298910336,0.7538357973143898,0.7538357973143898,0.7473874298910336,0.7473874298910336,0.7538357973143898,1,1,0,0,0.0,0.15,0.2833333333333333,0.0,0.0,0.0,0.0,0.0,0.0,0.0,0.15,0.2833333333333333,0.0,0.15,0.2833333333333333,0.5166666666666667,0.8666666666666667,0.9333333333333333,0.0,0.15,0.2833333333333333,0.0,0.0,0.0
20260701,DTLZ,10,215,0.7278828816753079,0.7304914486059725,0.7304914486059725,0.7278828816753079,0.7278828816753079,0.7304914486059725,1,1,0,0,0.0,0.15,0.38333333333333336,0.0,0.0,0.0,0.0,0.0,0.0,0.0,0.15,0.38333333333333336,0.0,0.15,0.38333333333333336,0.55,0.7,0.9333333333333333,0.0,0.15,0.38333333333333336,0.0,0.0,0.0
20260701,DTLZ,3,307,0.8984773827593696,0.8555517826406602,0.8555517826406602,0.8984773827593696,0.8984773827593696,0.8555517826406602,1,1,0,0,0.23333333333333334,0.35,0.55,0.0,0.0,0.0,0.0,0.0,0.0,0.23333333333333334,0.35,0.55,0.23333333333333334,0.35,0.55,0.7,0.9166666666666666,0.9666666666666667,0.23333333333333334,0.35,0.55,0.0,0.0,0.0
20260701,DTLZ,14,334,0.7873851123716006,0.7688926048735489,0.7688926048735489,0.7873851123716006,0.7873851123716006,0.7688926048735489,1,1,0,0,0.3,0.35,0.5166666666666667,0.0,0.0,0.0,0.0,0.0,0.0,0.3,0.35,0.5166666666666667,0.3,0.35,0.5166666666666667,0.23333333333333334,0.5666666666666667,0.8666666666666667,0.3,0.35,0.5166666666666667,0.0,0.0,0.0
20260701,DTLZ,12,187,0.7309069180057897,0.7778980203540792,0.7778980203540792,0.7309069180057897,0.7309069180057897,0.7778980203540792,1,1,0,0,0.0,0.1,0.3,0.0,0.0,0.0,0.0,0.0,0.0,0.0,0.1,0.3,0.0,0.1,0.3,0.6833333333333333,0.85,0.9666666666666667,0.0,0.1,0.3,0.0,0.0,0.0
20260701,DTLZ,11,319,0.7826891554733386,0.7399892860291313,0.7399892860291313,0.7826891554733386,0.7826891554733386,0.7399892860291313,1,1,0,0,0.016666666666666666,0.13333333333333333,0.23333333333333334,0.0,0.0,0.0,0.0,0.0,0.0,0.016666666666666666,0.13333333333333333,0.23333333333333334,0.016666666666666666,0.13333333333333333,0.23333333333333334,0.6,0.8333333333333334,0.9666666666666667,0.016666666666666666,0.13333333333333333,0.23333333333333334,0.0,0.0,0.0
20260701,DTLZ,13,73,0.7872991047684028,0.7872991047684028,0.7872991047684028,0.7872991047684028,0.7872991047684028,0.7872991047684028,1,1,0,0,0.15,0.23333333333333334,0.2833333333333333,0.0,0.0,0.0,0.0,0.0,0.0,0.15,0.23333333333333334,0.2833333333333333,0.15,0.23333333333333334,0.2833333333333333,0.5333333333333333,0.7666666666666667,0.9,0.15,0.23333333333333334,0.2833333333333333,0.0,0.0,0.0
20260701,DTLZ,3,279,0.9405172071477274,0.871125550233508,0.871125550233508,0.9405172071477274,0.9405172071477274,0.871125550233508,1,1,0,0,0.08333333333333333,0.25,0.5,0.0,0.0,0.0,0.0,0.0,0.0,0.08333333333333333,0.25,0.5,0.08333333333333333,0.25,0.5,0.7666666666666667,0.9,1.0,0.08333333333333333,0.25,0.5,0.0,0.0,0.0
20260701,DTLZ,9,471,0.7532434852618929,0.7280756754941542,0.7280756754941542,0.7532434852618929,0.7532434852618929,0.7280756754941542,1,1,0,0,0.5333333333333333,0.7666666666666667,0.9333333333333333,0.0,0.0,0.0,0.0,0.0,0.0,0.5333333333333333,0.7666666666666667,0.9333333333333333,0.5333333333333333,0.7666666666666667,0.9333333333333333,0.36666666666666664,0.7666666666666667,0.9333333333333333,0.5333333333333333,0.7666666666666667,0.9333333333333333,0.0,0.0,0.0
20260701,DTLZ,3,150,0.9470890602331352,0.8588004816281388,0.8588004816281388,0.9470890602331352,0.9470890602331352,0.8588004816281388,1,1,0,0,0.0,0.23333333333333334,0.5166666666666667,0.0,0.0,0.0,0.0,0.0,0.0,0.0,0.23333333333333334,0.5166666666666667,0.0,0.23333333333333334,0.5166666666666667,0.48333333333333334,0.6333333333333333,0.9666666666666667,0.0,0.23333333333333334,0.5166666666666667,0.0,0.0,0.0
20260701,DTLZ,9,393,0.758352869873374,0.7255074222555545,0.7255074222555545,0.758352869873374,0.758352869873374,0.7255074222555545,1,1,0,0,0.0,0.08333333333333333,0.38333333333333336,0.0,0.0,0.0,0.0,0.0,0.0,0.0,0.08333333333333333,0.38333333333333336,0.0,0.08333333333333333,0.38333333333333336,0.4166666666666667,0.6833333333333333,0.9333333333333333,0.0,0.08333333333333333,0.38333333333333336,0.0,0.0,0.0
20260701,DTLZ,12,76,0.7798970165585277,0.7731863164779416,0.7731863164779416,0.7798970165585277,0.7798970165585277,0.7731863164779416,1,1,0,0,0.4,0.3,0.5166666666666667,0.0,0.0,0.0,0.0,0.0,0.0,0.4,0.3,0.5166666666666667,0.4,0.3,0.5166666666666667,0.1,0.3,0.7,0.4,0.3,0.5166666666666667,0.0,0.0,0.0
20260701,DTLZ,12,415,0.761678066313264,0.7519443685249084,0.7519443685249084,0.761678066313264,0.761678066313264,0.7519443685249084,1,1,0,0,0.6166666666666667,0.65,0.6,0.0,0.0,0.0,0.0,0.0,0.0,0.6166666666666667,0.65,0.6,0.6166666666666667,0.65,0.6,0.7333333333333333,0.9166666666666666,0.95,0.6166666666666667,0.65,0.6,0.0,0.0,0.0
20260701,DTLZ,12,437,0.7613463322235655,0.752147194125475,0.752147194125475,0.7613463322235655,0.7613463322235655,0.752147194125475,1,1,0,0,0.05,0.15,0.6333333333333333,0.0,0.0,0.0,0.0,0.0,0.0,0.05,0.15,0.6333333333333333,0.05,0.15,0.6333333333333333,0.35,0.6333333333333333,0.9166666666666666,0.05,0.15,0.6333333333333333,0.0,0.0,0.0
20260701,DTLZ,15,224,0.7613289333948333,0.7410354775345617,0.7410354775345617,0.7613289333948333,0.7613289333948333,0.7410354775345617,1,1,0,0,0.0,0.0,0.08333333333333333,0.0,0.0,0.0,0.0,0.0,0.0,0.0,0.0,0.08333333333333333,0.0,0.0,0.08333333333333333,0.5333333333333333,0.7833333333333333,0.95,0.0,0.0,0.08333333333333333,0.0,0.0,0.0
20260701,DTLZ,11,268,0.7176914807282714,0.7189795199236727,0.7189795199236727,0.7176914807282714,0.7176914807282714,0.7189795199236727,1,1,0,0,0.016666666666666666,0.016666666666666666,0.13333333333333333,0.0,0.0,0.0,0.0,0.0,0.0,0.016666666666666666,0.016666666666666666,0.13333333333333333,0.016666666666666666,0.016666666666666666,0.13333333333333333,0.75,0.85,1.0,0.016666666666666666,0.016666666666666666,0.13333333333333333,0.0,0.0,0.0
20260701,DTLZ,4,314,0.8450841596984148,0.7790333264192816,0.7790333264192816,0.8450841596984148,0.8450841596984148,0.7790333264192816,1,1,0,0,0.0,0.016666666666666666,0.25,0.0,0.0,0.0,0.0,0.0,0.0,0.0,0.016666666666666666,0.25,0.0,0.016666666666666666,0.25,0.7166666666666667,0.95,0.9833333333333333,0.0,0.016666666666666666,0.25,0.0,0.0,0.0
20260701,DTLZ,7,416,0.751400796944398,0.7362756075816731,0.7362756075816731,0.751400796944398,0.751400796944398,0.7362756075816731,1,1,0,0,0.1,0.4666666666666667,0.6833333333333333,0.0,0.0,0.0,0.0,0.0,0.0,0.1,0.4666666666666667,0.6833333333333333,0.1,0.4666666666666667,0.6833333333333333,0.5333333333333333,0.7666666666666667,0.95,0.1,0.4666666666666667,0.6833333333333333,0.0,0.0,0.0
20260701,DTLZ,11,449,0.7692848653330349,0.7412358631146131,0.7412358631146131,0.7692848653330349,0.7692848653330349,0.7412358631146131,1,1,0,0,0.26666666666666666,0.7,0.8833333333333333,0.0,0.0,0.0,0.0,0.0,0.0,0.26666666666666666,0.7,0.8833333333333333,0.26666666666666666,0.7,0.8833333333333333,0.1,0.48333333333333334,0.9166666666666666,0.26666666666666666,0.7,0.8833333333333333,0.0,0.0,0.0
20260701,DTLZ,10,497,0.72696724576235,0.7335014664692089,0.7335014664692089,0.72696724576235,0.72696724576235,0.7335014664692089,1,1,0,0,0.0,0.0,0.05,0.0,0.0,0.0,0.0,0.0,0.0,0.0,0.0,0.05,0.0,0.0,0.05,0.7333333333333333,0.8833333333333333,0.95,0.0,0.0,0.05,0.0,0.0,0.0
20260701,DTLZ,5,117,0.8329997073706233,0.7591621609071834,0.7591621609071834,0.8329997073706233,0.8329997073706233,0.7591621609071834,1,1,0,0,0.0,0.11666666666666667,0.43333333333333335,0.0,0.0,0.0,0.0,0.0,0.0,0.0,0.11666666666666667,0.43333333333333335,0.0,0.11666666666666667,0.43333333333333335,0.6166666666666667,0.6833333333333333,0.8666666666666667,0.0,0.11666666666666667,0.43333333333333335,0.0,0.0,0.0
20260701,DTLZ,8,491,0.7473153685905356,0.7349034244311335,0.7349034244311335,0.7473153685905356,0.7473153685905356,0.7349034244311335,1,1,0,0,0.7166666666666667,0.8333333333333334,0.9833333333333333,0.0,0.0,0.0,0.0,0.0,0.0,0.7166666666666667,0.8333333333333334,0.9833333333333333,0.7166666666666667,0.8333333333333334,0.9833333333333333,0.08333333333333333,0.5666666666666667,0.9,0.7166666666666667,0.8333333333333334,0.9833333333333333,0.0,0.0,0.0
20260701,DTLZ,10,198,0.7609150994991611,0.7425177504685352,0.7425177504685352,0.7609150994991611,0.7609150994991611,0.7425177504685352,1,1,0,0,0.0,0.016666666666666666,0.23333333333333334,0.0,0.0,0.0,0.0,0.0,0.0,0.0,0.016666666666666666,0.23333333333333334,0.0,0.016666666666666666,0.23333333333333334,0.18333333333333332,0.65,0.9166666666666666,0.0,0.016666666666666666,0.23333333333333334,0.0,0.0,0.0
20260701,DTLZ,8,451,0.8320745465923882,0.7327770771166722,0.7327770771166722,0.8320745465923882,0.8320745465923882,0.7327770771166722,1,1,0,0,0.15,0.3,0.6833333333333333,0.0,0.0,0.0,0.0,0.0,0.0,0.15,0.3,0.6833333333333333,0.15,0.3,0.6833333333333333,0.6833333333333333,0.7666666666666667,0.95,0.15,0.3,0.6833333333333333,0.0,0.0,0.0
20260701,DTLZ,14,246,0.7590547398363111,0.736151468445437,0.736151468445437,0.7590547398363111,0.7590547398363111,0.736151468445437,1,1,0,0,0.0,0.21666666666666667,0.48333333333333334,0.0,0.0,0.0,0.0,0.0,0.0,0.0,0.21666666666666667,0.48333333333333334,0.0,0.21666666666666667,0.48333333333333334,0.6333333333333333,0.7333333333333333,0.9666666666666667,0.0,0.21666666666666667,0.48333333333333334,0.0,0.0,0.0
20260701,DTLZ,8,181,0.7830526132745157,0.741557576725459,0.741557576725459,0.7830526132745157,0.7830526132745157,0.741557576725459,1,1,0,0,0.2,0.35,0.4166666666666667,0.0,0.0,0.0,0.0,0.0,0.0,0.2,0.35,0.4166666666666667,0.2,0.35,0.4166666666666667,0.5166666666666667,0.7,1.0,0.2,0.35,0.4166666666666667,0.0,0.0,0.0
20260701,DTLZ,8,427,0.7128090547607082,0.7192182589448648,0.7192182589448648,0.7128090547607082,0.7128090547607082,0.7192182589448648,1,1,0,0,0.0,0.016666666666666666,0.26666666666666666,0.0,0.0,0.0,0.0,0.0,0.0,0.0,0.016666666666666666,0.26666666666666666,0.0,0.016666666666666666,0.26666666666666666,0.5,0.8333333333333334,0.9333333333333333,0.0,0.016666666666666666,0.26666666666666666,0.0,0.0,0.0
20260701,DTLZ,6,115,0.7704703907014867,0.7386192660611819,0.7386192660611819,0.7704703907014867,0.7704703907014867,0.7386192660611819,1,1,0,0,0.03333333333333333,0.25,0.7666666666666667,0.0,0.0,0.0,0.0,0.0,0.0,0.03333333333333333,0.25,0.7666666666666667,0.03333333333333333,0.25,0.7666666666666667,0.15,0.55,0.7,0.03333333333333333,0.25,0.7666666666666667,0.0,0.0,0.0
20260701,DTLZ,15,411,0.7724219535431037,0.7420342918223578,0.7420342918223578,0.7724219535431037,0.7724219535431037,0.7420342918223578,1,1,0,0,0.0,0.16666666666666666,0.3333333333333333,0.0,0.0,0.0,0.0,0.0,0.0,0.0,0.16666666666666666,0.3333333333333333,0.0,0.16666666666666666,0.3333333333333333,0.5,0.7,0.9166666666666666,0.0,0.16666666666666666,0.3333333333333333,0.0,0.0,0.0
20260701,DTLZ,13,67,0.7943002635466923,0.7943002635466923,0.7943002635466923,0.7943002635466923,0.7943002635466923,0.7943002635466923,1,1,0,0,0.0,0.23333333333333334,0.21666666666666667,0.0,0.0,0.0,0.0,0.0,0.0,0.0,0.23333333333333334,0.21666666666666667,0.0,0.23333333333333334,0.21666666666666667,0.5333333333333333,0.7,0.75,0.0,0.23333333333333334,0.21666666666666667,0.0,0.0,0.0
20260701,DTLZ,8,399,0.7432306091460461,0.7423218883010795,0.7423218883010795,0.7432306091460461,0.7432306091460461,0.7423218883010795,1,1,0,0,0.0,0.2,0.6833333333333333,0.0,0.0,0.0,0.0,0.0,0.0,0.0,0.2,0.6833333333333333,0.0,0.2,0.6833333333333333,0.6166666666666667,0.8833333333333333,0.9833333333333333,0.0,0.2,0.6833333333333333,0.0,0.0,0.0
20260701,DTLZ,12,496,0.8022687655265724,0.7339878730009741,0.7339878730009741,0.8022687655265724,0.8022687655265724,0.7339878730009741,1,1,0,0,0.5166666666666667,0.8,0.95,0.0,0.0,0.0,0.0,0.0,0.0,0.5166666666666667,0.8,0.95,0.5166666666666667,0.8,0.95,0.6166666666666667,0.8,0.9166666666666666,0.5166666666666667,0.8,0.95,0.0,0.0,0.0
20260701,DTLZ,8,87,0.7490608244519364,0.738806034824671,0.738806034824671,0.7490608244519364,0.7490608244519364,0.738806034824671,1,1,0,0,0.0,0.0,0.08333333333333333,0.0,0.0,0.0,0.0,0.0,0.0,0.0,0.0,0.08333333333333333,0.0,0.0,0.08333333333333333,0.21666666666666667,0.65,0.8333333333333334,0.0,0.0,0.08333333333333333,0.0,0.0,0.0
20260701,DTLZ,14,215,0.7341978807129167,0.7362683473590201,0.7362683473590201,0.7341978807129167,0.7341978807129167,0.7362683473590201,1,1,0,0,0.15,0.3333333333333333,0.4,0.0,0.0,0.0,0.0,0.0,0.0,0.15,0.3333333333333333,0.4,0.15,0.3333333333333333,0.4,0.8166666666666667,0.9166666666666666,0.9666666666666667,0.15,0.3333333333333333,0.4,0.0,0.0,0.0
20260701,DTLZ,12,110,0.7464436183026532,0.7464436183026532,0.7464436183026532,0.7464436183026532,0.7464436183026532,0.7464436183026532,1,1,0,0,0.5166666666666667,0.48333333333333334,0.36666666666666664,0.0,0.0,0.0,0.0,0.0,0.0,0.5166666666666667,0.48333333333333334,0.36666666666666664,0.5166666666666667,0.48333333333333334,0.36666666666666664,0.5666666666666667,0.8333333333333334,0.9166666666666666,0.5166666666666667,0.48333333333333334,0.36666666666666664,0.0,0.0,0.0
20260701,DTLZ,11,497,0.749648041932005,0.7337497848314498,0.7337497848314498,0.749648041932005,0.749648041932005,0.7337497848314498,1,1,0,0,0.5666666666666667,0.6833333333333333,0.8666666666666667,0.0,0.0,0.0,0.0,0.0,0.0,0.5666666666666667,0.6833333333333333,0.8666666666666667,0.5666666666666667,0.6833333333333333,0.8666666666666667,0.016666666666666666,0.48333333333333334,0.9333333333333333,0.5666666666666667,0.6833333333333333,0.8666666666666667,0.0,0.0,0.0
20260701,DTLZ,14,132,0.797552664480626,0.7838527651208334,0.7838527651208334,0.797552664480626,0.797552664480626,0.7838527651208334,1,1,0,0,0.43333333333333335,0.48333333333333334,0.75,0.0,0.0,0.0,0.0,0.0,0.0,0.43333333333333335,0.48333333333333334,0.75,0.43333333333333335,0.48333333333333334,0.75,0.5833333333333334,0.8333333333333334,0.9333333333333333,0.43333333333333335,0.48333333333333334,0.75,0.0,0.0,0.0
20260701,DTLZ,4,141,0.8889149056584161,0.7835470876521219,0.7835470876521219,0.8889149056584161,0.8889149056584161,0.7835470876521219,1,1,0,0,0.0,0.03333333333333333,0.4666666666666667,0.0,0.0,0.0,0.0,0.0,0.0,0.0,0.03333333333333333,0.4666666666666667,0.0,0.03333333333333333,0.4666666666666667,0.3,0.6833333333333333,0.8333333333333334,0.0,0.03333333333333333,0.4666666666666667,0.0,0.0,0.0
20260701,DTLZ,4,451,0.84458734764476,0.7903980944319665,0.7903980944319665,0.84458734764476,0.84458734764476,0.7903980944319665,1,1,0,0,0.7166666666666667,0.8333333333333334,0.9333333333333333,0.0,0.0,0.0,0.0,0.0,0.0,0.7333333333333333,0.8333333333333334,0.9333333333333333,0.7166666666666667,0.8333333333333334,0.9333333333333333,0.7166666666666667,0.9333333333333333,1.0,0.7166666666666667,0.8333333333333334,0.9333333333333333,0.0,0.0,0.0
20260701,DTLZ,5,117,0.7639654075708682,0.751228858390015,0.751228858390015,0.7639654075708682,0.7639654075708682,0.751228858390015,1,1,0,0,0.4,0.6666666666666666,0.6666666666666666,0.0,0.0,0.0,0.0,0.0,0.0,0.4,0.6666666666666666,0.6666666666666666,0.4,0.6666666666666666,0.6666666666666666,0.55,0.7166666666666667,0.9166666666666666,0.4,0.6666666666666666,0.6666666666666666,0.0,0.0,0.0
20260701,DTLZ,5,294,0.821463277982851,0.7523406100780331,0.7523406100780331,0.821463277982851,0.821463277982851,0.7523406100780331,1,1,0,0,0.0,0.2,0.5333333333333333,0.0,0.0,0.0,0.0,0.0,0.0,0.0,0.2,0.5333333333333333,0.0,0.2,0.5333333333333333,0.9,0.9333333333333333,0.9,0.0,0.2,0.5333333333333333,0.0,0.0,0.0
20260701,DTLZ,11,279,0.7466096602891608,0.7546551760069196,0.7546551760069196,0.7466096602891608,0.7466096602891608,0.7546551760069196,1,1,0,0,0.18333333333333332,0.4666666666666667,0.6,0.0,0.0,0.0,0.0,0.0,0.0,0.18333333333333332,0.4666666666666667,0.6,0.18333333333333332,0.4666666666666667,0.6,0.65,0.8666666666666667,0.95,0.18333333333333332,0.4666666666666667,0.6,0.0,0.0,0.0
20260701,DTLZ,13,306,0.7234767295871518,0.7268856490420671,0.7268856490420671,0.7234767295871518,0.7234767295871518,0.7268856490420671,1,1,0,0,0.45,0.6166666666666667,0.6333333333333333,0.0,0.0,0.0,0.0,0.0,0.0,0.45,0.6166666666666667,0.6333333333333333,0.45,0.6166666666666667,0.6333333333333333,0.8333333333333334,0.8833333333333333,0.9333333333333333,0.45,0.6166666666666667,0.6333333333333333,0.0,0.0,0.0
20260701,DTLZ,14,208,0.7700809590336694,0.759610509960947,0.759610509960947,0.7700809590336694,0.7700809590336694,0.759610509960947,1,1,0,0,0.5,0.45,0.8333333333333334,0.0,0.0,0.0,0.0,0.0,0.0,0.5,0.45,0.8333333333333334,0.5,0.45,0.8333333333333334,0.2833333333333333,0.5833333333333334,0.9166666666666666,0.5,0.45,0.8333333333333334,0.0,0.0,0.0
20260701,DTLZ,12,155,0.7538759559313076,0.7619429341679113,0.7619429341679113,0.7538759559313076,0.7538759559313076,0.7619429341679113,1,1,0,0,0.43333333333333335,0.5333333333333333,0.6833333333333333,0.0,0.0,0.0,0.0,0.0,0.0,0.43333333333333335,0.5333333333333333,0.6833333333333333,0.43333333333333335,0.5333333333333333,0.6833333333333333,0.6666666666666666,0.9333333333333333,0.95,0.43333333333333335,0.5333333333333333,0.6833333333333333,0.0,0.0,0.0
20260701,DTLZ,10,494,0.7390425883952053,0.7199990800451339,0.7199990800451339,0.7390425883952053,0.7390425883952053,0.7199990800451339,1,1,0,0,0.016666666666666666,0.26666666666666666,0.6833333333333333,0.0,0.0,0.0,0.0,0.0,0.0,0.016666666666666666,0.26666666666666666,0.6833333333333333,0.016666666666666666,0.26666666666666666,0.6833333333333333,0.45,0.8833333333333333,0.9333333333333333,0.016666666666666666,0.26666666666666666,0.6833333333333333,0.0,0.0,0.0
20260701,DTLZ,7,152,0.7746928001032128,0.7562798950645176,0.7562798950645176,0.7746928001032128,0.7746928001032128,0.7562798950645176,1,1,0,0,0.03333333333333333,0.26666666666666666,0.65,0.0,0.0,0.0,0.0,0.0,0.0,0.03333333333333333,0.26666666666666666,0.65,0.03333333333333333,0.26666666666666666,0.65,0.3333333333333333,0.5666666666666667,0.9333333333333333,0.03333333333333333,0.26666666666666666,0.65,0.0,0.0,0.0
20260701,DTLZ,4,185,0.8449868601617414,0.7857323600308049,0.7857323600308049,0.8449868601617414,0.8449868601617414,0.7857323600308049,1,1,0,0,0.06666666666666667,0.25,0.5666666666666667,0.0,0.0,0.0,0.0,0.0,0.0,0.06666666666666667,0.25,0.5666666666666667,0.06666666666666667,0.25,0.5666666666666667,0.13333333333333333,0.6166666666666667,0.9166666666666666,0.06666666666666667,0.25,0.5666666666666667,0.0,0.0,0.0
20260701,DTLZ,9,75,0.7452559452697722,0.8024670391451018,0.8024670391451018,0.7452559452697722,0.7452559452697722,0.8024670391451018,1,1,0,0,0.5,0.5666666666666667,0.7,0.0,0.0,0.0,0.0,0.0,0.0,0.5,0.5666666666666667,0.6833333333333333,0.5,0.5666666666666667,0.7,0.4,0.6166666666666667,0.9333333333333333,0.5,0.5666666666666667,0.7,0.0,0.0,0.0
20260701,DTLZ,6,453,0.7645105492109117,0.7362326069145427,0.7362326069145427,0.7645105492109117,0.7645105492109117,0.7362326069145427,1,1,0,0,0.15,0.31666666666666665,0.5833333333333334,0.0,0.0,0.0,0.0,0.0,0.0,0.15,0.31666666666666665,0.5833333333333334,0.15,0.31666666666666665,0.5833333333333334,0.5166666666666667,0.7833333333333333,0.9833333333333333,0.15,0.31666666666666665,0.5833333333333334,0.0,0.0,0.0
20260701,DTLZ,8,297,0.729448813773737,0.7273465769543448,0.7273465769543448,0.729448813773737,0.729448813773737,0.7273465769543448,1,1,0,0,0.11666666666666667,0.3,0.48333333333333334,0.0,0.0,0.0,0.0,0.0,0.0,0.11666666666666667,0.3,0.48333333333333334,0.11666666666666667,0.3,0.48333333333333334,0.5333333333333333,0.8333333333333334,0.8833333333333333,0.11666666666666667,0.3,0.48333333333333334,0.0,0.0,0.0
20260701,DTLZ,7,180,0.790759992906493,0.7507862643269542,0.7507862643269542,0.790759992906493,0.790759992906493,0.7507862643269542,1,1,0,0,0.016666666666666666,0.15,0.48333333333333334,0.0,0.0,0.0,0.0,0.0,0.0,0.016666666666666666,0.15,0.48333333333333334,0.016666666666666666,0.15,0.48333333333333334,0.7666666666666667,0.7666666666666667,0.9,0.016666666666666666,0.15,0.48333333333333334,0.0,0.0,0.0
20260701,DTLZ,8,228,0.7284685525676503,0.7257532498851137,0.7257532498851137,0.7284685525676503,0.7284685525676503,0.7257532498851137,1,1,0,0,0.4,0.75,0.9166666666666666,0.0,0.0,0.0,0.0,0.0,0.0,0.4,0.75,0.9166666666666666,0.4,0.75,0.9166666666666666,0.26666666666666666,0.6166666666666667,0.95,0.4,0.75,0.9166666666666666,0.0,0.0,0.0
20260701,DTLZ,6,279,0.7459592372938277,0.737040498308389,0.737040498308389,0.7459592372938277,0.7459592372938277,0.737040498308389,1,1,0,0,0.5333333333333333,0.5833333333333334,0.5333333333333333,0.0,0.0,0.0,0.0,0.0,0.0,0.5333333333333333,0.5833333333333334,0.5333333333333333,0.5333333333333333,0.5833333333333334,0.5333333333333333,0.75,0.8333333333333334,0.95,0.5333333333333333,0.5833333333333334,0.5333333333333333,0.0,0.0,0.0
20260701,DTLZ,5,458,0.8306107082612165,0.7562742879995082,0.7562742879995082,0.8306107082612165,0.8306107082612165,0.7562742879995082,1,1,0,0,0.06666666666666667,0.35,0.55,0.0,0.0,0.0,0.0,0.0,0.0,0.06666666666666667,0.35,0.55,0.06666666666666667,0.35,0.55,0.7666666666666667,0.9166666666666666,0.9833333333333333,0.06666666666666667,0.35,0.55,0.0,0.0,0.0
20260701,Energy,8,76,0.4732610731325633,0.5245192969007266,0.5245192969007266,0.4732610731325633,0.4732610731325633,0.5245192969007266,1,1,0,0,0.0,0.0,0.15,0.0,0.0,0.0,0.0,0.0,0.0,0.0,0.0,0.15,0.0,0.0,0.15,0.5,0.65,0.7833333333333333,0.0,0.0,0.15,0.0,0.0,0.0
20260701,Energy,5,277,0.5072666340616268,0.49060884085848233,0.49060884085848233,0.5072666340616268,0.5072666340616268,0.49060884085848233,1,1,0,0,0.4166666666666667,0.5833333333333334,0.8333333333333334,0.0,0.0,0.0,0.0,0.0,0.0,0.4166666666666667,0.5833333333333334,0.8333333333333334,0.4166666666666667,0.5833333333333334,0.8333333333333334,0.26666666666666666,0.5833333333333334,0.7333333333333333,0.4166666666666667,0.5833333333333334,0.8333333333333334,0.0,0.0,0.0
20260701,Energy,5,494,0.4978656668415817,0.4760729020628768,0.4760729020628768,0.4978656668415817,0.4978656668415817,0.4760729020628768,1,1,0,0,0.7,0.95,0.95,0.0,0.0,0.0,0.0,0.0,0.0,0.7,0.95,0.95,0.7,0.95,0.95,0.2833333333333333,0.6666666666666666,0.8166666666666667,0.7,0.95,0.95,0.0,0.0,0.0
20260701,Energy,6,146,0.44724876723072077,0.4785858037304878,0.4785858037304878,0.44724876723072077,0.44724876723072077,0.4785858037304878,1,1,0,0,0.03333333333333333,0.03333333333333333,0.2833333333333333,0.0,0.0,0.0,0.0,0.0,0.0,0.03333333333333333,0.03333333333333333,0.2833333333333333,0.03333333333333333,0.03333333333333333,0.2833333333333333,0.06666666666666667,0.3333333333333333,0.7,0.03333333333333333,0.03333333333333333,0.2833333333333333,0.0,0.0,0.0
20260701,Energy,8,115,0.4211422150689978,0.4211422150689978,0.4211422150689978,0.4211422150689978,0.4211422150689978,0.4211422150689978,1,1,0,0,0.0,0.016666666666666666,0.1,0.0,0.0,0.0,0.0,0.0,0.0,0.0,0.016666666666666666,0.1,0.0,0.016666666666666666,0.1,0.45,0.65,0.9,0.0,0.016666666666666666,0.1,0.0,0.0,0.0
20260701,Energy,4,447,0.4378561810707224,0.4378561810707224,0.4378561810707224,0.4378561810707224,0.4378561810707224,0.4378561810707224,1,1,0,0,0.3,0.43333333333333335,0.4666666666666667,0.0,0.0,0.0,0.0,0.0,0.0,0.3,0.43333333333333335,0.4666666666666667,0.3,0.43333333333333335,0.4666666666666667,0.2833333333333333,0.43333333333333335,0.8333333333333334,0.3,0.43333333333333335,0.4666666666666667,0.0,0.0,0.0
20260701,Energy,8,326,0.43195621455957806,0.4603362691002508,0.4603362691002508,0.43195621455957806,0.43195621455957806,0.4603362691002508,1,1,0,0,0.25,0.35,0.45,0.0,0.0,0.0,0.0,0.0,0.0,0.25,0.35,0.45,0.25,0.35,0.45,0.5833333333333334,0.6833333333333333,0.85,0.25,0.35,0.45,0.0,0.0,0.0
20260701,Energy,5,118,0.4414139093344706,0.4414139093344706,0.4414139093344706,0.4414139093344706,0.4414139093344706,0.4414139093344706,1,1,0,0,0.0,0.0,0.18333333333333332,0.0,0.0,0.0,0.0,0.0,0.0,0.0,0.0,0.18333333333333332,0.0,0.0,0.18333333333333332,0.016666666666666666,0.1,0.5833333333333334,0.0,0.0,0.18333333333333332,0.0,0.0,0.0
20260701,Energy,8,271,0.41665951049865585,0.41665951049865585,0.41665951049865585,0.41665951049865585,0.41665951049865585,0.41665951049865585,1,1,0,0,0.0,0.03333333333333333,0.2,0.0,0.0,0.0,0.0,0.0,0.0,0.0,0.03333333333333333,0.2,0.0,0.03333333333333333,0.2,0.0,0.2,0.5666666666666667,0.0,0.03333333333333333,0.2,0.0,0.0,0.0
20260701,Energy,4,299,0.4444305666790502,0.4444305666790502,0.4444305666790502,0.4444305666790502,0.4444305666790502,0.4444305666790502,1,1,0,0,0.03333333333333333,0.3333333333333333,0.3,0.0,0.0,0.0,0.0,0.0,0.0,0.03333333333333333,0.3333333333333333,0.3,0.03333333333333333,0.3333333333333333,0.3,0.11666666666666667,0.4,0.6666666666666666,0.03333333333333333,0.3333333333333333,0.3,0.0,0.0,0.0
20260701,Energy,5,378,0.45801678052375533,0.48671596305376674,0.48671596305376674,0.45801678052375533,0.45801678052375533,0.48671596305376674,1,1,0,0,0.08333333333333333,0.35,0.65,0.0,0.0,0.0,0.0,0.0,0.0,0.08333333333333333,0.35,0.65,0.08333333333333333,0.35,0.65,0.5833333333333334,0.65,0.8833333333333333,0.08333333333333333,0.35,0.65,0.0,0.0,0.0
20260701,Energy,8,405,0.4635576494610075,0.44312219909319844,0.44312219909319844,0.4635576494610075,0.4635576494610075,0.44312219909319844,1,1,0,0,0.4,0.75,0.8333333333333334,0.0,0.0,0.0,0.0,0.0,0.0,0.4,0.75,0.8333333333333334,0.4,0.75,0.8333333333333334,0.15,0.5333333333333333,0.8166666666666667,0.4,0.75,0.8333333333333334,0.0,0.0,0.0
20260701,Energy,5,242,0.45049292056195755,0.45049292056195755,0.45049292056195755,0.45049292056195755,0.45049292056195755,0.45049292056195755,1,1,0,0,0.0,0.05,0.3,0.0,0.0,0.0,0.0,0.0,0.0,0.0,0.05,0.3,0.0,0.05,0.3,0.11666666666666667,0.45,0.7666666666666667,0.0,0.05,0.3,0.0,0.0,0.0
20260701,Energy,5,269,0.478221125516734,0.478221125516734,0.478221125516734,0.478221125516734,0.478221125516734,0.478221125516734,1,1,0,0,0.6333333333333333,0.5833333333333334,0.65,0.0,0.0,0.0,0.0,0.0,0.0,0.6333333333333333,0.5833333333333334,0.65,0.6333333333333333,0.5833333333333334,0.65,0.2,0.75,0.8,0.6333333333333333,0.5833333333333334,0.65,0.0,0.0,0.0
20260701,Energy,7,383,0.43523435448364306,0.48425233985629024,0.48425233985629024,0.43523435448364306,0.43523435448364306,0.48425233985629024,1,1,0,0,0.5833333333333334,0.75,0.6333333333333333,0.0,0.0,0.0,0.0,0.0,0.0,0.5833333333333334,0.75,0.6333333333333333,0.5833333333333334,0.75,0.6333333333333333,0.45,0.6666666666666666,0.7833333333333333,0.5833333333333334,0.75,0.6333333333333333,0.0,0.0,0.0
20260701,Energy,8,339,0.43519339643785604,0.4714667334536357,0.4714667334536357,0.43519339643785604,0.43519339643785604,0.4714667334536357,1,1,0,0,0.6166666666666667,0.8833333333333333,0.9666666666666667,0.0,0.0,0.0,0.0,0.0,0.0,0.6166666666666667,0.8833333333333333,0.9666666666666667,0.6166666666666667,0.8833333333333333,0.9666666666666667,0.16666666666666666,0.2833333333333333,0.75,0.6166666666666667,0.8833333333333333,0.9666666666666667,0.0,0.0,0.0
20260701,Energy,6,181,0.4468092778727932,0.47344212681007974,0.47344212681007974,0.4468092778727932,0.4468092778727932,0.47344212681007974,1,1,0,0,0.4,0.7333333333333333,0.7833333333333333,0.0,0.0,0.0,0.0,0.0,0.0,0.4,0.7333333333333333,0.7833333333333333,0.4,0.7333333333333333,0.7833333333333333,0.5666666666666667,0.8333333333333334,0.9166666666666666,0.4,0.7333333333333333,0.7833333333333333,0.0,0.0,0.0
20260701,Energy,8,120,0.46263114579154335,0.5128998982669638,0.5128998982669638,0.46263114579154335,0.46263114579154335,0.5128998982669638,1,1,0,0,0.4166666666666667,0.35,0.5,0.0,0.0,0.0,0.0,0.0,0.0,0.4166666666666667,0.35,0.5,0.4166666666666667,0.35,0.5,0.5666666666666667,0.8333333333333334,0.8,0.4166666666666667,0.35,0.5,0.0,0.0,0.0
20260701,Energy,8,316,0.46641487742614524,0.47021714852534746,0.47021714852534746,0.46641487742614524,0.46641487742614524,0.47021714852534746,1,1,0,0,0.2,0.36666666666666664,0.48333333333333334,0.0,0.0,0.0,0.0,0.0,0.0,0.2,0.36666666666666664,0.48333333333333334,0.2,0.36666666666666664,0.48333333333333334,0.31666666666666665,0.6,0.8666666666666667,0.2,0.36666666666666664,0.48333333333333334,0.0,0.0,0.0
20260701,Energy,8,206,0.4512719936950151,0.4683643052234888,0.4683643052234888,0.4512719936950151,0.4512719936950151,0.4683643052234888,1,1,0,0,0.5,0.7166666666666667,0.8666666666666667,0.0,0.0,0.0,0.0,0.0,0.0,0.5,0.7166666666666667,0.8666666666666667,0.5,0.7166666666666667,0.8666666666666667,0.06666666666666667,0.35,0.6333333333333333,0.5,0.7166666666666667,0.8666666666666667,0.0,0.0,0.0
20260701,Energy,8,299,0.43915140853874485,0.4491472378973661,0.4491472378973661,0.43915140853874485,0.43915140853874485,0.4491472378973661,1,1,0,0,0.03333333333333333,0.15,0.31666666666666665,0.0,0.0,0.0,0.0,0.0,0.0,0.03333333333333333,0.15,0.31666666666666665,0.03333333333333333,0.15,0.31666666666666665,0.5833333333333334,0.7666666666666667,0.8833333333333333,0.03333333333333333,0.15,0.31666666666666665,0.0,0.0,0.0
20260701,Energy,5,333,0.43039548067349764,0.43039548067349764,0.43039548067349764,0.43039548067349764,0.43039548067349764,0.43039548067349764,1,1,0,0,0.0,0.0,0.06666666666666667,0.0,0.0,0.0,0.0,0.0,0.0,0.0,0.0,0.06666666666666667,0.0,0.0,0.06666666666666667,0.43333333333333335,0.43333333333333335,0.75,0.0,0.0,0.06666666666666667,0.0,0.0,0.0
20260701,Energy,5,267,0.4498839976410245,0.4808567576946307,0.4808567576946307,0.4498839976410245,0.4498839976410245,0.4808567576946307,1,1,0,0,0.45,0.8,0.85,0.0,0.0,0.0,0.0,0.0,0.0,0.45,0.8,0.85,0.45,0.8,0.85,0.8666666666666667,0.9166666666666666,0.95,0.45,0.8,0.85,0.0,0.0,0.0
20260701,Energy,8,250,0.41732133969834206,0.41732133969834206,0.41732133969834206,0.41732133969834206,0.41732133969834206,0.41732133969834206,1,1,0,0,0.0,0.016666666666666666,0.15,0.0,0.0,0.0,0.0,0.0,0.0,0.0,0.016666666666666666,0.15,0.0,0.016666666666666666,0.15,0.31666666666666665,0.6166666666666667,0.9,0.0,0.016666666666666666,0.15,0.0,0.0,0.0
20260701,Energy,4,414,0.438792104389267,0.4819013545964811,0.4819013545964811,0.438792104389267,0.438792104389267,0.4819013545964811,1,1,0,0,0.0,0.21666666666666667,0.36666666666666664,0.0,0.0,0.0,0.0,0.0,0.0,0.0,0.21666666666666667,0.36666666666666664,0.0,0.21666666666666667,0.36666666666666664,0.5833333333333334,0.8166666666666667,0.8666666666666667,0.0,0.21666666666666667,0.36666666666666664,0.0,0.0,0.0
20260701,Energy,8,497,0.4402405094131557,0.481776666952012,0.481776666952012,0.4402405094131557,0.4402405094131557,0.481776666952012,1,1,0,0,0.6333333333333333,0.8166666666666667,0.8166666666666667,0.0,0.0,0.0,0.0,0.0,0.0,0.6333333333333333,0.8166666666666667,0.8166666666666667,0.6333333333333333,0.8166666666666667,0.8166666666666667,0.31666666666666665,0.75,0.9166666666666666,0.6333333333333333,0.8166666666666667,0.8166666666666667,0.0,0.0,0.0
20260701,Energy,8,225,0.4932936529181664,0.4932936529181664,0.4932936529181664,0.4932936529181664,0.4932936529181664,0.4932936529181664,1,1,0,0,0.16666666666666666,0.4,0.48333333333333334,0.0,0.0,0.0,0.0,0.0,0.0,0.16666666666666666,0.4,0.48333333333333334,0.16666666666666666,0.4,0.48333333333333334,0.0,0.2,0.7333333333333333,0.16666666666666666,0.4,0.48333333333333334,0.0,0.0,0.0
20260701,Energy,7,85,0.4627418051980726,0.4627418051980726,0.4627418051980726,0.4627418051980726,0.4627418051980726,0.4627418051980726,1,1,0,0,0.03333333333333333,0.35,0.45,0.0,0.0,0.0,0.0,0.0,0.0,0.03333333333333333,0.35,0.45,0.03333333333333333,0.35,0.45,0.2,0.43333333333333335,0.5166666666666667,0.03333333333333333,0.35,0.45,0.0,0.0,0.0
20260701,Energy,6,73,0.4894540209797569,0.547128121268754,0.547128121268754,0.4894540209797569,0.4894540209797569,0.547128121268754,1,1,0,0,0.0,0.0,0.06666666666666667,0.0,0.0,0.0,0.0,0.0,0.0,0.0,0.0,0.06666666666666667,0.0,0.0,0.06666666666666667,0.11666666666666667,0.26666666666666666,0.6833333333333333,0.0,0.0,0.06666666666666667,0.0,0.0,0.0
20260701,Energy,8,206,0.44585095765987065,0.44585095765987065,0.44585095765987065,0.44585095765987065,0.44585095765987065,0.44585095765987065,1,1,0,0,0.0,0.13333333333333333,0.3,0.0,0.0,0.0,0.0,0.0,0.0,0.0,0.13333333333333333,0.3,0.0,0.13333333333333333,0.3,0.15,0.6166666666666667,0.8666666666666667,0.0,0.13333333333333333,0.3,0.0,0.0,0.0
20260701,Energy,7,386,0.45237267153588806,0.4674525232863933,0.4674525232863933,0.45237267153588806,0.45237267153588806,0.4674525232863933,1,1,0,0,0.0,0.1,0.26666666666666666,0.0,0.0,0.0,0.0,0.0,0.0,0.0,0.1,0.26666666666666666,0.0,0.1,0.26666666666666666,0.5666666666666667,0.75,0.85,0.0,0.1,0.26666666666666666,0.0,0.0,0.0
20260701,Energy,5,240,0.46806427027004177,0.467591600541078,0.467591600541078,0.46806427027004177,0.46806427027004177,0.467591600541078,1,1,0,0,0.8,0.8666666666666667,0.95,0.0,0.0,0.0,0.0,0.0,0.0,0.8,0.8666666666666667,0.9333333333333333,0.8,0.8666666666666667,0.95,0.0,0.23333333333333334,0.75,0.8,0.8666666666666667,0.95,0.0,0.0,0.0
20260701,Energy,5,410,0.43411228571201027,0.473599425315881,0.473599425315881,0.43411228571201027,0.43411228571201027,0.473599425315881,1,1,0,0,0.0,0.15,0.4,0.0,0.0,0.0,0.0,0.0,0.0,0.0,0.15,0.4,0.0,0.15,0.4,0.2,0.45,0.9166666666666666,0.0,0.15,0.4,0.0,0.0,0.0
20260701,Energy,4,213,0.4376771759719291,0.4910809226713537,0.4910809226713537,0.4376771759719291,0.4376771759719291,0.4910809226713537,1,1,0,0,0.5,0.6333333333333333,0.5333333333333333,0.0,0.0,0.0,0.0,0.0,0.0,0.5,0.6333333333333333,0.5333333333333333,0.5,0.6333333333333333,0.5333333333333333,0.4666666666666667,0.8333333333333334,0.8833333333333333,0.5,0.6333333333333333,0.5333333333333333,0.0,0.0,0.0
20260701,Energy,5,338,0.42412479058212244,0.42412479058212244,0.42412479058212244,0.42412479058212244,0.42412479058212244,0.42412479058212244,1,1,0,0,0.016666666666666666,0.08333333333333333,0.38333333333333336,0.0,0.0,0.0,0.0,0.0,0.0,0.016666666666666666,0.08333333333333333,0.38333333333333336,0.016666666666666666,0.08333333333333333,0.38333333333333336,0.16666666666666666,0.6666666666666666,0.8,0.016666666666666666,0.08333333333333333,0.38333333333333336,0.0,0.0,0.0
20260701,Energy,7,395,0.4430660706536384,0.4430660706536384,0.4430660706536384,0.4430660706536384,0.4430660706536384,0.4430660706536384,1,1,0,0,0.43333333333333335,0.5166666666666667,0.45,0.0,0.0,0.0,0.0,0.0,0.0,0.43333333333333335,0.5166666666666667,0.45,0.43333333333333335,0.5166666666666667,0.45,0.43333333333333335,0.7333333333333333,0.9333333333333333,0.43333333333333335,0.5166666666666667,0.45,0.0,0.0,0.0
20260701,Energy,7,63,0.5775013466912914,0.5437222376471019,0.5437222376471019,0.5775013466912914,0.5775013466912914,0.5437222376471019,1,1,0,0,0.0,0.2,0.38333333333333336,0.0,0.0,0.0,0.0,0.0,0.0,0.0,0.2,0.38333333333333336,0.0,0.2,0.38333333333333336,0.0,0.016666666666666666,0.5,0.0,0.2,0.38333333333333336,0.0,0.0,0.0
20260701,Energy,6,307,0.4440172773241137,0.43880209520765245,0.43880209520765245,0.4440172773241137,0.4440172773241137,0.43880209520765245,1,1,0,0,0.23333333333333334,0.5333333333333333,0.75,0.0,0.0,0.0,0.0,0.0,0.0,0.23333333333333334,0.5333333333333333,0.75,0.23333333333333334,0.5333333333333333,0.75,0.21666666666666667,0.38333333333333336,0.6666666666666666,0.23333333333333334,0.5333333333333333,0.75,0.0,0.0,0.0
20260701,Energy,7,389,0.4489791131860025,0.4489791131860025,0.4489791131860025,0.4489791131860025,0.4489791131860025,0.4489791131860025,1,1,0,0,0.016666666666666666,0.13333333333333333,0.23333333333333334,0.0,0.0,0.0,0.0,0.0,0.0,0.016666666666666666,0.13333333333333333,0.23333333333333334,0.016666666666666666,0.13333333333333333,0.23333333333333334,0.5166666666666667,0.6833333333333333,0.8833333333333333,0.016666666666666666,0.13333333333333333,0.23333333333333334,0.0,0.0,0.0
20260701,Energy,4,493,0.4367805173617953,0.48707083776716487,0.48707083776716487,0.4367805173617953,0.4367805173617953,0.48707083776716487,1,1,0,0,0.0,0.016666666666666666,0.15,0.0,0.0,0.0,0.0,0.0,0.0,0.0,0.016666666666666666,0.15,0.0,0.016666666666666666,0.15,0.08333333333333333,0.4,0.8833333333333333,0.0,0.016666666666666666,0.15,0.0,0.0,0.0
20260701,Energy,6,304,0.43945297689096435,0.46782258472820915,0.46782258472820915,0.43945297689096435,0.43945297689096435,0.46782258472820915,1,1,0,0,0.18333333333333332,0.15,0.21666666666666667,0.0,0.0,0.0,0.0,0.0,0.0,0.18333333333333332,0.15,0.21666666666666667,0.18333333333333332,0.15,0.21666666666666667,0.7166666666666667,0.7,0.8166666666666667,0.18333333333333332,0.15,0.21666666666666667,0.0,0.0,0.0
20260701,Energy,7,281,0.4117242290023602,0.4378418313586085,0.4378418313586085,0.4117242290023602,0.4117242290023602,0.4378418313586085,1,1,0,0,0.0,0.016666666666666666,0.18333333333333332,0.0,0.0,0.0,0.0,0.0,0.0,0.0,0.016666666666666666,0.18333333333333332,0.0,0.016666666666666666,0.18333333333333332,0.6333333333333333,0.8833333333333333,0.95,0.0,0.016666666666666666,0.18333333333333332,0.0,0.0,0.0
20260701,Energy,7,147,0.4620229602790031,0.4565271596472178,0.4565271596472178,0.4620229602790031,0.4620229602790031,0.4565271596472178,1,1,0,0,0.48333333333333334,0.7333333333333333,0.8333333333333334,0.0,0.0,0.0,0.0,0.0,0.0,0.48333333333333334,0.7333333333333333,0.8333333333333334,0.48333333333333334,0.7333333333333333,0.8333333333333334,0.36666666666666664,0.5833333333333334,0.9,0.48333333333333334,0.7333333333333333,0.8333333333333334,0.0,0.0,0.0
20260701,Energy,4,96,0.4882187011639683,0.4882187011639683,0.4882187011639683,0.4882187011639683,0.4882187011639683,0.4882187011639683,1,1,0,0,0.3,0.38333333333333336,0.3333333333333333,0.0,0.0,0.0,0.0,0.0,0.0,0.3,0.38333333333333336,0.3333333333333333,0.3,0.38333333333333336,0.3333333333333333,0.05,0.2,0.6166666666666667,0.3,0.38333333333333336,0.3333333333333333,0.0,0.0,0.0
20260701,Energy,7,74,0.4965587602915736,0.4965587602915736,0.4965587602915736,0.4965587602915736,0.4965587602915736,0.4965587602915736,1,1,0,0,0.2,0.2833333333333333,0.26666666666666666,0.0,0.0,0.0,0.0,0.0,0.0,0.2,0.2833333333333333,0.26666666666666666,0.2,0.2833333333333333,0.26666666666666666,0.2,0.5166666666666667,0.6666666666666666,0.2,0.2833333333333333,0.26666666666666666,0.0,0.0,0.0
20260701,Energy,5,193,0.46597383970093653,0.4608254004361164,0.4608254004361164,0.46597383970093653,0.46597383970093653,0.4608254004361164,1,1,0,0,0.16666666666666666,0.43333333333333335,0.55,0.0,0.0,0.0,0.0,0.0,0.0,0.16666666666666666,0.43333333333333335,0.55,0.16666666666666666,0.43333333333333335,0.55,0.05,0.3333333333333333,0.6666666666666666,0.16666666666666666,0.43333333333333335,0.55,0.0,0.0,0.0
20260701,Energy,8,168,0.4603081193961655,0.5163655038189188,0.5163655038189188,0.4603081193961655,0.4603081193961655,0.5163655038189188,1,1,0,0,0.5833333333333334,0.6666666666666666,0.8666666666666667,0.0,0.0,0.0,0.0,0.0,0.0,0.5833333333333334,0.6666666666666666,0.8666666666666667,0.5833333333333334,0.6666666666666666,0.8666666666666667,0.31666666666666665,0.7333333333333333,0.8833333333333333,0.5833333333333334,0.6666666666666666,0.8666666666666667,0.0,0.0,0.0
20260701,Energy,8,206,0.4710243453283062,0.45973908762718935,0.45973908762718935,0.4710243453283062,0.4710243453283062,0.45973908762718935,1,1,0,0,0.21666666666666667,0.18333333333333332,0.4666666666666667,0.0,0.0,0.0,0.0,0.0,0.0,0.21666666666666667,0.18333333333333332,0.4666666666666667,0.21666666666666667,0.18333333333333332,0.4666666666666667,0.6666666666666666,0.8333333333333334,0.8666666666666667,0.21666666666666667,0.18333333333333332,0.4666666666666667,0.0,0.0,0.0
20260701,Energy,4,62,0.4987126155053429,0.48506276618718924,0.48506276618718924,0.4987126155053429,0.4987126155053429,0.48506276618718924,1,1,0,0,0.0,0.016666666666666666,0.45,0.0,0.0,0.0,0.0,0.0,0.0,0.0,0.016666666666666666,0.45,0.0,0.016666666666666666,0.45,0.03333333333333333,0.05,0.4166666666666667,0.0,0.016666666666666666,0.45,0.0,0.0,0.0
20260701,Energy,6,80,0.49517751504202184,0.5004595580652903,0.5004595580652903,0.49517751504202184,0.49517751504202184,0.5004595580652903,1,1,0,0,0.0,0.2,0.31666666666666665,0.0,0.0,0.0,0.0,0.0,0.0,0.0,0.2,0.31666666666666665,0.0,0.2,0.31666666666666665,0.4166666666666667,0.5166666666666667,0.8,0.0,0.2,0.31666666666666665,0.0,0.0,0.0
20260701,Concrete,6,92,0.47999410754278704,0.47999410754278704,0.47999410754278704,0.47999410754278704,0.47999410754278704,0.47999410754278704,1,1,0,0,0.31666666666666665,0.4,0.55,0.0,0.0,0.0,0.0,0.0,0.0,0.31666666666666665,0.4,0.55,0.31666666666666665,0.4,0.55,0.0,0.016666666666666666,0.35,0.31666666666666665,0.4,0.55,0.0,0.0,0.0
20260701,Concrete,7,62,0.4668865004010147,0.4668865004010147,0.4668865004010147,0.4668865004010147,0.4668865004010147,0.4668865004010147,1,1,0,0,0.0,0.0,0.0,0.0,0.0,0.0,0.0,0.0,0.0,0.0,0.0,0.0,0.0,0.0,0.0,0.0,0.2,0.5333333333333333,0.0,0.0,0.0,0.0,0.0,0.0
20260701,Concrete,6,105,0.48490670256266516,0.48490670256266516,0.48490670256266516,0.48490670256266516,0.48490670256266516,0.48490670256266516,1,1,0,0,0.4666666666666667,0.35,0.36666666666666664,0.0,0.0,0.0,0.0,0.0,0.0,0.4666666666666667,0.35,0.36666666666666664,0.4666666666666667,0.35,0.36666666666666664,0.55,0.7,0.9,0.4666666666666667,0.35,0.36666666666666664,0.0,0.0,0.0
20260701,Concrete,8,222,0.4496687474670155,0.4700381118126015,0.4700381118126015,0.4496687474670155,0.4496687474670155,0.4700381118126015,1,1,0,0,0.75,0.7833333333333333,0.8666666666666667,0.0,0.0,0.0,0.0,0.0,0.0,0.75,0.7833333333333333,0.8666666666666667,0.75,0.7833333333333333,0.8666666666666667,0.0,0.05,0.4166666666666667,0.75,0.7833333333333333,0.8666666666666667,0.0,0.0,0.0
20260701,Concrete,4,211,0.4409673630831646,0.4567883624594288,0.4567883624594288,0.4409673630831646,0.4409673630831646,0.4567883624594288,1,1,0,0,0.13333333333333333,0.2833333333333333,0.45,0.0,0.0,0.0,0.0,0.0,0.0,0.13333333333333333,0.2833333333333333,0.45,0.13333333333333333,0.2833333333333333,0.45,0.06666666666666667,0.25,0.7166666666666667,0.13333333333333333,0.2833333333333333,0.45,0.0,0.0,0.0
20260701,Concrete,4,396,0.44791120863785744,0.4750650514181308,0.4750650514181308,0.44791120863785744,0.44791120863785744,0.4750650514181308,1,1,0,0,0.0,0.2,0.48333333333333334,0.0,0.0,0.0,0.0,0.0,0.0,0.0,0.2,0.48333333333333334,0.0,0.2,0.48333333333333334,0.6666666666666666,0.75,0.9333333333333333,0.0,0.2,0.48333333333333334,0.0,0.0,0.0
20260701,Concrete,6,277,0.4451710978380015,0.46203303503516296,0.46203303503516296,0.4451710978380015,0.4451710978380015,0.46203303503516296,1,1,0,0,0.3333333333333333,0.5833333333333334,0.6,0.0,0.0,0.0,0.0,0.0,0.0,0.3333333333333333,0.5833333333333334,0.6,0.3333333333333333,0.5833333333333334,0.6,0.03333333333333333,0.5,0.85,0.3333333333333333,0.5833333333333334,0.6,0.0,0.0,0.0
20260701,Concrete,4,335,0.47988164710852543,0.49755344500933985,0.49755344500933985,0.47988164710852543,0.47988164710852543,0.49755344500933985,1,1,0,0,0.8,0.95,0.9166666666666666,0.0,0.0,0.0,0.0,0.0,0.0,0.8,0.95,0.9166666666666666,0.8,0.95,0.9166666666666666,0.3,0.6333333333333333,0.8666666666666667,0.8,0.95,0.9166666666666666,0.0,0.0,0.0
20260701,Concrete,7,375,0.43740500036545044,0.43537352458945616,0.43537352458945616,0.43740500036545044,0.43740500036545044,0.43537352458945616,1,1,0,0,0.6333333333333333,0.8166666666666667,0.9333333333333333,0.0,0.0,0.0,0.0,0.0,0.0,0.6333333333333333,0.8166666666666667,0.9333333333333333,0.6333333333333333,0.8166666666666667,0.9333333333333333,0.45,0.45,0.8333333333333334,0.6333333333333333,0.8166666666666667,0.9333333333333333,0.0,0.0,0.0
20260701,Concrete,6,423,0.428248719835593,0.4331623711871676,0.4331623711871676,0.428248719835593,0.428248719835593,0.4331623711871676,1,1,0,0,0.06666666666666667,0.36666666666666664,0.8166666666666667,0.0,0.0,0.0,0.0,0.0,0.0,0.06666666666666667,0.36666666666666664,0.8166666666666667,0.06666666666666667,0.36666666666666664,0.8166666666666667,0.23333333333333334,0.65,0.85,0.06666666666666667,0.36666666666666664,0.8166666666666667,0.0,0.0,0.0
20260701,Concrete,6,311,0.46895216140839185,0.47050693468841126,0.47050693468841126,0.46895216140839185,0.46895216140839185,0.47050693468841126,1,1,0,0,0.6833333333333333,0.9,0.8666666666666667,0.0,0.0,0.0,0.0,0.0,0.0,0.6833333333333333,0.9,0.8666666666666667,0.6833333333333333,0.9,0.8666666666666667,0.05,0.35,0.7833333333333333,0.6833333333333333,0.9,0.8666666666666667,0.0,0.0,0.0
20260701,Concrete,6,405,0.45769341975778843,0.49669901164392694,0.49669901164392694,0.45769341975778843,0.45769341975778843,0.49669901164392694,1,1,0,0,0.45,0.48333333333333334,0.6333333333333333,0.0,0.0,0.0,0.0,0.0,0.0,0.45,0.48333333333333334,0.6333333333333333,0.45,0.48333333333333334,0.6333333333333333,0.45,0.6833333333333333,0.8666666666666667,0.45,0.48333333333333334,0.6333333333333333,0.0,0.0,0.0
20260701,Concrete,7,75,0.4931211555212521,0.45353847623527205,0.45353847623527205,0.4931211555212521,0.4931211555212521,0.45353847623527205,1,1,0,0,0.55,0.8666666666666667,0.75,0.0,0.0,0.0,0.0,0.0,0.0,0.55,0.8666666666666667,0.75,0.55,0.8666666666666667,0.75,0.0,0.016666666666666666,0.3333333333333333,0.55,0.8666666666666667,0.75,0.0,0.0,0.0
20260701,Concrete,8,488,0.4489678964203492,0.43167648716236967,0.43167648716236967,0.4489678964203492,0.4489678964203492,0.43167648716236967,1,1,0,0,0.6333333333333333,0.65,0.8166666666666667,0.0,0.0,0.0,0.0,0.0,0.0,0.6333333333333333,0.65,0.8166666666666667,0.6333333333333333,0.65,0.8166666666666667,0.5,0.7,0.8166666666666667,0.6333333333333333,0.65,0.8166666666666667,0.0,0.0,0.0
20260701,Concrete,7,494,0.41948019688427585,0.4627349772882542,0.4627349772882542,0.41948019688427585,0.41948019688427585,0.4627349772882542,1,1,0,0,0.16666666666666666,0.45,0.6166666666666667,0.0,0.0,0.0,0.0,0.0,0.0,0.16666666666666666,0.45,0.6166666666666667,0.16666666666666666,0.45,0.6166666666666667,0.4,0.5666666666666667,0.8666666666666667,0.16666666666666666,0.45,0.6166666666666667,0.0,0.0,0.0
20260701,Concrete,8,379,0.439072654658418,0.439072654658418,0.439072654658418,0.439072654658418,0.439072654658418,0.439072654658418,1,1,0,0,0.0,0.2,0.45,0.0,0.0,0.0,0.0,0.0,0.0,0.0,0.2,0.45,0.0,0.2,0.45,0.18333333333333332,0.5333333333333333,0.8333333333333334,0.0,0.2,0.45,0.0,0.0,0.0
20260701,Concrete,4,148,0.4361049276583022,0.448243003954781,0.448243003954781,0.4361049276583022,0.4361049276583022,0.448243003954781,1,1,0,0,0.2,0.55,0.6666666666666666,0.0,0.0,0.0,0.0,0.0,0.0,0.2,0.55,0.6666666666666666,0.2,0.55,0.6666666666666666,0.03333333333333333,0.31666666666666665,0.7833333333333333,0.2,0.55,0.6666666666666666,0.0,0.0,0.0
20260701,Concrete,4,347,0.47890089457800095,0.5075041391199808,0.5075041391199808,0.47890089457800095,0.47890089457800095,0.5075041391199808,1,1,0,0,0.31666666666666665,0.5833333333333334,0.9,0.0,0.0,0.0,0.0,0.0,0.0,0.31666666666666665,0.5833333333333334,0.9,0.31666666666666665,0.5833333333333334,0.9,0.4666666666666667,0.7333333333333333,0.8333333333333334,0.31666666666666665,0.5833333333333334,0.9,0.0,0.0,0.0
20260701,Concrete,8,174,0.4159901863273233,0.4458307903258031,0.4458307903258031,0.4159901863273233,0.4159901863273233,0.4458307903258031,1,1,0,0,0.08333333333333333,0.3,0.45,0.0,0.0,0.0,0.0,0.0,0.0,0.08333333333333333,0.3,0.45,0.08333333333333333,0.3,0.45,0.0,0.15,0.5,0.08333333333333333,0.3,0.45,0.0,0.0,0.0
20260701,Concrete,4,80,0.47747196572591144,0.47453710655246795,0.47453710655246795,0.47747196572591144,0.47747196572591144,0.47453710655246795,1,1,0,0,0.21666666666666667,0.5833333333333334,0.5166666666666667,0.0,0.0,0.0,0.0,0.0,0.0,0.21666666666666667,0.5833333333333334,0.5166666666666667,0.21666666666666667,0.5833333333333334,0.5166666666666667,0.11666666666666667,0.2,0.5833333333333334,0.21666666666666667,0.5833333333333334,0.5166666666666667,0.0,0.0,0.0
20260701,Concrete,8,282,0.47177189802139835,0.4675354039106924,0.4675354039106924,0.47177189802139835,0.47177189802139835,0.4675354039106924,1,1,0,0,0.0,0.016666666666666666,0.3333333333333333,0.0,0.0,0.0,0.0,0.0,0.0,0.0,0.016666666666666666,0.3333333333333333,0.0,0.016666666666666666,0.3333333333333333,0.26666666666666666,0.6333333333333333,0.85,0.0,0.016666666666666666,0.3333333333333333,0.0,0.0,0.0
20260701,Concrete,4,140,0.4623648623811016,0.4847911526307945,0.4847911526307945,0.4623648623811016,0.4623648623811016,0.4847911526307945,1,1,0,0,0.7333333333333333,0.8166666666666667,0.8166666666666667,0.0,0.0,0.0,0.0,0.0,0.0,0.7333333333333333,0.8166666666666667,0.8166666666666667,0.7333333333333333,0.8166666666666667,0.8166666666666667,0.5833333333333334,0.5833333333333334,0.8,0.7333333333333333,0.8166666666666667,0.8166666666666667,0.0,0.0,0.0
20260701,Concrete,7,459,0.44753033259781744,0.46383778582411733,0.46383778582411733,0.44753033259781744,0.44753033259781744,0.46383778582411733,1,1,0,0,0.13333333333333333,0.15,0.35,0.0,0.0,0.0,0.0,0.0,0.0,0.13333333333333333,0.15,0.3333333333333333,0.13333333333333333,0.15,0.35,0.48333333333333334,0.7666666666666667,0.8666666666666667,0.13333333333333333,0.15,0.35,0.0,0.0,0.0
20260701,Concrete,4,372,0.4803792447975904,0.5014954362115046,0.5014954362115046,0.4803792447975904,0.4803792447975904,0.5014954362115046,1,1,0,0,0.03333333333333333,0.18333333333333332,0.5166666666666667,0.0,0.0,0.0,0.0,0.0,0.0,0.03333333333333333,0.18333333333333332,0.5166666666666667,0.03333333333333333,0.18333333333333332,0.5166666666666667,0.5,0.8,0.85,0.03333333333333333,0.18333333333333332,0.5166666666666667,0.0,0.0,0.0
20260701,Concrete,5,273,0.4523421191537643,0.4484272827370563,0.4484272827370563,0.4523421191537643,0.4523421191537643,0.4484272827370563,1,1,0,0,0.08333333333333333,0.4166666666666667,0.6333333333333333,0.0,0.0,0.0,0.0,0.0,0.0,0.08333333333333333,0.4166666666666667,0.6333333333333333,0.08333333333333333,0.4166666666666667,0.6333333333333333,0.5333333333333333,0.7833333333333333,0.8333333333333334,0.08333333333333333,0.4166666666666667,0.6333333333333333,0.0,0.0,0.0
20260701,Concrete,4,81,0.4541205624859055,0.4829976062120566,0.4829976062120566,0.4541205624859055,0.4541205624859055,0.4829976062120566,1,1,0,0,0.08333333333333333,0.15,0.25,0.0,0.0,0.0,0.0,0.0,0.0,0.08333333333333333,0.15,0.25,0.08333333333333333,0.15,0.25,0.016666666666666666,0.15,0.5166666666666667,0.08333333333333333,0.15,0.25,0.0,0.0,0.0
20260701,Concrete,6,353,0.45983034206157003,0.4472458839110676,0.4472458839110676,0.45983034206157003,0.45983034206157003,0.4472458839110676,1,1,0,0,0.5666666666666667,0.5666666666666667,0.7333333333333333,0.0,0.0,0.0,0.0,0.0,0.0,0.5666666666666667,0.5666666666666667,0.7333333333333333,0.5666666666666667,0.5666666666666667,0.7333333333333333,0.08333333333333333,0.35,0.7166666666666667,0.5666666666666667,0.5666666666666667,0.7333333333333333,0.0,0.0,0.0
20260701,Concrete,5,227,0.47041041228478336,0.47041041228478336,0.47041041228478336,0.47041041228478336,0.47041041228478336,0.47041041228478336,1,1,0,0,0.05,0.13333333333333333,0.4,0.0,0.0,0.0,0.0,0.0,0.0,0.05,0.13333333333333333,0.4,0.05,0.13333333333333333,0.4,0.43333333333333335,0.7166666666666667,0.85,0.05,0.13333333333333333,0.4,0.0,0.0,0.0
20260701,Concrete,6,203,0.4468237654512163,0.4513254007926567,0.4513254007926567,0.4468237654512163,0.4468237654512163,0.4513254007926567,1,1,0,0,0.06666666666666667,0.18333333333333332,0.4166666666666667,0.0,0.0,0.0,0.0,0.0,0.0,0.06666666666666667,0.18333333333333332,0.4166666666666667,0.06666666666666667,0.18333333333333332,0.4166666666666667,0.13333333333333333,0.4166666666666667,0.65,0.06666666666666667,0.18333333333333332,0.4166666666666667,0.0,0.0,0.0
20260701,Concrete,6,182,0.5288176510649946,0.47400731043226746,0.47400731043226746,0.5288176510649946,0.5288176510649946,0.47400731043226746,1,1,0,0,0.36666666666666664,0.7166666666666667,0.8,0.0,0.0,0.0,0.0,0.0,0.0,0.36666666666666664,0.7166666666666667,0.8,0.36666666666666664,0.7166666666666667,0.8,0.18333333333333332,0.4,0.6166666666666667,0.36666666666666664,0.7166666666666667,0.8,0.0,0.0,0.0
20260701,Concrete,8,452,0.4363630367465136,0.46033658743809613,0.46033658743809613,0.4363630367465136,0.4363630367465136,0.46033658743809613,1,1,0,0,0.03333333333333333,0.1,0.38333333333333336,0.0,0.0,0.0,0.0,0.0,0.0,0.03333333333333333,0.1,0.38333333333333336,0.03333333333333333,0.1,0.38333333333333336,0.23333333333333334,0.5666666666666667,0.7666666666666667,0.03333333333333333,0.1,0.38333333333333336,0.0,0.0,0.0
20260701,Concrete,7,376,0.44106127426855696,0.4461013992233577,0.4461013992233577,0.44106127426855696,0.44106127426855696,0.4461013992233577,1,1,0,0,0.1,0.25,0.5666666666666667,0.0,0.0,0.0,0.0,0.0,0.0,0.1,0.25,0.5666666666666667,0.1,0.25,0.5666666666666667,0.18333333333333332,0.4666666666666667,0.7333333333333333,0.1,0.25,0.5666666666666667,0.0,0.0,0.0
20260701,Concrete,8,278,0.4312202918493108,0.4312202918493108,0.4312202918493108,0.4312202918493108,0.4312202918493108,0.4312202918493108,1,1,0,0,0.08333333333333333,0.21666666666666667,0.36666666666666664,0.0,0.0,0.0,0.0,0.0,0.0,0.08333333333333333,0.21666666666666667,0.36666666666666664,0.08333333333333333,0.21666666666666667,0.36666666666666664,0.4,0.65,0.7833333333333333,0.08333333333333333,0.21666666666666667,0.36666666666666664,0.0,0.0,0.0
20260701,Concrete,5,304,0.4529586464275397,0.4529586464275397,0.4529586464275397,0.4529586464275397,0.4529586464275397,0.4529586464275397,1,1,0,0,0.016666666666666666,0.08333333333333333,0.3,0.0,0.0,0.0,0.0,0.0,0.0,0.016666666666666666,0.08333333333333333,0.3,0.016666666666666666,0.08333333333333333,0.3,0.03333333333333333,0.16666666666666666,0.45,0.016666666666666666,0.08333333333333333,0.3,0.0,0.0,0.0
20260701,Concrete,4,140,0.47246849189037476,0.47246849189037476,0.47246849189037476,0.47246849189037476,0.47246849189037476,0.47246849189037476,1,1,0,0,0.13333333333333333,0.21666666666666667,0.31666666666666665,0.0,0.0,0.0,0.0,0.0,0.0,0.13333333333333333,0.23333333333333334,0.31666666666666665,0.13333333333333333,0.21666666666666667,0.31666666666666665,0.38333333333333336,0.6666666666666666,0.8,0.13333333333333333,0.21666666666666667,0.31666666666666665,0.0,0.0,0.0
20260701,Concrete,4,484,0.47144987316912906,0.4757613607270073,0.4757613607270073,0.47144987316912906,0.47144987316912906,0.4757613607270073,1,1,0,0,0.36666666666666664,0.6833333333333333,0.7333333333333333,0.0,0.0,0.0,0.0,0.0,0.0,0.36666666666666664,0.6833333333333333,0.7333333333333333,0.36666666666666664,0.6833333333333333,0.7333333333333333,0.5,0.7666666666666667,0.8833333333333333,0.36666666666666664,0.6833333333333333,0.7333333333333333,0.0,0.0,0.0
20260701,Concrete,8,295,0.4974248217320992,0.489512310192018,0.489512310192018,0.4974248217320992,0.4974248217320992,0.489512310192018,1,1,0,0,0.15,0.2,0.48333333333333334,0.0,0.0,0.0,0.0,0.0,0.0,0.15,0.2,0.48333333333333334,0.15,0.2,0.48333333333333334,0.4166666666666667,0.6666666666666666,0.8833333333333333,0.15,0.2,0.48333333333333334,0.0,0.0,0.0
20260701,Concrete,5,466,0.45817415065184297,0.4664767277854456,0.4664767277854456,0.45817415065184297,0.45817415065184297,0.4664767277854456,1,1,0,0,0.08333333333333333,0.35,0.75,0.0,0.0,0.0,0.0,0.0,0.0,0.08333333333333333,0.35,0.75,0.08333333333333333,0.35,0.75,0.3,0.5333333333333333,0.7333333333333333,0.08333333333333333,0.35,0.75,0.0,0.0,0.0
20260701,Concrete,5,174,0.48624113148248715,0.5206986169383364,0.5206986169383364,0.48624113148248715,0.48624113148248715,0.5206986169383364,1,1,0,0,0.48333333333333334,0.7333333333333333,0.75,0.0,0.0,0.0,0.0,0.0,0.0,0.48333333333333334,0.7333333333333333,0.75,0.48333333333333334,0.7333333333333333,0.75,0.2,0.6,0.9333333333333333,0.48333333333333334,0.7333333333333333,0.75,0.0,0.0,0.0
20260701,Concrete,4,442,0.4583558129704482,0.481169764674826,0.481169764674826,0.4583558129704482,0.4583558129704482,0.481169764674826,1,1,0,0,0.0,0.03333333333333333,0.3,0.0,0.0,0.0,0.0,0.0,0.0,0.0,0.03333333333333333,0.3,0.0,0.03333333333333333,0.3,0.05,0.38333333333333336,0.75,0.0,0.03333333333333333,0.3,0.0,0.0,0.0
20260701,Concrete,8,489,0.4394517676901422,0.43835433043761013,0.43835433043761013,0.4394517676901422,0.4394517676901422,0.43835433043761013,1,1,0,0,0.5833333333333334,0.7166666666666667,0.9333333333333333,0.0,0.0,0.0,0.0,0.0,0.0,0.5833333333333334,0.7166666666666667,0.9333333333333333,0.5833333333333334,0.7166666666666667,0.9333333333333333,0.45,0.4666666666666667,0.7,0.5833333333333334,0.7166666666666667,0.9333333333333333,0.0,0.0,0.0
20260701,Concrete,7,154,0.5127946284245274,0.523089047938658,0.523089047938658,0.5127946284245274,0.5127946284245274,0.523089047938658,1,1,0,0,0.11666666666666667,0.2833333333333333,0.6166666666666667,0.0,0.0,0.0,0.0,0.0,0.0,0.11666666666666667,0.2833333333333333,0.6166666666666667,0.11666666666666667,0.2833333333333333,0.6166666666666667,0.16666666666666666,0.6,0.8166666666666667,0.11666666666666667,0.2833333333333333,0.6166666666666667,0.0,0.0,0.0
20260701,Concrete,4,404,0.484802545444638,0.4872336891647035,0.4872336891647035,0.484802545444638,0.484802545444638,0.4872336891647035,1,1,0,0,0.5,0.6666666666666666,0.7833333333333333,0.0,0.0,0.0,0.0,0.0,0.0,0.5,0.6666666666666666,0.7833333333333333,0.5,0.6666666666666666,0.7833333333333333,0.06666666666666667,0.6,0.9166666666666666,0.5,0.6666666666666666,0.7833333333333333,0.0,0.0,0.0
20260701,Concrete,7,79,0.5016033883213181,0.4841220702166917,0.4841220702166917,0.5016033883213181,0.5016033883213181,0.4841220702166917,1,1,0,0,0.03333333333333333,0.3,0.5666666666666667,0.0,0.0,0.0,0.0,0.0,0.0,0.03333333333333333,0.3,0.5666666666666667,0.03333333333333333,0.3,0.5666666666666667,0.5833333333333334,0.38333333333333336,0.55,0.03333333333333333,0.3,0.5666666666666667,0.0,0.0,0.0
20260701,Concrete,7,61,0.47803567896226773,0.5412090082915861,0.5412090082915861,0.47803567896226773,0.47803567896226773,0.5412090082915861,1,1,0,0,0.18333333333333332,0.4166666666666667,0.48333333333333334,0.0,0.0,0.0,0.0,0.0,0.0,0.18333333333333332,0.4166666666666667,0.48333333333333334,0.18333333333333332,0.4166666666666667,0.48333333333333334,0.08333333333333333,0.5833333333333334,0.8333333333333334,0.18333333333333332,0.4166666666666667,0.48333333333333334,0.0,0.0,0.0
20260701,Concrete,5,489,0.4246938545883168,0.46090110225168573,0.46090110225168573,0.4246938545883168,0.4246938545883168,0.46090110225168573,1,1,0,0,0.4,0.4666666666666667,0.75,0.0,0.0,0.0,0.0,0.0,0.0,0.4,0.4666666666666667,0.75,0.4,0.4666666666666667,0.75,0.23333333333333334,0.6,0.8666666666666667,0.4,0.4666666666666667,0.75,0.0,0.0,0.0
20260701,Concrete,7,389,0.4565887097643523,0.4565887097643523,0.4565887097643523,0.4565887097643523,0.4565887097643523,0.4565887097643523,1,1,0,0,0.11666666666666667,0.35,0.5166666666666667,0.0,0.0,0.0,0.0,0.0,0.0,0.11666666666666667,0.35,0.5166666666666667,0.11666666666666667,0.35,0.5166666666666667,0.5166666666666667,0.8333333333333334,0.9833333333333333,0.11666666666666667,0.35,0.5166666666666667,0.0,0.0,0.0
20260701,Concrete,6,279,0.42843848311644955,0.42258970918781397,0.42258970918781397,0.42843848311644955,0.42843848311644955,0.42258970918781397,1,1,0,0,0.43333333333333335,0.5833333333333334,0.7666666666666667,0.0,0.0,0.0,0.0,0.0,0.0,0.43333333333333335,0.5833333333333334,0.7666666666666667,0.43333333333333335,0.5833333333333334,0.7666666666666667,0.21666666666666667,0.5666666666666667,0.9166666666666666,0.43333333333333335,0.5833333333333334,0.7666666666666667,0.0,0.0,0.0
20260701,Concrete,4,110,0.4688313526865168,0.4688313526865168,0.4688313526865168,0.4688313526865168,0.4688313526865168,0.4688313526865168,1,1,0,0,0.0,0.0,0.03333333333333333,0.0,0.0,0.0,0.0,0.0,0.0,0.0,0.0,0.03333333333333333,0.0,0.0,0.03333333333333333,0.25,0.38333333333333336,0.6333333333333333,0.0,0.0,0.03333333333333333,0.0,0.0,0.0
20260701,Concrete,5,436,0.45625913119020833,0.45625913119020833,0.45625913119020833,0.45625913119020833,0.45625913119020833,0.45625913119020833,1,1,0,0,0.13333333333333333,0.3333333333333333,0.6,0.0,0.0,0.0,0.0,0.0,0.0,0.13333333333333333,0.3333333333333333,0.6,0.13333333333333333,0.3333333333333333,0.6,0.0,0.1,0.5,0.13333333333333333,0.3333333333333333,0.6,0.0,0.0,0.0
