seed,family,m,N,tail_lexpr,tail_lexpr1,tail_asf1,tail_asfk,tail_mmrk,tail_raw,agree_lexpr_asfk,agree_lexpr_mmrk,tied_lexpr,tied_lexpr1,flip_lexpr_0.05,flip_lexpr_0.10,flip_lexpr_0.20,flip_lexpr1_0.05,flip_lexpr1_0.10,flip_lexpr1_0.20,flip_asf1_0.05,flip_asf1_0.10,flip_asf1_0.20,flip_asfk_0.05,flip_asfk_0.10,flip_asfk_0.20,flip_mmrk_0.05,flip_mmrk_0.10,flip_mmrk_0.20,flip_raw_0.05,flip_raw_0.10,flip_raw_0.20,classflip_lexpr_0.05,classflip_lexpr_0.10,classflip_lexpr_0.20,classflip_lexpr1_0.05,classflip_lexpr1_0.10,classflip_lexpr1_0.20
20260706,Knapsack,5,183,0.764762367971656,0.7252084393666397,0.7252084393666397,0.7610642699241594,0.764762367971656,0.7252084393666397,0,1,0,0,0.1,0.26666666666666666,0.5,0.0,0.0,0.0,0.0,0.0,0.0,0.016666666666666666,0.25,0.43333333333333335,0.016666666666666666,0.23333333333333334,0.4166666666666667,0.36666666666666664,0.7,0.9666666666666667,0.1,0.26666666666666666,0.5,0.0,0.0,0.0
20260706,Knapsack,3,276,0.8978731361225705,0.8394874942174059,0.8388670498184766,0.8978731361225705,0.8978731361225705,0.8388670498184766,1,1,0,0,0.06666666666666667,0.26666666666666666,0.7,0.0,0.0,0.0,0.0,0.0,0.0,0.06666666666666667,0.26666666666666666,0.7,0.06666666666666667,0.3333333333333333,0.75,0.6333333333333333,0.95,0.9666666666666667,0.06666666666666667,0.26666666666666666,0.7,0.0,0.0,0.0
20260706,Knapsack,5,284,0.8332507775377387,0.753925873502354,0.753925873502354,0.8332507775377387,0.8332507775377387,0.753925873502354,1,1,0,0,0.23333333333333334,0.5833333333333334,0.85,0.0,0.0,0.0,0.0,0.0,0.0,0.21666666666666667,0.48333333333333334,0.75,0.3333333333333333,0.6333333333333333,0.8666666666666667,0.7333333333333333,0.6833333333333333,0.9166666666666666,0.23333333333333334,0.5833333333333334,0.85,0.0,0.0,0.0
20260706,Knapsack,3,195,0.8469813555777399,0.8147613400589419,0.8147613400589419,0.8469813555777399,0.8469813555777399,0.8147613400589419,1,1,0,0,0.0,0.1,0.48333333333333334,0.0,0.0,0.0,0.0,0.0,0.0,0.0,0.1,0.48333333333333334,0.0,0.1,0.48333333333333334,0.65,0.75,0.9833333333333333,0.0,0.1,0.48333333333333334,0.0,0.0,0.0
20260706,Knapsack,5,250,0.8140856296919033,0.7673647754094831,0.7673647754094831,0.8140856296919033,0.8140856296919033,0.7673647754094831,1,1,0,0,0.016666666666666666,0.16666666666666666,0.5666666666666667,0.0,0.0,0.0,0.0,0.0,0.0,0.016666666666666666,0.16666666666666666,0.5666666666666667,0.016666666666666666,0.16666666666666666,0.5666666666666667,0.36666666666666664,0.6,0.9666666666666667,0.016666666666666666,0.16666666666666666,0.5666666666666667,0.0,0.0,0.0
20260706,Knapsack,3,68,0.9207499689196385,0.7988891881800454,0.7988891881800454,0.9207499689196385,0.9207499689196385,0.7988891881800454,1,1,0,0,0.03333333333333333,0.18333333333333332,0.65,0.0,0.0,0.0,0.0,0.0,0.0,0.03333333333333333,0.18333333333333332,0.65,0.03333333333333333,0.18333333333333332,0.65,0.55,0.8166666666666667,0.8833333333333333,0.03333333333333333,0.18333333333333332,0.65,0.0,0.0,0.0
20260706,Knapsack,4,278,0.8698400357250322,0.798679460859993,0.798679460859993,0.8698400357250322,0.8698400357250322,0.798679460859993,1,1,0,0,0.0,0.0,0.016666666666666666,0.0,0.0,0.0,0.0,0.0,0.0,0.0,0.0,0.016666666666666666,0.0,0.0,0.016666666666666666,0.65,0.8666666666666667,0.95,0.0,0.0,0.016666666666666666,0.0,0.0,0.0
20260706,Knapsack,3,61,0.9351573347043285,0.8011502472695625,0.8011502472695625,0.9351573347043285,0.9351573347043285,0.8011502472695625,1,1,0,0,0.16666666666666666,0.55,0.75,0.0,0.0,0.0,0.0,0.0,0.0,0.16666666666666666,0.55,0.75,0.16666666666666666,0.55,0.75,0.6333333333333333,0.8,0.8666666666666667,0.16666666666666666,0.55,0.75,0.0,0.0,0.0
20260706,Knapsack,4,182,0.8193427368406553,0.7704355214160808,0.7704355214160808,0.8193427368406553,0.8193427368406553,0.7704355214160808,1,1,0,0,0.38333333333333336,0.25,0.38333333333333336,0.0,0.0,0.0,0.0,0.0,0.0,0.38333333333333336,0.25,0.38333333333333336,0.38333333333333336,0.25,0.38333333333333336,0.4,0.8333333333333334,0.95,0.38333333333333336,0.25,0.38333333333333336,0.0,0.0,0.0
20260706,Knapsack,5,164,0.9105507876881503,0.7462533782884421,0.7643891827499113,0.9105507876881503,0.9105507876881503,0.7643891827499113,1,1,0,0,0.38333333333333336,0.5333333333333333,0.38333333333333336,0.0,0.0,0.0,0.0,0.0,0.0,0.38333333333333336,0.5333333333333333,0.43333333333333335,0.38333333333333336,0.5333333333333333,0.4166666666666667,0.95,0.9666666666666667,0.9833333333333333,0.38333333333333336,0.5333333333333333,0.38333333333333336,0.0,0.0,0.0
20260706,Knapsack,3,91,0.9321024918403757,0.8336062271199242,0.8336062271199242,0.9321024918403757,0.9321024918403757,0.8336062271199242,1,1,0,0,0.06666666666666667,0.26666666666666666,0.4666666666666667,0.0,0.0,0.0,0.0,0.0,0.0,0.06666666666666667,0.26666666666666666,0.4666666666666667,0.06666666666666667,0.26666666666666666,0.4666666666666667,0.4166666666666667,0.7833333333333333,1.0,0.06666666666666667,0.26666666666666666,0.4666666666666667,0.0,0.0,0.0
20260706,Knapsack,3,138,0.9310678122557462,0.8588299227797227,0.8588299227797227,0.9310678122557462,0.9310678122557462,0.8588299227797227,1,1,0,0,0.3333333333333333,0.6333333333333333,0.85,0.0,0.0,0.0,0.0,0.0,0.0,0.3333333333333333,0.6333333333333333,0.85,0.3333333333333333,0.6333333333333333,0.85,0.7,0.9666666666666667,0.9666666666666667,0.3333333333333333,0.6333333333333333,0.85,0.0,0.0,0.0
20260706,Knapsack,3,184,0.9397608029835094,0.8296998208853504,0.8296998208853504,0.9397608029835094,0.9397608029835094,0.8296998208853504,1,1,0,0,0.0,0.11666666666666667,0.3333333333333333,0.0,0.0,0.0,0.0,0.0,0.0,0.0,0.11666666666666667,0.3333333333333333,0.0,0.11666666666666667,0.3333333333333333,0.45,0.6166666666666667,0.95,0.0,0.11666666666666667,0.3333333333333333,0.0,0.0,0.0
20260706,Knapsack,3,220,0.950887044844612,0.8621249293007197,0.8621249293007197,0.950887044844612,0.9397026131850005,0.8621249293007197,1,0,0,0,0.5666666666666667,0.6833333333333333,0.7,0.0,0.0,0.0,0.0,0.0,0.0,0.38333333333333336,0.4166666666666667,0.5333333333333333,0.9333333333333333,0.9166666666666666,0.9666666666666667,0.85,0.9666666666666667,0.9833333333333333,0.5666666666666667,0.6833333333333333,0.7,0.0,0.0,0.0
20260706,Knapsack,4,164,0.9061774323502495,0.7842443311502869,0.7842443311502869,0.9061774323502495,0.9061774323502495,0.7842443311502869,1,1,0,0,0.5666666666666667,0.5166666666666667,0.6666666666666666,0.0,0.0,0.0,0.0,0.0,0.0,0.5666666666666667,0.5166666666666667,0.6666666666666666,0.5666666666666667,0.5166666666666667,0.6666666666666666,0.35,0.7333333333333333,0.9166666666666666,0.5666666666666667,0.5166666666666667,0.6666666666666666,0.0,0.0,0.0
20260706,Knapsack,4,203,0.852967151455874,0.7743675197701517,0.7743675197701517,0.852967151455874,0.852967151455874,0.7743675197701517,1,1,0,0,0.0,0.03333333333333333,0.16666666666666666,0.0,0.0,0.0,0.0,0.0,0.0,0.0,0.016666666666666666,0.16666666666666666,0.0,0.03333333333333333,0.16666666666666666,0.03333333333333333,0.5833333333333334,0.85,0.0,0.03333333333333333,0.16666666666666666,0.0,0.0,0.0
20260706,Knapsack,4,165,0.8676487850562415,0.7787241878689014,0.7787241878689014,0.8676487850562415,0.8676487850562415,0.7787241878689014,1,1,0,0,0.4166666666666667,0.5833333333333334,0.6666666666666666,0.0,0.0,0.0,0.0,0.0,0.0,0.4166666666666667,0.5666666666666667,0.5333333333333333,0.4166666666666667,0.6,0.6833333333333333,0.65,0.9166666666666666,0.9833333333333333,0.4166666666666667,0.5833333333333334,0.6666666666666666,0.0,0.0,0.0
20260706,Knapsack,5,125,0.7916642515532647,0.776002970162866,0.776002970162866,0.7916642515532647,0.7916642515532647,0.776002970162866,1,1,0,0,0.0,0.016666666666666666,0.16666666666666666,0.0,0.0,0.0,0.0,0.0,0.0,0.0,0.016666666666666666,0.16666666666666666,0.0,0.016666666666666666,0.16666666666666666,0.6666666666666666,0.7833333333333333,0.8833333333333333,0.0,0.016666666666666666,0.16666666666666666,0.0,0.0,0.0
20260706,Knapsack,5,127,0.7431817872014309,0.7494499387893447,0.7494499387893447,0.7431817872014309,0.7431817872014309,0.7494499387893447,1,1,0,0,0.0,0.0,0.18333333333333332,0.0,0.0,0.0,0.0,0.0,0.0,0.0,0.0,0.18333333333333332,0.0,0.0,0.18333333333333332,0.38333333333333336,0.6666666666666666,0.9,0.0,0.0,0.18333333333333332,0.0,0.0,0.0
20260706,Knapsack,3,160,0.8851766881912175,0.8492529691525134,0.8492529691525134,0.8851766881912175,0.8851766881912175,0.8492529691525134,1,1,0,0,0.05,0.18333333333333332,0.4666666666666667,0.0,0.0,0.0,0.0,0.0,0.0,0.05,0.18333333333333332,0.4666666666666667,0.05,0.18333333333333332,0.4666666666666667,0.6833333333333333,0.9166666666666666,0.9166666666666666,0.05,0.18333333333333332,0.4666666666666667,0.0,0.0,0.0
20260706,Knapsack,4,264,0.8591324847476289,0.7924740268585545,0.7924740268585545,0.8591324847476289,0.8591324847476289,0.7924740268585545,1,1,0,0,0.5,0.7833333333333333,0.9166666666666666,0.0,0.0,0.0,0.0,0.0,0.0,0.5,0.7833333333333333,0.9166666666666666,0.5,0.7833333333333333,0.9166666666666666,0.6666666666666666,0.9,0.9833333333333333,0.5,0.7833333333333333,0.9166666666666666,0.0,0.0,0.0
20260706,Knapsack,5,173,0.8528534833417176,0.7536165507010272,0.7536165507010272,0.8528534833417176,0.8528534833417176,0.7536165507010272,1,1,0,0,0.11666666666666667,0.26666666666666666,0.4166666666666667,0.0,0.0,0.0,0.0,0.0,0.0,0.11666666666666667,0.26666666666666666,0.4166666666666667,0.11666666666666667,0.26666666666666666,0.4166666666666667,0.36666666666666664,0.8,0.9333333333333333,0.11666666666666667,0.26666666666666666,0.4166666666666667,0.0,0.0,0.0
20260706,Knapsack,5,294,0.7643648761383619,0.7484166180477483,0.7484166180477483,0.7643648761383619,0.7643648761383619,0.7484166180477483,1,1,0,0,0.0,0.1,0.3333333333333333,0.0,0.0,0.0,0.0,0.0,0.0,0.0,0.1,0.3333333333333333,0.0,0.1,0.3333333333333333,0.5166666666666667,0.8666666666666667,0.9,0.0,0.1,0.3333333333333333,0.0,0.0,0.0
20260706,Knapsack,4,203,0.8629811248102006,0.7878079900607065,0.7779840286855546,0.8775899357410085,0.8775899357410085,0.7779840286855546,0,0,0,0,0.5,0.6666666666666666,0.9166666666666666,0.0,0.0,0.0,0.0,0.0,0.0,0.5,0.6666666666666666,0.9166666666666666,0.5,0.6666666666666666,0.9166666666666666,0.9166666666666666,0.8333333333333334,0.95,0.5,0.6666666666666666,0.9166666666666666,0.0,0.0,0.0
20260706,Knapsack,5,104,0.7616902896774926,0.7617084674420131,0.7617084674420131,0.7616902896774926,0.7616902896774926,0.7617084674420131,1,1,0,0,0.0,0.11666666666666667,0.31666666666666665,0.0,0.0,0.0,0.0,0.0,0.0,0.0,0.11666666666666667,0.31666666666666665,0.0,0.11666666666666667,0.31666666666666665,0.6333333333333333,0.8833333333333333,0.9333333333333333,0.0,0.11666666666666667,0.31666666666666665,0.0,0.0,0.0
20260706,Knapsack,5,276,0.801004814556926,0.7652483714113475,0.7652483714113475,0.801004814556926,0.801004814556926,0.7652483714113475,1,1,0,0,0.11666666666666667,0.4,0.7166666666666667,0.0,0.0,0.0,0.0,0.0,0.0,0.11666666666666667,0.4,0.7166666666666667,0.11666666666666667,0.4,0.7166666666666667,0.43333333333333335,0.8333333333333334,1.0,0.11666666666666667,0.4,0.7166666666666667,0.0,0.0,0.0
20260706,Knapsack,5,67,0.8530124438473476,0.7820465316234956,0.7820465316234956,0.8530124438473476,0.8530124438473476,0.7820465316234956,1,1,0,0,0.35,0.6833333333333333,0.95,0.0,0.0,0.0,0.0,0.0,0.0,0.35,0.6833333333333333,0.95,0.35,0.6833333333333333,0.95,0.5666666666666667,0.8166666666666667,0.9333333333333333,0.35,0.6833333333333333,0.95,0.0,0.0,0.0
20260706,Knapsack,4,77,0.9161503192714451,0.8066611246051435,0.7923315444483812,0.9161503192714451,0.9161503192714451,0.7923315444483812,1,1,0,0,0.5,0.6333333333333333,0.8166666666666667,0.0,0.0,0.0,0.0,0.0,0.0,0.5,0.6333333333333333,0.8166666666666667,0.5,0.6333333333333333,0.8166666666666667,0.8,0.7666666666666667,0.95,0.5,0.6333333333333333,0.8166666666666667,0.0,0.0,0.0
20260706,Knapsack,3,232,0.9079559754558825,0.8261336413067926,0.8124981379315803,0.9079559754558825,0.9079559754558825,0.8124981379315803,1,1,0,0,0.0,0.25,0.55,0.0,0.0,0.0,0.0,0.0,0.0,0.0,0.25,0.5666666666666667,0.0,0.25,0.55,0.7166666666666667,0.8833333333333333,0.9833333333333333,0.0,0.25,0.55,0.0,0.0,0.0
20260706,Knapsack,5,95,0.8618527884073264,0.7408796615861225,0.7408796615861225,0.8618527884073264,0.8618527884073264,0.7408796615861225,1,1,0,0,0.06666666666666667,0.16666666666666666,0.26666666666666666,0.0,0.0,0.0,0.0,0.0,0.0,0.0,0.016666666666666666,0.23333333333333334,0.06666666666666667,0.16666666666666666,0.26666666666666666,0.13333333333333333,0.6,0.8833333333333333,0.06666666666666667,0.16666666666666666,0.26666666666666666,0.0,0.0,0.0
20260706,Knapsack,4,132,0.8615656601054558,0.7868043917980386,0.7868043917980386,0.8615656601054558,0.8615656601054558,0.7868043917980386,1,1,0,0,0.13333333333333333,0.4,0.38333333333333336,0.0,0.0,0.0,0.0,0.0,0.0,0.13333333333333333,0.4,0.38333333333333336,0.13333333333333333,0.4,0.38333333333333336,0.6,0.9333333333333333,0.9833333333333333,0.13333333333333333,0.4,0.38333333333333336,0.0,0.0,0.0
20260706,Knapsack,5,261,0.7764969973771094,0.7501131816912012,0.7501131816912012,0.7764969973771094,0.7764969973771094,0.7501131816912012,1,1,0,0,0.0,0.016666666666666666,0.3,0.0,0.0,0.0,0.0,0.0,0.0,0.0,0.016666666666666666,0.3,0.0,0.016666666666666666,0.3,0.4666666666666667,0.6833333333333333,0.8833333333333333,0.0,0.016666666666666666,0.3,0.0,0.0,0.0
20260706,Knapsack,5,162,0.7670123857060609,0.7539833095794036,0.7539833095794036,0.7670123857060609,0.7670123857060609,0.7539833095794036,1,1,0,0,0.16666666666666666,0.3,0.4,0.0,0.0,0.0,0.0,0.0,0.0,0.16666666666666666,0.3,0.4,0.16666666666666666,0.3,0.4,0.05,0.43333333333333335,0.8,0.16666666666666666,0.3,0.4,0.0,0.0,0.0
20260706,Knapsack,3,167,0.9205337299739813,0.8361597526487263,0.8361597526487263,0.9205337299739813,0.9205337299739813,0.8361597526487263,1,1,0,0,0.18333333333333332,0.16666666666666666,0.5166666666666667,0.0,0.0,0.0,0.0,0.0,0.0,0.18333333333333332,0.16666666666666666,0.5166666666666667,0.18333333333333332,0.16666666666666666,0.5166666666666667,0.4166666666666667,0.8166666666666667,0.9333333333333333,0.18333333333333332,0.16666666666666666,0.5166666666666667,0.0,0.0,0.0
20260706,Knapsack,5,271,0.8246371766910445,0.749657322616724,0.749657322616724,0.8246371766910445,0.8246371766910445,0.749657322616724,1,1,0,0,0.6,0.7833333333333333,0.8333333333333334,0.0,0.0,0.0,0.0,0.0,0.0,0.6,0.7833333333333333,0.85,0.6,0.7833333333333333,0.8333333333333334,0.4,0.65,0.8833333333333333,0.6,0.7833333333333333,0.8333333333333334,0.0,0.0,0.0
20260706,Knapsack,3,197,0.9379900072590649,0.8324623668683571,0.8324623668683571,0.9379900072590649,0.9379900072590649,0.8324623668683571,1,1,0,0,0.13333333333333333,0.43333333333333335,0.7333333333333333,0.0,0.0,0.0,0.0,0.0,0.0,0.0,0.16666666666666666,0.38333333333333336,0.13333333333333333,0.43333333333333335,0.7333333333333333,0.6333333333333333,0.8333333333333334,1.0,0.13333333333333333,0.43333333333333335,0.7333333333333333,0.0,0.0,0.0
20260706,Knapsack,5,85,0.8522941408292901,0.7632117894051755,0.7632117894051755,0.8522941408292901,0.8522941408292901,0.7632117894051755,1,1,0,0,0.06666666666666667,0.4166666666666667,0.6166666666666667,0.0,0.0,0.0,0.0,0.0,0.0,0.06666666666666667,0.4166666666666667,0.6166666666666667,0.06666666666666667,0.4166666666666667,0.6166666666666667,0.11666666666666667,0.6666666666666666,0.9333333333333333,0.06666666666666667,0.4166666666666667,0.6166666666666667,0.0,0.0,0.0
20260706,Knapsack,4,293,0.810871997708981,0.7728792448483414,0.7728792448483414,0.810871997708981,0.810871997708981,0.7728792448483414,1,1,0,0,0.0,0.16666666666666666,0.5333333333333333,0.0,0.0,0.0,0.0,0.0,0.0,0.0,0.16666666666666666,0.5333333333333333,0.0,0.16666666666666666,0.5333333333333333,0.7333333333333333,0.85,1.0,0.0,0.16666666666666666,0.5333333333333333,0.0,0.0,0.0
20260706,Knapsack,5,220,0.8256298575412013,0.7630700163095807,0.7630700163095807,0.8256298575412013,0.8256298575412013,0.7630700163095807,1,1,0,0,0.15,0.4,0.3,0.0,0.0,0.0,0.0,0.0,0.0,0.15,0.4,0.3,0.15,0.4,0.3,0.5333333333333333,0.7166666666666667,0.95,0.15,0.4,0.3,0.0,0.0,0.0
20260706,Knapsack,4,251,0.8557746170934283,0.7593827360836909,0.7593827360836909,0.8557746170934283,0.8557746170934283,0.7593827360836909,1,1,0,0,0.85,0.9666666666666667,1.0,0.0,0.0,0.0,0.0,0.0,0.0,0.85,0.9666666666666667,1.0,0.85,0.9666666666666667,1.0,0.65,0.7666666666666667,1.0,0.85,0.9666666666666667,1.0,0.0,0.0,0.0
20260706,Knapsack,5,134,0.7708580206891401,0.7531005939018642,0.7531005939018642,0.7708580206891401,0.7708580206891401,0.7531005939018642,1,1,0,0,0.0,0.0,0.0,0.0,0.0,0.0,0.0,0.0,0.0,0.0,0.0,0.0,0.0,0.0,0.0,0.35,0.7,0.8666666666666667,0.0,0.0,0.0,0.0,0.0,0.0
20260706,Knapsack,5,241,0.7999642777287456,0.7607262074395583,0.7607262074395583,0.7999642777287456,0.7999642777287456,0.7607262074395583,1,1,0,0,0.0,0.03333333333333333,0.43333333333333335,0.0,0.0,0.0,0.0,0.0,0.0,0.0,0.03333333333333333,0.4,0.0,0.03333333333333333,0.4,0.4166666666666667,0.5,0.9333333333333333,0.0,0.03333333333333333,0.43333333333333335,0.0,0.0,0.0
20260706,Knapsack,5,77,0.7779797965945997,0.7416739040760272,0.7416739040760272,0.7779797965945997,0.7779797965945997,0.7416739040760272,1,1,0,0,0.016666666666666666,0.15,0.38333333333333336,0.0,0.0,0.0,0.0,0.0,0.0,0.016666666666666666,0.15,0.38333333333333336,0.016666666666666666,0.15,0.38333333333333336,0.05,0.4666666666666667,0.75,0.016666666666666666,0.15,0.38333333333333336,0.0,0.0,0.0
20260706,Knapsack,3,172,0.8872222038998575,0.8132837245451868,0.8132837245451868,0.8872222038998575,0.8556790857626008,0.8132837245451868,1,0,0,1,0.38333333333333336,0.5,0.36666666666666664,0.0,0.0,0.0,0.0,0.0,0.0,0.21666666666666667,0.2833333333333333,0.3,0.6333333333333333,0.7333333333333333,0.8833333333333333,0.6666666666666666,0.7666666666666667,0.9666666666666667,0.38333333333333336,0.5,0.36666666666666664,0.0,0.0,0.0
20260706,Knapsack,4,98,0.7987281240087931,0.7551418836511303,0.7551418836511303,0.7987281240087931,0.7987281240087931,0.7551418836511303,1,1,0,0,0.6166666666666667,0.6833333333333333,0.8333333333333334,0.0,0.0,0.0,0.0,0.0,0.0,0.6166666666666667,0.6833333333333333,0.8333333333333334,0.6166666666666667,0.6833333333333333,0.8333333333333334,0.5333333333333333,0.85,0.95,0.6166666666666667,0.6833333333333333,0.8333333333333334,0.0,0.0,0.0
20260706,Knapsack,5,206,0.7927339770071089,0.7545193031881675,0.7545193031881675,0.7927339770071089,0.7927339770071089,0.7545193031881675,1,1,0,0,0.26666666666666666,0.31666666666666665,0.5,0.0,0.0,0.0,0.0,0.0,0.0,0.26666666666666666,0.31666666666666665,0.5,0.26666666666666666,0.31666666666666665,0.5,0.3333333333333333,0.6666666666666666,0.9,0.26666666666666666,0.31666666666666665,0.5,0.0,0.0,0.0
20260706,Knapsack,4,163,0.8305903514381755,0.7695570093499479,0.7695570093499479,0.8305903514381755,0.8305903514381755,0.7695570093499479,1,1,0,0,0.11666666666666667,0.2,0.4166666666666667,0.0,0.0,0.0,0.0,0.0,0.0,0.11666666666666667,0.2,0.4166666666666667,0.11666666666666667,0.2,0.4166666666666667,0.5,0.8333333333333334,0.95,0.11666666666666667,0.2,0.4166666666666667,0.0,0.0,0.0
20260706,Knapsack,3,147,0.8496700658797799,0.8295069364311561,0.8295069364311561,0.8496700658797799,0.8496700658797799,0.8295069364311561,1,1,0,0,0.2833333333333333,0.6,0.9,0.0,0.0,0.0,0.0,0.0,0.0,0.2833333333333333,0.6,0.9,0.2833333333333333,0.6,0.9,0.31666666666666665,0.8666666666666667,0.9666666666666667,0.2833333333333333,0.6,0.9,0.0,0.0,0.0
20260706,Knapsack,4,286,0.8553848503714134,0.7910372118622353,0.7910372118622353,0.8553848503714134,0.8553848503714134,0.7910372118622353,1,1,0,0,0.016666666666666666,0.13333333333333333,0.43333333333333335,0.0,0.0,0.0,0.0,0.0,0.0,0.016666666666666666,0.13333333333333333,0.43333333333333335,0.016666666666666666,0.13333333333333333,0.4666666666666667,0.15,0.65,0.9833333333333333,0.016666666666666666,0.13333333333333333,0.43333333333333335,0.0,0.0,0.0
20260706,Knapsack,4,63,0.8893840763301301,0.8156963763840224,0.8156963763840224,0.8893840763301301,0.8893840763301301,0.8156963763840224,1,1,0,0,0.0,0.016666666666666666,0.08333333333333333,0.0,0.0,0.0,0.0,0.0,0.0,0.0,0.016666666666666666,0.08333333333333333,0.0,0.016666666666666666,0.08333333333333333,0.7,0.7833333333333333,0.8833333333333333,0.0,0.016666666666666666,0.08333333333333333,0.0,0.0,0.0
20260706,Knapsack,3,81,0.8389397091557727,0.8225584496575215,0.8225584496575215,0.8389397091557727,0.8389397091557727,0.8225584496575215,1,1,0,0,0.11666666666666667,0.3333333333333333,0.5666666666666667,0.0,0.0,0.0,0.0,0.0,0.0,0.11666666666666667,0.3333333333333333,0.5666666666666667,0.11666666666666667,0.3333333333333333,0.5666666666666667,0.11666666666666667,0.5333333333333333,0.9333333333333333,0.11666666666666667,0.3333333333333333,0.5666666666666667,0.0,0.0,0.0
20260706,Knapsack,4,257,0.8708467340631574,0.7863555901196487,0.7863555901196487,0.8708467340631574,0.8708467340631574,0.7863555901196487,1,1,0,0,0.05,0.23333333333333334,0.6,0.0,0.0,0.0,0.0,0.0,0.0,0.05,0.26666666666666666,0.5,0.05,0.2833333333333333,0.6,0.6833333333333333,0.8666666666666667,0.9833333333333333,0.05,0.23333333333333334,0.6,0.0,0.0,0.0
20260706,Knapsack,4,137,0.8640095907225162,0.8085430685380566,0.8035793607432026,0.8640095907225162,0.8640095907225162,0.8035793607432026,1,1,0,0,0.3333333333333333,0.43333333333333335,0.5833333333333334,0.0,0.0,0.0,0.0,0.0,0.0,0.3333333333333333,0.43333333333333335,0.55,0.3333333333333333,0.48333333333333334,0.65,0.75,0.7,0.95,0.3333333333333333,0.43333333333333335,0.5833333333333334,0.0,0.0,0.0
20260706,Knapsack,4,190,0.8618766910914868,0.8056685550598565,0.8079451036740947,0.8618766910914868,0.8618766910914868,0.8079451036740947,1,1,0,0,0.0,0.15,0.3,0.0,0.0,0.0,0.0,0.0,0.0,0.0,0.15,0.3,0.0,0.15,0.3,0.5333333333333333,0.7833333333333333,0.9833333333333333,0.0,0.15,0.3,0.0,0.0,0.0
20260706,Knapsack,5,246,0.8019588828815176,0.7479463328170733,0.7479463328170733,0.8019588828815176,0.8292253542243446,0.7479463328170733,1,0,0,0,0.5166666666666667,0.45,0.6333333333333333,0.0,0.0,0.0,0.0,0.0,0.0,0.5166666666666667,0.5,0.6666666666666666,0.5333333333333333,0.5333333333333333,0.7666666666666667,0.5166666666666667,0.7333333333333333,0.9166666666666666,0.5166666666666667,0.45,0.6333333333333333,0.0,0.0,0.0
20260706,Knapsack,3,278,0.9218351846357096,0.8563376040338738,0.8563376040338738,0.9218351846357096,0.9218351846357096,0.8563376040338738,1,1,0,0,0.05,0.18333333333333332,0.35,0.0,0.0,0.0,0.0,0.0,0.0,0.05,0.18333333333333332,0.3,0.05,0.18333333333333332,0.35,0.75,1.0,0.9833333333333333,0.05,0.18333333333333332,0.35,0.0,0.0,0.0
20260706,Knapsack,4,247,0.8593943650719095,0.7890636585047764,0.7890636585047764,0.8593943650719095,0.8900556977874217,0.7890636585047764,1,0,0,0,0.0,0.0,0.1,0.0,0.0,0.0,0.0,0.0,0.0,0.0,0.0,0.16666666666666666,0.15,0.48333333333333334,0.5,0.6,0.7833333333333333,0.9666666666666667,0.0,0.0,0.1,0.0,0.0,0.0
20260706,Knapsack,3,200,0.9219913993549059,0.8503316888009069,0.8503316888009069,0.9219913993549059,0.9219913993549059,0.8503316888009069,1,1,0,0,0.21666666666666667,0.35,0.55,0.0,0.0,0.0,0.0,0.0,0.0,0.21666666666666667,0.3333333333333333,0.48333333333333334,0.21666666666666667,0.36666666666666664,0.5666666666666667,0.4666666666666667,0.8166666666666667,0.9666666666666667,0.21666666666666667,0.35,0.55,0.0,0.0,0.0
20260706,Knapsack,4,243,0.8354272127949215,0.7889815521793265,0.7889815521793265,0.8354272127949215,0.8354272127949215,0.7889815521793265,1,1,0,0,0.0,0.0,0.0,0.0,0.0,0.0,0.0,0.0,0.0,0.0,0.0,0.0,0.0,0.0,0.0,0.6,0.8333333333333334,0.95,0.0,0.0,0.0,0.0,0.0,0.0
20260706,Knapsack,5,203,0.7949931771956996,0.7428154215586548,0.7428154215586548,0.7949931771956996,0.7949931771956996,0.7428154215586548,1,1,0,0,0.26666666666666666,0.35,0.5,0.0,0.0,0.0,0.0,0.0,0.0,0.26666666666666666,0.35,0.5,0.26666666666666666,0.35,0.5,0.2,0.7166666666666667,0.9833333333333333,0.26666666666666666,0.35,0.5,0.0,0.0,0.0
20260706,Knapsack,5,293,0.7863141628490269,0.7438379253764026,0.7438379253764026,0.7863141628490269,0.7863141628490269,0.7438379253764026,1,1,0,0,0.4,0.6833333333333333,0.85,0.0,0.0,0.0,0.0,0.0,0.0,0.4,0.6833333333333333,0.85,0.4,0.6833333333333333,0.85,0.25,0.6,0.9333333333333333,0.4,0.6833333333333333,0.85,0.0,0.0,0.0
20260706,Knapsack,3,66,0.8852876711828401,0.8184510890387501,0.8184510890387501,0.8852876711828401,0.8852876711828401,0.8184510890387501,1,1,0,0,0.31666666666666665,0.3,0.5166666666666667,0.0,0.0,0.0,0.0,0.0,0.0,0.31666666666666665,0.3,0.5166666666666667,0.31666666666666665,0.3,0.5166666666666667,0.3,0.5833333333333334,0.8333333333333334,0.31666666666666665,0.3,0.5166666666666667,0.0,0.0,0.0
20260706,Knapsack,4,238,0.860810690547973,0.797460464637108,0.797460464637108,0.860810690547973,0.860810690547973,0.797460464637108,1,1,0,0,0.016666666666666666,0.15,0.36666666666666664,0.0,0.0,0.0,0.0,0.0,0.0,0.016666666666666666,0.15,0.36666666666666664,0.016666666666666666,0.15,0.36666666666666664,0.3,0.7333333333333333,0.9666666666666667,0.016666666666666666,0.15,0.36666666666666664,0.0,0.0,0.0
20260706,Knapsack,3,286,0.9238342973647806,0.8475659556897294,0.8475659556897294,0.9238342973647806,0.9238342973647806,0.8475659556897294,1,1,0,1,0.15,0.2833333333333333,0.65,0.0,0.0,0.0,0.0,0.0,0.0,0.15,0.3,0.6333333333333333,0.15,0.31666666666666665,0.65,0.65,0.9,1.0,0.15,0.2833333333333333,0.65,0.0,0.0,0.0
20260706,Knapsack,3,254,0.9569913989764324,0.8596056693241787,0.8596056693241787,0.9569913989764324,0.9569913989764324,0.8596056693241787,1,1,0,0,0.0,0.15,0.38333333333333336,0.0,0.0,0.0,0.0,0.0,0.0,0.0,0.15,0.38333333333333336,0.0,0.15,0.38333333333333336,0.5666666666666667,0.95,0.9666666666666667,0.0,0.15,0.38333333333333336,0.0,0.0,0.0
20260706,Knapsack,3,183,0.8892144696358062,0.8655398741037598,0.8655398741037598,0.8892144696358062,0.8892144696358062,0.8655398741037598,1,1,0,0,0.0,0.06666666666666667,0.31666666666666665,0.0,0.0,0.0,0.0,0.0,0.0,0.0,0.06666666666666667,0.31666666666666665,0.0,0.06666666666666667,0.31666666666666665,0.4,0.8166666666666667,0.8833333333333333,0.0,0.06666666666666667,0.31666666666666665,0.0,0.0,0.0
20260706,Knapsack,3,265,0.9108043048703072,0.864574133204394,0.864574133204394,0.9108043048703072,0.9108043048703072,0.864574133204394,1,1,0,0,0.03333333333333333,0.18333333333333332,0.48333333333333334,0.0,0.0,0.0,0.0,0.0,0.0,0.03333333333333333,0.18333333333333332,0.48333333333333334,0.03333333333333333,0.18333333333333332,0.48333333333333334,0.65,0.9333333333333333,0.9333333333333333,0.03333333333333333,0.18333333333333332,0.48333333333333334,0.0,0.0,0.0
20260706,Knapsack,3,294,0.9022490908890161,0.8297563887943578,0.8297563887943578,0.9022490908890161,0.8711725327562395,0.8297563887943578,1,0,0,0,0.6166666666666667,0.8666666666666667,0.9333333333333333,0.0,0.0,0.0,0.0,0.0,0.0,0.38333333333333336,0.7833333333333333,0.8666666666666667,0.25,0.7,0.8,0.7333333333333333,0.8833333333333333,0.9666666666666667,0.6166666666666667,0.8666666666666667,0.9333333333333333,0.0,0.0,0.0
20260706,Knapsack,4,209,0.848177100854263,0.7732897452684606,0.7732897452684606,0.848177100854263,0.848177100854263,0.7732897452684606,1,1,0,0,0.16666666666666666,0.5,0.8166666666666667,0.0,0.0,0.0,0.0,0.0,0.0,0.16666666666666666,0.4,0.6333333333333333,0.16666666666666666,0.38333333333333336,0.6,0.25,0.6166666666666667,0.9833333333333333,0.16666666666666666,0.5,0.8166666666666667,0.0,0.0,0.0
20260706,Knapsack,5,268,0.7675426064639628,0.7334385901434514,0.7334385901434514,0.7675426064639628,0.7675426064639628,0.7334385901434514,1,1,0,0,0.06666666666666667,0.26666666666666666,0.6666666666666666,0.0,0.0,0.0,0.0,0.0,0.0,0.06666666666666667,0.26666666666666666,0.6666666666666666,0.06666666666666667,0.26666666666666666,0.6666666666666666,0.13333333333333333,0.5,0.8833333333333333,0.06666666666666667,0.26666666666666666,0.6666666666666666,0.0,0.0,0.0
20260706,Knapsack,5,128,0.7973748000585125,0.7729727130947883,0.7729727130947883,0.7973748000585125,0.7973748000585125,0.7729727130947883,1,1,0,0,0.0,0.2,0.31666666666666665,0.0,0.0,0.0,0.0,0.0,0.0,0.0,0.2,0.31666666666666665,0.0,0.2,0.31666666666666665,0.016666666666666666,0.3,0.8666666666666667,0.0,0.2,0.31666666666666665,0.0,0.0,0.0
20260706,Knapsack,3,131,0.9155025983629765,0.840251551079129,0.840251551079129,0.9155025983629765,0.9155025983629765,0.840251551079129,1,1,0,0,0.06666666666666667,0.23333333333333334,0.5333333333333333,0.0,0.0,0.0,0.0,0.0,0.0,0.06666666666666667,0.23333333333333334,0.5333333333333333,0.06666666666666667,0.23333333333333334,0.5333333333333333,0.48333333333333334,0.8666666666666667,0.9666666666666667,0.06666666666666667,0.23333333333333334,0.5333333333333333,0.0,0.0,0.0
20260706,Knapsack,3,261,0.8864168858872474,0.8270695006566046,0.8270695006566046,0.8864168858872474,0.8864168858872474,0.8270695006566046,1,1,0,0,0.43333333333333335,0.5166666666666667,0.6833333333333333,0.0,0.0,0.0,0.0,0.0,0.0,0.43333333333333335,0.5166666666666667,0.6833333333333333,0.43333333333333335,0.5166666666666667,0.6833333333333333,0.6,0.8666666666666667,1.0,0.43333333333333335,0.5166666666666667,0.6833333333333333,0.0,0.0,0.0
20260706,Knapsack,3,155,0.8543320317036387,0.8357654312137949,0.8357654312137949,0.8543320317036387,0.8543320317036387,0.8357654312137949,1,1,0,0,0.36666666666666664,0.45,0.48333333333333334,0.0,0.0,0.0,0.0,0.0,0.0,0.36666666666666664,0.45,0.48333333333333334,0.36666666666666664,0.45,0.48333333333333334,0.6,0.7666666666666667,0.95,0.36666666666666664,0.45,0.48333333333333334,0.0,0.0,0.0
20260706,Knapsack,4,269,0.7951593744268302,0.7669801109087331,0.7669801109087331,0.7951593744268302,0.7951593744268302,0.7669801109087331,1,1,0,0,0.0,0.016666666666666666,0.2,0.0,0.0,0.0,0.0,0.0,0.0,0.0,0.016666666666666666,0.2,0.0,0.016666666666666666,0.2,0.5,0.9166666666666666,0.9666666666666667,0.0,0.016666666666666666,0.2,0.0,0.0,0.0
20260706,Knapsack,3,88,0.8935655808338921,0.8484257197345711,0.8484257197345711,0.8935655808338921,0.8935655808338921,0.8484257197345711,1,1,0,0,0.2,0.5333333333333333,0.6666666666666666,0.0,0.0,0.0,0.0,0.0,0.0,0.2,0.5333333333333333,0.6333333333333333,0.2,0.5333333333333333,0.6666666666666666,0.7166666666666667,0.8,0.9333333333333333,0.2,0.5333333333333333,0.6666666666666666,0.0,0.0,0.0
20260706,Knapsack,3,172,0.8479614265685591,0.7968526265749394,0.7968526265749394,0.8479614265685591,0.8479614265685591,0.7968526265749394,1,1,0,0,0.48333333333333334,0.5666666666666667,0.65,0.0,0.0,0.0,0.0,0.0,0.0,0.48333333333333334,0.5666666666666667,0.65,0.48333333333333334,0.5666666666666667,0.65,0.55,0.7666666666666667,0.9666666666666667,0.48333333333333334,0.5666666666666667,0.65,0.0,0.0,0.0
20260706,Knapsack,4,233,0.8157885015861569,0.7988918925443903,0.7988918925443903,0.8157885015861569,0.8157885015861569,0.7988918925443903,1,1,0,0,0.03333333333333333,0.2,0.25,0.0,0.0,0.0,0.0,0.0,0.0,0.03333333333333333,0.2,0.25,0.03333333333333333,0.2,0.25,0.5166666666666667,0.8,0.9666666666666667,0.03333333333333333,0.2,0.25,0.0,0.0,0.0
20260706,Knapsack,3,293,0.9407179027270679,0.8890220510631953,0.8714068296459693,0.9407179027270679,0.9407179027270679,0.8714068296459693,1,1,0,0,0.5666666666666667,0.5333333333333333,0.65,0.0,0.0,0.0,0.0,0.0,0.0,0.5666666666666667,0.5333333333333333,0.6,0.5666666666666667,0.5333333333333333,0.65,0.8333333333333334,0.9333333333333333,0.9666666666666667,0.5666666666666667,0.5333333333333333,0.65,0.0,0.0,0.0
20260706,Knapsack,3,228,0.8826512334156598,0.8224984219492009,0.8224984219492009,0.8826512334156598,0.8826512334156598,0.8224984219492009,1,1,0,0,0.1,0.2833333333333333,0.5833333333333334,0.0,0.0,0.0,0.0,0.0,0.0,0.1,0.2833333333333333,0.5833333333333334,0.1,0.2833333333333333,0.5833333333333334,0.5333333333333333,0.8333333333333334,0.9833333333333333,0.1,0.2833333333333333,0.5833333333333334,0.0,0.0,0.0
20260706,Knapsack,4,122,0.8958546878552783,0.803812579670419,0.803812579670419,0.8958546878552783,0.8958546878552783,0.803812579670419,1,1,0,0,0.03333333333333333,0.1,0.4,0.0,0.0,0.0,0.0,0.0,0.0,0.03333333333333333,0.1,0.36666666666666664,0.03333333333333333,0.1,0.36666666666666664,0.5166666666666667,0.8666666666666667,0.9666666666666667,0.03333333333333333,0.1,0.4,0.0,0.0,0.0
20260706,Knapsack,5,205,0.8358073594590706,0.781943777348562,0.781943777348562,0.8358073594590706,0.8358073594590706,0.781943777348562,1,1,0,0,0.2833333333333333,0.65,0.9166666666666666,0.0,0.0,0.0,0.0,0.0,0.0,0.26666666666666666,0.55,0.85,0.3,0.6666666666666666,0.9333333333333333,0.75,0.85,0.9833333333333333,0.2833333333333333,0.65,0.9166666666666666,0.0,0.0,0.0
20260706,Knapsack,4,87,0.8121133707517579,0.7709773435445424,0.7709773435445424,0.8121133707517579,0.8121133707517579,0.7709773435445424,1,1,0,0,0.0,0.05,0.2,0.0,0.0,0.0,0.0,0.0,0.0,0.0,0.05,0.2,0.0,0.05,0.2,0.05,0.4166666666666667,0.8333333333333334,0.0,0.05,0.2,0.0,0.0,0.0
20260706,Knapsack,4,107,0.9218143790904121,0.7370240207823149,0.7370240207823149,0.9218143790904121,0.9218143790904121,0.7370240207823149,1,1,0,0,0.08333333333333333,0.38333333333333336,0.6833333333333333,0.0,0.0,0.0,0.0,0.0,0.0,0.0,0.11666666666666667,0.31666666666666665,0.18333333333333332,0.45,0.7,0.6666666666666666,0.7666666666666667,0.8833333333333333,0.08333333333333333,0.38333333333333336,0.6833333333333333,0.0,0.0,0.0
20260706,Knapsack,5,195,0.8324547463476899,0.7581973096175505,0.7581973096175505,0.8324547463476899,0.8324547463476899,0.7581973096175505,1,1,0,0,0.2,0.36666666666666664,0.5166666666666667,0.0,0.0,0.0,0.0,0.0,0.0,0.2,0.36666666666666664,0.5166666666666667,0.2,0.36666666666666664,0.5166666666666667,0.65,0.7666666666666667,0.9333333333333333,0.2,0.36666666666666664,0.5166666666666667,0.0,0.0,0.0
20260706,Knapsack,3,75,0.9365581291910369,0.8289428631578459,0.8289428631578459,0.9365581291910369,0.9365581291910369,0.8289428631578459,1,1,0,0,0.0,0.26666666666666666,0.36666666666666664,0.0,0.0,0.0,0.0,0.0,0.0,0.0,0.26666666666666666,0.36666666666666664,0.0,0.26666666666666666,0.36666666666666664,0.6166666666666667,0.8166666666666667,0.9666666666666667,0.0,0.26666666666666666,0.36666666666666664,0.0,0.0,0.0
20260706,Knapsack,4,208,0.8866771708554332,0.7722939141748536,0.7722939141748536,0.8866771708554332,0.8866771708554332,0.7722939141748536,1,1,0,0,0.5166666666666667,0.7,0.8333333333333334,0.0,0.0,0.0,0.0,0.0,0.0,0.5166666666666667,0.7,0.8333333333333334,0.5666666666666667,0.7166666666666667,0.8666666666666667,0.55,0.8,0.95,0.5166666666666667,0.7,0.8333333333333334,0.0,0.0,0.0
20260706,Knapsack,3,96,0.8720113117071439,0.8071534325364969,0.8071534325364969,0.8720113117071439,0.8720113117071439,0.8071534325364969,1,1,0,0,0.16666666666666666,0.5,0.65,0.0,0.0,0.0,0.0,0.0,0.0,0.16666666666666666,0.48333333333333334,0.6166666666666667,0.16666666666666666,0.48333333333333334,0.6166666666666667,0.6,0.9,0.9833333333333333,0.16666666666666666,0.5,0.65,0.0,0.0,0.0
20260706,Knapsack,3,65,0.8910164157819537,0.8096445335584064,0.8096445335584064,0.8910164157819537,0.8910164157819537,0.8096445335584064,1,1,0,0,0.18333333333333332,0.38333333333333336,0.38333333333333336,0.0,0.0,0.0,0.0,0.0,0.0,0.18333333333333332,0.38333333333333336,0.38333333333333336,0.18333333333333332,0.38333333333333336,0.38333333333333336,0.5333333333333333,0.7166666666666667,0.8166666666666667,0.18333333333333332,0.38333333333333336,0.38333333333333336,0.0,0.0,0.0
20260706,Knapsack,5,265,0.7548661547393917,0.745343002628789,0.745343002628789,0.7548661547393917,0.7548661547393917,0.745343002628789,1,1,0,0,0.26666666666666666,0.3333333333333333,0.3,0.0,0.0,0.0,0.0,0.0,0.0,0.26666666666666666,0.3333333333333333,0.3,0.26666666666666666,0.3333333333333333,0.3,0.21666666666666667,0.7333333333333333,0.9666666666666667,0.26666666666666666,0.3333333333333333,0.3,0.0,0.0,0.0
20260706,Knapsack,3,191,0.9429060961040359,0.8336631835144419,0.8336631835144419,0.9429060961040359,0.9429060961040359,0.8336631835144419,1,1,0,0,0.43333333333333335,0.7166666666666667,0.85,0.0,0.0,0.0,0.0,0.0,0.0,0.43333333333333335,0.65,0.8166666666666667,0.45,0.7666666666666667,0.8666666666666667,0.38333333333333336,0.7333333333333333,0.8833333333333333,0.43333333333333335,0.7166666666666667,0.85,0.0,0.0,0.0
20260706,Knapsack,3,184,0.8919939985747163,0.8006675026296137,0.8006675026296137,0.8919939985747163,0.8919939985747163,0.8006675026296137,1,1,0,0,0.16666666666666666,0.4166666666666667,0.48333333333333334,0.0,0.0,0.0,0.0,0.0,0.0,0.16666666666666666,0.4166666666666667,0.48333333333333334,0.16666666666666666,0.4166666666666667,0.48333333333333334,0.5166666666666667,0.7166666666666667,0.9166666666666666,0.16666666666666666,0.4166666666666667,0.48333333333333334,0.0,0.0,0.0
20260706,Knapsack,3,259,0.9122893238250751,0.8317473860966645,0.8317473860966645,0.9122893238250751,0.9122893238250751,0.8317473860966645,1,1,0,0,0.5,0.6833333333333333,0.9166666666666666,0.0,0.0,0.0,0.0,0.0,0.0,0.4666666666666667,0.6666666666666666,0.8833333333333333,0.55,0.7666666666666667,0.9166666666666666,0.5833333333333334,0.85,0.9666666666666667,0.5,0.6833333333333333,0.9166666666666666,0.0,0.0,0.0
20260706,Knapsack,5,135,0.7702341391132332,0.7892446601136008,0.7892446601136008,0.7702341391132332,0.7702341391132332,0.7892446601136008,1,1,0,0,0.016666666666666666,0.3333333333333333,0.65,0.0,0.0,0.0,0.0,0.0,0.0,0.016666666666666666,0.3333333333333333,0.65,0.016666666666666666,0.3333333333333333,0.65,0.36666666666666664,0.55,0.85,0.016666666666666666,0.3333333333333333,0.65,0.0,0.0,0.0
20260706,Knapsack,5,290,0.8082968716578847,0.753831725645972,0.753831725645972,0.8082968716578847,0.8082968716578847,0.753831725645972,1,1,0,0,0.0,0.016666666666666666,0.08333333333333333,0.0,0.0,0.0,0.0,0.0,0.0,0.0,0.016666666666666666,0.06666666666666667,0.0,0.016666666666666666,0.08333333333333333,0.7833333333333333,0.9166666666666666,0.9833333333333333,0.0,0.016666666666666666,0.08333333333333333,0.0,0.0,0.0
20260706,Knapsack,4,224,0.8189593445868343,0.794509225174066,0.794509225174066,0.8189593445868343,0.8189593445868343,0.794509225174066,1,1,0,0,0.15,0.5666666666666667,0.7,0.0,0.0,0.0,0.0,0.0,0.0,0.15,0.5666666666666667,0.7,0.15,0.5666666666666667,0.7,0.65,0.8666666666666667,0.9666666666666667,0.15,0.5666666666666667,0.7,0.0,0.0,0.0
20260706,Knapsack,4,67,0.8723403569457039,0.7719090745157986,0.7719090745157986,0.8723403569457039,0.8723403569457039,0.7719090745157986,1,1,0,0,0.08333333333333333,0.13333333333333333,0.6,0.0,0.0,0.0,0.0,0.0,0.0,0.08333333333333333,0.13333333333333333,0.4666666666666667,0.08333333333333333,0.13333333333333333,0.6166666666666667,0.4166666666666667,0.48333333333333334,0.8,0.08333333333333333,0.13333333333333333,0.6,0.0,0.0,0.0
20260706,Knapsack,5,200,0.8262524438047918,0.7637314972206514,0.7575411852164525,0.8262524438047918,0.8262524438047918,0.7575411852164525,1,1,0,0,0.0,0.016666666666666666,0.21666666666666667,0.0,0.0,0.0,0.0,0.0,0.0,0.0,0.016666666666666666,0.21666666666666667,0.0,0.016666666666666666,0.21666666666666667,0.55,0.6,0.9,0.0,0.016666666666666666,0.21666666666666667,0.0,0.0,0.0
20260706,Knapsack,4,211,0.8570618969762409,0.7670478564310304,0.7670478564310304,0.8570618969762409,0.8570618969762409,0.7670478564310304,1,1,0,0,0.36666666666666664,0.35,0.6,0.0,0.0,0.0,0.0,0.0,0.0,0.36666666666666664,0.35,0.6,0.36666666666666664,0.35,0.6,0.36666666666666664,0.65,0.8333333333333334,0.36666666666666664,0.35,0.6,0.0,0.0,0.0
20260706,Knapsack,5,85,0.7485606656465086,0.7485606656465086,0.7485606656465086,0.7485606656465086,0.7485606656465086,0.7485606656465086,1,1,0,0,0.0,0.0,0.18333333333333332,0.0,0.0,0.0,0.0,0.0,0.0,0.0,0.0,0.18333333333333332,0.0,0.0,0.18333333333333332,0.7666666666666667,0.9833333333333333,0.9833333333333333,0.0,0.0,0.18333333333333332,0.0,0.0,0.0
20260706,Job-shop,4,208,0.49416945665330686,0.4897217584108029,0.49416945665330686,0.49416945665330686,0.49416945665330686,0.49416945665330686,1,1,0,0,0.6,0.7166666666666667,0.85,0.0,0.0,0.0,0.0,0.0,0.0,0.26666666666666666,0.5666666666666667,0.7833333333333333,0.7166666666666667,0.7833333333333333,0.8666666666666667,0.5666666666666667,0.8166666666666667,0.9166666666666666,0.6,0.7166666666666667,0.85,0.0,0.0,0.0
20260706,Job-shop,5,126,0.4883778029541728,0.4975864621356342,0.4883778029541728,0.4883778029541728,0.4883778029541728,0.4883778029541728,1,1,0,0,0.31666666666666665,0.36666666666666664,0.4666666666666667,0.0,0.0,0.0,0.0,0.0,0.0,0.31666666666666665,0.36666666666666664,0.43333333333333335,0.31666666666666665,0.36666666666666664,0.4,0.26666666666666666,0.48333333333333334,0.9,0.31666666666666665,0.36666666666666664,0.4666666666666667,0.0,0.0,0.0
20260706,Job-shop,3,200,0.5258774787014296,0.5232434499518219,0.5232434499518219,0.5258774787014296,0.5258774787014296,0.5232434499518219,1,1,0,0,0.4666666666666667,0.7166666666666667,0.7833333333333333,0.0,0.0,0.0,0.0,0.0,0.0,0.4166666666666667,0.65,0.7833333333333333,0.5666666666666667,0.8,0.8,0.38333333333333336,0.7666666666666667,0.8166666666666667,0.4666666666666667,0.7166666666666667,0.7833333333333333,0.0,0.0,0.0
20260706,Job-shop,4,213,0.49473712340497766,0.4932596399255182,0.4932596399255182,0.49473712340497766,0.49473712340497766,0.4932596399255182,1,1,0,0,0.3333333333333333,0.6666666666666666,0.8833333333333333,0.0,0.0,0.0,0.0,0.0,0.0,0.3333333333333333,0.6666666666666666,0.8833333333333333,0.3333333333333333,0.6666666666666666,0.8833333333333333,0.15,0.3333333333333333,0.75,0.3333333333333333,0.6666666666666666,0.8833333333333333,0.0,0.0,0.0
20260706,Job-shop,3,296,0.506547566839259,0.5195074196730805,0.5189005499707934,0.506547566839259,0.506547566839259,0.5189005499707934,1,1,0,0,0.4,0.4666666666666667,0.7,0.0,0.0,0.0,0.0,0.0,0.0,0.2833333333333333,0.4666666666666667,0.6833333333333333,0.4,0.48333333333333334,0.7,0.8666666666666667,0.9333333333333333,0.9666666666666667,0.4,0.4666666666666667,0.7,0.0,0.0,0.0
20260706,Job-shop,3,257,0.5183627419969976,0.5303542488350964,0.5303542488350964,0.5183627419969976,0.5183627419969976,0.5303542488350964,1,1,0,0,0.1,0.3,0.6166666666666667,0.0,0.0,0.0,0.0,0.0,0.0,0.1,0.3,0.6166666666666667,0.1,0.3,0.6166666666666667,0.35,0.7666666666666667,0.8666666666666667,0.1,0.3,0.6166666666666667,0.0,0.0,0.0
20260706,Job-shop,4,211,0.48064693347644316,0.48064693347644316,0.48064693347644316,0.48064693347644316,0.48064693347644316,0.48064693347644316,1,1,0,0,0.03333333333333333,0.1,0.2,0.0,0.0,0.0,0.0,0.0,0.0,0.03333333333333333,0.1,0.2,0.03333333333333333,0.15,0.23333333333333334,0.08333333333333333,0.38333333333333336,0.6,0.03333333333333333,0.1,0.2,0.0,0.0,0.0
20260706,Job-shop,5,236,0.45154967069622515,0.4679180046919667,0.4679180046919667,0.45154967069622515,0.45154967069622515,0.4679180046919667,1,1,0,0,0.4,0.16666666666666666,0.38333333333333336,0.0,0.0,0.0,0.0,0.0,0.0,0.4,0.16666666666666666,0.38333333333333336,0.4,0.16666666666666666,0.38333333333333336,0.23333333333333334,0.36666666666666664,0.5833333333333334,0.4,0.16666666666666666,0.38333333333333336,0.0,0.0,0.0
20260706,Job-shop,4,253,0.4843580385763854,0.4882798185087346,0.4917375018246465,0.4843580385763854,0.4843580385763854,0.4917375018246465,1,1,0,0,0.25,0.5666666666666667,0.7666666666666667,0.0,0.0,0.0,0.0,0.0,0.0,0.25,0.5666666666666667,0.7666666666666667,0.25,0.5666666666666667,0.7666666666666667,0.43333333333333335,0.4,0.8166666666666667,0.25,0.5666666666666667,0.7666666666666667,0.0,0.0,0.0
20260706,Job-shop,4,272,0.5187942954268244,0.49898687503335154,0.49898687503335154,0.5187942954268244,0.5187942954268244,0.49898687503335154,1,1,0,0,0.3,0.6333333333333333,0.6166666666666667,0.0,0.0,0.0,0.0,0.0,0.0,0.3,0.6333333333333333,0.6166666666666667,0.3,0.6333333333333333,0.6166666666666667,0.016666666666666666,0.4,0.7666666666666667,0.3,0.6333333333333333,0.6166666666666667,0.0,0.0,0.0
20260706,Job-shop,4,112,0.5048009459921722,0.5126982817056548,0.49914847275665,0.5048009459921722,0.5048009459921722,0.49914847275665,1,1,0,0,0.3,0.5666666666666667,0.85,0.0,0.0,0.0,0.0,0.0,0.0,0.3,0.5666666666666667,0.8166666666666667,0.31666666666666665,0.6166666666666667,0.9,0.5,0.6833333333333333,0.9,0.3,0.5666666666666667,0.85,0.0,0.0,0.0
20260706,Job-shop,3,62,0.5317064239261594,0.5267846223922176,0.5267846223922176,0.5317064239261594,0.5317064239261594,0.5267846223922176,1,1,0,0,0.23333333333333334,0.4166666666666667,0.5833333333333334,0.0,0.0,0.0,0.0,0.0,0.0,0.23333333333333334,0.4166666666666667,0.5833333333333334,0.23333333333333334,0.4166666666666667,0.5833333333333334,0.08333333333333333,0.16666666666666666,0.5833333333333334,0.23333333333333334,0.4166666666666667,0.5833333333333334,0.0,0.0,0.0
20260706,Job-shop,3,133,0.5295504340891907,0.5324245278060346,0.5324245278060346,0.5295504340891907,0.5295504340891907,0.5324245278060346,1,1,0,0,0.7833333333333333,0.9166666666666666,0.9166666666666666,0.0,0.0,0.0,0.0,0.0,0.0,0.7833333333333333,0.9166666666666666,0.9166666666666666,0.7833333333333333,0.9166666666666666,0.9166666666666666,0.55,0.7333333333333333,0.9,0.7833333333333333,0.9166666666666666,0.9166666666666666,0.0,0.0,0.0
20260706,Job-shop,3,224,0.509296383020298,0.5235279209840696,0.5235279209840696,0.509296383020298,0.509296383020298,0.5235279209840696,1,1,0,0,0.03333333333333333,0.2,0.4,0.0,0.0,0.0,0.0,0.0,0.0,0.03333333333333333,0.2,0.4166666666666667,0.05,0.23333333333333334,0.43333333333333335,0.23333333333333334,0.5833333333333334,0.8,0.03333333333333333,0.2,0.4,0.0,0.0,0.0
20260706,Job-shop,3,253,0.4938844454983979,0.5110679257063292,0.5110679257063292,0.4938844454983979,0.4938844454983979,0.5110679257063292,1,1,0,0,0.0,0.18333333333333332,0.5833333333333334,0.0,0.0,0.0,0.0,0.0,0.0,0.0,0.18333333333333332,0.5833333333333334,0.0,0.18333333333333332,0.5833333333333334,0.21666666666666667,0.7333333333333333,0.9166666666666666,0.0,0.18333333333333332,0.5833333333333334,0.0,0.0,0.0
20260706,Job-shop,4,217,0.4604157300484963,0.4604157300484963,0.4604157300484963,0.4604157300484963,0.4604157300484963,0.4604157300484963,1,1,0,0,0.016666666666666666,0.21666666666666667,0.45,0.0,0.0,0.0,0.0,0.0,0.0,0.016666666666666666,0.21666666666666667,0.45,0.016666666666666666,0.21666666666666667,0.45,0.0,0.016666666666666666,0.5,0.016666666666666666,0.21666666666666667,0.45,0.0,0.0,0.0
20260706,Job-shop,3,63,0.5266582616520277,0.5249726440223028,0.5249726440223028,0.5266582616520277,0.5266582616520277,0.5249726440223028,1,1,0,0,0.1,0.25,0.6166666666666667,0.0,0.0,0.0,0.0,0.0,0.0,0.1,0.25,0.6166666666666667,0.1,0.25,0.6166666666666667,0.15,0.25,0.3333333333333333,0.1,0.25,0.6166666666666667,0.0,0.0,0.0
20260706,Job-shop,4,251,0.47825005035817475,0.5009182477666936,0.5009182477666936,0.48241945370777906,0.46976605885039147,0.5009182477666936,0,0,0,0,0.36666666666666664,0.5333333333333333,0.7666666666666667,0.0,0.0,0.0,0.0,0.0,0.0,0.13333333333333333,0.31666666666666665,0.6166666666666667,0.0,0.08333333333333333,0.5333333333333333,0.26666666666666666,0.4,0.9166666666666666,0.36666666666666664,0.5333333333333333,0.7666666666666667,0.0,0.0,0.0
20260706,Job-shop,4,78,0.5127460557375194,0.5079651687706948,0.5079651687706948,0.5127460557375194,0.5127460557375194,0.5079651687706948,1,1,0,0,0.5333333333333333,0.5833333333333334,0.65,0.0,0.0,0.0,0.0,0.0,0.0,0.5333333333333333,0.5833333333333334,0.65,0.5333333333333333,0.5833333333333334,0.65,0.08333333333333333,0.16666666666666666,0.6166666666666667,0.5333333333333333,0.5833333333333334,0.65,0.0,0.0,0.0
20260706,Job-shop,5,86,0.47519225061734505,0.5324232322319181,0.5324232322319181,0.47519225061734505,0.47519225061734505,0.5324232322319181,1,1,0,0,0.0,0.0,0.1,0.0,0.0,0.0,0.0,0.0,0.0,0.0,0.0,0.1,0.0,0.0,0.1,0.36666666666666664,0.5333333333333333,0.6333333333333333,0.0,0.0,0.1,0.0,0.0,0.0
20260706,Job-shop,4,236,0.5214639730191378,0.5108138535974374,0.5108138535974374,0.5214639730191378,0.5214639730191378,0.5108138535974374,1,1,0,0,0.7,0.65,0.6333333333333333,0.0,0.0,0.0,0.0,0.0,0.0,0.7,0.65,0.6333333333333333,0.7,0.65,0.6333333333333333,0.45,0.6333333333333333,0.85,0.7,0.65,0.6333333333333333,0.0,0.0,0.0
20260706,Job-shop,4,157,0.48823035642077495,0.48823035642077495,0.48823035642077495,0.48823035642077495,0.48823035642077495,0.48823035642077495,1,1,0,0,0.1,0.2833333333333333,0.4,0.0,0.0,0.0,0.0,0.0,0.0,0.1,0.2833333333333333,0.4,0.1,0.2833333333333333,0.4,0.0,0.03333333333333333,0.2833333333333333,0.1,0.2833333333333333,0.4,0.0,0.0,0.0
20260706,Job-shop,3,290,0.49852891308073904,0.5120715469546353,0.514168640679292,0.4971955802455211,0.49852891308073904,0.514168640679292,0,1,0,0,0.6666666666666666,0.5166666666666667,0.7166666666666667,0.0,0.0,0.0,0.0,0.0,0.0,0.36666666666666664,0.5333333333333333,0.5833333333333334,0.6666666666666666,0.5166666666666667,0.7166666666666667,0.65,0.8333333333333334,0.9166666666666666,0.6666666666666666,0.5166666666666667,0.7166666666666667,0.0,0.0,0.0
20260706,Job-shop,5,154,0.49000545870948903,0.4764205037945259,0.4764205037945259,0.49000545870948903,0.49000545870948903,0.4764205037945259,1,1,0,0,0.4666666666666667,0.6,0.7333333333333333,0.0,0.0,0.0,0.0,0.0,0.0,0.4666666666666667,0.6,0.7333333333333333,0.4666666666666667,0.6,0.7333333333333333,0.3333333333333333,0.43333333333333335,0.85,0.4666666666666667,0.6,0.7333333333333333,0.0,0.0,0.0
20260706,Job-shop,5,61,0.5288915479019215,0.5288915479019215,0.5288915479019215,0.5288915479019215,0.5288915479019215,0.5288915479019215,1,1,0,0,0.05,0.25,0.5333333333333333,0.0,0.0,0.0,0.0,0.0,0.0,0.05,0.25,0.5333333333333333,0.05,0.25,0.5333333333333333,0.03333333333333333,0.23333333333333334,0.6166666666666667,0.05,0.25,0.5333333333333333,0.0,0.0,0.0
20260706,Job-shop,3,156,0.4925492485352581,0.4887249282626378,0.4887249282626378,0.4925492485352581,0.4925492485352581,0.4887249282626378,1,1,0,0,0.31666666666666665,0.38333333333333336,0.5833333333333334,0.0,0.0,0.0,0.0,0.0,0.0,0.31666666666666665,0.38333333333333336,0.6,0.31666666666666665,0.4,0.6166666666666667,0.1,0.38333333333333336,0.7833333333333333,0.31666666666666665,0.38333333333333336,0.5833333333333334,0.0,0.0,0.0
20260706,Job-shop,4,214,0.4793003883521589,0.4840646189825463,0.4840646189825463,0.5001885639833807,0.5001885639833807,0.4840646189825463,0,0,0,0,0.5833333333333334,0.5833333333333334,0.7,0.0,0.0,0.0,0.0,0.0,0.0,0.3,0.35,0.65,0.5,0.5333333333333333,0.6833333333333333,0.08333333333333333,0.26666666666666666,0.65,0.5833333333333334,0.5833333333333334,0.7,0.0,0.0,0.0
20260706,Job-shop,5,164,0.4685109450044796,0.49279295136872875,0.49279295136872875,0.4685109450044796,0.4685109450044796,0.49279295136872875,1,1,0,0,0.016666666666666666,0.2,0.2833333333333333,0.0,0.0,0.0,0.0,0.0,0.0,0.016666666666666666,0.2,0.25,0.016666666666666666,0.2,0.2833333333333333,0.2833333333333333,0.5166666666666667,0.65,0.016666666666666666,0.2,0.2833333333333333,0.0,0.0,0.0
20260706,Job-shop,3,71,0.52878066375228,0.5245687569522615,0.5245687569522615,0.52878066375228,0.52878066375228,0.5245687569522615,1,1,0,0,0.55,0.6833333333333333,0.7166666666666667,0.0,0.0,0.0,0.0,0.0,0.0,0.55,0.6833333333333333,0.7166666666666667,0.55,0.6833333333333333,0.7166666666666667,0.3,0.45,0.6166666666666667,0.55,0.6833333333333333,0.7166666666666667,0.0,0.0,0.0
20260706,Job-shop,5,227,0.4710206319865206,0.47858478687611655,0.47858478687611655,0.4710206319865206,0.4710206319865206,0.47858478687611655,1,1,0,0,0.05,0.2833333333333333,0.5333333333333333,0.0,0.0,0.0,0.0,0.0,0.0,0.03333333333333333,0.2833333333333333,0.5333333333333333,0.05,0.2833333333333333,0.5333333333333333,0.7166666666666667,0.6666666666666666,0.7166666666666667,0.05,0.2833333333333333,0.5333333333333333,0.0,0.0,0.0
20260706,Job-shop,4,211,0.4833576101557036,0.49934963194008886,0.49934963194008886,0.4833576101557036,0.4833576101557036,0.49934963194008886,1,1,0,0,0.0,0.16666666666666666,0.45,0.0,0.0,0.0,0.0,0.0,0.0,0.0,0.16666666666666666,0.45,0.0,0.16666666666666666,0.45,0.6,0.7,0.85,0.0,0.16666666666666666,0.45,0.0,0.0,0.0
20260706,Job-shop,4,241,0.49710158736822685,0.484137662310674,0.484137662310674,0.49710158736822685,0.49710158736822685,0.484137662310674,1,1,0,0,0.31666666666666665,0.48333333333333334,0.7166666666666667,0.0,0.0,0.0,0.0,0.0,0.0,0.31666666666666665,0.5166666666666667,0.6833333333333333,0.3,0.45,0.6,0.18333333333333332,0.4666666666666667,0.75,0.31666666666666665,0.48333333333333334,0.7166666666666667,0.0,0.0,0.0
20260706,Job-shop,3,96,0.5248807712883856,0.5248807712883856,0.5266951507137946,0.5266951507137946,0.5266951507137946,0.5266951507137946,0,0,0,0,0.016666666666666666,0.08333333333333333,0.16666666666666666,0.0,0.0,0.0,0.0,0.0,0.0,0.0,0.25,0.5,0.0,0.016666666666666666,0.15,0.48333333333333334,0.6666666666666666,0.8666666666666667,0.016666666666666666,0.08333333333333333,0.16666666666666666,0.0,0.0,0.0
20260706,Job-shop,5,190,0.4743240944102605,0.49883493788729244,0.49883493788729244,0.506689194040309,0.4812672825866816,0.49883493788729244,0,0,0,0,0.75,0.8833333333333333,0.95,0.0,0.0,0.0,0.0,0.0,0.0,0.4666666666666667,0.4666666666666667,0.7,0.18333333333333332,0.26666666666666666,0.5,0.13333333333333333,0.8,0.9166666666666666,0.75,0.8833333333333333,0.95,0.0,0.0,0.0
20260706,Job-shop,5,281,0.4953089491813686,0.4780843566836492,0.4780843566836492,0.4953089491813686,0.4953089491813686,0.4780843566836492,1,1,0,0,0.48333333333333334,0.5333333333333333,0.7166666666666667,0.0,0.0,0.0,0.0,0.0,0.0,0.5,0.55,0.7333333333333333,0.5333333333333333,0.6833333333333333,0.7666666666666667,0.06666666666666667,0.3,0.7166666666666667,0.48333333333333334,0.5333333333333333,0.7166666666666667,0.0,0.0,0.0
20260706,Job-shop,5,210,0.46778152674112705,0.46831757075178604,0.46831757075178604,0.46778152674112705,0.46778152674112705,0.46831757075178604,1,1,0,0,0.2,0.43333333333333335,0.6166666666666667,0.0,0.0,0.0,0.0,0.0,0.0,0.2,0.43333333333333335,0.6166666666666667,0.2,0.43333333333333335,0.6166666666666667,0.25,0.43333333333333335,0.75,0.2,0.43333333333333335,0.6166666666666667,0.0,0.0,0.0
20260706,Job-shop,3,118,0.5285879577871054,0.528472630986052,0.528472630986052,0.5408548863062149,0.5408548863062149,0.528472630986052,0,0,0,0,0.8333333333333334,0.9333333333333333,0.95,0.0,0.0,0.0,0.0,0.0,0.0,0.4,0.5833333333333334,0.8,0.5166666666666667,0.5833333333333334,0.8,0.6,0.8,0.8333333333333334,0.8333333333333334,0.9333333333333333,0.95,0.0,0.0,0.0
20260706,Job-shop,5,115,0.5143748025548818,0.48889457929669633,0.48889457929669633,0.5143748025548818,0.5143748025548818,0.48889457929669633,1,1,0,0,0.38333333333333336,0.3333333333333333,0.6833333333333333,0.0,0.0,0.0,0.0,0.0,0.0,0.38333333333333336,0.3333333333333333,0.6833333333333333,0.38333333333333336,0.3333333333333333,0.6833333333333333,0.0,0.16666666666666666,0.45,0.38333333333333336,0.3333333333333333,0.6833333333333333,0.0,0.0,0.0
20260706,Job-shop,3,174,0.49632136860807474,0.5014967605452825,0.5014967605452825,0.49632136860807474,0.49632136860807474,0.5014967605452825,1,1,0,1,0.08333333333333333,0.26666666666666666,0.36666666666666664,0.0,0.0,0.0,0.0,0.0,0.0,0.06666666666666667,0.15,0.35,0.16666666666666666,0.31666666666666665,0.5,0.45,0.6666666666666666,0.8333333333333334,0.08333333333333333,0.26666666666666666,0.36666666666666664,0.0,0.0,0.0
20260706,Job-shop,5,142,0.5023192555644017,0.5196475021324708,0.5196475021324708,0.5023192555644017,0.49770488124580403,0.5196475021324708,1,0,0,0,0.31666666666666665,0.5833333333333334,0.75,0.0,0.0,0.0,0.0,0.0,0.0,0.31666666666666665,0.6,0.7666666666666667,0.43333333333333335,0.7666666666666667,0.8,0.6166666666666667,0.7166666666666667,0.8166666666666667,0.31666666666666665,0.5833333333333334,0.75,0.0,0.0,0.0
20260706,Job-shop,4,294,0.5144328638573445,0.489069455118009,0.489069455118009,0.5144328638573445,0.5144328638573445,0.489069455118009,1,1,0,0,0.7833333333333333,0.6666666666666666,0.6666666666666666,0.0,0.0,0.0,0.0,0.0,0.0,0.7166666666666667,0.6333333333333333,0.6333333333333333,0.8166666666666667,0.6666666666666666,0.7,0.35,0.5666666666666667,0.8833333333333333,0.7833333333333333,0.6666666666666666,0.6666666666666666,0.0,0.0,0.0
20260706,Job-shop,3,263,0.5000039962845598,0.5000039962845598,0.5000039962845598,0.5000039962845598,0.5000039962845598,0.5000039962845598,1,1,0,0,0.0,0.18333333333333332,0.3,0.0,0.0,0.0,0.0,0.0,0.0,0.0,0.18333333333333332,0.3,0.0,0.18333333333333332,0.3,0.1,0.3,0.7166666666666667,0.0,0.18333333333333332,0.3,0.0,0.0,0.0
20260706,Job-shop,5,298,0.4528691480163926,0.4616038977950257,0.4616038977950257,0.4528691480163926,0.4528691480163926,0.4616038977950257,1,1,0,0,0.23333333333333334,0.5,0.75,0.0,0.0,0.0,0.0,0.0,0.0,0.23333333333333334,0.5,0.75,0.23333333333333334,0.5,0.75,0.06666666666666667,0.48333333333333334,0.8166666666666667,0.23333333333333334,0.5,0.75,0.0,0.0,0.0
20260706,Job-shop,4,287,0.4994738484989594,0.48740221852489707,0.48740221852489707,0.4994738484989594,0.4994738484989594,0.48740221852489707,1,1,0,0,0.4666666666666667,0.65,0.7,0.0,0.0,0.0,0.0,0.0,0.0,0.4666666666666667,0.65,0.7,0.5,0.7166666666666667,0.7666666666666667,0.35,0.5,0.8,0.4666666666666667,0.65,0.7,0.0,0.0,0.0
20260706,Job-shop,4,286,0.5261595224715816,0.5266493029856492,0.5266493029856492,0.5261595224715816,0.5261595224715816,0.5266493029856492,1,1,0,0,0.7,0.7666666666666667,0.9,0.0,0.0,0.0,0.0,0.0,0.0,0.7,0.7666666666666667,0.9,0.7,0.7666666666666667,0.9,0.2833333333333333,0.4666666666666667,0.7666666666666667,0.7,0.7666666666666667,0.9,0.0,0.0,0.0
20260706,Job-shop,3,111,0.4937112544135089,0.4937112544135089,0.4937112544135089,0.4937112544135089,0.4937112544135089,0.4937112544135089,1,1,0,0,0.6,0.7666666666666667,0.7833333333333333,0.0,0.0,0.0,0.0,0.0,0.0,0.6,0.7666666666666667,0.7833333333333333,0.6,0.7666666666666667,0.7833333333333333,0.08333333333333333,0.36666666666666664,0.5833333333333334,0.6,0.7666666666666667,0.7833333333333333,0.0,0.0,0.0
20260706,Job-shop,4,86,0.5099793386931094,0.504397567693421,0.504397567693421,0.5099793386931094,0.5099793386931094,0.504397567693421,1,1,0,0,0.3333333333333333,0.5833333333333334,0.8333333333333334,0.0,0.0,0.0,0.0,0.0,0.0,0.3333333333333333,0.5833333333333334,0.8333333333333334,0.3333333333333333,0.5833333333333334,0.8333333333333334,0.0,0.3333333333333333,0.7,0.3333333333333333,0.5833333333333334,0.8333333333333334,0.0,0.0,0.0
20260706,Job-shop,5,177,0.45932680977219237,0.45932680977219237,0.45932680977219237,0.45932680977219237,0.45932680977219237,0.45932680977219237,1,1,0,0,0.016666666666666666,0.18333333333333332,0.43333333333333335,0.0,0.0,0.0,0.0,0.0,0.0,0.016666666666666666,0.18333333333333332,0.43333333333333335,0.016666666666666666,0.18333333333333332,0.43333333333333335,0.15,0.3333333333333333,0.5333333333333333,0.016666666666666666,0.18333333333333332,0.43333333333333335,0.0,0.0,0.0
20260706,Job-shop,4,178,0.4829252809033202,0.5018931735478317,0.5018931735478317,0.4829252809033202,0.4829252809033202,0.5018931735478317,1,1,0,0,0.11666666666666667,0.4,0.55,0.0,0.0,0.0,0.0,0.0,0.0,0.11666666666666667,0.4,0.55,0.11666666666666667,0.4,0.55,0.6833333333333333,0.85,0.9166666666666666,0.11666666666666667,0.4,0.55,0.0,0.0,0.0
20260706,Job-shop,3,138,0.5069167372643072,0.5191237728600355,0.5069167372643072,0.5069167372643072,0.5069167372643072,0.5069167372643072,1,1,0,0,0.0,0.016666666666666666,0.06666666666666667,0.0,0.0,0.0,0.0,0.0,0.0,0.0,0.0,0.016666666666666666,0.0,0.0,0.016666666666666666,0.48333333333333334,0.6833333333333333,0.75,0.0,0.016666666666666666,0.06666666666666667,0.0,0.0,0.0
20260706,Job-shop,4,212,0.5164690595043833,0.5090363981334477,0.5164690595043833,0.5164690595043833,0.5164690595043833,0.5164690595043833,1,1,0,0,0.3,0.4666666666666667,0.6833333333333333,0.0,0.0,0.0,0.0,0.0,0.0,0.3,0.4666666666666667,0.6833333333333333,0.3,0.4666666666666667,0.6833333333333333,0.75,0.8833333333333333,1.0,0.3,0.4666666666666667,0.6833333333333333,0.0,0.0,0.0
20260706,Job-shop,3,271,0.5008790844566023,0.5008790844566023,0.5008790844566023,0.5008790844566023,0.5008790844566023,0.5008790844566023,1,1,0,0,0.03333333333333333,0.15,0.23333333333333334,0.0,0.0,0.0,0.0,0.0,0.0,0.03333333333333333,0.15,0.23333333333333334,0.03333333333333333,0.15,0.23333333333333334,0.48333333333333334,0.43333333333333335,0.8666666666666667,0.03333333333333333,0.15,0.23333333333333334,0.0,0.0,0.0
20260706,Job-shop,3,211,0.48998979513793967,0.5006088420008166,0.5006088420008166,0.48998979513793967,0.48998979513793967,0.5006088420008166,1,1,0,0,0.08333333333333333,0.18333333333333332,0.48333333333333334,0.0,0.0,0.0,0.0,0.0,0.0,0.08333333333333333,0.18333333333333332,0.48333333333333334,0.08333333333333333,0.18333333333333332,0.48333333333333334,0.36666666666666664,0.6,0.8666666666666667,0.08333333333333333,0.18333333333333332,0.48333333333333334,0.0,0.0,0.0
20260706,Job-shop,4,82,0.48419335741011055,0.4861064362958609,0.4861064362958609,0.48419335741011055,0.48419335741011055,0.4861064362958609,1,1,0,0,0.21666666666666667,0.35,0.6666666666666666,0.0,0.0,0.0,0.0,0.0,0.0,0.21666666666666667,0.35,0.7,0.21666666666666667,0.35,0.65,0.08333333333333333,0.23333333333333334,0.5833333333333334,0.21666666666666667,0.35,0.6666666666666666,0.0,0.0,0.0
20260706,Job-shop,4,159,0.5201301192125709,0.49794077860016184,0.49794077860016184,0.5201301192125709,0.5201301192125709,0.49794077860016184,1,1,0,0,0.7666666666666667,0.7,0.75,0.0,0.0,0.0,0.0,0.0,0.0,0.7666666666666667,0.6833333333333333,0.75,0.7666666666666667,0.6833333333333333,0.75,0.0,0.06666666666666667,0.6,0.7666666666666667,0.7,0.75,0.0,0.0,0.0
20260706,Job-shop,5,189,0.49089771928129183,0.4997839488851526,0.4997839488851526,0.49089771928129183,0.49089771928129183,0.4997839488851526,1,1,0,0,0.05,0.2833333333333333,0.6,0.0,0.0,0.0,0.0,0.0,0.0,0.05,0.26666666666666666,0.6,0.05,0.26666666666666666,0.6,0.15,0.36666666666666664,0.65,0.05,0.2833333333333333,0.6,0.0,0.0,0.0
20260706,Job-shop,4,74,0.5001363484440706,0.5001363484440706,0.5001363484440706,0.5001363484440706,0.5001363484440706,0.5001363484440706,1,1,0,0,0.7,0.75,0.7333333333333333,0.0,0.0,0.0,0.0,0.0,0.0,0.7666666666666667,0.75,0.75,0.9666666666666667,0.8833333333333333,0.9166666666666666,0.4166666666666667,0.6833333333333333,0.7666666666666667,0.7,0.75,0.7333333333333333,0.0,0.0,0.0
20260706,Job-shop,3,202,0.490106445228396,0.5023127714698249,0.5023127714698249,0.490106445228396,0.490106445228396,0.5023127714698249,1,1,0,0,0.0,0.15,0.48333333333333334,0.0,0.0,0.0,0.0,0.0,0.0,0.0,0.1,0.43333333333333335,0.016666666666666666,0.16666666666666666,0.5,0.55,0.7166666666666667,0.8333333333333334,0.0,0.15,0.48333333333333334,0.0,0.0,0.0
20260706,Job-shop,3,69,0.4916785898581409,0.4916785898581409,0.4916785898581409,0.4916785898581409,0.4916785898581409,0.4916785898581409,1,1,0,0,0.0,0.016666666666666666,0.06666666666666667,0.0,0.0,0.0,0.0,0.0,0.0,0.0,0.016666666666666666,0.06666666666666667,0.0,0.016666666666666666,0.06666666666666667,0.06666666666666667,0.3333333333333333,0.45,0.0,0.016666666666666666,0.06666666666666667,0.0,0.0,0.0
20260706,Job-shop,3,271,0.5007187233186661,0.5007187233186661,0.5007187233186661,0.5007187233186661,0.5007187233186661,0.5007187233186661,1,1,0,0,0.03333333333333333,0.15,0.35,0.0,0.0,0.0,0.0,0.0,0.0,0.03333333333333333,0.15,0.35,0.03333333333333333,0.15,0.35,0.18333333333333332,0.6333333333333333,0.85,0.03333333333333333,0.15,0.35,0.0,0.0,0.0
20260706,Job-shop,3,77,0.5172552245221084,0.5172552245221084,0.5172552245221084,0.5172552245221084,0.5172552245221084,0.5172552245221084,1,1,0,0,0.35,0.6166666666666667,0.7333333333333333,0.0,0.0,0.0,0.0,0.0,0.0,0.35,0.6166666666666667,0.7333333333333333,0.35,0.6166666666666667,0.7333333333333333,0.26666666666666666,0.48333333333333334,0.6166666666666667,0.35,0.6166666666666667,0.7333333333333333,0.0,0.0,0.0
20260706,Job-shop,4,117,0.5093579405870508,0.5209340370797985,0.5209340370797985,0.5093579405870508,0.5093579405870508,0.5209340370797985,1,1,0,0,0.0,0.23333333333333334,0.36666666666666664,0.0,0.0,0.0,0.0,0.0,0.0,0.0,0.23333333333333334,0.36666666666666664,0.0,0.23333333333333334,0.36666666666666664,0.38333333333333336,0.5833333333333334,0.6,0.0,0.23333333333333334,0.36666666666666664,0.0,0.0,0.0
20260706,Job-shop,3,256,0.49205970175884806,0.5127504850128849,0.5127504850128849,0.49205970175884806,0.49205970175884806,0.5127504850128849,1,1,0,0,0.0,0.11666666666666667,0.3333333333333333,0.0,0.0,0.0,0.0,0.0,0.0,0.0,0.11666666666666667,0.3333333333333333,0.0,0.11666666666666667,0.3333333333333333,0.6166666666666667,0.9,0.9833333333333333,0.0,0.11666666666666667,0.3333333333333333,0.0,0.0,0.0
20260706,Job-shop,3,90,0.5122265552848482,0.5251108783016807,0.5251108783016807,0.5122265552848482,0.5122265552848482,0.5251108783016807,1,1,0,0,0.03333333333333333,0.3,0.48333333333333334,0.0,0.0,0.0,0.0,0.0,0.0,0.03333333333333333,0.3,0.48333333333333334,0.03333333333333333,0.3,0.48333333333333334,0.43333333333333335,0.5666666666666667,0.8833333333333333,0.03333333333333333,0.3,0.48333333333333334,0.0,0.0,0.0
20260706,Job-shop,3,188,0.5146291971810548,0.5339254414369791,0.5339254414369791,0.515849863770614,0.515849863770614,0.5339254414369791,0,0,0,0,0.016666666666666666,0.21666666666666667,0.5833333333333334,0.0,0.0,0.0,0.0,0.0,0.0,0.21666666666666667,0.35,0.6166666666666667,0.0,0.13333333333333333,0.55,0.2,0.5333333333333333,0.7666666666666667,0.016666666666666666,0.21666666666666667,0.5833333333333334,0.0,0.0,0.0
20260706,Job-shop,3,128,0.5169759283319101,0.5249781500688516,0.5249781500688516,0.5169759283319101,0.5169759283319101,0.5249781500688516,1,1,0,0,0.16666666666666666,0.26666666666666666,0.5666666666666667,0.0,0.0,0.0,0.0,0.0,0.0,0.16666666666666666,0.26666666666666666,0.5666666666666667,0.16666666666666666,0.26666666666666666,0.5666666666666667,0.16666666666666666,0.48333333333333334,0.7333333333333333,0.16666666666666666,0.26666666666666666,0.5666666666666667,0.0,0.0,0.0
20260706,Job-shop,5,74,0.4964501121632286,0.5160139608999771,0.5160139608999771,0.4964501121632286,0.4964501121632286,0.5160139608999771,1,1,0,0,0.5333333333333333,0.7666666666666667,0.8,0.0,0.0,0.0,0.0,0.0,0.0,0.55,0.7666666666666667,0.8,0.5333333333333333,0.7666666666666667,0.8,0.0,0.35,0.65,0.5333333333333333,0.7666666666666667,0.8,0.0,0.0,0.0
20260706,Job-shop,5,276,0.4501983444909707,0.4567065415679294,0.4567065415679294,0.4501983444909707,0.4501983444909707,0.4567065415679294,1,1,0,0,0.13333333333333333,0.38333333333333336,0.6166666666666667,0.0,0.0,0.0,0.0,0.0,0.0,0.13333333333333333,0.38333333333333336,0.6166666666666667,0.13333333333333333,0.38333333333333336,0.6166666666666667,0.6166666666666667,0.6833333333333333,0.85,0.13333333333333333,0.38333333333333336,0.6166666666666667,0.0,0.0,0.0
20260706,Job-shop,4,281,0.4731196134237745,0.4733928035502073,0.4733928035502073,0.4731196134237745,0.4731196134237745,0.4733928035502073,1,1,0,0,0.05,0.1,0.35,0.0,0.0,0.0,0.0,0.0,0.0,0.05,0.1,0.35,0.05,0.1,0.35,0.0,0.16666666666666666,0.6166666666666667,0.05,0.1,0.35,0.0,0.0,0.0
20260706,Job-shop,3,255,0.49935249063954784,0.49935249063954784,0.49935249063954784,0.49935249063954784,0.49935249063954784,0.49935249063954784,1,1,0,0,0.05,0.15,0.3,0.0,0.0,0.0,0.0,0.0,0.0,0.05,0.15,0.3,0.05,0.15,0.3,0.0,0.3,0.7,0.05,0.15,0.3,0.0,0.0,0.0
20260706,Job-shop,5,112,0.4879940159716841,0.4805257965709829,0.4879940159716841,0.4879940159716841,0.4879940159716841,0.4879940159716841,1,1,0,0,0.36666666666666664,0.43333333333333335,0.6666666666666666,0.0,0.0,0.0,0.0,0.0,0.0,0.36666666666666664,0.4166666666666667,0.6666666666666666,0.36666666666666664,0.43333333333333335,0.6666666666666666,0.6333333333333333,0.6,0.7166666666666667,0.36666666666666664,0.43333333333333335,0.6666666666666666,0.0,0.0,0.0
20260706,Job-shop,4,115,0.5253503310615653,0.501624536985578,0.501624536985578,0.5253503310615653,0.5253503310615653,0.501624536985578,1,1,0,0,0.5833333333333334,0.7,0.8833333333333333,0.0,0.0,0.0,0.0,0.0,0.0,0.5833333333333334,0.7,0.8833333333333333,0.5833333333333334,0.7,0.8833333333333333,0.08333333333333333,0.31666666666666665,0.6666666666666666,0.5833333333333334,0.7,0.8833333333333333,0.0,0.0,0.0
20260706,Job-shop,3,219,0.4910242148846068,0.5090616633274528,0.5090616633274528,0.4910242148846068,0.4910242148846068,0.5090616633274528,1,1,0,0,0.0,0.0,0.21666666666666667,0.0,0.0,0.0,0.0,0.0,0.0,0.0,0.0,0.21666666666666667,0.0,0.0,0.21666666666666667,0.31666666666666665,0.75,0.9666666666666667,0.0,0.0,0.21666666666666667,0.0,0.0,0.0
20260706,Job-shop,3,61,0.5089199639483398,0.5210671730926221,0.5210671730926221,0.5089199639483398,0.5089199639483398,0.5210671730926221,1,1,0,0,0.5666666666666667,0.7,0.85,0.0,0.0,0.0,0.0,0.0,0.0,0.5666666666666667,0.7,0.85,0.5666666666666667,0.7,0.85,0.38333333333333336,0.5166666666666667,0.75,0.5666666666666667,0.7,0.85,0.0,0.0,0.0
20260706,Job-shop,5,219,0.47107149021484945,0.47310915232722905,0.47310915232722905,0.47107149021484945,0.47107149021484945,0.47310915232722905,1,1,0,0,0.38333333333333336,0.4666666666666667,0.6333333333333333,0.0,0.0,0.0,0.0,0.0,0.0,0.38333333333333336,0.4666666666666667,0.6333333333333333,0.38333333333333336,0.4666666666666667,0.65,0.03333333333333333,0.26666666666666666,0.7166666666666667,0.38333333333333336,0.4666666666666667,0.6333333333333333,0.0,0.0,0.0
20260706,Job-shop,5,222,0.4802159058174736,0.4928199627455723,0.4802159058174736,0.4802159058174736,0.4802159058174736,0.4802159058174736,1,1,0,0,0.016666666666666666,0.1,0.21666666666666667,0.0,0.0,0.0,0.0,0.0,0.0,0.0,0.016666666666666666,0.15,0.0,0.016666666666666666,0.15,0.35,0.48333333333333334,0.7666666666666667,0.016666666666666666,0.1,0.21666666666666667,0.0,0.0,0.0
20260706,Job-shop,3,290,0.5165016778909586,0.5165016778909586,0.5165016778909586,0.5165016778909586,0.5165016778909586,0.5165016778909586,1,1,0,0,0.16666666666666666,0.26666666666666666,0.3333333333333333,0.0,0.0,0.0,0.0,0.0,0.0,0.16666666666666666,0.26666666666666666,0.3333333333333333,0.16666666666666666,0.26666666666666666,0.3333333333333333,0.26666666666666666,0.5833333333333334,0.8333333333333334,0.16666666666666666,0.26666666666666666,0.3333333333333333,0.0,0.0,0.0
20260706,Job-shop,4,134,0.5147704675727093,0.48364353136836985,0.48364353136836985,0.5147704675727093,0.5372080402401525,0.48364353136836985,1,0,0,0,0.55,0.7333333333333333,0.8333333333333334,0.0,0.0,0.0,0.0,0.0,0.0,0.55,0.75,0.9,0.75,0.8833333333333333,0.8333333333333334,0.0,0.25,0.48333333333333334,0.55,0.7333333333333333,0.8333333333333334,0.0,0.0,0.0
20260706,Job-shop,4,66,0.5550840235298928,0.5244076547413857,0.5244076547413857,0.5550840235298928,0.5550840235298928,0.5244076547413857,1,1,0,0,0.8833333333333333,0.8833333333333333,0.9833333333333333,0.0,0.0,0.0,0.0,0.0,0.0,0.8833333333333333,0.8833333333333333,0.9833333333333333,0.8833333333333333,0.8833333333333333,0.9833333333333333,0.4166666666666667,0.5833333333333334,0.7333333333333333,0.8833333333333333,0.8833333333333333,0.9833333333333333,0.0,0.0,0.0
20260706,Job-shop,5,209,0.504148928082487,0.47556606392113704,0.47556606392113704,0.504148928082487,0.504148928082487,0.47556606392113704,1,1,0,0,0.26666666666666666,0.4,0.5833333333333334,0.0,0.0,0.0,0.0,0.0,0.0,0.26666666666666666,0.4,0.5833333333333334,0.26666666666666666,0.4,0.5833333333333334,0.05,0.21666666666666667,0.7333333333333333,0.26666666666666666,0.4,0.5833333333333334,0.0,0.0,0.0
20260706,Job-shop,3,125,0.5150560679478816,0.5138851241651453,0.5150560679478816,0.5150560679478816,0.5150560679478816,0.5150560679478816,1,1,0,0,0.5666666666666667,0.65,0.85,0.0,0.0,0.0,0.0,0.0,0.0,0.21666666666666667,0.5,0.6333333333333333,0.13333333333333333,0.4166666666666667,0.5166666666666667,0.7,0.6833333333333333,0.8,0.5666666666666667,0.65,0.85,0.0,0.0,0.0
20260706,Job-shop,4,245,0.4809552722586613,0.4965537625935155,0.4809552722586613,0.4809552722586613,0.4809552722586613,0.4809552722586613,1,1,0,1,0.16666666666666666,0.2833333333333333,0.6166666666666667,0.0,0.0,0.0,0.0,0.0,0.0,0.16666666666666666,0.2833333333333333,0.6,0.16666666666666666,0.31666666666666665,0.6166666666666667,0.5333333333333333,0.6833333333333333,0.95,0.16666666666666666,0.2833333333333333,0.6166666666666667,0.0,0.0,0.0
20260706,Job-shop,4,227,0.4959436029127928,0.5099692121392575,0.4959436029127928,0.4959436029127928,0.4959436029127928,0.4959436029127928,1,1,0,0,0.03333333333333333,0.31666666666666665,0.4666666666666667,0.0,0.0,0.0,0.0,0.0,0.0,0.03333333333333333,0.31666666666666665,0.43333333333333335,0.03333333333333333,0.31666666666666665,0.4666666666666667,0.35,0.6833333333333333,0.8833333333333333,0.03333333333333333,0.31666666666666665,0.4666666666666667,0.0,0.0,0.0
20260706,Job-shop,5,212,0.4949857039418707,0.49855390115188525,0.49855390115188525,0.4949857039418707,0.4949857039418707,0.49855390115188525,1,1,0,0,0.43333333333333335,0.5333333333333333,0.7833333333333333,0.0,0.0,0.0,0.0,0.0,0.0,0.43333333333333335,0.5333333333333333,0.7833333333333333,0.43333333333333335,0.5333333333333333,0.7833333333333333,0.38333333333333336,0.6166666666666667,0.7833333333333333,0.43333333333333335,0.5333333333333333,0.7833333333333333,0.0,0.0,0.0
20260706,Job-shop,3,244,0.5269894362021419,0.5209930167725152,0.5209930167725152,0.5269894362021419,0.5269894362021419,0.5209930167725152,1,1,0,0,0.6,0.7666666666666667,0.8,0.0,0.0,0.0,0.0,0.0,0.0,0.6,0.7666666666666667,0.8,0.6,0.7666666666666667,0.8,0.16666666666666666,0.6166666666666667,0.75,0.6,0.7666666666666667,0.8,0.0,0.0,0.0
20260706,Job-shop,5,203,0.4750708367888399,0.486097590142629,0.486097590142629,0.4750708367888399,0.4750708367888399,0.486097590142629,1,1,0,0,0.5,0.6666666666666666,0.7,0.0,0.0,0.0,0.0,0.0,0.0,0.5,0.6666666666666666,0.7,0.5,0.6666666666666666,0.7,0.5,0.7333333333333333,0.7333333333333333,0.5,0.6666666666666666,0.7,0.0,0.0,0.0
20260706,Job-shop,3,131,0.5081727125383576,0.5081727125383576,0.5081727125383576,0.5081727125383576,0.5081727125383576,0.5081727125383576,1,1,0,0,0.06666666666666667,0.13333333333333333,0.26666666666666666,0.0,0.0,0.0,0.0,0.0,0.0,0.06666666666666667,0.13333333333333333,0.26666666666666666,0.06666666666666667,0.13333333333333333,0.26666666666666666,0.45,0.5166666666666667,0.7333333333333333,0.06666666666666667,0.13333333333333333,0.26666666666666666,0.0,0.0,0.0
20260706,Job-shop,3,182,0.5054982099931784,0.5175481879412366,0.5175481879412366,0.5054982099931784,0.5054982099931784,0.5175481879412366,1,1,1,0,0.06666666666666667,0.23333333333333334,0.5333333333333333,0.0,0.0,0.0,0.0,0.0,0.0,0.06666666666666667,0.23333333333333334,0.5333333333333333,0.06666666666666667,0.23333333333333334,0.5333333333333333,0.15,0.6166666666666667,0.9,0.06666666666666667,0.23333333333333334,0.5333333333333333,0.0,0.0,0.0
20260706,Job-shop,5,221,0.47967298574849015,0.47784822646647446,0.47784822646647446,0.47967298574849015,0.47967298574849015,0.47784822646647446,1,1,0,0,0.18333333333333332,0.45,0.6666666666666666,0.0,0.0,0.0,0.0,0.0,0.0,0.18333333333333332,0.45,0.6666666666666666,0.18333333333333332,0.45,0.6666666666666666,0.6666666666666666,0.7166666666666667,0.75,0.18333333333333332,0.45,0.6666666666666666,0.0,0.0,0.0
20260706,Job-shop,3,150,0.5313550471776308,0.5549451542579212,0.5549451542579212,0.5313550471776308,0.5313550471776308,0.5549451542579212,1,1,0,0,0.5666666666666667,0.7333333333333333,0.8333333333333334,0.0,0.0,0.0,0.0,0.0,0.0,0.5666666666666667,0.7333333333333333,0.8333333333333334,0.5666666666666667,0.7333333333333333,0.8333333333333334,0.43333333333333335,0.6833333333333333,0.85,0.5666666666666667,0.7333333333333333,0.8333333333333334,0.0,0.0,0.0
20260706,Job-shop,5,211,0.4586501072586515,0.5069733161717876,0.5069733161717876,0.4586501072586515,0.4586501072586515,0.5069733161717876,1,1,0,0,0.48333333333333334,0.4666666666666667,0.55,0.0,0.0,0.0,0.0,0.0,0.0,0.48333333333333334,0.4666666666666667,0.55,0.48333333333333334,0.4666666666666667,0.55,0.16666666666666666,0.48333333333333334,0.7833333333333333,0.48333333333333334,0.4666666666666667,0.55,0.0,0.0,0.0
20260706,Job-shop,4,216,0.49596399123278073,0.4881993875772232,0.49596399123278073,0.49596399123278073,0.49596399123278073,0.49596399123278073,1,1,0,0,0.38333333333333336,0.6166666666666667,0.7666666666666667,0.0,0.0,0.0,0.0,0.0,0.0,0.38333333333333336,0.5833333333333334,0.7333333333333333,0.38333333333333336,0.6166666666666667,0.7666666666666667,0.4666666666666667,0.6833333333333333,0.8666666666666667,0.38333333333333336,0.6166666666666667,0.7666666666666667,0.0,0.0,0.0
20260706,Job-shop,3,183,0.5443633942918136,0.5152322780376054,0.5152322780376054,0.5443633942918136,0.5443633942918136,0.5152322780376054,1,1,0,0,0.75,0.95,0.8166666666666667,0.0,0.0,0.0,0.0,0.0,0.0,0.7166666666666667,0.9,0.7833333333333333,0.7666666666666667,0.95,0.8666666666666667,0.21666666666666667,0.4,0.7333333333333333,0.75,0.95,0.8166666666666667,0.0,0.0,0.0
20260706,Job-shop,5,81,0.47200967517490344,0.47200967517490344,0.47200967517490344,0.47200967517490344,0.47200967517490344,0.47200967517490344,1,1,0,0,0.016666666666666666,0.16666666666666666,0.31666666666666665,0.0,0.0,0.0,0.0,0.0,0.0,0.016666666666666666,0.16666666666666666,0.31666666666666665,0.016666666666666666,0.16666666666666666,0.31666666666666665,0.1,0.36666666666666664,0.6333333333333333,0.016666666666666666,0.16666666666666666,0.31666666666666665,0.0,0.0,0.0
20260706,Job-shop,4,200,0.4979835737076413,0.49358403646040955,0.49358403646040955,0.4979835737076413,0.4979835737076413,0.49358403646040955,1,1,0,0,0.7666666666666667,0.8333333333333334,0.85,0.0,0.0,0.0,0.0,0.0,0.0,0.7666666666666667,0.8333333333333334,0.85,0.7666666666666667,0.8333333333333334,0.85,0.5166666666666667,0.48333333333333334,0.6,0.7666666666666667,0.8333333333333334,0.85,0.0,0.0,0.0
20260706,Job-shop,5,222,0.4578359674211485,0.4578359674211485,0.4578359674211485,0.4578359674211485,0.4578359674211485,0.4578359674211485,1,1,0,0,0.03333333333333333,0.25,0.5,0.0,0.0,0.0,0.0,0.0,0.0,0.03333333333333333,0.25,0.5,0.03333333333333333,0.25,0.5,0.5333333333333333,0.65,0.8666666666666667,0.03333333333333333,0.25,0.5,0.0,0.0,0.0
20260706,Job-shop,4,142,0.48022481445691056,0.48022481445691056,0.48022481445691056,0.48022481445691056,0.48022481445691056,0.48022481445691056,1,1,0,0,0.1,0.35,0.5,0.0,0.0,0.0,0.0,0.0,0.0,0.1,0.35,0.5,0.1,0.35,0.5,0.0,0.05,0.35,0.1,0.35,0.5,0.0,0.0,0.0
20260706,Job-shop,3,128,0.4996263778866519,0.5187941767604792,0.5187941767604792,0.4996263778866519,0.4996263778866519,0.5187941767604792,1,1,0,0,0.0,0.08333333333333333,0.23333333333333334,0.0,0.0,0.0,0.0,0.0,0.0,0.0,0.08333333333333333,0.23333333333333334,0.0,0.08333333333333333,0.23333333333333334,0.45,0.48333333333333334,0.8,0.0,0.08333333333333333,0.23333333333333334,0.0,0.0,0.0
20260706,Job-shop,3,143,0.4837598998309764,0.4837598998309764,0.4837598998309764,0.4837598998309764,0.4837598998309764,0.4837598998309764,1,1,0,0,0.016666666666666666,0.06666666666666667,0.2,0.0,0.0,0.0,0.0,0.0,0.0,0.016666666666666666,0.06666666666666667,0.2,0.016666666666666666,0.06666666666666667,0.2,0.0,0.1,0.45,0.016666666666666666,0.06666666666666667,0.2,0.0,0.0,0.0
20260706,Job-shop,4,274,0.48783719282973254,0.47827702847478576,0.47827702847478576,0.48783719282973254,0.48783719282973254,0.47827702847478576,1,1,0,0,0.06666666666666667,0.25,0.4666666666666667,0.0,0.0,0.0,0.0,0.0,0.0,0.06666666666666667,0.25,0.4666666666666667,0.06666666666666667,0.25,0.4666666666666667,0.08333333333333333,0.26666666666666666,0.7666666666666667,0.06666666666666667,0.25,0.4666666666666667,0.0,0.0,0.0
20260706,WFG2,7,137,0.4849943744998763,0.4849943744998763,0.4849943744998763,0.4849943744998763,0.4849943744998763,0.4849943744998763,1,1,0,0,0.0,0.0,0.0,0.0,0.0,0.0,0.0,0.0,0.0,0.0,0.0,0.0,0.0,0.0,0.0,0.35,0.6333333333333333,0.7666666666666667,0.0,0.0,0.0,0.0,0.0,0.0
20260706,WFG2,14,407,0.5220454585267273,0.5220454585267273,0.5220454585267273,0.5220454585267273,0.5220454585267273,0.5220454585267273,1,1,0,0,0.0,0.0,0.0,0.0,0.0,0.0,0.0,0.0,0.0,0.0,0.0,0.0,0.0,0.0,0.0,0.6166666666666667,0.9666666666666667,0.9833333333333333,0.0,0.0,0.0,0.0,0.0,0.0
20260706,WFG2,4,197,0.22354653953060125,0.22354653953060125,0.22354653953060125,0.22354653953060125,0.22354653953060125,0.22354653953060125,1,1,0,0,0.0,0.0,0.0,0.0,0.0,0.0,0.0,0.0,0.0,0.0,0.0,0.0,0.0,0.0,0.0,0.4,0.5333333333333333,0.7333333333333333,0.0,0.0,0.0,0.0,0.0,0.0
20260706,WFG2,15,105,0.5197918778572331,0.5197918778572331,0.5197918778572331,0.5197918778572331,0.5197918778572331,0.5197918778572331,1,1,0,0,0.0,0.0,0.0,0.0,0.0,0.0,0.0,0.0,0.0,0.0,0.0,0.0,0.0,0.0,0.0,0.0,0.26666666666666666,0.6,0.0,0.0,0.0,0.0,0.0,0.0
20260706,WFG2,5,328,0.19490950285034186,0.19490950285034186,0.19490950285034186,0.19490950285034186,0.19490950285034186,0.19490950285034186,1,1,0,0,0.0,0.0,0.0,0.0,0.0,0.0,0.0,0.0,0.0,0.0,0.0,0.0,0.0,0.0,0.0,0.0,0.0,0.18333333333333332,0.0,0.0,0.0,0.0,0.0,0.0
20260706,WFG2,8,78,0.49310257709063804,0.49310257709063804,0.49310257709063804,0.49310257709063804,0.49310257709063804,0.49310257709063804,1,1,0,0,0.0,0.0,0.0,0.0,0.0,0.0,0.0,0.0,0.0,0.0,0.0,0.0,0.0,0.0,0.0,0.03333333333333333,0.43333333333333335,0.7666666666666667,0.0,0.0,0.0,0.0,0.0,0.0
20260706,WFG2,12,426,0.5090062426867907,0.5090062426867907,0.5090062426867907,0.5090062426867907,0.5090062426867907,0.5090062426867907,1,1,0,0,0.0,0.0,0.0,0.0,0.0,0.0,0.0,0.0,0.0,0.0,0.0,0.0,0.0,0.0,0.0,0.7333333333333333,0.9333333333333333,0.9833333333333333,0.0,0.0,0.0,0.0,0.0,0.0
20260706,WFG2,12,254,0.45992775904705707,0.6131737057717302,0.6131737057717302,0.45992775904705707,0.45992775904705707,0.6131737057717302,1,1,0,0,0.0,0.0,0.0,0.0,0.0,0.0,0.0,0.0,0.0,0.0,0.0,0.0,0.0,0.0,0.0,0.85,0.9833333333333333,0.9833333333333333,0.0,0.0,0.0,0.0,0.0,0.0
20260706,WFG2,7,260,0.43255678624573335,0.43255678624573335,0.43255678624573335,0.43255678624573335,0.43255678624573335,0.43255678624573335,1,1,0,0,0.2833333333333333,0.3333333333333333,0.43333333333333335,0.0,0.0,0.0,0.0,0.0,0.0,0.2833333333333333,0.3333333333333333,0.43333333333333335,0.2833333333333333,0.3333333333333333,0.43333333333333335,0.3333333333333333,0.55,0.8,0.2833333333333333,0.3333333333333333,0.43333333333333335,0.0,0.0,0.0
20260706,WFG2,12,410,0.44301718839393495,0.44301718839393495,0.44301718839393495,0.44301718839393495,0.44301718839393495,0.44301718839393495,1,1,0,0,0.0,0.0,0.0,0.0,0.0,0.0,0.0,0.0,0.0,0.0,0.0,0.0,0.0,0.0,0.0,0.0,0.08333333333333333,0.5166666666666667,0.0,0.0,0.0,0.0,0.0,0.0
20260706,WFG2,10,277,0.4627862086393763,0.4627862086393763,0.4627862086393763,0.4627862086393763,0.4627862086393763,0.4627862086393763,1,1,0,0,0.0,0.0,0.0,0.0,0.0,0.0,0.0,0.0,0.0,0.0,0.0,0.0,0.0,0.0,0.0,0.2833333333333333,0.3333333333333333,0.7833333333333333,0.0,0.0,0.0,0.0,0.0,0.0
20260706,WFG2,15,368,0.5018676791099381,0.5512030305074334,0.5512030305074334,0.5018676791099381,0.5018676791099381,0.5512030305074334,1,1,0,0,0.5333333333333333,0.6166666666666667,0.6833333333333333,0.0,0.0,0.0,0.0,0.0,0.0,0.5333333333333333,0.6166666666666667,0.6833333333333333,0.5333333333333333,0.6166666666666667,0.6833333333333333,0.6666666666666666,0.9666666666666667,0.95,0.5333333333333333,0.6166666666666667,0.6833333333333333,0.0,0.0,0.0
20260706,WFG2,3,131,0.1668581279275686,0.1668581279275686,0.1668581279275686,0.1668581279275686,0.1668581279275686,0.1668581279275686,1,1,0,0,0.0,0.0,0.0,0.0,0.0,0.0,0.0,0.0,0.0,0.0,0.0,0.0,0.0,0.0,0.0,0.43333333333333335,0.5166666666666667,0.5666666666666667,0.0,0.0,0.0,0.0,0.0,0.0
20260706,WFG2,14,172,0.5402558998670598,0.5602027477184854,0.5602027477184854,0.5402558998670598,0.5402558998670598,0.5602027477184854,1,1,0,0,0.0,0.016666666666666666,0.2,0.0,0.0,0.0,0.0,0.0,0.0,0.0,0.016666666666666666,0.2,0.0,0.016666666666666666,0.2,0.48333333333333334,0.65,0.7,0.0,0.016666666666666666,0.2,0.0,0.0,0.0
20260706,WFG2,7,172,0.3789654513089658,0.4595171215591192,0.4595171215591192,0.3789654513089658,0.3789654513089658,0.4595171215591192,1,1,0,0,0.4166666666666667,0.4666666666666667,0.48333333333333334,0.0,0.0,0.0,0.0,0.0,0.0,0.4166666666666667,0.4666666666666667,0.48333333333333334,0.4166666666666667,0.4666666666666667,0.48333333333333334,0.5333333333333333,0.6833333333333333,0.95,0.4166666666666667,0.4666666666666667,0.48333333333333334,0.0,0.0,0.0
20260706,WFG2,14,357,0.443899688590164,0.443899688590164,0.443899688590164,0.443899688590164,0.443899688590164,0.443899688590164,1,1,0,0,0.0,0.0,0.0,0.0,0.0,0.0,0.0,0.0,0.0,0.0,0.0,0.0,0.0,0.0,0.0,0.21666666666666667,0.5166666666666667,0.7333333333333333,0.0,0.0,0.0,0.0,0.0,0.0
20260706,WFG2,12,381,0.4810214956710953,0.4810214956710953,0.4810214956710953,0.4810214956710953,0.4810214956710953,0.4810214956710953,1,1,0,0,0.0,0.0,0.0,0.0,0.0,0.0,0.0,0.0,0.0,0.0,0.0,0.0,0.0,0.0,0.0,0.45,0.9,0.95,0.0,0.0,0.0,0.0,0.0,0.0
20260706,WFG2,13,397,0.47833836715495365,0.47833836715495365,0.47833836715495365,0.47833836715495365,0.47833836715495365,0.47833836715495365,1,1,0,0,0.0,0.0,0.0,0.0,0.0,0.0,0.0,0.0,0.0,0.0,0.0,0.0,0.0,0.0,0.0,0.1,0.25,0.65,0.0,0.0,0.0,0.0,0.0,0.0
20260706,WFG2,6,169,0.4024040699428786,0.4024040699428786,0.4024040699428786,0.4024040699428786,0.4024040699428786,0.4024040699428786,1,1,0,0,0.0,0.0,0.0,0.0,0.0,0.0,0.0,0.0,0.0,0.0,0.0,0.0,0.0,0.0,0.0,0.1,0.25,0.36666666666666664,0.0,0.0,0.0,0.0,0.0,0.0
20260706,WFG2,10,288,0.5066273380634397,0.5066273380634397,0.5066273380634397,0.5066273380634397,0.5066273380634397,0.5066273380634397,1,1,0,0,0.0,0.016666666666666666,0.08333333333333333,0.0,0.0,0.0,0.0,0.0,0.0,0.0,0.016666666666666666,0.08333333333333333,0.0,0.016666666666666666,0.08333333333333333,0.21666666666666667,0.6166666666666667,0.8333333333333334,0.0,0.016666666666666666,0.08333333333333333,0.0,0.0,0.0
20260706,WFG2,12,158,0.478783034338577,0.478783034338577,0.478783034338577,0.478783034338577,0.478783034338577,0.478783034338577,1,1,0,0,0.0,0.0,0.0,0.0,0.0,0.0,0.0,0.0,0.0,0.0,0.0,0.0,0.0,0.0,0.0,0.5333333333333333,0.6666666666666666,0.7333333333333333,0.0,0.0,0.0,0.0,0.0,0.0
20260706,WFG2,5,259,0.30860516587280373,0.30860516587280373,0.30860516587280373,0.30860516587280373,0.30860516587280373,0.30860516587280373,1,1,0,0,0.21666666666666667,0.26666666666666666,0.2833333333333333,0.0,0.0,0.0,0.0,0.0,0.0,0.21666666666666667,0.26666666666666666,0.2833333333333333,0.21666666666666667,0.26666666666666666,0.2833333333333333,0.26666666666666666,0.5333333333333333,0.8666666666666667,0.21666666666666667,0.26666666666666666,0.2833333333333333,0.0,0.0,0.0
20260706,WFG2,11,421,0.4662696904408315,0.4662696904408315,0.4662696904408315,0.4662696904408315,0.4662696904408315,0.4662696904408315,1,1,0,0,0.0,0.0,0.0,0.0,0.0,0.0,0.0,0.0,0.0,0.0,0.0,0.0,0.0,0.0,0.0,0.5666666666666667,0.9,0.9833333333333333,0.0,0.0,0.0,0.0,0.0,0.0
20260706,WFG2,8,371,0.44186426137633256,0.44186426137633256,0.44186426137633256,0.44186426137633256,0.44186426137633256,0.44186426137633256,1,1,0,0,0.0,0.0,0.0,0.0,0.0,0.0,0.0,0.0,0.0,0.0,0.0,0.0,0.0,0.0,0.0,0.0,0.15,0.7166666666666667,0.0,0.0,0.0,0.0,0.0,0.0
20260706,WFG2,6,306,0.42058608465310054,0.42058608465310054,0.42058608465310054,0.42058608465310054,0.42058608465310054,0.42058608465310054,1,1,0,0,0.0,0.0,0.0,0.0,0.0,0.0,0.0,0.0,0.0,0.0,0.0,0.0,0.0,0.0,0.0,0.7333333333333333,0.8166666666666667,0.9833333333333333,0.0,0.0,0.0,0.0,0.0,0.0
20260706,WFG2,9,108,0.5024085855587616,0.5024085855587616,0.5024085855587616,0.5024085855587616,0.5024085855587616,0.5024085855587616,1,1,0,0,0.0,0.0,0.0,0.0,0.0,0.0,0.0,0.0,0.0,0.0,0.0,0.0,0.0,0.0,0.0,0.0,0.0,0.31666666666666665,0.0,0.0,0.0,0.0,0.0,0.0
20260706,WFG2,11,464,0.44418486103319393,0.44418486103319393,0.44418486103319393,0.44418486103319393,0.44418486103319393,0.44418486103319393,1,1,0,0,0.0,0.0,0.0,0.0,0.0,0.0,0.0,0.0,0.0,0.0,0.0,0.0,0.0,0.0,0.0,0.7666666666666667,0.8333333333333334,0.9333333333333333,0.0,0.0,0.0,0.0,0.0,0.0
20260706,WFG2,10,469,0.4412440504377637,0.4412440504377637,0.4412440504377637,0.4412440504377637,0.4412440504377637,0.4412440504377637,1,1,0,0,0.0,0.03333333333333333,0.18333333333333332,0.0,0.0,0.0,0.0,0.0,0.0,0.0,0.03333333333333333,0.18333333333333332,0.0,0.03333333333333333,0.18333333333333332,0.0,0.08333333333333333,0.5,0.0,0.03333333333333333,0.18333333333333332,0.0,0.0,0.0
20260706,WFG2,6,61,0.4699047187288308,0.4699047187288308,0.4699047187288308,0.4699047187288308,0.4699047187288308,0.4699047187288308,1,1,0,0,0.0,0.0,0.0,0.0,0.0,0.0,0.0,0.0,0.0,0.0,0.0,0.0,0.0,0.0,0.0,0.0,0.1,0.48333333333333334,0.0,0.0,0.0,0.0,0.0,0.0
20260706,WFG2,3,135,0.11835649685257744,0.11835649685257744,0.11835649685257744,0.11835649685257744,0.11835649685257744,0.11835649685257744,1,1,0,0,0.0,0.0,0.0,0.0,0.0,0.0,0.0,0.0,0.0,0.0,0.0,0.0,0.0,0.0,0.0,0.016666666666666666,0.3,0.5666666666666667,0.0,0.0,0.0,0.0,0.0,0.0
20260706,WFG2,9,161,0.4434539086986225,0.4434539086986225,0.4434539086986225,0.4434539086986225,0.4434539086986225,0.4434539086986225,1,1,0,0,0.0,0.0,0.0,0.0,0.0,0.0,0.0,0.0,0.0,0.0,0.0,0.0,0.0,0.0,0.0,0.45,0.3333333333333333,0.5166666666666667,0.0,0.0,0.0,0.0,0.0,0.0
20260706,WFG2,7,104,0.43095084370210074,0.43095084370210074,0.43095084370210074,0.43095084370210074,0.43095084370210074,0.43095084370210074,1,1,0,0,0.0,0.0,0.0,0.0,0.0,0.0,0.0,0.0,0.0,0.0,0.0,0.0,0.0,0.0,0.0,0.0,0.06666666666666667,0.4166666666666667,0.0,0.0,0.0,0.0,0.0,0.0
20260706,WFG2,14,92,0.5249430843396327,0.5249430843396327,0.5249430843396327,0.5249430843396327,0.5249430843396327,0.5249430843396327,1,1,0,0,0.0,0.0,0.0,0.0,0.0,0.0,0.0,0.0,0.0,0.0,0.0,0.0,0.0,0.0,0.0,0.6333333333333333,0.75,0.7,0.0,0.0,0.0,0.0,0.0,0.0
20260706,WFG2,3,68,0.07088153099994265,0.07088153099994265,0.07088153099994265,0.07088153099994265,0.07088153099994265,0.07088153099994265,1,1,0,0,0.0,0.0,0.0,0.0,0.0,0.0,0.0,0.0,0.0,0.0,0.0,0.0,0.0,0.0,0.0,0.0,0.0,0.016666666666666666,0.0,0.0,0.0,0.0,0.0,0.0
20260706,WFG2,12,417,0.5037036228791396,0.5037036228791396,0.5037036228791396,0.5037036228791396,0.5037036228791396,0.5037036228791396,1,1,0,0,0.0,0.0,0.016666666666666666,0.0,0.0,0.0,0.0,0.0,0.0,0.0,0.0,0.016666666666666666,0.0,0.0,0.016666666666666666,0.3333333333333333,0.65,0.8666666666666667,0.0,0.0,0.016666666666666666,0.0,0.0,0.0
20260706,WFG2,4,243,0.1321121191751747,0.1321121191751747,0.1321121191751747,0.1321121191751747,0.1321121191751747,0.1321121191751747,1,1,0,0,0.0,0.0,0.0,0.0,0.0,0.0,0.0,0.0,0.0,0.0,0.0,0.0,0.0,0.0,0.0,0.0,0.03333333333333333,0.11666666666666667,0.0,0.0,0.0,0.0,0.0,0.0
20260706,WFG2,13,341,0.5436062121749036,0.5436062121749036,0.5436062121749036,0.5436062121749036,0.5436062121749036,0.5436062121749036,1,1,0,0,0.0,0.03333333333333333,0.11666666666666667,0.0,0.0,0.0,0.0,0.0,0.0,0.0,0.03333333333333333,0.11666666666666667,0.0,0.03333333333333333,0.11666666666666667,0.6666666666666666,0.7166666666666667,0.9333333333333333,0.0,0.03333333333333333,0.11666666666666667,0.0,0.0,0.0
20260706,WFG2,3,99,0.09816564726924654,0.09816564726924654,0.09816564726924654,0.09816564726924654,0.09816564726924654,0.09816564726924654,1,1,0,0,0.0,0.0,0.0,0.0,0.0,0.0,0.0,0.0,0.0,0.0,0.0,0.0,0.0,0.0,0.0,0.0,0.0,0.08333333333333333,0.0,0.0,0.0,0.0,0.0,0.0
20260706,WFG2,13,419,0.4735361876020171,0.4735361876020171,0.4735361876020171,0.4735361876020171,0.4735361876020171,0.4735361876020171,1,1,0,0,0.0,0.0,0.0,0.0,0.0,0.0,0.0,0.0,0.0,0.0,0.0,0.0,0.0,0.0,0.0,0.31666666666666665,0.5833333333333334,0.7333333333333333,0.0,0.0,0.0,0.0,0.0,0.0
20260706,WFG2,8,446,0.42611661801010137,0.42611661801010137,0.42611661801010137,0.42611661801010137,0.42611661801010137,0.42611661801010137,1,1,0,0,0.0,0.0,0.0,0.0,0.0,0.0,0.0,0.0,0.0,0.0,0.0,0.0,0.0,0.0,0.0,0.26666666666666666,0.5,0.9,0.0,0.0,0.0,0.0,0.0,0.0
20260706,WFG2,5,209,0.20134341450922222,0.20134341450922222,0.20134341450922222,0.20134341450922222,0.20134341450922222,0.20134341450922222,1,1,0,0,0.0,0.0,0.0,0.0,0.0,0.0,0.0,0.0,0.0,0.0,0.0,0.0,0.0,0.0,0.0,0.0,0.0,0.05,0.0,0.0,0.0,0.0,0.0,0.0
20260706,WFG2,12,103,0.5335946731396696,0.5335946731396696,0.5335946731396696,0.5335946731396696,0.5335946731396696,0.5335946731396696,1,1,0,0,0.0,0.0,0.0,0.0,0.0,0.0,0.0,0.0,0.0,0.0,0.0,0.0,0.0,0.0,0.0,0.06666666666666667,0.2833333333333333,0.7166666666666667,0.0,0.0,0.0,0.0,0.0,0.0
20260706,WFG2,7,331,0.351081113775787,0.351081113775787,0.351081113775787,0.351081113775787,0.351081113775787,0.351081113775787,1,1,0,0,0.0,0.0,0.0,0.0,0.0,0.0,0.0,0.0,0.0,0.0,0.0,0.0,0.0,0.0,0.0,0.11666666666666667,0.5166666666666667,0.75,0.0,0.0,0.0,0.0,0.0,0.0
20260706,WFG2,8,432,0.3932085495961843,0.3932085495961843,0.3932085495961843,0.3932085495961843,0.3932085495961843,0.3932085495961843,1,1,0,0,0.0,0.0,0.0,0.0,0.0,0.0,0.0,0.0,0.0,0.0,0.0,0.0,0.0,0.0,0.0,0.65,0.8833333333333333,0.8833333333333333,0.0,0.0,0.0,0.0,0.0,0.0
20260706,WFG2,10,194,0.4741955474141893,0.4741955474141893,0.4741955474141893,0.4741955474141893,0.4741955474141893,0.4741955474141893,1,1,0,0,0.0,0.0,0.0,0.0,0.0,0.0,0.0,0.0,0.0,0.0,0.0,0.0,0.0,0.0,0.0,0.36666666666666664,0.6166666666666667,0.8666666666666667,0.0,0.0,0.0,0.0,0.0,0.0
20260706,WFG2,10,156,0.5231410079421825,0.5231410079421825,0.5231410079421825,0.5231410079421825,0.5231410079421825,0.5231410079421825,1,1,0,0,0.0,0.0,0.0,0.0,0.0,0.0,0.0,0.0,0.0,0.0,0.0,0.0,0.0,0.0,0.0,0.31666666666666665,0.7,0.8166666666666667,0.0,0.0,0.0,0.0,0.0,0.0
20260706,WFG2,11,68,0.4720665224767017,0.4720665224767017,0.4720665224767017,0.4720665224767017,0.4720665224767017,0.4720665224767017,1,1,0,0,0.0,0.0,0.0,0.0,0.0,0.0,0.0,0.0,0.0,0.0,0.0,0.0,0.0,0.0,0.0,0.0,0.06666666666666667,0.35,0.0,0.0,0.0,0.0,0.0,0.0
20260706,WFG2,8,469,0.4352426796182538,0.4352426796182538,0.4352426796182538,0.4352426796182538,0.4352426796182538,0.4352426796182538,1,1,0,0,0.0,0.0,0.0,0.0,0.0,0.0,0.0,0.0,0.0,0.0,0.0,0.0,0.0,0.0,0.0,0.21666666666666667,0.5666666666666667,0.75,0.0,0.0,0.0,0.0,0.0,0.0
20260706,WFG2,10,342,0.49541430476458487,0.49541430476458487,0.49541430476458487,0.49541430476458487,0.49541430476458487,0.49541430476458487,1,1,0,0,0.0,0.0,0.0,0.0,0.0,0.0,0.0,0.0,0.0,0.0,0.0,0.0,0.0,0.0,0.0,0.9,0.9666666666666667,0.9833333333333333,0.0,0.0,0.0,0.0,0.0,0.0
20260706,WFG2,7,434,0.3532407840955018,0.3532407840955018,0.3532407840955018,0.3532407840955018,0.3532407840955018,0.3532407840955018,1,1,0,0,0.0,0.0,0.0,0.0,0.0,0.0,0.0,0.0,0.0,0.0,0.0,0.0,0.0,0.0,0.0,0.21666666666666667,0.5,0.8666666666666667,0.0,0.0,0.0,0.0,0.0,0.0
20260706,WFG2,7,334,0.36707207432520467,0.36707207432520467,0.36707207432520467,0.36707207432520467,0.36707207432520467,0.36707207432520467,1,1,0,0,0.0,0.0,0.0,0.0,0.0,0.0,0.0,0.0,0.0,0.0,0.0,0.0,0.0,0.0,0.0,0.55,0.5833333333333334,0.7666666666666667,0.0,0.0,0.0,0.0,0.0,0.0
20260706,WFG2,12,345,0.4480350502091709,0.4480350502091709,0.4480350502091709,0.4480350502091709,0.4480350502091709,0.4480350502091709,1,1,0,0,0.0,0.0,0.0,0.0,0.0,0.0,0.0,0.0,0.0,0.0,0.0,0.0,0.0,0.0,0.0,0.0,0.5,0.8166666666666667,0.0,0.0,0.0,0.0,0.0,0.0
20260706,WFG2,10,373,0.4856351534222847,0.4856351534222847,0.4856351534222847,0.4856351534222847,0.4856351534222847,0.4856351534222847,1,1,0,0,0.36666666666666664,0.38333333333333336,0.31666666666666665,0.0,0.0,0.0,0.0,0.0,0.0,0.36666666666666664,0.38333333333333336,0.31666666666666665,0.36666666666666664,0.38333333333333336,0.31666666666666665,0.11666666666666667,0.3,0.8166666666666667,0.36666666666666664,0.38333333333333336,0.31666666666666665,0.0,0.0,0.0
20260706,WFG2,13,397,0.5560714439506893,0.5626997808572597,0.5626997808572597,0.5560714439506893,0.5560714439506893,0.5626997808572597,1,1,0,0,0.23333333333333334,0.3,0.3,0.0,0.0,0.0,0.0,0.0,0.0,0.23333333333333334,0.3,0.3,0.23333333333333334,0.3,0.3,0.5666666666666667,0.8333333333333334,0.95,0.23333333333333334,0.3,0.3,0.0,0.0,0.0
20260706,WFG2,13,70,0.6200050577545372,0.6200050577545372,0.6200050577545372,0.6200050577545372,0.6200050577545372,0.6200050577545372,1,1,0,0,0.0,0.0,0.016666666666666666,0.0,0.0,0.0,0.0,0.0,0.0,0.0,0.0,0.016666666666666666,0.0,0.0,0.016666666666666666,0.23333333333333334,0.6,0.8833333333333333,0.0,0.0,0.016666666666666666,0.0,0.0,0.0
20260706,WFG2,3,49,0.17588827682527602,0.17588827682527602,0.17588827682527602,0.17588827682527602,0.17588827682527602,0.17588827682527602,1,1,0,0,0.0,0.0,0.0,0.0,0.0,0.0,0.0,0.0,0.0,0.0,0.0,0.0,0.0,0.0,0.0,0.0,0.0,0.03333333333333333,0.0,0.0,0.0,0.0,0.0,0.0
20260706,WFG2,10,426,0.4336173655960555,0.4336173655960555,0.4336173655960555,0.4336173655960555,0.4336173655960555,0.4336173655960555,1,1,0,0,0.0,0.0,0.0,0.0,0.0,0.0,0.0,0.0,0.0,0.0,0.0,0.0,0.0,0.0,0.0,0.2833333333333333,0.5833333333333334,0.8833333333333333,0.0,0.0,0.0,0.0,0.0,0.0
20260706,WFG2,5,300,0.24197888141498686,0.24197888141498686,0.24197888141498686,0.24197888141498686,0.24197888141498686,0.24197888141498686,1,1,0,0,0.0,0.0,0.0,0.0,0.0,0.0,0.0,0.0,0.0,0.0,0.0,0.0,0.0,0.0,0.0,0.1,0.4666666666666667,0.5333333333333333,0.0,0.0,0.0,0.0,0.0,0.0
20260706,WFG2,3,140,0.11686477357774251,0.11686477357774251,0.11686477357774251,0.11686477357774251,0.11686477357774251,0.11686477357774251,1,1,0,0,0.0,0.0,0.0,0.0,0.0,0.0,0.0,0.0,0.0,0.0,0.0,0.0,0.0,0.0,0.0,0.0,0.0,0.16666666666666666,0.0,0.0,0.0,0.0,0.0,0.0
20260706,WFG2,5,103,0.2940474083456637,0.2940474083456637,0.2940474083456637,0.2940474083456637,0.2940474083456637,0.2940474083456637,1,1,0,0,0.0,0.0,0.0,0.0,0.0,0.0,0.0,0.0,0.0,0.0,0.0,0.0,0.0,0.0,0.0,0.0,0.18333333333333332,0.48333333333333334,0.0,0.0,0.0,0.0,0.0,0.0
20260706,WFG2,8,79,0.5504822259059722,0.5504822259059722,0.5504822259059722,0.5504822259059722,0.5504822259059722,0.5504822259059722,1,1,0,0,0.0,0.0,0.0,0.0,0.0,0.0,0.0,0.0,0.0,0.0,0.0,0.0,0.0,0.0,0.0,0.2,0.5166666666666667,0.6833333333333333,0.0,0.0,0.0,0.0,0.0,0.0
20260706,WFG2,12,387,0.44376488736811875,0.44376488736811875,0.44376488736811875,0.44376488736811875,0.44376488736811875,0.44376488736811875,1,1,0,0,0.0,0.0,0.0,0.0,0.0,0.0,0.0,0.0,0.0,0.0,0.0,0.0,0.0,0.0,0.0,0.6,0.7,0.7833333333333333,0.0,0.0,0.0,0.0,0.0,0.0
20260706,WFG2,5,370,0.28342074002451023,0.28342074002451023,0.28342074002451023,0.28342074002451023,0.28342074002451023,0.28342074002451023,1,1,0,0,0.0,0.0,0.0,0.0,0.0,0.0,0.0,0.0,0.0,0.0,0.0,0.0,0.0,0.0,0.0,0.7333333333333333,0.8166666666666667,0.85,0.0,0.0,0.0,0.0,0.0,0.0
20260706,WFG2,11,109,0.5261077737332375,0.5261077737332375,0.5261077737332375,0.5261077737332375,0.5261077737332375,0.5261077737332375,1,1,0,0,0.0,0.0,0.0,0.0,0.0,0.0,0.0,0.0,0.0,0.0,0.0,0.0,0.0,0.0,0.0,0.5666666666666667,0.7166666666666667,0.8,0.0,0.0,0.0,0.0,0.0,0.0
20260706,WFG2,11,75,0.5013919666974398,0.5013919666974398,0.5013919666974398,0.5013919666974398,0.5013919666974398,0.5013919666974398,1,1,0,0,0.0,0.0,0.0,0.0,0.0,0.0,0.0,0.0,0.0,0.0,0.0,0.0,0.0,0.0,0.0,0.11666666666666667,0.4666666666666667,0.6833333333333333,0.0,0.0,0.0,0.0,0.0,0.0
20260706,WFG2,5,272,0.2827384334425697,0.2827384334425697,0.2827384334425697,0.2827384334425697,0.2827384334425697,0.2827384334425697,1,1,0,0,0.0,0.0,0.0,0.0,0.0,0.0,0.0,0.0,0.0,0.0,0.0,0.0,0.0,0.0,0.0,0.21666666666666667,0.55,0.6333333333333333,0.0,0.0,0.0,0.0,0.0,0.0
20260706,WFG2,4,46,0.3226570753529183,0.3226570753529183,0.3226570753529183,0.3226570753529183,0.3226570753529183,0.3226570753529183,1,1,0,0,0.0,0.0,0.0,0.0,0.0,0.0,0.0,0.0,0.0,0.0,0.0,0.0,0.0,0.0,0.0,0.06666666666666667,0.25,0.6333333333333333,0.0,0.0,0.0,0.0,0.0,0.0
20260706,WFG2,6,456,0.38975304070961986,0.38975304070961986,0.38975304070961986,0.38975304070961986,0.38975304070961986,0.38975304070961986,1,1,0,0,0.0,0.0,0.0,0.0,0.0,0.0,0.0,0.0,0.0,0.0,0.0,0.0,0.0,0.0,0.0,0.2,0.4666666666666667,0.8166666666666667,0.0,0.0,0.0,0.0,0.0,0.0
20260706,WFG2,14,207,0.5250731446418,0.5250731446418,0.5250731446418,0.5250731446418,0.5250731446418,0.5250731446418,1,1,0,0,0.0,0.0,0.0,0.0,0.0,0.0,0.0,0.0,0.0,0.0,0.0,0.0,0.0,0.0,0.0,0.08333333333333333,0.31666666666666665,0.6166666666666667,0.0,0.0,0.0,0.0,0.0,0.0
20260706,WFG2,13,317,0.4837252726759554,0.4837252726759554,0.4837252726759554,0.4837252726759554,0.4837252726759554,0.4837252726759554,1,1,0,0,0.0,0.0,0.0,0.0,0.0,0.0,0.0,0.0,0.0,0.0,0.0,0.0,0.0,0.0,0.0,0.06666666666666667,0.5333333333333333,0.8166666666666667,0.0,0.0,0.0,0.0,0.0,0.0
20260706,WFG2,14,165,0.5156133932417643,0.5156133932417643,0.5156133932417643,0.5156133932417643,0.5156133932417643,0.5156133932417643,1,1,0,0,0.0,0.0,0.0,0.0,0.0,0.0,0.0,0.0,0.0,0.0,0.0,0.0,0.0,0.0,0.0,0.35,0.7,0.9,0.0,0.0,0.0,0.0,0.0,0.0
20260706,WFG2,9,114,0.4349589446958712,0.4349589446958712,0.4349589446958712,0.4349589446958712,0.4349589446958712,0.4349589446958712,1,1,0,0,0.0,0.0,0.0,0.0,0.0,0.0,0.0,0.0,0.0,0.0,0.0,0.0,0.0,0.0,0.0,0.18333333333333332,0.38333333333333336,0.65,0.0,0.0,0.0,0.0,0.0,0.0
20260706,WFG2,10,221,0.47413124510598315,0.47413124510598315,0.47413124510598315,0.47413124510598315,0.47413124510598315,0.47413124510598315,1,1,0,0,0.0,0.0,0.016666666666666666,0.0,0.0,0.0,0.0,0.0,0.0,0.0,0.0,0.016666666666666666,0.0,0.0,0.016666666666666666,0.25,0.55,0.7,0.0,0.0,0.016666666666666666,0.0,0.0,0.0
20260706,WFG2,4,151,0.2377927532810936,0.2377927532810936,0.2377927532810936,0.2377927532810936,0.2377927532810936,0.2377927532810936,1,1,0,0,0.0,0.0,0.0,0.0,0.0,0.0,0.0,0.0,0.0,0.0,0.0,0.0,0.0,0.0,0.0,0.0,0.11666666666666667,0.3,0.0,0.0,0.0,0.0,0.0,0.0
20260706,WFG2,13,334,0.42118661325437756,0.42118661325437756,0.42118661325437756,0.42118661325437756,0.42118661325437756,0.42118661325437756,1,1,0,0,0.0,0.0,0.0,0.0,0.0,0.0,0.0,0.0,0.0,0.0,0.0,0.0,0.0,0.0,0.0,0.0,0.16666666666666666,0.5166666666666667,0.0,0.0,0.0,0.0,0.0,0.0
20260706,WFG2,11,280,0.5406963604140943,0.5406963604140943,0.5406963604140943,0.5406963604140943,0.5406963604140943,0.5406963604140943,1,1,0,0,0.0,0.0,0.016666666666666666,0.0,0.0,0.0,0.0,0.0,0.0,0.0,0.0,0.016666666666666666,0.0,0.0,0.016666666666666666,0.7333333333333333,0.8333333333333334,1.0,0.0,0.0,0.016666666666666666,0.0,0.0,0.0
20260706,WFG2,7,423,0.4648688495498399,0.4648688495498399,0.4648688495498399,0.4648688495498399,0.4648688495498399,0.4648688495498399,1,1,0,0,0.0,0.0,0.0,0.0,0.0,0.0,0.0,0.0,0.0,0.0,0.0,0.0,0.0,0.0,0.0,0.16666666666666666,0.5,0.9,0.0,0.0,0.0,0.0,0.0,0.0
20260706,WFG2,10,494,0.4590766516005447,0.4590766516005447,0.4590766516005447,0.4590766516005447,0.4590766516005447,0.4590766516005447,1,1,0,0,0.0,0.0,0.0,0.0,0.0,0.0,0.0,0.0,0.0,0.0,0.0,0.0,0.0,0.0,0.0,0.5166666666666667,0.75,0.9166666666666666,0.0,0.0,0.0,0.0,0.0,0.0
20260706,WFG2,7,104,0.3958252160365175,0.3958252160365175,0.3958252160365175,0.3958252160365175,0.3958252160365175,0.3958252160365175,1,1,0,0,0.0,0.0,0.0,0.0,0.0,0.0,0.0,0.0,0.0,0.0,0.0,0.0,0.0,0.0,0.0,0.48333333333333334,0.5,0.5,0.0,0.0,0.0,0.0,0.0,0.0
20260706,WFG2,4,195,0.18545144595987922,0.18545144595987922,0.18545144595987922,0.18545144595987922,0.18545144595987922,0.18545144595987922,1,1,0,0,0.0,0.0,0.0,0.0,0.0,0.0,0.0,0.0,0.0,0.0,0.0,0.0,0.0,0.0,0.0,0.0,0.06666666666666667,0.36666666666666664,0.0,0.0,0.0,0.0,0.0,0.0
20260706,WFG2,3,131,0.1627815045013912,0.1627815045013912,0.1627815045013912,0.1627815045013912,0.1627815045013912,0.1627815045013912,1,1,0,0,0.0,0.0,0.0,0.0,0.0,0.0,0.0,0.0,0.0,0.0,0.0,0.0,0.0,0.0,0.0,0.0,0.03333333333333333,0.25,0.0,0.0,0.0,0.0,0.0,0.0
20260706,WFG2,10,115,0.4915950860798021,0.4915950860798021,0.4915950860798021,0.4915950860798021,0.4915950860798021,0.4915950860798021,1,1,0,0,0.0,0.0,0.0,0.0,0.0,0.0,0.0,0.0,0.0,0.0,0.0,0.0,0.0,0.0,0.0,0.0,0.1,0.5666666666666667,0.0,0.0,0.0,0.0,0.0,0.0
20260706,WFG2,10,342,0.4750156984761927,0.4750156984761927,0.4750156984761927,0.4750156984761927,0.4750156984761927,0.4750156984761927,1,1,0,0,0.0,0.0,0.0,0.0,0.0,0.0,0.0,0.0,0.0,0.0,0.0,0.0,0.0,0.0,0.0,0.7666666666666667,0.9833333333333333,0.9666666666666667,0.0,0.0,0.0,0.0,0.0,0.0
20260706,WFG2,9,80,0.5884259580188496,0.5884259580188496,0.5884259580188496,0.5884259580188496,0.5884259580188496,0.5884259580188496,1,1,0,0,0.0,0.0,0.16666666666666666,0.0,0.0,0.0,0.0,0.0,0.0,0.0,0.0,0.16666666666666666,0.0,0.0,0.16666666666666666,0.08333333333333333,0.38333333333333336,0.65,0.0,0.0,0.16666666666666666,0.0,0.0,0.0
20260706,WFG2,3,173,0.07388364299771714,0.07388364299771714,0.07388364299771714,0.07388364299771714,0.07388364299771714,0.07388364299771714,1,1,0,0,0.0,0.0,0.0,0.0,0.0,0.0,0.0,0.0,0.0,0.0,0.0,0.0,0.0,0.0,0.0,0.0,0.03333333333333333,0.38333333333333336,0.0,0.0,0.0,0.0,0.0,0.0
20260706,WFG2,9,459,0.450936086087242,0.450936086087242,0.450936086087242,0.450936086087242,0.450936086087242,0.450936086087242,1,1,0,0,0.0,0.0,0.0,0.0,0.0,0.0,0.0,0.0,0.0,0.0,0.0,0.0,0.0,0.0,0.0,0.38333333333333336,0.7666666666666667,0.8666666666666667,0.0,0.0,0.0,0.0,0.0,0.0
20260706,WFG2,7,393,0.2714992519687097,0.2714992519687097,0.2714992519687097,0.2714992519687097,0.2714992519687097,0.2714992519687097,1,1,0,0,0.0,0.0,0.0,0.0,0.0,0.0,0.0,0.0,0.0,0.0,0.0,0.0,0.0,0.0,0.0,0.0,0.016666666666666666,0.2,0.0,0.0,0.0,0.0,0.0,0.0
20260706,WFG2,15,65,0.4717099364236145,0.4717099364236145,0.4717099364236145,0.4717099364236145,0.4717099364236145,0.4717099364236145,1,1,0,0,0.0,0.0,0.0,0.0,0.0,0.0,0.0,0.0,0.0,0.0,0.0,0.0,0.0,0.0,0.0,0.0,0.21666666666666667,0.4,0.0,0.0,0.0,0.0,0.0,0.0
20260706,WFG2,10,268,0.48853445275698404,0.48853445275698404,0.48853445275698404,0.48853445275698404,0.48853445275698404,0.48853445275698404,1,1,0,0,0.0,0.0,0.06666666666666667,0.0,0.0,0.0,0.0,0.0,0.0,0.0,0.0,0.06666666666666667,0.0,0.0,0.06666666666666667,0.0,0.13333333333333333,0.7333333333333333,0.0,0.0,0.06666666666666667,0.0,0.0,0.0
20260706,WFG2,4,118,0.21033857659801747,0.21033857659801747,0.21033857659801747,0.21033857659801747,0.21033857659801747,0.21033857659801747,1,1,0,0,0.0,0.0,0.0,0.0,0.0,0.0,0.0,0.0,0.0,0.0,0.0,0.0,0.0,0.0,0.0,0.016666666666666666,0.31666666666666665,0.5666666666666667,0.0,0.0,0.0,0.0,0.0,0.0
20260706,WFG2,3,160,0.11421281663005939,0.11421281663005939,0.11421281663005939,0.11421281663005939,0.11421281663005939,0.11421281663005939,1,1,0,0,0.0,0.0,0.0,0.0,0.0,0.0,0.0,0.0,0.0,0.0,0.0,0.0,0.0,0.0,0.0,0.0,0.016666666666666666,0.16666666666666666,0.0,0.0,0.0,0.0,0.0,0.0
20260706,WFG2,13,175,0.4417443081011021,0.4417443081011021,0.4417443081011021,0.4417443081011021,0.4417443081011021,0.4417443081011021,1,1,0,0,0.0,0.0,0.0,0.0,0.0,0.0,0.0,0.0,0.0,0.0,0.0,0.0,0.0,0.0,0.0,0.05,0.18333333333333332,0.55,0.0,0.0,0.0,0.0,0.0,0.0
20260706,WFG2,9,176,0.46257120552227327,0.46257120552227327,0.46257120552227327,0.46257120552227327,0.46257120552227327,0.46257120552227327,1,1,0,0,0.0,0.0,0.0,0.0,0.0,0.0,0.0,0.0,0.0,0.0,0.0,0.0,0.0,0.0,0.0,0.11666666666666667,0.31666666666666665,0.6166666666666667,0.0,0.0,0.0,0.0,0.0,0.0
20260706,WFG2,11,89,0.5794318668782171,0.6202375628638762,0.6202375628638762,0.5794318668782171,0.5794318668782171,0.6202375628638762,1,1,0,0,0.1,0.23333333333333334,0.25,0.0,0.0,0.0,0.0,0.0,0.0,0.1,0.23333333333333334,0.25,0.1,0.23333333333333334,0.25,0.6833333333333333,0.8,0.9333333333333333,0.1,0.23333333333333334,0.25,0.0,0.0,0.0
20260706,WFG2,13,247,0.46042678623314154,0.46042678623314154,0.46042678623314154,0.46042678623314154,0.46042678623314154,0.46042678623314154,1,1,0,0,0.0,0.0,0.0,0.0,0.0,0.0,0.0,0.0,0.0,0.0,0.0,0.0,0.0,0.0,0.0,0.0,0.016666666666666666,0.4,0.0,0.0,0.0,0.0,0.0,0.0
20260706,WFG2,12,377,0.43074284413542946,0.43074284413542946,0.43074284413542946,0.43074284413542946,0.43074284413542946,0.43074284413542946,1,1,0,0,0.0,0.0,0.0,0.0,0.0,0.0,0.0,0.0,0.0,0.0,0.0,0.0,0.0,0.0,0.0,0.2,0.31666666666666665,0.55,0.0,0.0,0.0,0.0,0.0,0.0
20260706,WFG2,9,435,0.37273477172597164,0.37273477172597164,0.37273477172597164,0.37273477172597164,0.37273477172597164,0.37273477172597164,1,1,0,0,0.0,0.0,0.0,0.0,0.0,0.0,0.0,0.0,0.0,0.0,0.0,0.0,0.0,0.0,0.0,0.05,0.23333333333333334,0.5833333333333334,0.0,0.0,0.0,0.0,0.0,0.0
20260706,WFG2,8,81,0.45833299193024085,0.45833299193024085,0.45833299193024085,0.45833299193024085,0.45833299193024085,0.45833299193024085,1,1,0,0,0.0,0.0,0.0,0.0,0.0,0.0,0.0,0.0,0.0,0.0,0.0,0.0,0.0,0.0,0.0,0.03333333333333333,0.15,0.5166666666666667,0.0,0.0,0.0,0.0,0.0,0.0
20260706,WFG2,8,219,0.4629800534839373,0.4629800534839373,0.4629800534839373,0.4629800534839373,0.4629800534839373,0.4629800534839373,1,1,0,0,0.0,0.0,0.0,0.0,0.0,0.0,0.0,0.0,0.0,0.0,0.0,0.0,0.0,0.0,0.0,0.45,0.6833333333333333,0.9,0.0,0.0,0.0,0.0,0.0,0.0
20260706,WFG2,11,189,0.4857517668445562,0.4857517668445562,0.4857517668445562,0.4857517668445562,0.4857517668445562,0.4857517668445562,1,1,0,0,0.0,0.0,0.0,0.0,0.0,0.0,0.0,0.0,0.0,0.0,0.0,0.0,0.0,0.0,0.0,0.15,0.31666666666666665,0.7166666666666667,0.0,0.0,0.0,0.0,0.0,0.0
20260706,DTLZ,5,313,0.7874686784463473,0.7669772767166575,0.7669772767166575,0.7874686784463473,0.7874686784463473,0.7669772767166575,1,1,0,0,0.2833333333333333,0.6,0.8333333333333334,0.0,0.0,0.0,0.0,0.0,0.0,0.2833333333333333,0.6,0.8333333333333334,0.2833333333333333,0.6,0.8333333333333334,0.48333333333333334,0.8166666666666667,0.9666666666666667,0.2833333333333333,0.6,0.8333333333333334,0.0,0.0,0.0
20260706,DTLZ,10,485,0.760049484264115,0.7447695033134836,0.7447695033134836,0.760049484264115,0.760049484264115,0.7447695033134836,1,1,0,0,0.7666666666666667,0.8166666666666667,0.9166666666666666,0.0,0.0,0.0,0.0,0.0,0.0,0.7666666666666667,0.8166666666666667,0.9166666666666666,0.7666666666666667,0.8166666666666667,0.9166666666666666,0.7666666666666667,0.9333333333333333,1.0,0.7666666666666667,0.8166666666666667,0.9166666666666666,0.0,0.0,0.0
20260706,DTLZ,11,213,0.7543647484573384,0.732578721340063,0.732578721340063,0.7543647484573384,0.7543647484573384,0.732578721340063,1,1,0,0,0.0,0.0,0.23333333333333334,0.0,0.0,0.0,0.0,0.0,0.0,0.0,0.0,0.23333333333333334,0.0,0.0,0.23333333333333334,0.31666666666666665,0.5,0.8666666666666667,0.0,0.0,0.23333333333333334,0.0,0.0,0.0
20260706,DTLZ,11,266,0.7515304461638425,0.7533696148166051,0.7533696148166051,0.7515304461638425,0.7515304461638425,0.7533696148166051,1,1,0,0,0.08333333333333333,0.36666666666666664,0.8,0.0,0.0,0.0,0.0,0.0,0.0,0.08333333333333333,0.36666666666666664,0.8,0.08333333333333333,0.36666666666666664,0.8,0.26666666666666666,0.7833333333333333,0.95,0.08333333333333333,0.36666666666666664,0.8,0.0,0.0,0.0
20260706,DTLZ,8,206,0.7484873617004321,0.7528320175121883,0.7528320175121883,0.7484873617004321,0.7484873617004321,0.7528320175121883,1,1,0,0,0.36666666666666664,0.4166666666666667,0.48333333333333334,0.0,0.0,0.0,0.0,0.0,0.0,0.36666666666666664,0.4166666666666667,0.48333333333333334,0.36666666666666664,0.4166666666666667,0.48333333333333334,0.6833333333333333,0.9333333333333333,0.95,0.36666666666666664,0.4166666666666667,0.48333333333333334,0.0,0.0,0.0
20260706,DTLZ,7,167,0.7352424757981223,0.7223647704810781,0.7223647704810781,0.7352424757981223,0.7352424757981223,0.7223647704810781,1,1,0,0,0.05,0.5,0.85,0.0,0.0,0.0,0.0,0.0,0.0,0.05,0.5,0.85,0.05,0.5,0.85,0.4,0.7333333333333333,0.95,0.05,0.5,0.85,0.0,0.0,0.0
20260706,DTLZ,15,391,0.7493261101317077,0.7418233527251276,0.7418233527251276,0.7493261101317077,0.7493261101317077,0.7418233527251276,1,1,0,0,0.25,0.48333333333333334,0.5833333333333334,0.0,0.0,0.0,0.0,0.0,0.0,0.25,0.48333333333333334,0.5833333333333334,0.25,0.48333333333333334,0.5833333333333334,0.5333333333333333,0.7,0.9833333333333333,0.25,0.48333333333333334,0.5833333333333334,0.0,0.0,0.0
20260706,DTLZ,6,222,0.792959195956048,0.7721825880074081,0.7721825880074081,0.792959195956048,0.792959195956048,0.7721825880074081,1,1,0,0,0.18333333333333332,0.36666666666666664,0.5666666666666667,0.0,0.0,0.0,0.0,0.0,0.0,0.18333333333333332,0.36666666666666664,0.5666666666666667,0.18333333333333332,0.36666666666666664,0.5666666666666667,0.5833333333333334,0.75,0.95,0.18333333333333332,0.36666666666666664,0.5666666666666667,0.0,0.0,0.0
20260706,DTLZ,15,66,0.7680047739262612,0.7769054517394853,0.7769054517394853,0.7680047739262612,0.7680047739262612,0.7769054517394853,1,1,0,0,0.31666666666666665,0.4,0.35,0.0,0.0,0.0,0.0,0.0,0.0,0.31666666666666665,0.4,0.35,0.31666666666666665,0.4,0.35,0.2833333333333333,0.5833333333333334,0.8833333333333333,0.31666666666666665,0.4,0.35,0.0,0.0,0.0
20260706,DTLZ,8,165,0.7761874139741832,0.737413885025168,0.737413885025168,0.7761874139741832,0.7761874139741832,0.737413885025168,1,1,0,0,0.31666666666666665,0.4666666666666667,0.6166666666666667,0.0,0.0,0.0,0.0,0.0,0.0,0.31666666666666665,0.4666666666666667,0.6166666666666667,0.31666666666666665,0.4666666666666667,0.6166666666666667,0.6166666666666667,0.8333333333333334,0.9666666666666667,0.31666666666666665,0.4666666666666667,0.6166666666666667,0.0,0.0,0.0
20260706,DTLZ,7,205,0.7557809666309407,0.7248731881014739,0.7248731881014739,0.7557809666309407,0.7557809666309407,0.7248731881014739,1,1,0,0,0.0,0.08333333333333333,0.36666666666666664,0.0,0.0,0.0,0.0,0.0,0.0,0.0,0.08333333333333333,0.36666666666666664,0.0,0.08333333333333333,0.36666666666666664,0.5666666666666667,0.75,0.95,0.0,0.08333333333333333,0.36666666666666664,0.0,0.0,0.0
20260706,DTLZ,7,118,0.756113917200493,0.7504644131968082,0.7504644131968082,0.756113917200493,0.756113917200493,0.7504644131968082,1,1,0,0,0.0,0.0,0.23333333333333334,0.0,0.0,0.0,0.0,0.0,0.0,0.0,0.0,0.23333333333333334,0.0,0.0,0.23333333333333334,0.4,0.75,0.8833333333333333,0.0,0.0,0.23333333333333334,0.0,0.0,0.0
20260706,DTLZ,6,397,0.821006831189644,0.7501795343751262,0.7501795343751262,0.821006831189644,0.821006831189644,0.7501795343751262,1,1,0,0,0.13333333333333333,0.36666666666666664,0.36666666666666664,0.0,0.0,0.0,0.0,0.0,0.0,0.13333333333333333,0.36666666666666664,0.36666666666666664,0.13333333333333333,0.36666666666666664,0.36666666666666664,0.6166666666666667,0.8,0.9666666666666667,0.13333333333333333,0.36666666666666664,0.36666666666666664,0.0,0.0,0.0
20260706,DTLZ,12,183,0.7446119578353506,0.7896006060984226,0.7896006060984226,0.7446119578353506,0.7446119578353506,0.7896006060984226,1,1,0,0,0.03333333333333333,0.25,0.5166666666666667,0.0,0.0,0.0,0.0,0.0,0.0,0.03333333333333333,0.25,0.5166666666666667,0.03333333333333333,0.25,0.5166666666666667,0.65,0.7166666666666667,0.95,0.03333333333333333,0.25,0.5166666666666667,0.0,0.0,0.0
20260706,DTLZ,12,371,0.7429342765981298,0.7366720159492773,0.7366720159492773,0.7429342765981298,0.7429342765981298,0.7366720159492773,1,1,0,0,0.0,0.15,0.23333333333333334,0.0,0.0,0.0,0.0,0.0,0.0,0.0,0.15,0.23333333333333334,0.0,0.15,0.23333333333333334,0.43333333333333335,0.8666666666666667,0.9166666666666666,0.0,0.15,0.23333333333333334,0.0,0.0,0.0
20260706,DTLZ,12,252,0.7649379256251265,0.7418678340598566,0.7418678340598566,0.7649379256251265,0.7649379256251265,0.7418678340598566,1,1,0,0,0.6166666666666667,0.5333333333333333,0.5666666666666667,0.0,0.0,0.0,0.0,0.0,0.0,0.6166666666666667,0.5333333333333333,0.5666666666666667,0.6166666666666667,0.5333333333333333,0.5666666666666667,0.43333333333333335,0.8166666666666667,0.9666666666666667,0.6166666666666667,0.5333333333333333,0.5666666666666667,0.0,0.0,0.0
20260706,DTLZ,4,472,0.9013087273452247,0.7966754974891257,0.7966754974891257,0.9013087273452247,0.9013087273452247,0.7966754974891257,1,1,0,0,0.0,0.1,0.23333333333333334,0.0,0.0,0.0,0.0,0.0,0.0,0.0,0.1,0.23333333333333334,0.0,0.1,0.23333333333333334,0.45,0.8666666666666667,0.9833333333333333,0.0,0.1,0.23333333333333334,0.0,0.0,0.0
20260706,DTLZ,6,147,0.8020679755518981,0.7413048370235464,0.7413048370235464,0.8020679755518981,0.8020679755518981,0.7413048370235464,1,1,0,0,0.0,0.05,0.08333333333333333,0.0,0.0,0.0,0.0,0.0,0.0,0.0,0.05,0.08333333333333333,0.0,0.05,0.08333333333333333,0.23333333333333334,0.8166666666666667,0.8833333333333333,0.0,0.05,0.08333333333333333,0.0,0.0,0.0
20260706,DTLZ,13,189,0.7459553623136241,0.7529250249347529,0.7529250249347529,0.7459553623136241,0.7459553623136241,0.7529250249347529,1,1,0,0,0.03333333333333333,0.4,0.7333333333333333,0.0,0.0,0.0,0.0,0.0,0.0,0.03333333333333333,0.4,0.7333333333333333,0.03333333333333333,0.4,0.7333333333333333,0.6666666666666666,0.7666666666666667,0.8833333333333333,0.03333333333333333,0.4,0.7333333333333333,0.0,0.0,0.0
20260706,DTLZ,7,350,0.7542417944773034,0.7405492950255457,0.7405492950255457,0.7542417944773034,0.7542417944773034,0.7405492950255457,1,1,0,0,0.05,0.2,0.3333333333333333,0.0,0.0,0.0,0.0,0.0,0.0,0.05,0.2,0.3333333333333333,0.05,0.2,0.3333333333333333,0.35,0.6666666666666666,0.95,0.05,0.2,0.3333333333333333,0.0,0.0,0.0
20260706,DTLZ,4,361,0.8365549096932884,0.791354955746201,0.791354955746201,0.8365549096932884,0.8365549096932884,0.791354955746201,1,1,0,0,0.3333333333333333,0.35,0.38333333333333336,0.0,0.0,0.0,0.0,0.0,0.0,0.3333333333333333,0.35,0.38333333333333336,0.3333333333333333,0.35,0.38333333333333336,0.6166666666666667,0.8666666666666667,0.9333333333333333,0.3333333333333333,0.35,0.38333333333333336,0.0,0.0,0.0
20260706,DTLZ,9,156,0.7957841403234738,0.758132536890303,0.758132536890303,0.7957841403234738,0.7957841403234738,0.758132536890303,1,1,0,0,0.0,0.26666666666666666,0.65,0.0,0.0,0.0,0.0,0.0,0.0,0.0,0.26666666666666666,0.65,0.0,0.26666666666666666,0.65,0.6166666666666667,0.8166666666666667,0.85,0.0,0.26666666666666666,0.65,0.0,0.0,0.0
20260706,DTLZ,13,285,0.7422645953252862,0.7368754752502267,0.7368754752502267,0.7422645953252862,0.7422645953252862,0.7368754752502267,1,1,0,0,0.18333333333333332,0.31666666666666665,0.7,0.0,0.0,0.0,0.0,0.0,0.0,0.18333333333333332,0.31666666666666665,0.7,0.18333333333333332,0.31666666666666665,0.7,0.6833333333333333,0.9333333333333333,0.9666666666666667,0.18333333333333332,0.31666666666666665,0.7,0.0,0.0,0.0
20260706,DTLZ,11,124,0.772593216085261,0.7599527503270634,0.7599527503270634,0.772593216085261,0.772593216085261,0.7599527503270634,1,1,0,0,0.05,0.4,0.6833333333333333,0.0,0.0,0.0,0.0,0.0,0.0,0.05,0.4,0.6833333333333333,0.05,0.4,0.6833333333333333,0.43333333333333335,0.55,0.8,0.05,0.4,0.6833333333333333,0.0,0.0,0.0
20260706,DTLZ,14,402,0.7776466259410025,0.7406841849809822,0.7406841849809822,0.7776466259410025,0.7776466259410025,0.7406841849809822,1,1,0,0,0.0,0.0,0.26666666666666666,0.0,0.0,0.0,0.0,0.0,0.0,0.0,0.0,0.26666666666666666,0.0,0.0,0.26666666666666666,0.6166666666666667,0.9,0.9,0.0,0.0,0.26666666666666666,0.0,0.0,0.0
20260706,DTLZ,12,362,0.754363159150644,0.7238917536176606,0.7238917536176606,0.754363159150644,0.754363159150644,0.7238917536176606,1,1,0,0,0.15,0.26666666666666666,0.3333333333333333,0.0,0.0,0.0,0.0,0.0,0.0,0.15,0.26666666666666666,0.3333333333333333,0.15,0.26666666666666666,0.3333333333333333,0.23333333333333334,0.65,0.85,0.15,0.26666666666666666,0.3333333333333333,0.0,0.0,0.0
20260706,DTLZ,12,256,0.7546498597761674,0.7380360122898509,0.7380360122898509,0.7546498597761674,0.7546498597761674,0.7380360122898509,1,1,0,0,0.2833333333333333,0.4666666666666667,0.5833333333333334,0.0,0.0,0.0,0.0,0.0,0.0,0.2833333333333333,0.4666666666666667,0.5833333333333334,0.2833333333333333,0.4666666666666667,0.5833333333333334,0.43333333333333335,0.8333333333333334,0.9166666666666666,0.2833333333333333,0.4666666666666667,0.5833333333333334,0.0,0.0,0.0
20260706,DTLZ,10,317,0.7542300964297418,0.7423429311688315,0.7423429311688315,0.7542300964297418,0.7542300964297418,0.7423429311688315,1,1,0,0,0.016666666666666666,0.05,0.45,0.0,0.0,0.0,0.0,0.0,0.0,0.016666666666666666,0.05,0.45,0.016666666666666666,0.05,0.45,0.55,0.7166666666666667,0.9833333333333333,0.016666666666666666,0.05,0.45,0.0,0.0,0.0
20260706,DTLZ,14,431,0.7611084593116088,0.7468147960340737,0.7468147960340737,0.7611084593116088,0.7611084593116088,0.7468147960340737,1,1,0,0,0.16666666666666666,0.3333333333333333,0.45,0.0,0.0,0.0,0.0,0.0,0.0,0.16666666666666666,0.3333333333333333,0.45,0.16666666666666666,0.3333333333333333,0.45,0.3,0.7,0.9833333333333333,0.16666666666666666,0.3333333333333333,0.45,0.0,0.0,0.0
20260706,DTLZ,6,233,0.7846114304335947,0.7383875801672277,0.7383875801672277,0.7846114304335947,0.7846114304335947,0.7383875801672277,1,1,0,0,0.8666666666666667,0.85,0.7666666666666667,0.0,0.0,0.0,0.0,0.0,0.0,0.8666666666666667,0.85,0.7666666666666667,0.8666666666666667,0.85,0.7666666666666667,0.05,0.5,0.7833333333333333,0.8666666666666667,0.85,0.7666666666666667,0.0,0.0,0.0
20260706,DTLZ,14,362,0.7673902608296093,0.7318307959962509,0.7318307959962509,0.7673902608296093,0.7673902608296093,0.7318307959962509,1,1,0,0,0.0,0.11666666666666667,0.48333333333333334,0.0,0.0,0.0,0.0,0.0,0.0,0.0,0.11666666666666667,0.48333333333333334,0.0,0.11666666666666667,0.48333333333333334,0.36666666666666664,0.6833333333333333,0.9166666666666666,0.0,0.11666666666666667,0.48333333333333334,0.0,0.0,0.0
20260706,DTLZ,8,180,0.7998181822317243,0.7384616364953744,0.7384616364953744,0.7998181822317243,0.7998181822317243,0.7384616364953744,1,1,0,0,0.3333333333333333,0.5166666666666667,0.85,0.0,0.0,0.0,0.0,0.0,0.0,0.3333333333333333,0.5166666666666667,0.85,0.3333333333333333,0.5166666666666667,0.85,0.45,0.65,0.9333333333333333,0.3333333333333333,0.5166666666666667,0.85,0.0,0.0,0.0
20260706,DTLZ,9,105,0.7886032349056613,0.7461228934108793,0.7461228934108793,0.7886032349056613,0.7886032349056613,0.7461228934108793,1,1,0,0,0.2833333333333333,0.2833333333333333,0.4666666666666667,0.0,0.0,0.0,0.0,0.0,0.0,0.2833333333333333,0.2833333333333333,0.4666666666666667,0.2833333333333333,0.2833333333333333,0.4666666666666667,0.26666666666666666,0.3333333333333333,0.7833333333333333,0.2833333333333333,0.2833333333333333,0.4666666666666667,0.0,0.0,0.0
20260706,DTLZ,7,203,0.7660145312324267,0.7498752122982998,0.7498752122982998,0.7660145312324267,0.7660145312324267,0.7498752122982998,1,1,0,0,0.0,0.03333333333333333,0.3333333333333333,0.0,0.0,0.0,0.0,0.0,0.0,0.0,0.03333333333333333,0.3333333333333333,0.0,0.03333333333333333,0.3333333333333333,0.11666666666666667,0.6333333333333333,0.9,0.0,0.03333333333333333,0.3333333333333333,0.0,0.0,0.0
20260706,DTLZ,12,90,0.7330269864951285,0.7330269864951285,0.7330269864951285,0.7330269864951285,0.7330269864951285,0.7330269864951285,1,1,0,0,0.4,0.5166666666666667,0.48333333333333334,0.0,0.0,0.0,0.0,0.0,0.0,0.4,0.5166666666666667,0.48333333333333334,0.4,0.5166666666666667,0.48333333333333334,0.2833333333333333,0.5666666666666667,0.8833333333333333,0.4,0.5166666666666667,0.48333333333333334,0.0,0.0,0.0
20260706,DTLZ,8,349,0.7653158558915097,0.7423533025983775,0.7423533025983775,0.7653158558915097,0.7653158558915097,0.7423533025983775,1,1,0,0,0.35,0.7,0.7833333333333333,0.0,0.0,0.0,0.0,0.0,0.0,0.35,0.7,0.7833333333333333,0.35,0.7,0.7833333333333333,0.6333333333333333,0.8,0.9333333333333333,0.35,0.7,0.7833333333333333,0.0,0.0,0.0
20260706,DTLZ,13,398,0.7595779330785392,0.7441540759342966,0.7441540759342966,0.7595779330785392,0.7595779330785392,0.7441540759342966,1,1,0,0,0.25,0.55,0.7333333333333333,0.0,0.0,0.0,0.0,0.0,0.0,0.25,0.55,0.7333333333333333,0.25,0.55,0.7333333333333333,0.5666666666666667,0.9166666666666666,0.9666666666666667,0.25,0.55,0.7333333333333333,0.0,0.0,0.0
20260706,DTLZ,5,394,0.7750663805784861,0.7418110945034553,0.7418110945034553,0.7750663805784861,0.7750663805784861,0.7418110945034553,1,1,0,0,0.0,0.16666666666666666,0.45,0.0,0.0,0.0,0.0,0.0,0.0,0.0,0.16666666666666666,0.45,0.0,0.16666666666666666,0.45,0.5166666666666667,0.7666666666666667,0.9666666666666667,0.0,0.16666666666666666,0.45,0.0,0.0,0.0
20260706,DTLZ,8,285,0.7441696304393565,0.7432791745372257,0.7432791745372257,0.7441696304393565,0.7441696304393565,0.7432791745372257,1,1,0,0,0.31666666666666665,0.4666666666666667,0.7833333333333333,0.0,0.0,0.0,0.0,0.0,0.0,0.31666666666666665,0.4666666666666667,0.7833333333333333,0.31666666666666665,0.4666666666666667,0.7833333333333333,0.85,0.9166666666666666,0.9333333333333333,0.31666666666666665,0.4666666666666667,0.7833333333333333,0.0,0.0,0.0
20260706,DTLZ,10,361,0.7703144211239653,0.7410949781815468,0.7410949781815468,0.7703144211239653,0.7703144211239653,0.7410949781815468,1,1,0,0,0.0,0.05,0.26666666666666666,0.0,0.0,0.0,0.0,0.0,0.0,0.0,0.05,0.26666666666666666,0.0,0.05,0.26666666666666666,0.31666666666666665,0.7166666666666667,0.9166666666666666,0.0,0.05,0.26666666666666666,0.0,0.0,0.0
20260706,DTLZ,7,260,0.7854457823763248,0.7666404522276118,0.7666404522276118,0.7854457823763248,0.7854457823763248,0.7666404522276118,1,1,0,0,0.05,0.2833333333333333,0.65,0.0,0.0,0.0,0.0,0.0,0.0,0.05,0.2833333333333333,0.65,0.05,0.2833333333333333,0.65,0.75,0.95,1.0,0.05,0.2833333333333333,0.65,0.0,0.0,0.0
20260706,DTLZ,8,384,0.7567256882291072,0.7289800474880519,0.7289800474880519,0.7567256882291072,0.7567256882291072,0.7289800474880519,1,1,0,0,0.0,0.05,0.26666666666666666,0.0,0.0,0.0,0.0,0.0,0.0,0.0,0.05,0.26666666666666666,0.0,0.05,0.26666666666666666,0.85,1.0,1.0,0.0,0.05,0.26666666666666666,0.0,0.0,0.0
20260706,DTLZ,10,247,0.7404723366163832,0.7363763987097827,0.7363763987097827,0.7525144469037305,0.7404723366163832,0.7363763987097827,0,1,0,0,0.3333333333333333,0.55,0.7166666666666667,0.0,0.0,0.0,0.0,0.0,0.0,0.31666666666666665,0.5833333333333334,0.8166666666666667,0.3333333333333333,0.55,0.7166666666666667,0.6666666666666666,0.75,0.9833333333333333,0.3333333333333333,0.55,0.7166666666666667,0.0,0.0,0.0
20260706,DTLZ,10,235,0.7490544102420065,0.7396895205826449,0.7396895205826449,0.7490544102420065,0.7490544102420065,0.7396895205826449,1,1,0,0,0.05,0.23333333333333334,0.4166666666666667,0.0,0.0,0.0,0.0,0.0,0.0,0.05,0.23333333333333334,0.4166666666666667,0.05,0.23333333333333334,0.4166666666666667,0.5,0.7666666666666667,0.9333333333333333,0.05,0.23333333333333334,0.4166666666666667,0.0,0.0,0.0
20260706,DTLZ,15,120,0.7773406652216941,0.754029842408751,0.754029842408751,0.7773406652216941,0.7773406652216941,0.754029842408751,1,1,0,0,0.0,0.03333333333333333,0.23333333333333334,0.0,0.0,0.0,0.0,0.0,0.0,0.0,0.03333333333333333,0.23333333333333334,0.0,0.03333333333333333,0.23333333333333334,0.8,0.9,0.9833333333333333,0.0,0.03333333333333333,0.23333333333333334,0.0,0.0,0.0
20260706,DTLZ,4,217,0.8528313014947141,0.7815090649278837,0.7815090649278837,0.8528313014947141,0.8528313014947141,0.7815090649278837,1,1,0,0,0.05,0.21666666666666667,0.5,0.0,0.0,0.0,0.0,0.0,0.0,0.05,0.21666666666666667,0.5,0.05,0.21666666666666667,0.5,0.55,0.8333333333333334,0.9666666666666667,0.05,0.21666666666666667,0.5,0.0,0.0,0.0
20260706,DTLZ,8,472,0.7073383510682688,0.7440771650160032,0.7440771650160032,0.7073383510682688,0.7073383510682688,0.7440771650160032,1,1,0,0,0.0,0.1,0.4,0.0,0.0,0.0,0.0,0.0,0.0,0.0,0.1,0.4,0.0,0.1,0.4,0.4,0.7666666666666667,0.95,0.0,0.1,0.4,0.0,0.0,0.0
20260706,DTLZ,6,335,0.7235606486799608,0.7338164959106774,0.7338164959106774,0.7235606486799608,0.7235606486799608,0.7338164959106774,1,1,0,0,0.0,0.05,0.3,0.0,0.0,0.0,0.0,0.0,0.0,0.0,0.05,0.3,0.0,0.05,0.3,0.6166666666666667,0.9166666666666666,0.9833333333333333,0.0,0.05,0.3,0.0,0.0,0.0
20260706,DTLZ,3,454,0.9378768014197122,0.8506709258191608,0.8506709258191608,0.9378768014197122,0.9378768014197122,0.8506709258191608,1,1,0,0,0.3,0.48333333333333334,0.7833333333333333,0.0,0.0,0.0,0.0,0.0,0.0,0.2833333333333333,0.48333333333333334,0.7833333333333333,0.3,0.48333333333333334,0.7833333333333333,0.9166666666666666,0.95,0.9666666666666667,0.3,0.48333333333333334,0.7833333333333333,0.0,0.0,0.0
20260706,DTLZ,9,334,0.7621571786639009,0.7447087941364428,0.7447087941364428,0.7621571786639009,0.7621571786639009,0.7447087941364428,1,1,0,0,0.31666666666666665,0.4166666666666667,0.4166666666666667,0.0,0.0,0.0,0.0,0.0,0.0,0.31666666666666665,0.4166666666666667,0.4166666666666667,0.31666666666666665,0.4166666666666667,0.4166666666666667,0.15,0.4666666666666667,0.9,0.31666666666666665,0.4166666666666667,0.4166666666666667,0.0,0.0,0.0
20260706,DTLZ,11,456,0.7087026072330379,0.745751092871231,0.745751092871231,0.7087026072330379,0.7087026072330379,0.745751092871231,1,1,0,0,0.4,0.7333333333333333,0.9166666666666666,0.0,0.0,0.0,0.0,0.0,0.0,0.4,0.7333333333333333,0.9166666666666666,0.4,0.7333333333333333,0.9166666666666666,0.75,0.9,0.9833333333333333,0.4,0.7333333333333333,0.9166666666666666,0.0,0.0,0.0
20260706,DTLZ,8,419,0.7626102567017289,0.7353488074538326,0.7353488074538326,0.7626102567017289,0.7626102567017289,0.7353488074538326,1,1,0,0,0.0,0.016666666666666666,0.26666666666666666,0.0,0.0,0.0,0.0,0.0,0.0,0.0,0.016666666666666666,0.26666666666666666,0.0,0.016666666666666666,0.26666666666666666,0.7333333333333333,0.9,0.9833333333333333,0.0,0.016666666666666666,0.26666666666666666,0.0,0.0,0.0
20260706,DTLZ,3,273,0.9085801600296882,0.8579967144305926,0.8579967144305926,0.9085801600296882,0.9085801600296882,0.8579967144305926,1,1,0,0,0.0,0.35,0.5833333333333334,0.0,0.0,0.0,0.0,0.0,0.0,0.0,0.35,0.5833333333333334,0.0,0.35,0.5833333333333334,0.6,0.8833333333333333,0.9833333333333333,0.0,0.35,0.5833333333333334,0.0,0.0,0.0
20260706,DTLZ,10,314,0.7665387552881665,0.736342911658021,0.736342911658021,0.7665387552881665,0.7665387552881665,0.736342911658021,1,1,0,0,0.18333333333333332,0.4166666666666667,0.4,0.0,0.0,0.0,0.0,0.0,0.0,0.18333333333333332,0.4166666666666667,0.4,0.18333333333333332,0.4166666666666667,0.4,0.5833333333333334,0.8666666666666667,0.85,0.18333333333333332,0.4166666666666667,0.4,0.0,0.0,0.0
20260706,DTLZ,8,310,0.7748723871046251,0.7267044911452885,0.7267044911452885,0.7748723871046251,0.7748723871046251,0.7267044911452885,1,1,0,0,0.0,0.0,0.15,0.0,0.0,0.0,0.0,0.0,0.0,0.0,0.0,0.15,0.0,0.0,0.15,0.3,0.6833333333333333,0.9666666666666667,0.0,0.0,0.15,0.0,0.0,0.0
20260706,DTLZ,9,284,0.7385767898418126,0.7358335392020796,0.7358335392020796,0.7385767898418126,0.7385767898418126,0.7358335392020796,1,1,0,0,0.0,0.0,0.1,0.0,0.0,0.0,0.0,0.0,0.0,0.0,0.0,0.1,0.0,0.0,0.1,0.4666666666666667,0.8,0.95,0.0,0.0,0.1,0.0,0.0,0.0
20260706,DTLZ,13,190,0.8364033644715977,0.74744785129245,0.74744785129245,0.8364033644715977,0.8364033644715977,0.74744785129245,1,1,0,0,0.0,0.05,0.18333333333333332,0.0,0.0,0.0,0.0,0.0,0.0,0.0,0.05,0.18333333333333332,0.0,0.05,0.18333333333333332,0.7333333333333333,0.9166666666666666,0.9,0.0,0.05,0.18333333333333332,0.0,0.0,0.0
20260706,DTLZ,14,309,0.7336359943382454,0.7479833126486457,0.7479833126486457,0.7336359943382454,0.7336359943382454,0.7479833126486457,1,1,0,0,0.5333333333333333,0.55,0.6833333333333333,0.0,0.0,0.0,0.0,0.0,0.0,0.5333333333333333,0.55,0.6833333333333333,0.5333333333333333,0.55,0.6833333333333333,0.9333333333333333,0.8833333333333333,1.0,0.5333333333333333,0.55,0.6833333333333333,0.0,0.0,0.0
20260706,DTLZ,7,306,0.7449169852889984,0.7443386539285851,0.7443386539285851,0.7449169852889984,0.7449169852889984,0.7443386539285851,1,1,0,0,0.7333333333333333,0.8666666666666667,0.9666666666666667,0.0,0.0,0.0,0.0,0.0,0.0,0.7333333333333333,0.8666666666666667,0.9666666666666667,0.7333333333333333,0.8666666666666667,0.9666666666666667,0.6333333333333333,0.7833333333333333,0.9333333333333333,0.7333333333333333,0.8666666666666667,0.9666666666666667,0.0,0.0,0.0
20260706,DTLZ,13,315,0.7236345029130126,0.7443483352126933,0.7443483352126933,0.7236345029130126,0.7236345029130126,0.7443483352126933,1,1,0,0,0.03333333333333333,0.15,0.3333333333333333,0.0,0.0,0.0,0.0,0.0,0.0,0.03333333333333333,0.15,0.3333333333333333,0.03333333333333333,0.15,0.3333333333333333,0.7666666666666667,0.9833333333333333,0.95,0.03333333333333333,0.15,0.3333333333333333,0.0,0.0,0.0
20260706,DTLZ,9,433,0.7550556317448951,0.7220634887931242,0.7220634887931242,0.7550556317448951,0.7550556317448951,0.7220634887931242,1,1,0,0,0.016666666666666666,0.06666666666666667,0.38333333333333336,0.0,0.0,0.0,0.0,0.0,0.0,0.016666666666666666,0.06666666666666667,0.38333333333333336,0.016666666666666666,0.06666666666666667,0.38333333333333336,0.5333333333333333,0.75,0.9833333333333333,0.016666666666666666,0.06666666666666667,0.38333333333333336,0.0,0.0,0.0
20260706,DTLZ,4,237,0.8698503497788627,0.772068447831383,0.772068447831383,0.8698503497788627,0.8698503497788627,0.772068447831383,1,1,0,0,0.26666666666666666,0.2,0.4666666666666667,0.0,0.0,0.0,0.0,0.0,0.0,0.26666666666666666,0.2,0.4666666666666667,0.26666666666666666,0.2,0.4666666666666667,0.31666666666666665,0.8166666666666667,0.95,0.26666666666666666,0.2,0.4666666666666667,0.0,0.0,0.0
20260706,DTLZ,9,429,0.7316372127440548,0.741339048570394,0.741339048570394,0.7316372127440548,0.7316372127440548,0.741339048570394,1,1,0,0,0.016666666666666666,0.15,0.43333333333333335,0.0,0.0,0.0,0.0,0.0,0.0,0.016666666666666666,0.15,0.43333333333333335,0.016666666666666666,0.15,0.43333333333333335,0.65,0.8166666666666667,0.9666666666666667,0.016666666666666666,0.15,0.43333333333333335,0.0,0.0,0.0
20260706,DTLZ,11,340,0.7585907588774357,0.7307417247338234,0.7307417247338234,0.7585907588774357,0.7585907588774357,0.7307417247338234,1,1,0,0,0.5333333333333333,0.8833333333333333,0.95,0.0,0.0,0.0,0.0,0.0,0.0,0.5333333333333333,0.8833333333333333,0.95,0.5333333333333333,0.8833333333333333,0.95,0.05,0.45,0.9,0.5333333333333333,0.8833333333333333,0.95,0.0,0.0,0.0
20260706,DTLZ,7,444,0.7522478500940488,0.7314656259804764,0.7314656259804764,0.7522478500940488,0.7522478500940488,0.7314656259804764,1,1,0,0,0.0,0.016666666666666666,0.13333333333333333,0.0,0.0,0.0,0.0,0.0,0.0,0.0,0.016666666666666666,0.13333333333333333,0.0,0.016666666666666666,0.13333333333333333,0.8166666666666667,0.9166666666666666,0.9666666666666667,0.0,0.016666666666666666,0.13333333333333333,0.0,0.0,0.0
20260706,DTLZ,6,202,0.7322265546828217,0.7244659960349257,0.7244659960349257,0.7322265546828217,0.7322265546828217,0.7244659960349257,1,1,0,0,0.43333333333333335,0.4666666666666667,0.75,0.0,0.0,0.0,0.0,0.0,0.0,0.43333333333333335,0.4666666666666667,0.75,0.43333333333333335,0.4666666666666667,0.75,0.9,0.9333333333333333,1.0,0.43333333333333335,0.4666666666666667,0.75,0.0,0.0,0.0
20260706,DTLZ,15,398,0.768508265169728,0.772975215741503,0.772975215741503,0.768508265169728,0.768508265169728,0.772975215741503,1,1,0,0,0.016666666666666666,0.18333333333333332,0.23333333333333334,0.0,0.0,0.0,0.0,0.0,0.0,0.016666666666666666,0.18333333333333332,0.23333333333333334,0.016666666666666666,0.18333333333333332,0.23333333333333334,0.6333333333333333,0.9833333333333333,0.9333333333333333,0.016666666666666666,0.18333333333333332,0.23333333333333334,0.0,0.0,0.0
20260706,DTLZ,8,158,0.785373093868362,0.730077169534008,0.730077169534008,0.785373093868362,0.785373093868362,0.730077169534008,1,1,0,0,0.45,0.6166666666666667,0.7666666666666667,0.0,0.0,0.0,0.0,0.0,0.0,0.45,0.6166666666666667,0.7666666666666667,0.45,0.6166666666666667,0.7666666666666667,0.5833333333333334,0.7833333333333333,0.9666666666666667,0.45,0.6166666666666667,0.7666666666666667,0.0,0.0,0.0
20260706,DTLZ,10,252,0.7568046557999903,0.7331242991058619,0.7331242991058619,0.7568046557999903,0.7568046557999903,0.7331242991058619,1,1,0,0,0.06666666666666667,0.23333333333333334,0.43333333333333335,0.0,0.0,0.0,0.0,0.0,0.0,0.06666666666666667,0.23333333333333334,0.43333333333333335,0.06666666666666667,0.23333333333333334,0.43333333333333335,0.23333333333333334,0.7166666666666667,0.9666666666666667,0.06666666666666667,0.23333333333333334,0.43333333333333335,0.0,0.0,0.0
20260706,DTLZ,6,268,0.7947442231184134,0.7479987806421798,0.7479987806421798,0.7947442231184134,0.7947442231184134,0.7479987806421798,1,1,0,0,0.0,0.4,0.6166666666666667,0.0,0.0,0.0,0.0,0.0,0.0,0.0,0.4,0.6166666666666667,0.0,0.4,0.6166666666666667,0.45,0.7333333333333333,0.9166666666666666,0.0,0.4,0.6166666666666667,0.0,0.0,0.0
20260706,DTLZ,12,448,0.8072056932428215,0.7366060966387202,0.7366060966387202,0.8072056932428215,0.8072056932428215,0.7366060966387202,1,1,0,0,0.45,0.5333333333333333,0.85,0.0,0.0,0.0,0.0,0.0,0.0,0.45,0.5333333333333333,0.85,0.45,0.5333333333333333,0.85,0.7833333333333333,0.8166666666666667,0.9666666666666667,0.45,0.5333333333333333,0.85,0.0,0.0,0.0
20260706,DTLZ,6,68,0.846554177941236,0.7485745775952348,0.7485745775952348,0.846554177941236,0.846554177941236,0.7485745775952348,1,1,0,0,0.0,0.4166666666666667,0.7666666666666667,0.0,0.0,0.0,0.0,0.0,0.0,0.0,0.4166666666666667,0.7666666666666667,0.0,0.4166666666666667,0.7666666666666667,0.5,0.6166666666666667,0.8833333333333333,0.0,0.4166666666666667,0.7666666666666667,0.0,0.0,0.0
20260706,DTLZ,8,418,0.7069692504187943,0.7275706587495726,0.7275706587495726,0.7069692504187943,0.7069692504187943,0.7275706587495726,1,1,0,0,0.4,0.5333333333333333,0.7666666666666667,0.0,0.0,0.0,0.0,0.0,0.0,0.4,0.5333333333333333,0.7666666666666667,0.4,0.5333333333333333,0.7666666666666667,0.8,0.9166666666666666,0.9666666666666667,0.4,0.5333333333333333,0.7666666666666667,0.0,0.0,0.0
20260706,DTLZ,11,67,0.7350682914652715,0.7292081588940402,0.7292081588940402,0.7350682914652715,0.7350682914652715,0.7292081588940402,1,1,0,0,0.0,0.0,0.0,0.0,0.0,0.0,0.0,0.0,0.0,0.0,0.0,0.0,0.0,0.0,0.0,0.36666666666666664,0.55,0.8333333333333334,0.0,0.0,0.0,0.0,0.0,0.0
20260706,DTLZ,12,406,0.7513665641956593,0.7299510563672043,0.7299510563672043,0.7513665641956593,0.7513665641956593,0.7299510563672043,1,1,0,0,0.36666666666666664,0.3333333333333333,0.6833333333333333,0.0,0.0,0.0,0.0,0.0,0.0,0.36666666666666664,0.3333333333333333,0.6833333333333333,0.36666666666666664,0.3333333333333333,0.6833333333333333,0.5833333333333334,0.7333333333333333,1.0,0.36666666666666664,0.3333333333333333,0.6833333333333333,0.0,0.0,0.0
20260706,DTLZ,15,223,0.7722545093407637,0.7397055346866651,0.7397055346866651,0.7722545093407637,0.7722545093407637,0.7397055346866651,1,1,0,0,0.0,0.016666666666666666,0.05,0.0,0.0,0.0,0.0,0.0,0.0,0.0,0.016666666666666666,0.05,0.0,0.016666666666666666,0.05,0.5666666666666667,0.8,0.9333333333333333,0.0,0.016666666666666666,0.05,0.0,0.0,0.0
20260706,DTLZ,3,198,0.9162400227269231,0.8448245296932437,0.8448245296932437,0.9162400227269231,0.9162400227269231,0.8448245296932437,1,1,0,0,0.0,0.016666666666666666,0.4,0.0,0.0,0.0,0.0,0.0,0.0,0.0,0.016666666666666666,0.4,0.0,0.016666666666666666,0.4,0.43333333333333335,0.8166666666666667,0.9333333333333333,0.0,0.016666666666666666,0.4,0.0,0.0,0.0
20260706,DTLZ,3,305,0.9227108547588017,0.8541549562853934,0.8541549562853934,0.9227108547588017,0.9227108547588017,0.8541549562853934,1,1,0,0,0.21666666666666667,0.35,0.6833333333333333,0.0,0.0,0.0,0.0,0.0,0.0,0.21666666666666667,0.35,0.6833333333333333,0.21666666666666667,0.35,0.6833333333333333,0.9,0.9166666666666666,1.0,0.21666666666666667,0.35,0.6833333333333333,0.0,0.0,0.0
20260706,DTLZ,7,468,0.7572205733719888,0.7519186419068672,0.7519186419068672,0.7572205733719888,0.7572205733719888,0.7519186419068672,1,1,0,0,0.5833333333333334,0.75,0.9333333333333333,0.0,0.0,0.0,0.0,0.0,0.0,0.5833333333333334,0.75,0.9333333333333333,0.5833333333333334,0.75,0.9333333333333333,0.8166666666666667,0.95,0.9833333333333333,0.5833333333333334,0.75,0.9333333333333333,0.0,0.0,0.0
20260706,DTLZ,15,403,0.7338010646615115,0.7531026414170803,0.7531026414170803,0.7338010646615115,0.7338010646615115,0.7531026414170803,1,1,0,0,0.5,0.43333333333333335,0.5,0.0,0.0,0.0,0.0,0.0,0.0,0.5,0.43333333333333335,0.5,0.5,0.43333333333333335,0.5,0.25,0.8166666666666667,0.95,0.5,0.43333333333333335,0.5,0.0,0.0,0.0
20260706,DTLZ,13,394,0.7415446684298075,0.7488217382098745,0.7488217382098745,0.7415446684298075,0.7415446684298075,0.7488217382098745,1,1,0,0,0.06666666666666667,0.4,0.65,0.0,0.0,0.0,0.0,0.0,0.0,0.06666666666666667,0.4,0.65,0.06666666666666667,0.4,0.65,0.8166666666666667,0.95,0.9333333333333333,0.06666666666666667,0.4,0.65,0.0,0.0,0.0
20260706,DTLZ,10,240,0.7854546902554186,0.7533274472099649,0.7533274472099649,0.7854546902554186,0.7854546902554186,0.7533274472099649,1,1,0,0,0.95,0.9,0.9666666666666667,0.0,0.0,0.0,0.0,0.0,0.0,0.95,0.9,0.9666666666666667,0.95,0.9,0.9666666666666667,0.5,0.75,0.9833333333333333,0.95,0.9,0.9666666666666667,0.0,0.0,0.0
20260706,DTLZ,5,173,0.7812970160416329,0.7708525991121989,0.7708525991121989,0.7812970160416329,0.7812970160416329,0.7708525991121989,1,1,0,0,0.0,0.0,0.2833333333333333,0.0,0.0,0.0,0.0,0.0,0.0,0.0,0.0,0.2833333333333333,0.0,0.0,0.2833333333333333,0.55,0.7166666666666667,0.9666666666666667,0.0,0.0,0.2833333333333333,0.0,0.0,0.0
20260706,DTLZ,11,457,0.7564011605224851,0.7463934110947192,0.7463934110947192,0.7564011605224851,0.7564011605224851,0.7463934110947192,1,1,0,0,0.0,0.03333333333333333,0.3,0.0,0.0,0.0,0.0,0.0,0.0,0.0,0.03333333333333333,0.3,0.0,0.03333333333333333,0.3,0.5833333333333334,0.85,0.9666666666666667,0.0,0.03333333333333333,0.3,0.0,0.0,0.0
20260706,DTLZ,15,335,0.7594391296060901,0.7526390143880153,0.7526390143880153,0.7594391296060901,0.7594391296060901,0.7526390143880153,1,1,0,0,0.016666666666666666,0.05,0.43333333333333335,0.0,0.0,0.0,0.0,0.0,0.0,0.016666666666666666,0.05,0.43333333333333335,0.016666666666666666,0.05,0.43333333333333335,0.4166666666666667,0.8333333333333334,0.9333333333333333,0.016666666666666666,0.05,0.43333333333333335,0.0,0.0,0.0
20260706,DTLZ,4,149,0.8502904110993295,0.7818324154064624,0.7818324154064624,0.8502904110993295,0.8502904110993295,0.7818324154064624,1,1,0,0,0.6666666666666666,0.7166666666666667,0.95,0.0,0.0,0.0,0.0,0.0,0.0,0.6666666666666666,0.7166666666666667,0.95,0.6666666666666666,0.7166666666666667,0.95,0.5,0.75,0.9666666666666667,0.6666666666666666,0.7166666666666667,0.95,0.0,0.0,0.0
20260706,DTLZ,13,84,0.7877680062433894,0.7605638194018847,0.7605638194018847,0.7877680062433894,0.7877680062433894,0.7605638194018847,1,1,0,0,0.03333333333333333,0.16666666666666666,0.35,0.0,0.0,0.0,0.0,0.0,0.0,0.03333333333333333,0.16666666666666666,0.35,0.03333333333333333,0.16666666666666666,0.35,0.26666666666666666,0.43333333333333335,0.8,0.03333333333333333,0.16666666666666666,0.35,0.0,0.0,0.0
20260706,DTLZ,5,271,0.7946117048125232,0.7583749887123122,0.7583749887123122,0.7946117048125232,0.7946117048125232,0.7583749887123122,1,1,0,0,0.0,0.1,0.18333333333333332,0.0,0.0,0.0,0.0,0.0,0.0,0.0,0.1,0.18333333333333332,0.0,0.1,0.18333333333333332,0.65,0.8666666666666667,0.9666666666666667,0.0,0.1,0.18333333333333332,0.0,0.0,0.0
20260706,DTLZ,12,499,0.7295204267978692,0.7493548562036355,0.7493548562036355,0.7295204267978692,0.7295204267978692,0.7493548562036355,1,1,0,0,0.7166666666666667,0.8166666666666667,0.8333333333333334,0.0,0.0,0.0,0.0,0.0,0.0,0.7166666666666667,0.8166666666666667,0.8333333333333334,0.7166666666666667,0.8166666666666667,0.8333333333333334,0.6,0.7333333333333333,0.9666666666666667,0.7166666666666667,0.8166666666666667,0.8333333333333334,0.0,0.0,0.0
20260706,DTLZ,8,292,0.7606621133581427,0.7257098518945334,0.7257098518945334,0.7606621133581427,0.7606621133581427,0.7257098518945334,1,1,0,0,0.0,0.16666666666666666,0.5833333333333334,0.0,0.0,0.0,0.0,0.0,0.0,0.0,0.16666666666666666,0.5833333333333334,0.0,0.16666666666666666,0.5833333333333334,0.7,0.95,1.0,0.0,0.16666666666666666,0.5833333333333334,0.0,0.0,0.0
20260706,DTLZ,13,442,0.7583989517996942,0.7549298267554344,0.7549298267554344,0.7583989517996942,0.7583989517996942,0.7549298267554344,1,1,0,0,0.0,0.15,0.4166666666666667,0.0,0.0,0.0,0.0,0.0,0.0,0.0,0.15,0.4166666666666667,0.0,0.15,0.4166666666666667,0.6666666666666666,0.7333333333333333,0.9666666666666667,0.0,0.15,0.4166666666666667,0.0,0.0,0.0
20260706,DTLZ,11,422,0.7436907423058461,0.74278174005225,0.74278174005225,0.7436907423058461,0.7436907423058461,0.74278174005225,1,1,0,0,0.016666666666666666,0.15,0.5,0.0,0.0,0.0,0.0,0.0,0.0,0.016666666666666666,0.15,0.5,0.016666666666666666,0.15,0.5,0.95,0.9833333333333333,0.9833333333333333,0.016666666666666666,0.15,0.5,0.0,0.0,0.0
20260706,DTLZ,6,399,0.7574319475374164,0.7332168191949613,0.7332168191949613,0.7574319475374164,0.7574319475374164,0.7332168191949613,1,1,0,0,0.21666666666666667,0.4166666666666667,0.55,0.0,0.0,0.0,0.0,0.0,0.0,0.21666666666666667,0.4166666666666667,0.55,0.21666666666666667,0.4166666666666667,0.55,0.25,0.7,0.9333333333333333,0.21666666666666667,0.4166666666666667,0.55,0.0,0.0,0.0
20260706,DTLZ,12,136,0.7426885221790577,0.7595795182654226,0.7595795182654226,0.7426885221790577,0.7426885221790577,0.7595795182654226,1,1,0,0,0.05,0.2,0.5166666666666667,0.0,0.0,0.0,0.0,0.0,0.0,0.05,0.2,0.5166666666666667,0.05,0.2,0.5166666666666667,0.43333333333333335,0.65,0.9,0.05,0.2,0.5166666666666667,0.0,0.0,0.0
20260706,DTLZ,14,277,0.797296030718528,0.7588351741372859,0.7588351741372859,0.797296030718528,0.797296030718528,0.7588351741372859,1,1,0,0,0.08333333333333333,0.26666666666666666,0.6833333333333333,0.0,0.0,0.0,0.0,0.0,0.0,0.08333333333333333,0.26666666666666666,0.6833333333333333,0.08333333333333333,0.26666666666666666,0.6833333333333333,0.65,0.95,0.9833333333333333,0.08333333333333333,0.26666666666666666,0.6833333333333333,0.0,0.0,0.0
20260706,DTLZ,10,420,0.7805582637932351,0.7469655105292827,0.7469655105292827,0.7805582637932351,0.7805582637932351,0.7469655105292827,1,1,0,0,0.18333333333333332,0.38333333333333336,0.4666666666666667,0.0,0.0,0.0,0.0,0.0,0.0,0.18333333333333332,0.38333333333333336,0.4666666666666667,0.18333333333333332,0.38333333333333336,0.4666666666666667,0.95,0.9166666666666666,1.0,0.18333333333333332,0.38333333333333336,0.4666666666666667,0.0,0.0,0.0
20260706,DTLZ,3,156,0.8512456914622362,0.8462945921472148,0.8462945921472148,0.8512456914622362,0.8512456914622362,0.8462945921472148,1,1,0,0,0.6,0.6166666666666667,0.6,0.0,0.0,0.0,0.0,0.0,0.0,0.6,0.6166666666666667,0.6,0.6,0.6166666666666667,0.6,0.7,0.8833333333333333,0.95,0.6,0.6166666666666667,0.6,0.0,0.0,0.0
20260706,DTLZ,10,418,0.7713616910571617,0.74102916327311,0.74102916327311,0.7713616910571617,0.7713616910571617,0.74102916327311,1,1,0,0,0.05,0.2833333333333333,0.6666666666666666,0.0,0.0,0.0,0.0,0.0,0.0,0.05,0.2833333333333333,0.6666666666666666,0.05,0.2833333333333333,0.6666666666666666,0.6333333333333333,0.95,0.9833333333333333,0.05,0.2833333333333333,0.6666666666666666,0.0,0.0,0.0
20260706,DTLZ,9,240,0.7470681856954612,0.7420067208641031,0.7420067208641031,0.7470681856954612,0.7470681856954612,0.7420067208641031,1,1,0,0,0.03333333333333333,0.23333333333333334,0.65,0.0,0.0,0.0,0.0,0.0,0.0,0.03333333333333333,0.23333333333333334,0.65,0.03333333333333333,0.23333333333333334,0.65,0.36666666666666664,0.5833333333333334,0.9,0.03333333333333333,0.23333333333333334,0.65,0.0,0.0,0.0
20260706,DTLZ,10,431,0.7403996863319289,0.7349814662122877,0.7349814662122877,0.7403996863319289,0.7403996863319289,0.7349814662122877,1,1,0,0,0.23333333333333334,0.48333333333333334,0.5333333333333333,0.0,0.0,0.0,0.0,0.0,0.0,0.23333333333333334,0.48333333333333334,0.5333333333333333,0.23333333333333334,0.48333333333333334,0.5333333333333333,0.26666666666666666,0.5666666666666667,0.9333333333333333,0.23333333333333334,0.48333333333333334,0.5333333333333333,0.0,0.0,0.0
20260706,Energy,5,177,0.4513048934400852,0.44811643189146455,0.44811643189146455,0.4513048934400852,0.4513048934400852,0.44811643189146455,1,1,0,0,0.05,0.13333333333333333,0.4666666666666667,0.0,0.0,0.0,0.0,0.0,0.0,0.05,0.13333333333333333,0.4666666666666667,0.05,0.13333333333333333,0.4666666666666667,0.21666666666666667,0.6,0.7,0.05,0.13333333333333333,0.4666666666666667,0.0,0.0,0.0
20260706,Energy,8,204,0.4309282394601998,0.4734267033212624,0.4734267033212624,0.4309282394601998,0.4309282394601998,0.4734267033212624,1,1,0,0,0.05,0.16666666666666666,0.5,0.0,0.0,0.0,0.0,0.0,0.0,0.05,0.16666666666666666,0.5,0.05,0.16666666666666666,0.5,0.5166666666666667,0.5833333333333334,0.8,0.05,0.16666666666666666,0.5,0.0,0.0,0.0
20260706,Energy,6,112,0.48189028272005885,0.48189028272005885,0.48189028272005885,0.48189028272005885,0.48189028272005885,0.48189028272005885,1,1,0,0,0.6333333333333333,0.65,0.65,0.0,0.0,0.0,0.0,0.0,0.0,0.6333333333333333,0.65,0.65,0.6333333333333333,0.65,0.65,0.4166666666666667,0.6333333333333333,0.8333333333333334,0.6333333333333333,0.65,0.65,0.0,0.0,0.0
20260706,Energy,6,317,0.46262538632981326,0.4903198031015817,0.4903198031015817,0.46262538632981326,0.46262538632981326,0.4903198031015817,1,1,0,0,0.5,0.5666666666666667,0.6833333333333333,0.0,0.0,0.0,0.0,0.0,0.0,0.5,0.5666666666666667,0.6833333333333333,0.5,0.5666666666666667,0.6833333333333333,0.13333333333333333,0.5333333333333333,0.9333333333333333,0.5,0.5666666666666667,0.6833333333333333,0.0,0.0,0.0
20260706,Energy,4,481,0.4271621631748183,0.46093640184140366,0.46093640184140366,0.4271621631748183,0.4271621631748183,0.46093640184140366,1,1,0,0,0.03333333333333333,0.16666666666666666,0.48333333333333334,0.0,0.0,0.0,0.0,0.0,0.0,0.03333333333333333,0.16666666666666666,0.48333333333333334,0.03333333333333333,0.16666666666666666,0.48333333333333334,0.6166666666666667,0.7666666666666667,0.85,0.03333333333333333,0.16666666666666666,0.48333333333333334,0.0,0.0,0.0
20260706,Energy,5,160,0.4748403875512661,0.5006655758041023,0.5006655758041023,0.4748403875512661,0.4748403875512661,0.5006655758041023,1,1,0,0,0.4166666666666667,0.6,0.7333333333333333,0.0,0.0,0.0,0.0,0.0,0.0,0.4166666666666667,0.6,0.7333333333333333,0.4166666666666667,0.6,0.7333333333333333,0.6,0.43333333333333335,0.7833333333333333,0.4166666666666667,0.6,0.7333333333333333,0.0,0.0,0.0
20260706,Energy,8,438,0.44055504343061014,0.48006495250514014,0.48006495250514014,0.44055504343061014,0.44055504343061014,0.48006495250514014,1,1,0,0,0.8833333333333333,0.95,0.9166666666666666,0.0,0.0,0.0,0.0,0.0,0.0,0.8833333333333333,0.95,0.9166666666666666,0.8833333333333333,0.95,0.9166666666666666,0.3,0.7333333333333333,0.8666666666666667,0.8833333333333333,0.95,0.9166666666666666,0.0,0.0,0.0
20260706,Energy,6,351,0.4491787482199617,0.5042083371003213,0.5042083371003213,0.4491787482199617,0.4491787482199617,0.5042083371003213,1,1,0,0,0.03333333333333333,0.26666666666666666,0.5333333333333333,0.0,0.0,0.0,0.0,0.0,0.0,0.03333333333333333,0.26666666666666666,0.5333333333333333,0.03333333333333333,0.26666666666666666,0.5333333333333333,0.9833333333333333,1.0,0.9833333333333333,0.03333333333333333,0.26666666666666666,0.5333333333333333,0.0,0.0,0.0
20260706,Energy,5,110,0.47840663933181643,0.47840663933181643,0.47840663933181643,0.47840663933181643,0.47840663933181643,0.47840663933181643,1,1,0,0,0.6333333333333333,0.6833333333333333,0.6333333333333333,0.0,0.0,0.0,0.0,0.0,0.0,0.6333333333333333,0.6833333333333333,0.6333333333333333,0.6333333333333333,0.6833333333333333,0.6333333333333333,0.23333333333333334,0.31666666666666665,0.55,0.6333333333333333,0.6833333333333333,0.6333333333333333,0.0,0.0,0.0
20260706,Energy,6,76,0.46209365801713126,0.46209365801713126,0.46209365801713126,0.46209365801713126,0.46209365801713126,0.46209365801713126,1,1,0,0,0.0,0.0,0.0,0.0,0.0,0.0,0.0,0.0,0.0,0.0,0.0,0.0,0.0,0.0,0.0,0.016666666666666666,0.3333333333333333,0.7666666666666667,0.0,0.0,0.0,0.0,0.0,0.0
20260706,Energy,7,396,0.4209325414967341,0.4209325414967341,0.4209325414967341,0.4209325414967341,0.4209325414967341,0.4209325414967341,1,1,0,0,0.016666666666666666,0.3,0.6333333333333333,0.0,0.0,0.0,0.0,0.0,0.0,0.016666666666666666,0.3,0.6333333333333333,0.016666666666666666,0.3,0.6333333333333333,0.08333333333333333,0.5166666666666667,0.8833333333333333,0.016666666666666666,0.3,0.6333333333333333,0.0,0.0,0.0
20260706,Energy,8,221,0.43204278374731825,0.4466597502245033,0.4466597502245033,0.43204278374731825,0.43204278374731825,0.4466597502245033,1,1,0,0,0.25,0.3333333333333333,0.45,0.0,0.0,0.0,0.0,0.0,0.0,0.25,0.3333333333333333,0.45,0.25,0.3333333333333333,0.45,0.18333333333333332,0.6666666666666666,0.9,0.25,0.3333333333333333,0.45,0.0,0.0,0.0
20260706,Energy,5,348,0.4561707136734563,0.45074955369457,0.45074955369457,0.4561707136734563,0.4561707136734563,0.45074955369457,1,1,0,0,0.5166666666666667,0.85,0.8333333333333334,0.0,0.0,0.0,0.0,0.0,0.0,0.5166666666666667,0.85,0.8333333333333334,0.5166666666666667,0.85,0.8333333333333334,0.65,0.7666666666666667,0.85,0.5166666666666667,0.85,0.8333333333333334,0.0,0.0,0.0
20260706,Energy,4,173,0.4573493247346085,0.4573493247346085,0.4573493247346085,0.4573493247346085,0.4573493247346085,0.4573493247346085,1,1,0,0,0.1,0.45,0.65,0.0,0.0,0.0,0.0,0.0,0.0,0.1,0.45,0.65,0.1,0.45,0.65,0.0,0.13333333333333333,0.4166666666666667,0.1,0.45,0.65,0.0,0.0,0.0
20260706,Energy,8,490,0.4348809068770495,0.41738323020417784,0.41738323020417784,0.4348809068770495,0.4348809068770495,0.41738323020417784,1,1,0,0,0.16666666666666666,0.36666666666666664,0.65,0.0,0.0,0.0,0.0,0.0,0.0,0.16666666666666666,0.36666666666666664,0.65,0.16666666666666666,0.36666666666666664,0.65,0.5333333333333333,0.6833333333333333,0.65,0.16666666666666666,0.36666666666666664,0.65,0.0,0.0,0.0
20260706,Energy,8,491,0.4434103114551217,0.448938328098521,0.448938328098521,0.4434103114551217,0.4434103114551217,0.448938328098521,1,1,0,0,0.1,0.2833333333333333,0.5,0.0,0.0,0.0,0.0,0.0,0.0,0.1,0.2833333333333333,0.5,0.1,0.2833333333333333,0.5,0.48333333333333334,0.7333333333333333,0.8166666666666667,0.1,0.2833333333333333,0.5,0.0,0.0,0.0
20260706,Energy,5,420,0.4469058594270738,0.4629146250278256,0.4629146250278256,0.4469058594270738,0.4469058594270738,0.4629146250278256,1,1,0,0,0.23333333333333334,0.31666666666666665,0.6666666666666666,0.0,0.0,0.0,0.0,0.0,0.0,0.23333333333333334,0.31666666666666665,0.6666666666666666,0.23333333333333334,0.31666666666666665,0.6666666666666666,0.03333333333333333,0.3333333333333333,0.8666666666666667,0.23333333333333334,0.31666666666666665,0.6666666666666666,0.0,0.0,0.0
20260706,Energy,7,416,0.4207189141569155,0.4207189141569155,0.4207189141569155,0.4207189141569155,0.4207189141569155,0.4207189141569155,1,1,0,0,0.03333333333333333,0.21666666666666667,0.5166666666666667,0.0,0.0,0.0,0.0,0.0,0.0,0.03333333333333333,0.21666666666666667,0.5166666666666667,0.03333333333333333,0.21666666666666667,0.5166666666666667,0.11666666666666667,0.31666666666666665,0.5166666666666667,0.03333333333333333,0.21666666666666667,0.5166666666666667,0.0,0.0,0.0
20260706,Energy,8,406,0.44582610714299126,0.44582610714299126,0.44582610714299126,0.44582610714299126,0.44582610714299126,0.44582610714299126,1,1,0,0,0.06666666666666667,0.31666666666666665,0.4666666666666667,0.0,0.0,0.0,0.0,0.0,0.0,0.06666666666666667,0.31666666666666665,0.4666666666666667,0.06666666666666667,0.31666666666666665,0.4666666666666667,0.36666666666666664,0.7333333333333333,0.8833333333333333,0.06666666666666667,0.31666666666666665,0.4666666666666667,0.0,0.0,0.0
20260706,Energy,6,203,0.45125703840709913,0.4365324067338925,0.4365324067338925,0.45125703840709913,0.45125703840709913,0.4365324067338925,1,1,0,0,0.6,0.6833333333333333,0.7666666666666667,0.0,0.0,0.0,0.0,0.0,0.0,0.6,0.6833333333333333,0.7666666666666667,0.6,0.6833333333333333,0.7666666666666667,0.23333333333333334,0.6166666666666667,0.85,0.6,0.6833333333333333,0.7666666666666667,0.0,0.0,0.0
20260706,Energy,8,164,0.4026049685668613,0.44222633838360215,0.44222633838360215,0.4026049685668613,0.4026049685668613,0.44222633838360215,1,1,0,0,0.08333333333333333,0.3333333333333333,0.55,0.0,0.0,0.0,0.0,0.0,0.0,0.08333333333333333,0.3333333333333333,0.55,0.08333333333333333,0.3333333333333333,0.55,0.36666666666666664,0.5666666666666667,0.7166666666666667,0.08333333333333333,0.3333333333333333,0.55,0.0,0.0,0.0
20260706,Energy,7,211,0.45175724879555645,0.46498450783958684,0.46498450783958684,0.45175724879555645,0.45175724879555645,0.46498450783958684,1,1,0,0,0.2,0.45,0.6,0.0,0.0,0.0,0.0,0.0,0.0,0.2,0.45,0.6,0.2,0.45,0.6,0.21666666666666667,0.5333333333333333,0.8166666666666667,0.2,0.45,0.6,0.0,0.0,0.0
20260706,Energy,7,306,0.4555003967107325,0.4815696469802252,0.4815696469802252,0.4555003967107325,0.4555003967107325,0.4815696469802252,1,1,0,0,0.4666666666666667,0.7166666666666667,0.8166666666666667,0.0,0.0,0.0,0.0,0.0,0.0,0.4666666666666667,0.7166666666666667,0.8166666666666667,0.4666666666666667,0.7166666666666667,0.8166666666666667,0.43333333333333335,0.7666666666666667,0.8833333333333333,0.4666666666666667,0.7166666666666667,0.8166666666666667,0.0,0.0,0.0
20260706,Energy,6,242,0.4450477443732127,0.4450477443732127,0.4450477443732127,0.4450477443732127,0.4450477443732127,0.4450477443732127,1,1,0,0,0.0,0.0,0.21666666666666667,0.0,0.0,0.0,0.0,0.0,0.0,0.0,0.0,0.21666666666666667,0.0,0.0,0.21666666666666667,0.55,0.5666666666666667,0.7666666666666667,0.0,0.0,0.21666666666666667,0.0,0.0,0.0
20260706,Energy,6,438,0.4575518903785518,0.4563108418888971,0.4563108418888971,0.4575518903785518,0.4575518903785518,0.4563108418888971,1,1,0,0,0.5333333333333333,0.8666666666666667,0.9333333333333333,0.0,0.0,0.0,0.0,0.0,0.0,0.5333333333333333,0.85,0.9333333333333333,0.5333333333333333,0.8666666666666667,0.9333333333333333,0.5,0.75,0.9,0.5333333333333333,0.8666666666666667,0.9333333333333333,0.0,0.0,0.0
20260706,Energy,4,78,0.45316020414427155,0.45316020414427155,0.45316020414427155,0.45316020414427155,0.45316020414427155,0.45316020414427155,1,1,0,0,0.016666666666666666,0.06666666666666667,0.25,0.0,0.0,0.0,0.0,0.0,0.0,0.016666666666666666,0.06666666666666667,0.25,0.016666666666666666,0.06666666666666667,0.25,0.0,0.25,0.4666666666666667,0.016666666666666666,0.06666666666666667,0.25,0.0,0.0,0.0
20260706,Energy,5,330,0.42780878656628885,0.42780878656628885,0.42780878656628885,0.42780878656628885,0.42780878656628885,0.42780878656628885,1,1,0,0,0.03333333333333333,0.13333333333333333,0.3333333333333333,0.0,0.0,0.0,0.0,0.0,0.0,0.03333333333333333,0.13333333333333333,0.3333333333333333,0.03333333333333333,0.13333333333333333,0.3333333333333333,0.0,0.3,0.6,0.03333333333333333,0.13333333333333333,0.3333333333333333,0.0,0.0,0.0
20260706,Energy,7,430,0.43455248175968614,0.47189966631205604,0.47189966631205604,0.43455248175968614,0.43455248175968614,0.47189966631205604,1,1,0,0,0.03333333333333333,0.26666666666666666,0.5333333333333333,0.0,0.0,0.0,0.0,0.0,0.0,0.03333333333333333,0.26666666666666666,0.5333333333333333,0.03333333333333333,0.26666666666666666,0.5333333333333333,0.15,0.4166666666666667,0.7333333333333333,0.03333333333333333,0.26666666666666666,0.5333333333333333,0.0,0.0,0.0
20260706,Energy,6,497,0.42669600647687717,0.431165598658563,0.431165598658563,0.42669600647687717,0.42669600647687717,0.431165598658563,1,1,0,0,0.13333333333333333,0.38333333333333336,0.75,0.0,0.0,0.0,0.0,0.0,0.0,0.13333333333333333,0.38333333333333336,0.75,0.13333333333333333,0.38333333333333336,0.75,0.2,0.5666666666666667,0.9,0.13333333333333333,0.38333333333333336,0.75,0.0,0.0,0.0
20260706,Energy,7,245,0.45020338072960503,0.45102691582566196,0.45102691582566196,0.45020338072960503,0.45020338072960503,0.45102691582566196,1,1,0,0,0.3333333333333333,0.5,0.85,0.0,0.0,0.0,0.0,0.0,0.0,0.3333333333333333,0.5,0.85,0.3333333333333333,0.5,0.85,0.16666666666666666,0.45,0.8666666666666667,0.3333333333333333,0.5,0.85,0.0,0.0,0.0
20260706,Energy,7,104,0.46534059137877065,0.4596043181819276,0.4596043181819276,0.46534059137877065,0.46534059137877065,0.4596043181819276,1,1,0,0,0.26666666666666666,0.3333333333333333,0.4,0.0,0.0,0.0,0.0,0.0,0.0,0.26666666666666666,0.3333333333333333,0.4,0.26666666666666666,0.3333333333333333,0.4,0.05,0.2,0.5666666666666667,0.26666666666666666,0.3333333333333333,0.4,0.0,0.0,0.0
20260706,Energy,8,372,0.4725421372922345,0.4490129424079163,0.4490129424079163,0.4725421372922345,0.4725421372922345,0.4490129424079163,1,1,0,0,0.5166666666666667,0.75,0.7666666666666667,0.0,0.0,0.0,0.0,0.0,0.0,0.5166666666666667,0.75,0.7666666666666667,0.5166666666666667,0.75,0.7666666666666667,0.2,0.6166666666666667,0.7666666666666667,0.5166666666666667,0.75,0.7666666666666667,0.0,0.0,0.0
20260706,Energy,7,119,0.4610570237345045,0.4856926508965001,0.4856926508965001,0.4610570237345045,0.4610570237345045,0.4856926508965001,1,1,0,0,0.38333333333333336,0.6833333333333333,0.7833333333333333,0.0,0.0,0.0,0.0,0.0,0.0,0.38333333333333336,0.6833333333333333,0.7833333333333333,0.38333333333333336,0.6833333333333333,0.7833333333333333,0.43333333333333335,0.55,0.7,0.38333333333333336,0.6833333333333333,0.7833333333333333,0.0,0.0,0.0
20260706,Energy,4,189,0.46950015941873363,0.47367655948814885,0.47367655948814885,0.46950015941873363,0.46950015941873363,0.47367655948814885,1,1,0,0,0.0,0.06666666666666667,0.18333333333333332,0.0,0.0,0.0,0.0,0.0,0.0,0.0,0.06666666666666667,0.18333333333333332,0.0,0.06666666666666667,0.18333333333333332,0.1,0.4,0.6666666666666666,0.0,0.06666666666666667,0.18333333333333332,0.0,0.0,0.0
20260706,Energy,6,383,0.4215801532346098,0.4215801532346098,0.4215801532346098,0.4215801532346098,0.4215801532346098,0.4215801532346098,1,1,0,0,0.0,0.16666666666666666,0.4666666666666667,0.0,0.0,0.0,0.0,0.0,0.0,0.0,0.16666666666666666,0.4666666666666667,0.0,0.16666666666666666,0.4666666666666667,0.45,0.6333333333333333,0.7166666666666667,0.0,0.16666666666666666,0.4666666666666667,0.0,0.0,0.0
20260706,Energy,4,233,0.4671590007989394,0.4605012022731093,0.4605012022731093,0.4671590007989394,0.4671590007989394,0.4605012022731093,1,1,0,0,0.5333333333333333,0.6333333333333333,0.85,0.0,0.0,0.0,0.0,0.0,0.0,0.5333333333333333,0.6333333333333333,0.85,0.5333333333333333,0.6333333333333333,0.85,0.36666666666666664,0.7,0.75,0.5333333333333333,0.6333333333333333,0.85,0.0,0.0,0.0
20260706,Energy,8,283,0.4356363765762001,0.4498942953325417,0.4498942953325417,0.4356363765762001,0.4356363765762001,0.4498942953325417,1,1,0,0,0.43333333333333335,0.5166666666666667,0.7,0.0,0.0,0.0,0.0,0.0,0.0,0.43333333333333335,0.5166666666666667,0.7,0.43333333333333335,0.5166666666666667,0.7,0.6166666666666667,0.7,0.8833333333333333,0.43333333333333335,0.5166666666666667,0.7,0.0,0.0,0.0
20260706,Energy,4,382,0.4445559959790623,0.4576532948651559,0.4576532948651559,0.4445559959790623,0.4445559959790623,0.4576532948651559,1,1,0,0,0.2,0.31666666666666665,0.65,0.0,0.0,0.0,0.0,0.0,0.0,0.2,0.31666666666666665,0.65,0.2,0.31666666666666665,0.65,0.26666666666666666,0.6833333333333333,0.9,0.2,0.31666666666666665,0.65,0.0,0.0,0.0
20260706,Energy,5,210,0.47082212021114017,0.47806494801091465,0.47806494801091465,0.47082212021114017,0.47082212021114017,0.47806494801091465,1,1,0,0,0.0,0.21666666666666667,0.35,0.0,0.0,0.0,0.0,0.0,0.0,0.0,0.21666666666666667,0.35,0.0,0.21666666666666667,0.35,0.0,0.05,0.36666666666666664,0.0,0.21666666666666667,0.35,0.0,0.0,0.0
20260706,Energy,8,169,0.47798765680532884,0.47798765680532884,0.47798765680532884,0.47798765680532884,0.47798765680532884,0.47798765680532884,1,1,0,0,0.31666666666666665,0.5666666666666667,0.55,0.0,0.0,0.0,0.0,0.0,0.0,0.31666666666666665,0.5666666666666667,0.55,0.31666666666666665,0.5666666666666667,0.55,0.38333333333333336,0.65,0.7666666666666667,0.31666666666666665,0.5666666666666667,0.55,0.0,0.0,0.0
20260706,Energy,6,483,0.4206789048798529,0.4461002562494734,0.4461002562494734,0.4206789048798529,0.4206789048798529,0.4461002562494734,1,1,0,0,0.36666666666666664,0.18333333333333332,0.36666666666666664,0.0,0.0,0.0,0.0,0.0,0.0,0.36666666666666664,0.18333333333333332,0.36666666666666664,0.36666666666666664,0.18333333333333332,0.36666666666666664,0.5166666666666667,0.6666666666666666,0.85,0.36666666666666664,0.18333333333333332,0.36666666666666664,0.0,0.0,0.0
20260706,Energy,7,495,0.44264744798449557,0.4373330308377055,0.4373330308377055,0.44264744798449557,0.44264744798449557,0.4373330308377055,1,1,0,0,0.48333333333333334,0.65,0.7666666666666667,0.0,0.0,0.0,0.0,0.0,0.0,0.48333333333333334,0.65,0.7666666666666667,0.48333333333333334,0.65,0.7666666666666667,0.0,0.05,0.48333333333333334,0.48333333333333334,0.65,0.7666666666666667,0.0,0.0,0.0
20260706,Energy,4,354,0.45351828328709787,0.4777362109397266,0.4777362109397266,0.45351828328709787,0.45351828328709787,0.4777362109397266,1,1,0,0,0.0,0.0,0.05,0.0,0.0,0.0,0.0,0.0,0.0,0.0,0.0,0.05,0.0,0.0,0.05,0.13333333333333333,0.6166666666666667,0.8333333333333334,0.0,0.0,0.05,0.0,0.0,0.0
20260706,Energy,6,430,0.43996391849395405,0.4301238079161274,0.4301238079161274,0.43996391849395405,0.43996391849395405,0.4301238079161274,1,1,0,0,0.2,0.38333333333333336,0.75,0.0,0.0,0.0,0.0,0.0,0.0,0.2,0.38333333333333336,0.75,0.2,0.38333333333333336,0.75,0.2833333333333333,0.35,0.6833333333333333,0.2,0.38333333333333336,0.75,0.0,0.0,0.0
20260706,Energy,5,275,0.44386700008407054,0.44386700008407054,0.44386700008407054,0.44386700008407054,0.44386700008407054,0.44386700008407054,1,1,0,0,0.6333333333333333,0.65,0.7333333333333333,0.0,0.0,0.0,0.0,0.0,0.0,0.6333333333333333,0.65,0.7333333333333333,0.6333333333333333,0.65,0.7333333333333333,0.38333333333333336,0.38333333333333336,0.75,0.6333333333333333,0.65,0.7333333333333333,0.0,0.0,0.0
20260706,Energy,7,144,0.4481671376819308,0.48588685128555703,0.48588685128555703,0.4481671376819308,0.4481671376819308,0.48588685128555703,1,1,0,0,0.0,0.0,0.23333333333333334,0.0,0.0,0.0,0.0,0.0,0.0,0.0,0.0,0.23333333333333334,0.0,0.0,0.23333333333333334,0.5,0.7166666666666667,0.7833333333333333,0.0,0.0,0.23333333333333334,0.0,0.0,0.0
20260706,Energy,5,169,0.49076596265453526,0.49076596265453526,0.49076596265453526,0.49076596265453526,0.49076596265453526,0.49076596265453526,1,1,0,0,0.5666666666666667,0.7166666666666667,0.75,0.0,0.0,0.0,0.0,0.0,0.0,0.5666666666666667,0.7166666666666667,0.75,0.5666666666666667,0.7166666666666667,0.75,0.7,0.6,0.7666666666666667,0.5666666666666667,0.7166666666666667,0.75,0.0,0.0,0.0
20260706,Energy,7,154,0.5051042417474705,0.5051042417474705,0.5051042417474705,0.5051042417474705,0.5051042417474705,0.5051042417474705,1,1,0,0,0.38333333333333336,0.4166666666666667,0.4166666666666667,0.0,0.0,0.0,0.0,0.0,0.0,0.38333333333333336,0.4166666666666667,0.4166666666666667,0.38333333333333336,0.4166666666666667,0.4166666666666667,0.55,0.6166666666666667,0.8666666666666667,0.38333333333333336,0.4166666666666667,0.4166666666666667,0.0,0.0,0.0
20260706,Energy,4,339,0.44225881201742756,0.44225881201742756,0.44225881201742756,0.44225881201742756,0.44225881201742756,0.44225881201742756,1,1,0,0,0.13333333333333333,0.26666666666666666,0.3333333333333333,0.0,0.0,0.0,0.0,0.0,0.0,0.13333333333333333,0.26666666666666666,0.3333333333333333,0.13333333333333333,0.26666666666666666,0.3333333333333333,0.8166666666666667,0.8666666666666667,0.85,0.13333333333333333,0.26666666666666666,0.3333333333333333,0.0,0.0,0.0
20260706,Energy,7,134,0.46991118228154216,0.5057334667584326,0.5057334667584326,0.46991118228154216,0.46991118228154216,0.5057334667584326,1,1,0,0,0.25,0.2833333333333333,0.5166666666666667,0.0,0.0,0.0,0.0,0.0,0.0,0.25,0.2833333333333333,0.5166666666666667,0.25,0.2833333333333333,0.5166666666666667,0.13333333333333333,0.5,0.75,0.25,0.2833333333333333,0.5166666666666667,0.0,0.0,0.0
20260706,Concrete,4,118,0.4231038505566619,0.4629878379203787,0.4629878379203787,0.4231038505566619,0.4231038505566619,0.4629878379203787,1,1,0,0,0.03333333333333333,0.23333333333333334,0.4166666666666667,0.0,0.0,0.0,0.0,0.0,0.0,0.03333333333333333,0.23333333333333334,0.4166666666666667,0.03333333333333333,0.23333333333333334,0.4166666666666667,0.2,0.65,0.85,0.03333333333333333,0.23333333333333334,0.4166666666666667,0.0,0.0,0.0
20260706,Concrete,8,311,0.4409624659699308,0.4552713229036661,0.4552713229036661,0.4409624659699308,0.4409624659699308,0.4552713229036661,1,1,0,0,0.6,0.9,0.8333333333333334,0.0,0.0,0.0,0.0,0.0,0.0,0.6,0.9,0.8333333333333334,0.6,0.9,0.8333333333333334,0.6166666666666667,0.7666666666666667,0.9166666666666666,0.6,0.9,0.8333333333333334,0.0,0.0,0.0
20260706,Concrete,6,398,0.44211674471216944,0.4581112931210101,0.4581112931210101,0.44211674471216944,0.44211674471216944,0.4581112931210101,1,1,0,0,0.0,0.18333333333333332,0.35,0.0,0.0,0.0,0.0,0.0,0.0,0.0,0.18333333333333332,0.35,0.0,0.18333333333333332,0.35,0.06666666666666667,0.4,0.8333333333333334,0.0,0.18333333333333332,0.35,0.0,0.0,0.0
20260706,Concrete,7,189,0.46479025067680885,0.45840859231130143,0.45840859231130143,0.46479025067680885,0.46479025067680885,0.45840859231130143,1,1,0,0,0.4666666666666667,0.6,0.7,0.0,0.0,0.0,0.0,0.0,0.0,0.4666666666666667,0.6,0.7,0.4666666666666667,0.6,0.7,0.03333333333333333,0.18333333333333332,0.5,0.4666666666666667,0.6,0.7,0.0,0.0,0.0
20260706,Concrete,4,463,0.45364584392794244,0.44865184754324616,0.44865184754324616,0.45364584392794244,0.45364584392794244,0.44865184754324616,1,1,0,0,0.43333333333333335,0.6166666666666667,0.6166666666666667,0.0,0.0,0.0,0.0,0.0,0.0,0.43333333333333335,0.6166666666666667,0.6166666666666667,0.43333333333333335,0.6166666666666667,0.6166666666666667,0.3333333333333333,0.65,0.8666666666666667,0.43333333333333335,0.6166666666666667,0.6166666666666667,0.0,0.0,0.0
20260706,Concrete,4,107,0.5126578158840448,0.52032654432714,0.52032654432714,0.5126578158840448,0.5126578158840448,0.52032654432714,1,1,0,0,0.4166666666666667,0.6166666666666667,0.8833333333333333,0.0,0.0,0.0,0.0,0.0,0.0,0.4166666666666667,0.6166666666666667,0.8833333333333333,0.4166666666666667,0.6166666666666667,0.8833333333333333,0.55,0.6166666666666667,0.75,0.4166666666666667,0.6166666666666667,0.8833333333333333,0.0,0.0,0.0
20260706,Concrete,4,242,0.4696203190843819,0.49057844077964413,0.49057844077964413,0.4696203190843819,0.4696203190843819,0.49057844077964413,1,1,0,0,0.0,0.1,0.4666666666666667,0.0,0.0,0.0,0.0,0.0,0.0,0.0,0.1,0.4666666666666667,0.0,0.1,0.4666666666666667,0.48333333333333334,0.6666666666666666,0.8333333333333334,0.0,0.1,0.4666666666666667,0.0,0.0,0.0
20260706,Concrete,5,83,0.4829089387316658,0.4829089387316658,0.4829089387316658,0.4829089387316658,0.4829089387316658,0.4829089387316658,1,1,0,0,0.0,0.0,0.05,0.0,0.0,0.0,0.0,0.0,0.0,0.0,0.0,0.05,0.0,0.0,0.05,0.18333333333333332,0.48333333333333334,0.75,0.0,0.0,0.05,0.0,0.0,0.0
20260706,Concrete,7,394,0.40974839951788816,0.44828324076940085,0.44828324076940085,0.40974839951788816,0.40974839951788816,0.44828324076940085,1,1,0,0,0.11666666666666667,0.3333333333333333,0.4666666666666667,0.0,0.0,0.0,0.0,0.0,0.0,0.11666666666666667,0.3333333333333333,0.4666666666666667,0.11666666666666667,0.3333333333333333,0.4666666666666667,0.11666666666666667,0.4666666666666667,0.8666666666666667,0.11666666666666667,0.3333333333333333,0.4666666666666667,0.0,0.0,0.0
20260706,Concrete,7,179,0.4538411013383778,0.4538411013383778,0.4538411013383778,0.4538411013383778,0.4538411013383778,0.4538411013383778,1,1,0,0,0.18333333333333332,0.4666666666666667,0.48333333333333334,0.0,0.0,0.0,0.0,0.0,0.0,0.18333333333333332,0.4666666666666667,0.48333333333333334,0.18333333333333332,0.4666666666666667,0.48333333333333334,0.0,0.15,0.48333333333333334,0.18333333333333332,0.4666666666666667,0.48333333333333334,0.0,0.0,0.0
20260706,Concrete,4,442,0.4547668435108572,0.482227110349439,0.482227110349439,0.4547668435108572,0.4547668435108572,0.482227110349439,1,1,0,0,0.8,0.7666666666666667,0.8833333333333333,0.0,0.0,0.0,0.0,0.0,0.0,0.8,0.7666666666666667,0.8833333333333333,0.8,0.7666666666666667,0.8833333333333333,0.06666666666666667,0.38333333333333336,0.8833333333333333,0.8,0.7666666666666667,0.8833333333333333,0.0,0.0,0.0
20260706,Concrete,4,118,0.4912016799035511,0.4841386145064673,0.4841386145064673,0.4912016799035511,0.4912016799035511,0.4841386145064673,1,1,0,0,0.6,0.8,0.8,0.0,0.0,0.0,0.0,0.0,0.0,0.6,0.8,0.8,0.6,0.8,0.8,0.25,0.48333333333333334,0.7333333333333333,0.6,0.8,0.8,0.0,0.0,0.0
20260706,Concrete,6,264,0.4521756812485275,0.4881158381809946,0.4881158381809946,0.4521756812485275,0.4521756812485275,0.4881158381809946,1,1,0,0,0.016666666666666666,0.06666666666666667,0.35,0.0,0.0,0.0,0.0,0.0,0.0,0.016666666666666666,0.06666666666666667,0.35,0.016666666666666666,0.06666666666666667,0.35,0.5833333333333334,0.7666666666666667,0.8666666666666667,0.016666666666666666,0.06666666666666667,0.35,0.0,0.0,0.0
20260706,Concrete,8,334,0.4406544630267198,0.4349660077896251,0.4349660077896251,0.4406544630267198,0.4406544630267198,0.4349660077896251,1,1,0,0,0.45,0.65,0.8666666666666667,0.0,0.0,0.0,0.0,0.0,0.0,0.45,0.65,0.8666666666666667,0.45,0.65,0.8666666666666667,0.55,0.7333333333333333,0.9166666666666666,0.45,0.65,0.8666666666666667,0.0,0.0,0.0
20260706,Concrete,7,86,0.45539008630435174,0.45539008630435174,0.45539008630435174,0.45539008630435174,0.45539008630435174,0.45539008630435174,1,1,0,0,0.0,0.0,0.016666666666666666,0.0,0.0,0.0,0.0,0.0,0.0,0.0,0.0,0.016666666666666666,0.0,0.0,0.016666666666666666,0.48333333333333334,0.75,0.9166666666666666,0.0,0.0,0.016666666666666666,0.0,0.0,0.0
20260706,Concrete,7,258,0.44883327432700365,0.44883327432700365,0.44883327432700365,0.44883327432700365,0.44883327432700365,0.44883327432700365,1,1,0,0,0.0,0.13333333333333333,0.3333333333333333,0.0,0.0,0.0,0.0,0.0,0.0,0.0,0.13333333333333333,0.3333333333333333,0.0,0.13333333333333333,0.3333333333333333,0.05,0.45,0.7333333333333333,0.0,0.13333333333333333,0.3333333333333333,0.0,0.0,0.0
20260706,Concrete,7,174,0.4161063800454631,0.40284183928852285,0.40284183928852285,0.4161063800454631,0.4161063800454631,0.40284183928852285,1,1,0,0,0.11666666666666667,0.6,0.8666666666666667,0.0,0.0,0.0,0.0,0.0,0.0,0.11666666666666667,0.6,0.8666666666666667,0.11666666666666667,0.6,0.8666666666666667,0.0,0.13333333333333333,0.36666666666666664,0.11666666666666667,0.6,0.8666666666666667,0.0,0.0,0.0
20260706,Concrete,8,499,0.4235539948476417,0.4235539948476417,0.4235539948476417,0.4235539948476417,0.4235539948476417,0.4235539948476417,1,1,0,0,0.2,0.4166666666666667,0.75,0.0,0.0,0.0,0.0,0.0,0.0,0.2,0.4166666666666667,0.75,0.2,0.4166666666666667,0.75,0.11666666666666667,0.43333333333333335,0.7833333333333333,0.2,0.4166666666666667,0.75,0.0,0.0,0.0
20260706,Concrete,7,243,0.4361119337276334,0.4668841501205058,0.4668841501205058,0.4361119337276334,0.4361119337276334,0.4668841501205058,1,1,0,0,0.06666666666666667,0.2,0.5166666666666667,0.0,0.0,0.0,0.0,0.0,0.0,0.06666666666666667,0.2,0.5166666666666667,0.06666666666666667,0.2,0.5166666666666667,0.4166666666666667,0.6,0.8166666666666667,0.06666666666666667,0.2,0.5166666666666667,0.0,0.0,0.0
20260706,Concrete,8,407,0.4407893020299934,0.456954548043301,0.456954548043301,0.4407893020299934,0.4407893020299934,0.456954548043301,1,1,0,0,0.45,0.5833333333333334,0.6166666666666667,0.0,0.0,0.0,0.0,0.0,0.0,0.45,0.5833333333333334,0.6166666666666667,0.45,0.5833333333333334,0.6166666666666667,0.35,0.36666666666666664,0.7666666666666667,0.45,0.5833333333333334,0.6166666666666667,0.0,0.0,0.0
20260706,Concrete,6,385,0.4446905655471027,0.4446905655471027,0.4446905655471027,0.4446905655471027,0.4446905655471027,0.4446905655471027,1,1,0,0,0.0,0.05,0.4166666666666667,0.0,0.0,0.0,0.0,0.0,0.0,0.0,0.05,0.4166666666666667,0.0,0.05,0.4166666666666667,0.6166666666666667,0.7666666666666667,0.85,0.0,0.05,0.4166666666666667,0.0,0.0,0.0
20260706,Concrete,6,146,0.4697021142320178,0.4697021142320178,0.4697021142320178,0.4697021142320178,0.4697021142320178,0.4697021142320178,1,1,0,0,0.05,0.21666666666666667,0.31666666666666665,0.0,0.0,0.0,0.0,0.0,0.0,0.05,0.21666666666666667,0.31666666666666665,0.05,0.21666666666666667,0.31666666666666665,0.3333333333333333,0.6,0.8,0.05,0.21666666666666667,0.31666666666666665,0.0,0.0,0.0
20260706,Concrete,4,198,0.40468808669052936,0.40468808669052936,0.40468808669052936,0.40468808669052936,0.40468808669052936,0.40468808669052936,1,1,0,0,0.0,0.11666666666666667,0.1,0.0,0.0,0.0,0.0,0.0,0.0,0.0,0.11666666666666667,0.1,0.0,0.11666666666666667,0.1,0.0,0.21666666666666667,0.5666666666666667,0.0,0.11666666666666667,0.1,0.0,0.0,0.0
20260706,Concrete,4,71,0.48063341270643417,0.48063341270643417,0.48063341270643417,0.48063341270643417,0.48063341270643417,0.48063341270643417,1,1,0,0,0.03333333333333333,0.36666666666666664,0.4666666666666667,0.0,0.0,0.0,0.0,0.0,0.0,0.03333333333333333,0.36666666666666664,0.4666666666666667,0.03333333333333333,0.36666666666666664,0.4666666666666667,0.0,0.05,0.4666666666666667,0.03333333333333333,0.36666666666666664,0.4666666666666667,0.0,0.0,0.0
20260706,Concrete,5,487,0.4138513520640618,0.4408403079336921,0.4408403079336921,0.4138513520640618,0.4138513520640618,0.4408403079336921,1,1,0,0,0.15,0.25,0.3333333333333333,0.0,0.0,0.0,0.0,0.0,0.0,0.15,0.25,0.3333333333333333,0.15,0.25,0.3333333333333333,0.7833333333333333,0.85,0.95,0.15,0.25,0.3333333333333333,0.0,0.0,0.0
20260706,Concrete,4,120,0.47516856524328865,0.47516856524328865,0.47516856524328865,0.47516856524328865,0.47516856524328865,0.47516856524328865,1,1,0,0,0.0,0.0,0.016666666666666666,0.0,0.0,0.0,0.0,0.0,0.0,0.0,0.0,0.016666666666666666,0.0,0.0,0.016666666666666666,0.0,0.016666666666666666,0.55,0.0,0.0,0.016666666666666666,0.0,0.0,0.0
20260706,Concrete,8,261,0.44906868945319756,0.46528573970931647,0.46528573970931647,0.44906868945319756,0.44906868945319756,0.46528573970931647,1,1,0,0,0.35,0.5833333333333334,0.6333333333333333,0.0,0.0,0.0,0.0,0.0,0.0,0.35,0.5833333333333334,0.6333333333333333,0.35,0.5833333333333334,0.6333333333333333,0.6333333333333333,0.65,0.8666666666666667,0.35,0.5833333333333334,0.6333333333333333,0.0,0.0,0.0
20260706,Concrete,6,249,0.48786243098726806,0.4836161006450396,0.4836161006450396,0.48786243098726806,0.48786243098726806,0.4836161006450396,1,1,0,0,0.016666666666666666,0.06666666666666667,0.26666666666666666,0.0,0.0,0.0,0.0,0.0,0.0,0.016666666666666666,0.06666666666666667,0.26666666666666666,0.016666666666666666,0.06666666666666667,0.26666666666666666,0.03333333333333333,0.25,0.5333333333333333,0.016666666666666666,0.06666666666666667,0.26666666666666666,0.0,0.0,0.0
20260706,Concrete,8,499,0.4619543663719116,0.44426607446958877,0.44426607446958877,0.4619543663719116,0.4619543663719116,0.44426607446958877,1,1,0,0,0.8333333333333334,0.9,0.8333333333333334,0.0,0.0,0.0,0.0,0.0,0.0,0.8333333333333334,0.9,0.8333333333333334,0.8333333333333334,0.9,0.8333333333333334,0.35,0.5166666666666667,0.7166666666666667,0.8333333333333334,0.9,0.8333333333333334,0.0,0.0,0.0
20260706,Concrete,4,276,0.486409666979405,0.486409666979405,0.486409666979405,0.486409666979405,0.486409666979405,0.486409666979405,1,1,0,0,0.15,0.43333333333333335,0.6166666666666667,0.0,0.0,0.0,0.0,0.0,0.0,0.15,0.43333333333333335,0.6166666666666667,0.15,0.43333333333333335,0.6166666666666667,0.43333333333333335,0.6666666666666666,0.85,0.15,0.43333333333333335,0.6166666666666667,0.0,0.0,0.0
20260706,Concrete,4,153,0.45316223093425306,0.500396992822521,0.500396992822521,0.45316223093425306,0.45316223093425306,0.500396992822521,1,1,0,0,0.0,0.0,0.03333333333333333,0.0,0.0,0.0,0.0,0.0,0.0,0.0,0.0,0.03333333333333333,0.0,0.0,0.03333333333333333,0.23333333333333334,0.65,0.7666666666666667,0.0,0.0,0.03333333333333333,0.0,0.0,0.0
20260706,Concrete,7,400,0.4599978125456131,0.474860999202207,0.474860999202207,0.4599978125456131,0.4599978125456131,0.474860999202207,1,1,0,0,0.7,0.8666666666666667,0.9,0.0,0.0,0.0,0.0,0.0,0.0,0.7,0.8666666666666667,0.9,0.7,0.8666666666666667,0.9,0.1,0.43333333333333335,0.85,0.7,0.8666666666666667,0.9,0.0,0.0,0.0
20260706,Concrete,5,291,0.4390763516113443,0.4390763516113443,0.4390763516113443,0.4390763516113443,0.4390763516113443,0.4390763516113443,1,1,0,0,0.016666666666666666,0.13333333333333333,0.3333333333333333,0.0,0.0,0.0,0.0,0.0,0.0,0.016666666666666666,0.13333333333333333,0.3333333333333333,0.016666666666666666,0.13333333333333333,0.3333333333333333,0.05,0.23333333333333334,0.65,0.016666666666666666,0.13333333333333333,0.3333333333333333,0.0,0.0,0.0
20260706,Concrete,7,406,0.4207247417259525,0.4618861369220281,0.4618861369220281,0.4207247417259525,0.4207247417259525,0.4618861369220281,1,1,0,0,0.25,0.23333333333333334,0.35,0.0,0.0,0.0,0.0,0.0,0.0,0.25,0.23333333333333334,0.35,0.25,0.23333333333333334,0.35,0.5666666666666667,0.7333333333333333,0.8833333333333333,0.25,0.23333333333333334,0.35,0.0,0.0,0.0
20260706,Concrete,5,114,0.5158945664166207,0.5133177076182225,0.5133177076182225,0.5158945664166207,0.5158945664166207,0.5133177076182225,1,1,0,0,0.016666666666666666,0.1,0.4,0.0,0.0,0.0,0.0,0.0,0.0,0.016666666666666666,0.1,0.4,0.016666666666666666,0.1,0.4,0.03333333333333333,0.23333333333333334,0.55,0.016666666666666666,0.1,0.4,0.0,0.0,0.0
20260706,Concrete,4,224,0.451450737716808,0.4730456548421625,0.4730456548421625,0.451450737716808,0.451450737716808,0.4730456548421625,1,1,0,0,0.0,0.1,0.26666666666666666,0.0,0.0,0.0,0.0,0.0,0.0,0.0,0.1,0.26666666666666666,0.0,0.1,0.26666666666666666,0.06666666666666667,0.5166666666666667,0.85,0.0,0.1,0.26666666666666666,0.0,0.0,0.0
20260706,Concrete,7,499,0.45439065411045104,0.45554457666138937,0.45554457666138937,0.45439065411045104,0.45439065411045104,0.45554457666138937,1,1,0,0,0.4666666666666667,0.7,0.8333333333333334,0.0,0.0,0.0,0.0,0.0,0.0,0.4666666666666667,0.7,0.8333333333333334,0.4666666666666667,0.7,0.8333333333333334,0.5,0.7,0.9333333333333333,0.4666666666666667,0.7,0.8333333333333334,0.0,0.0,0.0
20260706,Concrete,7,438,0.45165632938875977,0.45165632938875977,0.45165632938875977,0.45165632938875977,0.45165632938875977,0.45165632938875977,1,1,0,0,0.48333333333333334,0.7333333333333333,0.7,0.0,0.0,0.0,0.0,0.0,0.0,0.48333333333333334,0.7333333333333333,0.7,0.48333333333333334,0.7333333333333333,0.7,0.03333333333333333,0.38333333333333336,0.8833333333333333,0.48333333333333334,0.7333333333333333,0.7,0.0,0.0,0.0
20260706,Concrete,8,321,0.41734589532706845,0.41734589532706845,0.41734589532706845,0.41734589532706845,0.41734589532706845,0.41734589532706845,1,1,0,0,0.45,0.45,0.45,0.0,0.0,0.0,0.0,0.0,0.0,0.45,0.45,0.45,0.45,0.45,0.45,0.06666666666666667,0.3333333333333333,0.6833333333333333,0.45,0.45,0.45,0.0,0.0,0.0
20260706,Concrete,6,101,0.5043483886665187,0.5158661184172959,0.5158661184172959,0.5043483886665187,0.5043483886665187,0.5158661184172959,1,1,0,0,0.016666666666666666,0.26666666666666666,0.36666666666666664,0.0,0.0,0.0,0.0,0.0,0.0,0.016666666666666666,0.26666666666666666,0.36666666666666664,0.016666666666666666,0.26666666666666666,0.36666666666666664,0.0,0.18333333333333332,0.5166666666666667,0.016666666666666666,0.26666666666666666,0.36666666666666664,0.0,0.0,0.0
20260706,Concrete,5,498,0.44855229454349266,0.5028097230083812,0.5028097230083812,0.44855229454349266,0.44855229454349266,0.5028097230083812,1,1,0,0,0.03333333333333333,0.18333333333333332,0.5833333333333334,0.0,0.0,0.0,0.0,0.0,0.0,0.03333333333333333,0.18333333333333332,0.5833333333333334,0.03333333333333333,0.18333333333333332,0.5833333333333334,0.35,0.6166666666666667,0.8666666666666667,0.03333333333333333,0.18333333333333332,0.5833333333333334,0.0,0.0,0.0
20260706,Concrete,7,302,0.4305224985800048,0.4305224985800048,0.4305224985800048,0.4305224985800048,0.4305224985800048,0.4305224985800048,1,1,0,0,0.0,0.016666666666666666,0.16666666666666666,0.0,0.0,0.0,0.0,0.0,0.0,0.0,0.016666666666666666,0.16666666666666666,0.0,0.016666666666666666,0.16666666666666666,0.43333333333333335,0.7166666666666667,0.8333333333333334,0.0,0.016666666666666666,0.16666666666666666,0.0,0.0,0.0
20260706,Concrete,4,370,0.45853088371477513,0.47896311904329847,0.47896311904329847,0.45853088371477513,0.45853088371477513,0.47896311904329847,1,1,0,0,0.1,0.15,0.2,0.0,0.0,0.0,0.0,0.0,0.0,0.1,0.15,0.2,0.1,0.15,0.2,0.25,0.6166666666666667,0.8333333333333334,0.1,0.15,0.2,0.0,0.0,0.0
20260706,Concrete,7,140,0.47990848381345413,0.47990848381345413,0.47990848381345413,0.47990848381345413,0.47990848381345413,0.47990848381345413,1,1,0,0,0.0,0.11666666666666667,0.18333333333333332,0.0,0.0,0.0,0.0,0.0,0.0,0.0,0.11666666666666667,0.18333333333333332,0.0,0.11666666666666667,0.18333333333333332,0.2833333333333333,0.48333333333333334,0.6833333333333333,0.0,0.11666666666666667,0.18333333333333332,0.0,0.0,0.0
20260706,Concrete,8,485,0.42342403474968804,0.4375269851923014,0.4375269851923014,0.42342403474968804,0.42342403474968804,0.4375269851923014,1,1,0,0,0.11666666666666667,0.13333333333333333,0.4,0.0,0.0,0.0,0.0,0.0,0.0,0.11666666666666667,0.13333333333333333,0.4,0.11666666666666667,0.13333333333333333,0.4,0.1,0.35,0.85,0.11666666666666667,0.13333333333333333,0.4,0.0,0.0,0.0
20260706,Concrete,4,392,0.4470609362298198,0.5001662210700794,0.5001662210700794,0.4470609362298198,0.4470609362298198,0.5001662210700794,1,1,0,0,0.08333333333333333,0.23333333333333334,0.38333333333333336,0.0,0.0,0.0,0.0,0.0,0.0,0.08333333333333333,0.23333333333333334,0.38333333333333336,0.08333333333333333,0.23333333333333334,0.38333333333333336,0.26666666666666666,0.7333333333333333,0.9,0.08333333333333333,0.23333333333333334,0.38333333333333336,0.0,0.0,0.0
20260706,Concrete,8,96,0.45317362399462435,0.4801748610893201,0.4801748610893201,0.45317362399462435,0.45317362399462435,0.4801748610893201,1,1,0,0,0.2833333333333333,0.2833333333333333,0.3333333333333333,0.0,0.0,0.0,0.0,0.0,0.0,0.2833333333333333,0.2833333333333333,0.3333333333333333,0.2833333333333333,0.2833333333333333,0.3333333333333333,0.05,0.38333333333333336,0.6,0.2833333333333333,0.2833333333333333,0.3333333333333333,0.0,0.0,0.0
20260706,Concrete,4,116,0.5152829574162632,0.5072036683782426,0.5072036683782426,0.5152829574162632,0.5152829574162632,0.5072036683782426,1,1,0,0,0.3333333333333333,0.45,0.5,0.0,0.0,0.0,0.0,0.0,0.0,0.3333333333333333,0.45,0.5,0.3333333333333333,0.45,0.5,0.016666666666666666,0.2,0.5333333333333333,0.3333333333333333,0.45,0.5,0.0,0.0,0.0
20260706,Concrete,6,403,0.4557456072299027,0.4557456072299027,0.4557456072299027,0.4557456072299027,0.4557456072299027,0.4557456072299027,1,1,0,0,0.43333333333333335,0.3333333333333333,0.3333333333333333,0.0,0.0,0.0,0.0,0.0,0.0,0.43333333333333335,0.3333333333333333,0.3333333333333333,0.43333333333333335,0.3333333333333333,0.3333333333333333,0.4166666666666667,0.55,0.7,0.43333333333333335,0.3333333333333333,0.3333333333333333,0.0,0.0,0.0
20260706,Concrete,4,387,0.49798969460072023,0.49798969460072023,0.49798969460072023,0.49798969460072023,0.49798969460072023,0.49798969460072023,1,1,0,0,0.5666666666666667,0.8,0.7833333333333333,0.0,0.0,0.0,0.0,0.0,0.0,0.5666666666666667,0.8,0.7833333333333333,0.5666666666666667,0.8,0.7833333333333333,0.1,0.3,0.8,0.5666666666666667,0.8,0.7833333333333333,0.0,0.0,0.0
