seed,family,m,N,tail_lexpr,tail_lexpr1,tail_asf1,tail_asfk,tail_mmrk,tail_raw,agree_lexpr_asfk,agree_lexpr_mmrk,tied_lexpr,tied_lexpr1,flip_lexpr_0.05,flip_lexpr_0.10,flip_lexpr_0.20,flip_lexpr1_0.05,flip_lexpr1_0.10,flip_lexpr1_0.20,flip_asf1_0.05,flip_asf1_0.10,flip_asf1_0.20,flip_asfk_0.05,flip_asfk_0.10,flip_asfk_0.20,flip_mmrk_0.05,flip_mmrk_0.10,flip_mmrk_0.20,flip_raw_0.05,flip_raw_0.10,flip_raw_0.20,classflip_lexpr_0.05,classflip_lexpr_0.10,classflip_lexpr_0.20,classflip_lexpr1_0.05,classflip_lexpr1_0.10,classflip_lexpr1_0.20
20260703,Knapsack,5,217,0.7896234186321834,0.7634296283113501,0.7634296283113501,0.7896234186321834,0.7896234186321834,0.7634296283113501,1,1,0,0,0.18333333333333332,0.3333333333333333,0.5,0.0,0.0,0.0,0.0,0.0,0.0,0.18333333333333332,0.3333333333333333,0.5,0.18333333333333332,0.3333333333333333,0.5,0.4,0.5666666666666667,0.9666666666666667,0.18333333333333332,0.3333333333333333,0.5,0.0,0.0,0.0
20260703,Knapsack,5,176,0.7638575090161193,0.7350212685849246,0.7350212685849246,0.7638575090161193,0.7638575090161193,0.7350212685849246,1,1,0,0,0.2833333333333333,0.3333333333333333,0.55,0.0,0.0,0.0,0.0,0.0,0.0,0.2833333333333333,0.3333333333333333,0.5333333333333333,0.2833333333333333,0.3333333333333333,0.5333333333333333,0.35,0.65,0.9166666666666666,0.2833333333333333,0.3333333333333333,0.55,0.0,0.0,0.0
20260703,Knapsack,4,242,0.8451583318625917,0.7774174473669384,0.7774174473669384,0.8096546856339412,0.8451583318625917,0.7774174473669384,0,1,0,0,0.3,0.4666666666666667,0.55,0.0,0.0,0.0,0.0,0.0,0.0,0.16666666666666666,0.48333333333333334,0.8,0.21666666666666667,0.43333333333333335,0.5333333333333333,0.5666666666666667,0.8833333333333333,0.95,0.3,0.4666666666666667,0.55,0.0,0.0,0.0
20260703,Knapsack,4,107,0.8315599576473616,0.7779295053708977,0.7779295053708977,0.8315599576473616,0.8315599576473616,0.7779295053708977,1,1,0,0,0.0,0.0,0.1,0.0,0.0,0.0,0.0,0.0,0.0,0.0,0.0,0.1,0.0,0.0,0.1,0.31666666666666665,0.6166666666666667,0.9166666666666666,0.0,0.0,0.1,0.0,0.0,0.0
20260703,Knapsack,3,270,0.8772717794993732,0.8239117644887617,0.8239117644887617,0.8772717794993732,0.8772717794993732,0.8239117644887617,1,1,0,0,0.6,0.6166666666666667,0.7333333333333333,0.0,0.0,0.0,0.0,0.0,0.0,0.6,0.6166666666666667,0.7333333333333333,0.6,0.6166666666666667,0.7333333333333333,0.6333333333333333,0.8833333333333333,0.9833333333333333,0.6,0.6166666666666667,0.7333333333333333,0.0,0.0,0.0
20260703,Knapsack,4,122,0.8695955363412218,0.7772037235598167,0.7772037235598167,0.8695955363412218,0.8695955363412218,0.7772037235598167,1,1,0,0,0.0,0.05,0.16666666666666666,0.0,0.0,0.0,0.0,0.0,0.0,0.0,0.05,0.16666666666666666,0.0,0.05,0.16666666666666666,0.48333333333333334,0.7166666666666667,0.9,0.0,0.05,0.16666666666666666,0.0,0.0,0.0
20260703,Knapsack,4,199,0.917077460075173,0.7638648397233173,0.7638648397233173,0.917077460075173,0.917077460075173,0.7638648397233173,1,1,0,0,0.21666666666666667,0.5333333333333333,0.8166666666666667,0.0,0.0,0.0,0.0,0.0,0.0,0.21666666666666667,0.5333333333333333,0.8166666666666667,0.21666666666666667,0.5333333333333333,0.8166666666666667,0.6,0.85,0.9333333333333333,0.21666666666666667,0.5333333333333333,0.8166666666666667,0.0,0.0,0.0
20260703,Knapsack,4,139,0.9130372166297334,0.7752024101828566,0.7752024101828566,0.8549287130483755,0.9130372166297334,0.7752024101828566,0,1,0,0,0.8,0.9,0.9833333333333333,0.0,0.0,0.0,0.0,0.0,0.0,0.18333333333333332,0.5166666666666667,0.8833333333333333,0.8,0.9,0.9833333333333333,0.5166666666666667,0.7,0.9666666666666667,0.8,0.9,0.9833333333333333,0.0,0.0,0.0
20260703,Knapsack,3,242,0.931183047601864,0.8224496732131434,0.8224496732131434,0.931183047601864,0.931183047601864,0.8224496732131434,1,1,0,0,0.5,0.6,0.7833333333333333,0.0,0.0,0.0,0.0,0.0,0.0,0.5,0.6,0.7833333333333333,0.5,0.6,0.7833333333333333,0.7166666666666667,0.85,0.95,0.5,0.6,0.7833333333333333,0.0,0.0,0.0
20260703,Knapsack,4,214,0.8440015060950626,0.7564092374362237,0.7564092374362237,0.8440015060950626,0.8440015060950626,0.7564092374362237,1,1,0,0,0.0,0.08333333333333333,0.35,0.0,0.0,0.0,0.0,0.0,0.0,0.0,0.08333333333333333,0.35,0.0,0.08333333333333333,0.35,0.36666666666666664,0.7333333333333333,0.9333333333333333,0.0,0.08333333333333333,0.35,0.0,0.0,0.0
20260703,Knapsack,5,269,0.7835698241944689,0.7505462291511591,0.7505462291511591,0.7835698241944689,0.7835698241944689,0.7505462291511591,1,1,0,0,0.6833333333333333,0.7833333333333333,0.9666666666666667,0.0,0.0,0.0,0.0,0.0,0.0,0.6833333333333333,0.7833333333333333,0.9666666666666667,0.6833333333333333,0.7833333333333333,0.95,0.36666666666666664,0.7333333333333333,0.9166666666666666,0.6833333333333333,0.7833333333333333,0.9666666666666667,0.0,0.0,0.0
20260703,Knapsack,3,252,0.8735657269277699,0.8245542281779562,0.8245542281779562,0.8953702023158575,0.8735657269277699,0.8245542281779562,0,1,0,0,0.4,0.48333333333333334,0.6166666666666667,0.0,0.0,0.0,0.0,0.0,0.0,0.18333333333333332,0.45,0.6333333333333333,0.3333333333333333,0.36666666666666664,0.5833333333333334,0.75,0.9666666666666667,0.9833333333333333,0.4,0.48333333333333334,0.6166666666666667,0.0,0.0,0.0
20260703,Knapsack,4,168,0.8190665763425542,0.7805979469927872,0.7805979469927872,0.8190665763425542,0.8190665763425542,0.7805979469927872,1,1,0,0,0.2833333333333333,0.4166666666666667,0.45,0.0,0.0,0.0,0.0,0.0,0.0,0.2833333333333333,0.4166666666666667,0.45,0.2833333333333333,0.4166666666666667,0.45,0.16666666666666666,0.6333333333333333,0.9833333333333333,0.2833333333333333,0.4166666666666667,0.45,0.0,0.0,0.0
20260703,Knapsack,4,140,0.8205665543223007,0.7661809935017696,0.7661809935017696,0.8205665543223007,0.8205665543223007,0.7661809935017696,1,1,0,0,0.0,0.06666666666666667,0.26666666666666666,0.0,0.0,0.0,0.0,0.0,0.0,0.0,0.1,0.43333333333333335,0.0,0.06666666666666667,0.26666666666666666,0.5166666666666667,0.7166666666666667,0.8166666666666667,0.0,0.06666666666666667,0.26666666666666666,0.0,0.0,0.0
20260703,Knapsack,5,252,0.7957604302812561,0.7342151820447785,0.7342151820447785,0.7957604302812561,0.7957604302812561,0.7342151820447785,1,1,0,0,0.4166666666666667,0.3333333333333333,0.5666666666666667,0.0,0.0,0.0,0.0,0.0,0.0,0.4166666666666667,0.3333333333333333,0.5666666666666667,0.4166666666666667,0.3333333333333333,0.5666666666666667,0.4,0.6333333333333333,0.95,0.4166666666666667,0.3333333333333333,0.5666666666666667,0.0,0.0,0.0
20260703,Knapsack,4,180,0.8827190947688516,0.7889291605862413,0.7889291605862413,0.8827190947688516,0.8827190947688516,0.7889291605862413,1,1,0,0,0.0,0.0,0.16666666666666666,0.0,0.0,0.0,0.0,0.0,0.0,0.0,0.0,0.16666666666666666,0.0,0.0,0.16666666666666666,0.4166666666666667,0.8166666666666667,0.95,0.0,0.0,0.16666666666666666,0.0,0.0,0.0
20260703,Knapsack,4,95,0.874505547310593,0.804141915350728,0.804141915350728,0.874505547310593,0.874505547310593,0.804141915350728,1,1,0,0,0.06666666666666667,0.26666666666666666,0.55,0.0,0.0,0.0,0.0,0.0,0.0,0.06666666666666667,0.18333333333333332,0.4,0.06666666666666667,0.2833333333333333,0.6,0.5833333333333334,0.8666666666666667,0.95,0.06666666666666667,0.26666666666666666,0.55,0.0,0.0,0.0
20260703,Knapsack,4,100,0.8300959175265981,0.7910542766804244,0.7910542766804244,0.8300959175265981,0.8300959175265981,0.7910542766804244,1,1,0,0,0.35,0.4666666666666667,0.55,0.0,0.0,0.0,0.0,0.0,0.0,0.35,0.4666666666666667,0.55,0.35,0.4666666666666667,0.55,0.4,0.85,0.9,0.35,0.4666666666666667,0.55,0.0,0.0,0.0
20260703,Knapsack,4,238,0.8618025477123167,0.794607047262795,0.794607047262795,0.8618025477123167,0.8618025477123167,0.794607047262795,1,1,0,0,0.25,0.3333333333333333,0.45,0.0,0.0,0.0,0.0,0.0,0.0,0.25,0.3333333333333333,0.45,0.25,0.3333333333333333,0.45,0.3,0.6833333333333333,0.9166666666666666,0.25,0.3333333333333333,0.45,0.0,0.0,0.0
20260703,Knapsack,3,61,0.9196301111383822,0.8001069681907966,0.8001069681907966,0.9196301111383822,0.9196301111383822,0.8001069681907966,1,1,0,0,0.0,0.03333333333333333,0.16666666666666666,0.0,0.0,0.0,0.0,0.0,0.0,0.0,0.03333333333333333,0.16666666666666666,0.0,0.03333333333333333,0.16666666666666666,0.15,0.6,0.9166666666666666,0.0,0.03333333333333333,0.16666666666666666,0.0,0.0,0.0
20260703,Knapsack,3,178,0.921087313744079,0.8314348051591315,0.8314348051591315,0.921087313744079,0.921087313744079,0.8314348051591315,1,1,0,0,0.06666666666666667,0.26666666666666666,0.55,0.0,0.0,0.0,0.0,0.0,0.0,0.06666666666666667,0.26666666666666666,0.5666666666666667,0.06666666666666667,0.26666666666666666,0.5166666666666667,0.6833333333333333,0.9666666666666667,0.9666666666666667,0.06666666666666667,0.26666666666666666,0.55,0.0,0.0,0.0
20260703,Knapsack,4,64,0.8551849009187696,0.7318311170164736,0.7318311170164736,0.8551849009187696,0.8551849009187696,0.7318311170164736,1,1,0,0,0.05,0.2,0.4166666666666667,0.0,0.0,0.0,0.0,0.0,0.0,0.05,0.2,0.4166666666666667,0.05,0.2,0.4166666666666667,0.38333333333333336,0.6333333333333333,0.75,0.05,0.2,0.4166666666666667,0.0,0.0,0.0
20260703,Knapsack,3,116,0.9065164739318874,0.8497786705143758,0.8491212823535291,0.9065164739318874,0.9065164739318874,0.8491212823535291,1,1,0,0,0.5333333333333333,0.4666666666666667,0.7333333333333333,0.0,0.0,0.0,0.0,0.0,0.0,0.5333333333333333,0.4666666666666667,0.7333333333333333,0.5333333333333333,0.4666666666666667,0.7333333333333333,0.5833333333333334,0.8666666666666667,0.9666666666666667,0.5333333333333333,0.4666666666666667,0.7333333333333333,0.0,0.0,0.0
20260703,Knapsack,3,228,0.8436848317201348,0.8085408349236279,0.8085408349236279,0.8436848317201348,0.8436848317201348,0.8085408349236279,1,1,0,0,0.05,0.16666666666666666,0.55,0.0,0.0,0.0,0.0,0.0,0.0,0.05,0.16666666666666666,0.55,0.05,0.16666666666666666,0.55,0.5666666666666667,0.8,0.95,0.05,0.16666666666666666,0.55,0.0,0.0,0.0
20260703,Knapsack,4,125,0.8811038836762334,0.807855558176589,0.807855558176589,0.8811038836762334,0.8811038836762334,0.807855558176589,1,1,0,0,0.25,0.38333333333333336,0.7,0.0,0.0,0.0,0.0,0.0,0.0,0.25,0.38333333333333336,0.7,0.25,0.38333333333333336,0.7166666666666667,0.65,0.8333333333333334,0.9166666666666666,0.25,0.38333333333333336,0.7,0.0,0.0,0.0
20260703,Knapsack,4,264,0.8181838583283524,0.77160933092649,0.77160933092649,0.8181838583283524,0.8181838583283524,0.77160933092649,1,1,0,0,0.6333333333333333,0.7166666666666667,0.9333333333333333,0.0,0.0,0.0,0.0,0.0,0.0,0.6333333333333333,0.7166666666666667,0.9333333333333333,0.6333333333333333,0.7166666666666667,0.9333333333333333,0.6,0.8833333333333333,0.9333333333333333,0.6333333333333333,0.7166666666666667,0.9333333333333333,0.0,0.0,0.0
20260703,Knapsack,3,209,0.8940021212616422,0.8630747808012967,0.8630747808012967,0.9290135106067073,0.8940021212616422,0.8630747808012967,0,1,0,0,0.5833333333333334,0.7833333333333333,0.9666666666666667,0.0,0.0,0.0,0.0,0.0,0.0,0.35,0.5166666666666667,0.75,0.5,0.7333333333333333,0.9666666666666667,0.7,0.9333333333333333,0.9833333333333333,0.5833333333333334,0.7833333333333333,0.9666666666666667,0.0,0.0,0.0
20260703,Knapsack,5,141,0.8588640952777481,0.7713631440400154,0.7713631440400154,0.8588640952777481,0.8588640952777481,0.7713631440400154,1,1,0,0,0.8166666666666667,0.9833333333333333,1.0,0.0,0.0,0.0,0.0,0.0,0.0,0.8,0.9833333333333333,1.0,0.8166666666666667,0.9833333333333333,1.0,0.5,0.7833333333333333,0.9166666666666666,0.8166666666666667,0.9833333333333333,1.0,0.0,0.0,0.0
20260703,Knapsack,5,260,0.758132079950403,0.7504279085382998,0.7504279085382998,0.758132079950403,0.758132079950403,0.7504279085382998,1,1,0,0,0.0,0.2,0.55,0.0,0.0,0.0,0.0,0.0,0.0,0.0,0.18333333333333332,0.4,0.0,0.23333333333333334,0.55,0.4,0.7666666666666667,0.9833333333333333,0.0,0.2,0.55,0.0,0.0,0.0
20260703,Knapsack,3,172,0.9583387578280608,0.8259697095118753,0.8259697095118753,0.9583387578280608,0.9583387578280608,0.8259697095118753,1,1,0,0,0.43333333333333335,0.6333333333333333,0.75,0.0,0.0,0.0,0.0,0.0,0.0,0.43333333333333335,0.6,0.7,0.43333333333333335,0.6333333333333333,0.75,0.5666666666666667,0.85,0.9666666666666667,0.43333333333333335,0.6333333333333333,0.75,0.0,0.0,0.0
20260703,Knapsack,5,66,0.8658782791327158,0.743622722680518,0.743622722680518,0.8658782791327158,0.8658782791327158,0.743622722680518,1,1,0,0,0.0,0.0,0.03333333333333333,0.0,0.0,0.0,0.0,0.0,0.0,0.0,0.0,0.03333333333333333,0.0,0.0,0.03333333333333333,0.35,0.65,0.8,0.0,0.0,0.03333333333333333,0.0,0.0,0.0
20260703,Knapsack,4,186,0.8300545433529013,0.7897203721502084,0.7992632183159774,0.8300545433529013,0.8300545433529013,0.7992632183159774,1,1,0,0,0.6333333333333333,0.8,0.8833333333333333,0.0,0.0,0.0,0.0,0.0,0.0,0.6333333333333333,0.8,0.8833333333333333,0.6333333333333333,0.8,0.8833333333333333,0.7333333333333333,0.9,0.95,0.6333333333333333,0.8,0.8833333333333333,0.0,0.0,0.0
20260703,Knapsack,5,247,0.7977443258210665,0.7692748708529994,0.7692748708529994,0.7977443258210665,0.7977443258210665,0.7692748708529994,1,1,0,0,0.4166666666666667,0.5,0.6166666666666667,0.0,0.0,0.0,0.0,0.0,0.0,0.4166666666666667,0.5,0.6166666666666667,0.4166666666666667,0.5,0.6166666666666667,0.5166666666666667,0.7666666666666667,0.9833333333333333,0.4166666666666667,0.5,0.6166666666666667,0.0,0.0,0.0
20260703,Knapsack,4,290,0.8514960160393475,0.7832247593723999,0.7832247593723999,0.8514960160393475,0.8514960160393475,0.7832247593723999,1,1,0,0,0.0,0.0,0.13333333333333333,0.0,0.0,0.0,0.0,0.0,0.0,0.0,0.0,0.1,0.0,0.0,0.13333333333333333,0.6666666666666666,0.8666666666666667,1.0,0.0,0.0,0.13333333333333333,0.0,0.0,0.0
20260703,Knapsack,3,208,0.8985544174806286,0.8504509868000815,0.850102960528119,0.8985544174806286,0.8985544174806286,0.850102960528119,1,1,0,0,0.15,0.3333333333333333,0.5333333333333333,0.0,0.0,0.0,0.0,0.0,0.0,0.15,0.3333333333333333,0.5333333333333333,0.15,0.3333333333333333,0.5333333333333333,0.7833333333333333,0.9166666666666666,0.9833333333333333,0.15,0.3333333333333333,0.5333333333333333,0.0,0.0,0.0
20260703,Knapsack,5,287,0.7975120681124511,0.7571490058166798,0.752666735223311,0.7975120681124511,0.7975120681124511,0.752666735223311,1,1,0,0,0.4666666666666667,0.31666666666666665,0.45,0.0,0.0,0.0,0.0,0.0,0.0,0.4666666666666667,0.31666666666666665,0.45,0.4666666666666667,0.31666666666666665,0.45,0.9,0.9166666666666666,1.0,0.4666666666666667,0.31666666666666665,0.45,0.0,0.0,0.0
20260703,Knapsack,4,298,0.862931988580209,0.7719893070462392,0.7719893070462392,0.862931988580209,0.862931988580209,0.7719893070462392,1,1,0,0,0.4,0.5666666666666667,0.6166666666666667,0.0,0.0,0.0,0.0,0.0,0.0,0.4,0.5666666666666667,0.6166666666666667,0.4,0.5666666666666667,0.6166666666666667,0.7166666666666667,0.9166666666666666,0.9666666666666667,0.4,0.5666666666666667,0.6166666666666667,0.0,0.0,0.0
20260703,Knapsack,3,243,0.9229761372785933,0.8567223661361467,0.8567223661361467,0.9229761372785933,0.9229761372785933,0.8567223661361467,1,1,0,0,0.016666666666666666,0.26666666666666666,0.5333333333333333,0.0,0.0,0.0,0.0,0.0,0.0,0.016666666666666666,0.26666666666666666,0.5833333333333334,0.016666666666666666,0.26666666666666666,0.5,0.5333333333333333,0.9166666666666666,1.0,0.016666666666666666,0.26666666666666666,0.5333333333333333,0.0,0.0,0.0
20260703,Knapsack,5,146,0.7677885059250343,0.7628765017957743,0.7628765017957743,0.7677885059250343,0.7677885059250343,0.7628765017957743,1,1,0,0,0.3,0.36666666666666664,0.43333333333333335,0.0,0.0,0.0,0.0,0.0,0.0,0.3,0.36666666666666664,0.43333333333333335,0.3,0.36666666666666664,0.43333333333333335,0.4166666666666667,0.65,0.9333333333333333,0.3,0.36666666666666664,0.43333333333333335,0.0,0.0,0.0
20260703,Knapsack,3,188,0.9123835488444162,0.8138218167605165,0.8138218167605165,0.9123835488444162,0.9123835488444162,0.8138218167605165,1,1,0,0,0.16666666666666666,0.4,0.5,0.0,0.0,0.0,0.0,0.0,0.0,0.16666666666666666,0.4,0.5,0.16666666666666666,0.4,0.5,0.5166666666666667,0.85,1.0,0.16666666666666666,0.4,0.5,0.0,0.0,0.0
20260703,Knapsack,5,149,0.7965096315023429,0.7624839895395215,0.7624839895395215,0.7965096315023429,0.7965096315023429,0.7624839895395215,1,1,0,0,0.0,0.0,0.13333333333333333,0.0,0.0,0.0,0.0,0.0,0.0,0.0,0.0,0.13333333333333333,0.0,0.0,0.13333333333333333,0.23333333333333334,0.75,0.9333333333333333,0.0,0.0,0.13333333333333333,0.0,0.0,0.0
20260703,Knapsack,4,120,0.8437086986123886,0.7530549889937215,0.7530549889937215,0.8437086986123886,0.8437086986123886,0.7530549889937215,1,1,0,0,0.03333333333333333,0.23333333333333334,0.4666666666666667,0.0,0.0,0.0,0.0,0.0,0.0,0.03333333333333333,0.23333333333333334,0.4666666666666667,0.03333333333333333,0.23333333333333334,0.4666666666666667,0.3333333333333333,0.5333333333333333,0.8333333333333334,0.03333333333333333,0.23333333333333334,0.4666666666666667,0.0,0.0,0.0
20260703,Knapsack,5,128,0.7520914171572006,0.7596339407342393,0.7596339407342393,0.7520914171572006,0.7520914171572006,0.7596339407342393,1,1,0,0,0.16666666666666666,0.36666666666666664,0.6833333333333333,0.0,0.0,0.0,0.0,0.0,0.0,0.16666666666666666,0.36666666666666664,0.6833333333333333,0.16666666666666666,0.36666666666666664,0.6833333333333333,0.5833333333333334,0.8166666666666667,0.8833333333333333,0.16666666666666666,0.36666666666666664,0.6833333333333333,0.0,0.0,0.0
20260703,Knapsack,4,170,0.8462295593883626,0.8137138259951746,0.8137138259951746,0.8462295593883626,0.8462295593883626,0.8137138259951746,1,1,0,0,0.03333333333333333,0.31666666666666665,0.5,0.0,0.0,0.0,0.0,0.0,0.0,0.03333333333333333,0.31666666666666665,0.5,0.03333333333333333,0.31666666666666665,0.5,0.5833333333333334,0.9166666666666666,0.9,0.03333333333333333,0.31666666666666665,0.5,0.0,0.0,0.0
20260703,Knapsack,5,78,0.8838942222835764,0.7447162075770251,0.7447162075770251,0.8838942222835764,0.8838942222835764,0.7447162075770251,1,1,0,0,0.0,0.0,0.13333333333333333,0.0,0.0,0.0,0.0,0.0,0.0,0.0,0.0,0.13333333333333333,0.0,0.0,0.13333333333333333,0.7333333333333333,0.8166666666666667,0.9166666666666666,0.0,0.0,0.13333333333333333,0.0,0.0,0.0
20260703,Knapsack,4,244,0.8279627151371722,0.8038022938461922,0.8038022938461922,0.8279627151371722,0.8279627151371722,0.8038022938461922,1,1,0,0,0.2,0.3,0.45,0.0,0.0,0.0,0.0,0.0,0.0,0.21666666666666667,0.3,0.45,0.2,0.3,0.4666666666666667,0.45,0.8,0.9333333333333333,0.2,0.3,0.45,0.0,0.0,0.0
20260703,Knapsack,4,82,0.8175353696795009,0.7828396633920351,0.7828396633920351,0.8175353696795009,0.8175353696795009,0.7828396633920351,1,1,0,0,0.016666666666666666,0.26666666666666666,0.5166666666666667,0.0,0.0,0.0,0.0,0.0,0.0,0.016666666666666666,0.16666666666666666,0.48333333333333334,0.016666666666666666,0.26666666666666666,0.5166666666666667,0.3333333333333333,0.7333333333333333,0.95,0.016666666666666666,0.26666666666666666,0.5166666666666667,0.0,0.0,0.0
20260703,Knapsack,3,87,0.9119379870779852,0.8318154502411297,0.8299846816363903,0.9119379870779852,0.9119379870779852,0.8299846816363903,1,1,0,0,0.0,0.05,0.4166666666666667,0.0,0.0,0.0,0.0,0.0,0.0,0.0,0.05,0.4166666666666667,0.0,0.05,0.4166666666666667,0.85,0.9333333333333333,1.0,0.0,0.05,0.4166666666666667,0.0,0.0,0.0
20260703,Knapsack,5,142,0.8580251980212732,0.7453348366219605,0.7453348366219605,0.8580251980212732,0.8580251980212732,0.7453348366219605,1,1,0,0,0.05,0.43333333333333335,0.6666666666666666,0.0,0.0,0.0,0.0,0.0,0.0,0.016666666666666666,0.2,0.4,0.016666666666666666,0.2,0.4,0.3,0.6166666666666667,0.8833333333333333,0.05,0.43333333333333335,0.6666666666666666,0.0,0.0,0.0
20260703,Knapsack,5,177,0.7925668717307219,0.725242479155695,0.725242479155695,0.7925668717307219,0.7925668717307219,0.725242479155695,1,1,0,0,0.35,0.6333333333333333,0.7833333333333333,0.0,0.0,0.0,0.0,0.0,0.0,0.35,0.6333333333333333,0.7833333333333333,0.35,0.6333333333333333,0.7833333333333333,0.15,0.5,0.9166666666666666,0.35,0.6333333333333333,0.7833333333333333,0.0,0.0,0.0
20260703,Knapsack,5,152,0.847950798730483,0.7718779411514267,0.7718779411514267,0.847950798730483,0.847950798730483,0.7718779411514267,1,1,0,0,0.0,0.016666666666666666,0.06666666666666667,0.0,0.0,0.0,0.0,0.0,0.0,0.0,0.016666666666666666,0.06666666666666667,0.0,0.016666666666666666,0.06666666666666667,0.4166666666666667,0.7,0.9,0.0,0.016666666666666666,0.06666666666666667,0.0,0.0,0.0
20260703,Knapsack,4,297,0.8663040312339075,0.79154530229391,0.79154530229391,0.8663040312339075,0.8663040312339075,0.79154530229391,1,1,0,0,0.0,0.08333333333333333,0.26666666666666666,0.0,0.0,0.0,0.0,0.0,0.0,0.0,0.08333333333333333,0.26666666666666666,0.0,0.08333333333333333,0.26666666666666666,0.75,0.95,1.0,0.0,0.08333333333333333,0.26666666666666666,0.0,0.0,0.0
20260703,Knapsack,4,293,0.9164240127648157,0.8010344614648534,0.8010344614648534,0.9164240127648157,0.9164240127648157,0.8010344614648534,1,1,0,0,0.08333333333333333,0.43333333333333335,0.5666666666666667,0.0,0.0,0.0,0.0,0.0,0.0,0.08333333333333333,0.43333333333333335,0.5666666666666667,0.08333333333333333,0.43333333333333335,0.5666666666666667,0.7333333333333333,0.8666666666666667,0.9833333333333333,0.08333333333333333,0.43333333333333335,0.5666666666666667,0.0,0.0,0.0
20260703,Knapsack,4,95,0.8732685132849809,0.7601575902533284,0.7601575902533284,0.8732685132849809,0.8732685132849809,0.7601575902533284,1,1,0,0,0.65,0.65,0.7666666666666667,0.0,0.0,0.0,0.0,0.0,0.0,0.65,0.65,0.7833333333333333,0.65,0.65,0.7666666666666667,0.7166666666666667,0.8333333333333334,0.8666666666666667,0.65,0.65,0.7666666666666667,0.0,0.0,0.0
20260703,Knapsack,5,225,0.8530147246634032,0.783791592700027,0.783791592700027,0.8530147246634032,0.8530147246634032,0.783791592700027,1,1,0,0,0.06666666666666667,0.31666666666666665,0.5833333333333334,0.0,0.0,0.0,0.0,0.0,0.0,0.06666666666666667,0.31666666666666665,0.5833333333333334,0.06666666666666667,0.31666666666666665,0.5833333333333334,0.65,0.8,0.9,0.06666666666666667,0.31666666666666665,0.5833333333333334,0.0,0.0,0.0
20260703,Knapsack,3,159,0.8771976061296058,0.8233382670615621,0.8233382670615621,0.8771976061296058,0.8771976061296058,0.8233382670615621,1,1,0,0,0.03333333333333333,0.13333333333333333,0.4666666666666667,0.0,0.0,0.0,0.0,0.0,0.0,0.03333333333333333,0.13333333333333333,0.4666666666666667,0.03333333333333333,0.13333333333333333,0.4666666666666667,0.7,0.9166666666666666,0.9666666666666667,0.03333333333333333,0.13333333333333333,0.4666666666666667,0.0,0.0,0.0
20260703,Knapsack,5,184,0.7800213614040804,0.7584159277665101,0.7584159277665101,0.7800213614040804,0.7750094239306009,0.7584159277665101,1,0,0,0,0.45,0.5833333333333334,0.7666666666666667,0.0,0.0,0.0,0.0,0.0,0.0,0.0,0.06666666666666667,0.3333333333333333,0.43333333333333335,0.38333333333333336,0.43333333333333335,0.3333333333333333,0.5666666666666667,0.9,0.45,0.5833333333333334,0.7666666666666667,0.0,0.0,0.0
20260703,Knapsack,3,112,0.9151197816323616,0.8441141075584523,0.8441141075584523,0.9151197816323616,0.9151197816323616,0.8441141075584523,1,1,0,0,0.26666666666666666,0.43333333333333335,0.6166666666666667,0.0,0.0,0.0,0.0,0.0,0.0,0.26666666666666666,0.43333333333333335,0.6166666666666667,0.26666666666666666,0.43333333333333335,0.6166666666666667,0.7666666666666667,0.85,0.8666666666666667,0.26666666666666666,0.43333333333333335,0.6166666666666667,0.0,0.0,0.0
20260703,Knapsack,5,255,0.7772523738771101,0.7466807064972307,0.7466807064972307,0.7772523738771101,0.7772523738771101,0.7466807064972307,1,1,0,0,0.43333333333333335,0.4666666666666667,0.6,0.0,0.0,0.0,0.0,0.0,0.0,0.4166666666666667,0.4666666666666667,0.6,0.43333333333333335,0.4666666666666667,0.6,0.2833333333333333,0.7833333333333333,0.9166666666666666,0.43333333333333335,0.4666666666666667,0.6,0.0,0.0,0.0
20260703,Knapsack,5,276,0.8232040384083452,0.7639049900534104,0.7639049900534104,0.8232040384083452,0.8232040384083452,0.7639049900534104,1,1,0,0,0.0,0.0,0.11666666666666667,0.0,0.0,0.0,0.0,0.0,0.0,0.0,0.0,0.11666666666666667,0.0,0.0,0.11666666666666667,0.5833333333333334,0.85,0.9166666666666666,0.0,0.0,0.11666666666666667,0.0,0.0,0.0
20260703,Knapsack,5,84,0.7819303841308157,0.7672912626112364,0.7672912626112364,0.7819303841308157,0.7819303841308157,0.7672912626112364,1,1,0,0,0.0,0.0,0.11666666666666667,0.0,0.0,0.0,0.0,0.0,0.0,0.0,0.0,0.11666666666666667,0.0,0.0,0.11666666666666667,0.3,0.4166666666666667,0.8333333333333334,0.0,0.0,0.11666666666666667,0.0,0.0,0.0
20260703,Knapsack,5,189,0.7993252796964216,0.7417661999113263,0.7417661999113263,0.7993252796964216,0.7993252796964216,0.7417661999113263,1,1,0,0,0.0,0.0,0.16666666666666666,0.0,0.0,0.0,0.0,0.0,0.0,0.0,0.0,0.16666666666666666,0.0,0.0,0.16666666666666666,0.5833333333333334,0.85,0.95,0.0,0.0,0.16666666666666666,0.0,0.0,0.0
20260703,Knapsack,5,96,0.7648142538192164,0.7443193678559161,0.7443193678559161,0.7648142538192164,0.7648142538192164,0.7443193678559161,1,1,0,0,0.0,0.05,0.38333333333333336,0.0,0.0,0.0,0.0,0.0,0.0,0.0,0.05,0.38333333333333336,0.0,0.05,0.38333333333333336,0.26666666666666666,0.6166666666666667,0.8833333333333333,0.0,0.05,0.38333333333333336,0.0,0.0,0.0
20260703,Knapsack,3,162,0.8747913443912269,0.8340389725383216,0.8340389725383216,0.8747913443912269,0.8747913443912269,0.8340389725383216,1,1,0,0,0.1,0.25,0.6833333333333333,0.0,0.0,0.0,0.0,0.0,0.0,0.1,0.25,0.6833333333333333,0.1,0.25,0.6833333333333333,0.65,0.75,0.9833333333333333,0.1,0.25,0.6833333333333333,0.0,0.0,0.0
20260703,Knapsack,3,209,0.9444098568587921,0.8613024886018121,0.8613024886018121,0.9444098568587921,0.9229559627436764,0.8613024886018121,1,0,0,0,0.18333333333333332,0.38333333333333336,0.7166666666666667,0.0,0.0,0.0,0.0,0.0,0.0,0.23333333333333334,0.5,0.7166666666666667,0.25,0.4666666666666667,0.8666666666666667,0.5666666666666667,0.9166666666666666,0.9833333333333333,0.18333333333333332,0.38333333333333336,0.7166666666666667,0.0,0.0,0.0
20260703,Knapsack,4,106,0.8271531179252776,0.7882930048509108,0.7882930048509108,0.8271531179252776,0.8271531179252776,0.7882930048509108,1,1,0,0,0.1,0.15,0.45,0.0,0.0,0.0,0.0,0.0,0.0,0.08333333333333333,0.13333333333333333,0.4666666666666667,0.08333333333333333,0.13333333333333333,0.45,0.48333333333333334,0.8166666666666667,0.9,0.1,0.15,0.45,0.0,0.0,0.0
20260703,Knapsack,3,300,0.883131732369653,0.8342403260812478,0.8342403260812478,0.883131732369653,0.883131732369653,0.8342403260812478,1,1,0,0,0.45,0.6333333333333333,0.6666666666666666,0.0,0.0,0.0,0.0,0.0,0.0,0.45,0.6333333333333333,0.6666666666666666,0.45,0.6333333333333333,0.6666666666666666,0.75,0.8333333333333334,0.9833333333333333,0.45,0.6333333333333333,0.6666666666666666,0.0,0.0,0.0
20260703,Knapsack,4,116,0.8126830027984709,0.7705981671611608,0.7705981671611608,0.8126830027984709,0.8126830027984709,0.7705981671611608,1,1,0,0,0.0,0.0,0.0,0.0,0.0,0.0,0.0,0.0,0.0,0.0,0.0,0.0,0.0,0.0,0.0,0.03333333333333333,0.48333333333333334,0.9,0.0,0.0,0.0,0.0,0.0,0.0
20260703,Knapsack,5,204,0.7959058039131687,0.7548885091902942,0.7548885091902942,0.7959058039131687,0.7959058039131687,0.7548885091902942,1,1,0,0,0.5166666666666667,0.5833333333333334,0.8166666666666667,0.0,0.0,0.0,0.0,0.0,0.0,0.5166666666666667,0.5833333333333334,0.8166666666666667,0.5166666666666667,0.5833333333333334,0.8166666666666667,0.9,0.9333333333333333,0.95,0.5166666666666667,0.5833333333333334,0.8166666666666667,0.0,0.0,0.0
20260703,Knapsack,4,191,0.7856718541059282,0.7649372931383396,0.7649372931383396,0.8685837044784219,0.7856718541059282,0.7649372931383396,0,1,0,0,0.0,0.11666666666666667,0.4,0.0,0.0,0.0,0.0,0.0,0.0,0.0,0.15,0.4166666666666667,0.0,0.11666666666666667,0.38333333333333336,0.48333333333333334,0.75,0.9666666666666667,0.0,0.11666666666666667,0.4,0.0,0.0,0.0
20260703,Knapsack,4,217,0.8276902749846575,0.7818450413459516,0.7818450413459516,0.8276902749846575,0.8276902749846575,0.7818450413459516,1,1,0,0,0.15,0.36666666666666664,0.43333333333333335,0.0,0.0,0.0,0.0,0.0,0.0,0.15,0.36666666666666664,0.43333333333333335,0.15,0.36666666666666664,0.43333333333333335,0.43333333333333335,0.7666666666666667,0.95,0.15,0.36666666666666664,0.43333333333333335,0.0,0.0,0.0
20260703,Knapsack,4,60,0.8106004774608493,0.777204165665844,0.777204165665844,0.8106004774608493,0.8106004774608493,0.777204165665844,1,1,0,0,0.03333333333333333,0.16666666666666666,0.36666666666666664,0.0,0.0,0.0,0.0,0.0,0.0,0.03333333333333333,0.16666666666666666,0.36666666666666664,0.03333333333333333,0.16666666666666666,0.36666666666666664,0.6333333333333333,0.65,0.8833333333333333,0.03333333333333333,0.16666666666666666,0.36666666666666664,0.0,0.0,0.0
20260703,Knapsack,5,71,0.7638041929457008,0.7581051180288203,0.7581051180288203,0.7638041929457008,0.7638041929457008,0.7581051180288203,1,1,0,0,0.5166666666666667,0.6666666666666666,0.8666666666666667,0.0,0.0,0.0,0.0,0.0,0.0,0.5166666666666667,0.6666666666666666,0.8666666666666667,0.5166666666666667,0.6666666666666666,0.8666666666666667,0.6833333333333333,0.8833333333333333,0.9166666666666666,0.5166666666666667,0.6666666666666666,0.8666666666666667,0.0,0.0,0.0
20260703,Knapsack,4,60,0.813137925464211,0.7791181252903544,0.7791181252903544,0.813137925464211,0.813137925464211,0.7791181252903544,1,1,0,0,0.0,0.03333333333333333,0.25,0.0,0.0,0.0,0.0,0.0,0.0,0.0,0.03333333333333333,0.25,0.0,0.03333333333333333,0.25,0.5333333333333333,0.5833333333333334,0.8,0.0,0.03333333333333333,0.25,0.0,0.0,0.0
20260703,Knapsack,5,225,0.8338264626255729,0.7552778780970297,0.7552778780970297,0.8708748606360721,0.8708748606360721,0.7552778780970297,0,0,0,0,0.25,0.5666666666666667,0.9,0.0,0.0,0.0,0.0,0.0,0.0,0.13333333333333333,0.4166666666666667,0.55,0.13333333333333333,0.4166666666666667,0.55,0.45,0.75,0.9666666666666667,0.25,0.5666666666666667,0.9,0.0,0.0,0.0
20260703,Knapsack,4,127,0.9350212697076261,0.7701694031983606,0.7701694031983606,0.9350212697076261,0.9350212697076261,0.7701694031983606,1,1,0,0,0.35,0.4666666666666667,0.4166666666666667,0.0,0.0,0.0,0.0,0.0,0.0,0.35,0.4666666666666667,0.4166666666666667,0.35,0.4666666666666667,0.4166666666666667,0.2,0.5666666666666667,0.8166666666666667,0.35,0.4666666666666667,0.4166666666666667,0.0,0.0,0.0
20260703,Knapsack,3,162,0.8842311304528361,0.8393874795864144,0.8393874795864144,0.8842311304528361,0.8842311304528361,0.8393874795864144,1,1,0,0,0.05,0.2833333333333333,0.5666666666666667,0.0,0.0,0.0,0.0,0.0,0.0,0.05,0.2833333333333333,0.5833333333333334,0.05,0.2833333333333333,0.5666666666666667,0.7166666666666667,0.9166666666666666,0.9166666666666666,0.05,0.2833333333333333,0.5666666666666667,0.0,0.0,0.0
20260703,Knapsack,3,263,0.9311579287106847,0.8480394725725172,0.8480394725725172,0.9311579287106847,0.9311579287106847,0.8480394725725172,1,1,0,0,0.4666666666666667,0.4666666666666667,0.6833333333333333,0.0,0.0,0.0,0.0,0.0,0.0,0.21666666666666667,0.31666666666666665,0.6,0.0,0.0,0.38333333333333336,0.75,1.0,1.0,0.4666666666666667,0.4666666666666667,0.6833333333333333,0.0,0.0,0.0
20260703,Knapsack,4,276,0.8634612315003098,0.7740000435068005,0.7740000435068005,0.8634612315003098,0.8634612315003098,0.7740000435068005,1,1,0,0,0.0,0.18333333333333332,0.55,0.0,0.0,0.0,0.0,0.0,0.0,0.0,0.18333333333333332,0.55,0.0,0.18333333333333332,0.55,0.2833333333333333,0.7333333333333333,0.9,0.0,0.18333333333333332,0.55,0.0,0.0,0.0
20260703,Knapsack,5,245,0.7576449366794094,0.7680784153132689,0.7680784153132689,0.7576449366794094,0.7576449366794094,0.7680784153132689,1,1,0,0,0.0,0.0,0.23333333333333334,0.0,0.0,0.0,0.0,0.0,0.0,0.0,0.0,0.23333333333333334,0.0,0.0,0.23333333333333334,0.5833333333333334,0.8833333333333333,1.0,0.0,0.0,0.23333333333333334,0.0,0.0,0.0
20260703,Knapsack,5,284,0.7767268305970418,0.7451212470322139,0.7333511086279786,0.7767268305970418,0.7767268305970418,0.7333511086279786,1,1,0,0,0.0,0.06666666666666667,0.13333333333333333,0.0,0.0,0.0,0.0,0.0,0.0,0.0,0.06666666666666667,0.11666666666666667,0.0,0.06666666666666667,0.13333333333333333,0.5,0.7166666666666667,0.95,0.0,0.06666666666666667,0.13333333333333333,0.0,0.0,0.0
20260703,Knapsack,4,271,0.821519565351024,0.7835480297483973,0.7835480297483973,0.821519565351024,0.821519565351024,0.7835480297483973,1,1,0,0,0.5,0.35,0.5666666666666667,0.0,0.0,0.0,0.0,0.0,0.0,0.5,0.35,0.5666666666666667,0.5,0.35,0.5666666666666667,0.6666666666666666,0.8333333333333334,1.0,0.5,0.35,0.5666666666666667,0.0,0.0,0.0
20260703,Knapsack,4,134,0.8032640455537674,0.7835097632243494,0.7835097632243494,0.8032640455537674,0.8032640455537674,0.7835097632243494,1,1,0,0,0.0,0.016666666666666666,0.2833333333333333,0.0,0.0,0.0,0.0,0.0,0.0,0.0,0.016666666666666666,0.26666666666666666,0.0,0.016666666666666666,0.2833333333333333,0.6666666666666666,0.8333333333333334,0.9166666666666666,0.0,0.016666666666666666,0.2833333333333333,0.0,0.0,0.0
20260703,Knapsack,3,291,0.8901930770287731,0.8386087639355023,0.8386087639355023,0.8901930770287731,0.8901930770287731,0.8386087639355023,1,1,0,0,0.4,0.5166666666666667,0.7166666666666667,0.0,0.0,0.0,0.0,0.0,0.0,0.4,0.5166666666666667,0.7166666666666667,0.4,0.5166666666666667,0.7166666666666667,0.7,0.9,0.9833333333333333,0.4,0.5166666666666667,0.7166666666666667,0.0,0.0,0.0
20260703,Knapsack,3,78,0.872029100979402,0.8381425339619317,0.8381425339619317,0.872029100979402,0.872029100979402,0.8381425339619317,1,1,0,0,0.06666666666666667,0.21666666666666667,0.31666666666666665,0.0,0.0,0.0,0.0,0.0,0.0,0.06666666666666667,0.21666666666666667,0.31666666666666665,0.06666666666666667,0.21666666666666667,0.31666666666666665,0.5666666666666667,0.65,0.8666666666666667,0.06666666666666667,0.21666666666666667,0.31666666666666665,0.0,0.0,0.0
20260703,Knapsack,3,218,0.8711053580046731,0.8396055654058966,0.8396055654058966,0.8711053580046731,0.8711053580046731,0.8396055654058966,1,1,0,0,0.1,0.36666666666666664,0.6666666666666666,0.0,0.0,0.0,0.0,0.0,0.0,0.11666666666666667,0.36666666666666664,0.6666666666666666,0.1,0.36666666666666664,0.6666666666666666,0.7333333333333333,0.9166666666666666,0.9666666666666667,0.1,0.36666666666666664,0.6666666666666666,0.0,0.0,0.0
20260703,Knapsack,3,234,0.8932208470095174,0.8438538336873592,0.8438538336873592,0.9067480988350004,0.8932208470095174,0.8438538336873592,0,1,0,0,0.4166666666666667,0.5833333333333334,0.7166666666666667,0.0,0.0,0.0,0.0,0.0,0.0,0.05,0.3,0.5833333333333334,0.35,0.5666666666666667,0.7166666666666667,0.6166666666666667,0.8666666666666667,0.9666666666666667,0.4166666666666667,0.5833333333333334,0.7166666666666667,0.0,0.0,0.0
20260703,Knapsack,4,66,0.883767916202857,0.772566795123012,0.772566795123012,0.883767916202857,0.883767916202857,0.772566795123012,1,1,0,0,0.35,0.7,0.7333333333333333,0.0,0.0,0.0,0.0,0.0,0.0,0.35,0.7,0.7333333333333333,0.35,0.7,0.7333333333333333,0.6166666666666667,0.7833333333333333,0.9,0.35,0.7,0.7333333333333333,0.0,0.0,0.0
20260703,Knapsack,3,122,0.9267444743165076,0.8391104068444337,0.8391104068444337,0.9267444743165076,0.9267444743165076,0.8391104068444337,1,1,0,0,0.11666666666666667,0.2833333333333333,0.55,0.0,0.0,0.0,0.0,0.0,0.0,0.11666666666666667,0.2833333333333333,0.55,0.11666666666666667,0.2833333333333333,0.55,0.4166666666666667,0.7666666666666667,0.95,0.11666666666666667,0.2833333333333333,0.55,0.0,0.0,0.0
20260703,Knapsack,4,272,0.8424831611500705,0.8062337759409756,0.8062337759409756,0.8424831611500705,0.8424831611500705,0.8062337759409756,1,1,0,0,0.4666666666666667,0.7,0.6666666666666666,0.0,0.0,0.0,0.0,0.0,0.0,0.4666666666666667,0.7,0.6833333333333333,0.4666666666666667,0.7,0.6666666666666666,0.26666666666666666,0.6166666666666667,0.95,0.4666666666666667,0.7,0.6666666666666666,0.0,0.0,0.0
20260703,Knapsack,5,273,0.7680638653488806,0.7431653298141062,0.7431653298141062,0.7680638653488806,0.7680638653488806,0.7431653298141062,1,1,0,0,0.5166666666666667,0.7666666666666667,0.9166666666666666,0.0,0.0,0.0,0.0,0.0,0.0,0.5166666666666667,0.7666666666666667,0.9166666666666666,0.5166666666666667,0.7666666666666667,0.9166666666666666,0.5833333333333334,0.8666666666666667,0.9666666666666667,0.5166666666666667,0.7666666666666667,0.9166666666666666,0.0,0.0,0.0
20260703,Knapsack,5,216,0.8296660300123058,0.752986244386935,0.752986244386935,0.8296660300123058,0.8296660300123058,0.752986244386935,1,1,0,0,0.0,0.03333333333333333,0.25,0.0,0.0,0.0,0.0,0.0,0.0,0.0,0.03333333333333333,0.25,0.0,0.03333333333333333,0.25,0.5,0.8666666666666667,0.95,0.0,0.03333333333333333,0.25,0.0,0.0,0.0
20260703,Knapsack,4,79,0.8683145567674337,0.7917233281777595,0.7917233281777595,0.8683145567674337,0.8683145567674337,0.7917233281777595,1,1,0,0,0.48333333333333334,0.5833333333333334,0.65,0.0,0.0,0.0,0.0,0.0,0.0,0.48333333333333334,0.5833333333333334,0.65,0.48333333333333334,0.5833333333333334,0.65,0.5833333333333334,0.7666666666666667,0.8833333333333333,0.48333333333333334,0.5833333333333334,0.65,0.0,0.0,0.0
20260703,Knapsack,3,126,0.8965081531970006,0.8549353877914444,0.8549353877914444,0.8965081531970006,0.8659020707757691,0.8549353877914444,1,0,0,0,0.18333333333333332,0.38333333333333336,0.65,0.0,0.0,0.0,0.0,0.0,0.0,0.15,0.48333333333333334,0.6833333333333333,0.4,0.7166666666666667,0.8,0.7333333333333333,0.8666666666666667,0.9833333333333333,0.18333333333333332,0.38333333333333336,0.65,0.0,0.0,0.0
20260703,Knapsack,4,181,0.8415865165672659,0.7932821276556675,0.7932821276556675,0.8415865165672659,0.8306120633529666,0.7932821276556675,1,0,0,0,0.2,0.55,0.85,0.0,0.0,0.0,0.0,0.0,0.0,0.65,0.7666666666666667,0.8833333333333333,0.65,0.85,0.9333333333333333,0.48333333333333334,0.7333333333333333,0.9166666666666666,0.2,0.55,0.85,0.0,0.0,0.0
20260703,Knapsack,3,136,0.8783289008607621,0.8168318697187149,0.8168318697187149,0.8783289008607621,0.8783289008607621,0.8168318697187149,1,1,0,0,0.0,0.31666666666666665,0.5666666666666667,0.0,0.0,0.0,0.0,0.0,0.0,0.0,0.16666666666666666,0.5166666666666667,0.3333333333333333,0.5666666666666667,0.6833333333333333,0.5166666666666667,0.7833333333333333,0.9,0.0,0.31666666666666665,0.5666666666666667,0.0,0.0,0.0
20260703,Knapsack,3,286,0.9097041535249436,0.8582263675985977,0.8582263675985977,0.9097041535249436,0.9097041535249436,0.8582263675985977,1,1,0,0,0.16666666666666666,0.5,0.65,0.0,0.0,0.0,0.0,0.0,0.0,0.16666666666666666,0.5,0.65,0.2,0.6,0.7666666666666667,0.65,0.85,0.9833333333333333,0.16666666666666666,0.5,0.65,0.0,0.0,0.0
20260703,Knapsack,3,71,0.879472525536982,0.8328938347874004,0.8328938347874004,0.879472525536982,0.879472525536982,0.8328938347874004,1,1,0,0,0.6833333333333333,0.85,0.8166666666666667,0.0,0.0,0.0,0.0,0.0,0.0,0.6833333333333333,0.85,0.75,0.5333333333333333,0.5666666666666667,0.55,0.5,0.8333333333333334,0.95,0.6833333333333333,0.85,0.8166666666666667,0.0,0.0,0.0
20260703,Knapsack,4,144,0.8344668887457374,0.7925763859854354,0.7925763859854354,0.8344668887457374,0.8344668887457374,0.7925763859854354,1,1,0,0,0.016666666666666666,0.16666666666666666,0.2833333333333333,0.0,0.0,0.0,0.0,0.0,0.0,0.016666666666666666,0.16666666666666666,0.2833333333333333,0.016666666666666666,0.16666666666666666,0.2833333333333333,0.5666666666666667,0.6666666666666666,0.95,0.016666666666666666,0.16666666666666666,0.2833333333333333,0.0,0.0,0.0
20260703,Knapsack,3,196,0.881523835164516,0.8295429704385682,0.8295429704385682,0.881523835164516,0.881523835164516,0.8295429704385682,1,1,0,0,0.0,0.18333333333333332,0.43333333333333335,0.0,0.0,0.0,0.0,0.0,0.0,0.0,0.18333333333333332,0.43333333333333335,0.0,0.18333333333333332,0.43333333333333335,0.6166666666666667,0.8833333333333333,0.9666666666666667,0.0,0.18333333333333332,0.43333333333333335,0.0,0.0,0.0
20260703,Job-shop,3,127,0.5359304882855033,0.5274829400380365,0.5274829400380365,0.5359304882855033,0.5359304882855033,0.5274829400380365,1,1,0,0,0.6833333333333333,0.7666666666666667,0.85,0.0,0.0,0.0,0.0,0.0,0.0,0.6833333333333333,0.7666666666666667,0.85,0.6833333333333333,0.7666666666666667,0.85,0.11666666666666667,0.43333333333333335,0.8333333333333334,0.6833333333333333,0.7666666666666667,0.85,0.0,0.0,0.0
20260703,Job-shop,5,148,0.48921117505982925,0.48921117505982925,0.48921117505982925,0.48921117505982925,0.48921117505982925,0.48921117505982925,1,1,0,0,0.0,0.25,0.45,0.0,0.0,0.0,0.0,0.0,0.0,0.0,0.25,0.45,0.0,0.25,0.45,0.0,0.43333333333333335,0.6833333333333333,0.0,0.25,0.45,0.0,0.0,0.0
20260703,Job-shop,4,246,0.49741763475792655,0.49741763475792655,0.49741763475792655,0.49741763475792655,0.49741763475792655,0.49741763475792655,1,1,0,0,0.03333333333333333,0.21666666666666667,0.5333333333333333,0.0,0.0,0.0,0.0,0.0,0.0,0.03333333333333333,0.21666666666666667,0.5333333333333333,0.03333333333333333,0.21666666666666667,0.5333333333333333,0.35,0.65,0.7666666666666667,0.03333333333333333,0.21666666666666667,0.5333333333333333,0.0,0.0,0.0
20260703,Job-shop,4,249,0.4792147390291193,0.4792147390291193,0.4792147390291193,0.4792147390291193,0.4792147390291193,0.4792147390291193,1,1,0,0,0.05,0.3333333333333333,0.6166666666666667,0.0,0.0,0.0,0.0,0.0,0.0,0.05,0.3333333333333333,0.6166666666666667,0.05,0.3333333333333333,0.6166666666666667,0.08333333333333333,0.4166666666666667,0.7666666666666667,0.05,0.3333333333333333,0.6166666666666667,0.0,0.0,0.0
20260703,Job-shop,4,198,0.4796046772205957,0.5107285960749725,0.5107285960749725,0.4796046772205957,0.4796046772205957,0.5107285960749725,1,1,0,0,0.11666666666666667,0.3,0.48333333333333334,0.0,0.0,0.0,0.0,0.0,0.0,0.11666666666666667,0.3,0.5333333333333333,0.11666666666666667,0.3,0.48333333333333334,0.48333333333333334,0.8166666666666667,0.8333333333333334,0.11666666666666667,0.3,0.48333333333333334,0.0,0.0,0.0
20260703,Job-shop,5,285,0.47708105302446313,0.4850349131229011,0.4838364607193758,0.47708105302446313,0.47708105302446313,0.4838364607193758,1,1,0,0,0.2833333333333333,0.3333333333333333,0.5666666666666667,0.0,0.0,0.0,0.0,0.0,0.0,0.2833333333333333,0.3333333333333333,0.5666666666666667,0.2833333333333333,0.3333333333333333,0.5666666666666667,0.5666666666666667,0.75,0.75,0.2833333333333333,0.3333333333333333,0.5666666666666667,0.0,0.0,0.0
20260703,Job-shop,3,98,0.5005375628852486,0.5005375628852486,0.5005375628852486,0.5005375628852486,0.5005375628852486,0.5005375628852486,1,1,0,0,0.016666666666666666,0.05,0.16666666666666666,0.0,0.0,0.0,0.0,0.0,0.0,0.016666666666666666,0.05,0.16666666666666666,0.016666666666666666,0.05,0.16666666666666666,0.16666666666666666,0.36666666666666664,0.55,0.016666666666666666,0.05,0.16666666666666666,0.0,0.0,0.0
20260703,Job-shop,3,242,0.5104013375728442,0.5219192943359686,0.5104013375728442,0.5104013375728442,0.5104013375728442,0.5104013375728442,1,1,0,0,0.03333333333333333,0.16666666666666666,0.35,0.0,0.0,0.0,0.0,0.0,0.0,0.0,0.13333333333333333,0.3,0.03333333333333333,0.16666666666666666,0.35,0.7,0.8166666666666667,0.9333333333333333,0.03333333333333333,0.16666666666666666,0.35,0.0,0.0,0.0
20260703,Job-shop,5,297,0.4923474380217877,0.500455468811305,0.500455468811305,0.4923474380217877,0.4923474380217877,0.500455468811305,1,1,0,0,0.38333333333333336,0.5666666666666667,0.7333333333333333,0.0,0.0,0.0,0.0,0.0,0.0,0.38333333333333336,0.5833333333333334,0.75,0.5,0.6666666666666666,0.8333333333333334,0.2,0.55,0.9333333333333333,0.38333333333333336,0.5666666666666667,0.7333333333333333,0.0,0.0,0.0
20260703,Job-shop,4,100,0.5098574731217609,0.5064457300081966,0.5064457300081966,0.5098574731217609,0.5098574731217609,0.5064457300081966,1,1,0,0,0.4,0.4666666666666667,0.45,0.0,0.0,0.0,0.0,0.0,0.0,0.4,0.4666666666666667,0.45,0.4,0.4666666666666667,0.45,0.26666666666666666,0.3333333333333333,0.5166666666666667,0.4,0.4666666666666667,0.45,0.0,0.0,0.0
20260703,Job-shop,3,125,0.4836574830098195,0.5023335730685172,0.5023335730685172,0.4836574830098195,0.4836574830098195,0.5023335730685172,1,1,0,0,0.05,0.2,0.4,0.0,0.0,0.0,0.0,0.0,0.0,0.05,0.2,0.4,0.05,0.2,0.4,0.5333333333333333,0.5666666666666667,0.8333333333333334,0.05,0.2,0.4,0.0,0.0,0.0
20260703,Job-shop,5,274,0.47729180032107227,0.5031296942553476,0.5031296942553476,0.47729180032107227,0.47729180032107227,0.5031296942553476,1,1,0,0,0.3333333333333333,0.45,0.7166666666666667,0.0,0.0,0.0,0.0,0.0,0.0,0.2,0.3333333333333333,0.7,0.3333333333333333,0.45,0.7166666666666667,0.2,0.5,0.7333333333333333,0.3333333333333333,0.45,0.7166666666666667,0.0,0.0,0.0
20260703,Job-shop,4,184,0.4860148811306923,0.4860555117286926,0.4860555117286926,0.4860148811306923,0.4860148811306923,0.4860555117286926,1,1,0,0,0.43333333333333335,0.5,0.7,0.0,0.0,0.0,0.0,0.0,0.0,0.43333333333333335,0.5,0.7,0.43333333333333335,0.5,0.7,0.55,0.65,0.7666666666666667,0.43333333333333335,0.5,0.7,0.0,0.0,0.0
20260703,Job-shop,4,230,0.5150573499269515,0.502321309335499,0.502321309335499,0.5150573499269515,0.5150573499269515,0.502321309335499,1,1,0,0,0.45,0.6833333333333333,0.75,0.0,0.0,0.0,0.0,0.0,0.0,0.45,0.6833333333333333,0.75,0.45,0.6833333333333333,0.75,0.21666666666666667,0.5666666666666667,0.7,0.45,0.6833333333333333,0.75,0.0,0.0,0.0
20260703,Job-shop,5,137,0.4647501315791993,0.4647501315791993,0.4647501315791993,0.4647501315791993,0.4647501315791993,0.4647501315791993,1,1,0,0,0.05,0.16666666666666666,0.4166666666666667,0.0,0.0,0.0,0.0,0.0,0.0,0.05,0.16666666666666666,0.4166666666666667,0.05,0.16666666666666666,0.4166666666666667,0.016666666666666666,0.3,0.6166666666666667,0.05,0.16666666666666666,0.4166666666666667,0.0,0.0,0.0
20260703,Job-shop,3,198,0.5042934630329953,0.5042934630329953,0.5042934630329953,0.5042934630329953,0.5042934630329953,0.5042934630329953,1,1,0,0,0.0,0.06666666666666667,0.21666666666666667,0.0,0.0,0.0,0.0,0.0,0.0,0.0,0.06666666666666667,0.21666666666666667,0.0,0.06666666666666667,0.21666666666666667,0.06666666666666667,0.21666666666666667,0.6166666666666667,0.0,0.06666666666666667,0.21666666666666667,0.0,0.0,0.0
20260703,Job-shop,3,72,0.5286557529109707,0.5200594703090015,0.5200594703090015,0.5286557529109707,0.5286557529109707,0.5200594703090015,1,1,0,0,0.23333333333333334,0.48333333333333334,0.6833333333333333,0.0,0.0,0.0,0.0,0.0,0.0,0.23333333333333334,0.48333333333333334,0.6833333333333333,0.23333333333333334,0.48333333333333334,0.6833333333333333,0.6,0.7166666666666667,0.8833333333333333,0.23333333333333334,0.48333333333333334,0.6833333333333333,0.0,0.0,0.0
20260703,Job-shop,3,111,0.5158585290673058,0.5135789518550357,0.5135789518550357,0.5158585290673058,0.5158585290673058,0.5135789518550357,1,1,0,0,0.25,0.2833333333333333,0.5833333333333334,0.0,0.0,0.0,0.0,0.0,0.0,0.25,0.2833333333333333,0.5833333333333334,0.25,0.2833333333333333,0.5833333333333334,0.31666666666666665,0.5,0.7666666666666667,0.25,0.2833333333333333,0.5833333333333334,0.0,0.0,0.0
20260703,Job-shop,4,131,0.491917731823087,0.5033877078528447,0.5033877078528447,0.491917731823087,0.491917731823087,0.5033877078528447,1,1,0,0,0.26666666666666666,0.38333333333333336,0.55,0.0,0.0,0.0,0.0,0.0,0.0,0.26666666666666666,0.38333333333333336,0.55,0.26666666666666666,0.38333333333333336,0.55,0.0,0.08333333333333333,0.5,0.26666666666666666,0.38333333333333336,0.55,0.0,0.0,0.0
20260703,Job-shop,5,280,0.45231148980929625,0.4601164608490331,0.4601164608490331,0.45231148980929625,0.45231148980929625,0.4601164608490331,1,1,0,0,0.03333333333333333,0.11666666666666667,0.5,0.0,0.0,0.0,0.0,0.0,0.0,0.03333333333333333,0.11666666666666667,0.5,0.03333333333333333,0.11666666666666667,0.5,0.3,0.43333333333333335,0.5833333333333334,0.03333333333333333,0.11666666666666667,0.5,0.0,0.0,0.0
20260703,Job-shop,4,240,0.4895931383271561,0.4944194979124808,0.4944194979124808,0.4895931383271561,0.4895931383271561,0.4944194979124808,1,1,0,0,0.16666666666666666,0.36666666666666664,0.48333333333333334,0.0,0.0,0.0,0.0,0.0,0.0,0.08333333333333333,0.2833333333333333,0.45,0.08333333333333333,0.2833333333333333,0.43333333333333335,0.38333333333333336,0.6833333333333333,0.9666666666666667,0.16666666666666666,0.36666666666666664,0.48333333333333334,0.0,0.0,0.0
20260703,Job-shop,3,290,0.4911360045827637,0.4911360045827637,0.4911360045827637,0.4911360045827637,0.4911360045827637,0.4911360045827637,1,1,1,1,0.016666666666666666,0.13333333333333333,0.4166666666666667,0.0,0.0,0.0,0.0,0.0,0.0,0.016666666666666666,0.13333333333333333,0.4,0.016666666666666666,0.13333333333333333,0.4166666666666667,0.36666666666666664,0.7166666666666667,0.8833333333333333,0.016666666666666666,0.13333333333333333,0.4166666666666667,0.0,0.0,0.0
20260703,Job-shop,5,197,0.4940695921098237,0.4739014037775834,0.4739014037775834,0.4940695921098237,0.4940695921098237,0.4739014037775834,1,1,0,0,0.25,0.4166666666666667,0.6166666666666667,0.0,0.0,0.0,0.0,0.0,0.0,0.25,0.4166666666666667,0.6166666666666667,0.25,0.4166666666666667,0.6166666666666667,0.2,0.43333333333333335,0.45,0.25,0.4166666666666667,0.6166666666666667,0.0,0.0,0.0
20260703,Job-shop,3,122,0.5057679849937723,0.5057679849937723,0.5057679849937723,0.5057679849937723,0.5057679849937723,0.5057679849937723,1,1,0,0,0.016666666666666666,0.13333333333333333,0.21666666666666667,0.0,0.0,0.0,0.0,0.0,0.0,0.016666666666666666,0.13333333333333333,0.21666666666666667,0.016666666666666666,0.13333333333333333,0.21666666666666667,0.1,0.4666666666666667,0.7833333333333333,0.016666666666666666,0.13333333333333333,0.21666666666666667,0.0,0.0,0.0
20260703,Job-shop,5,64,0.5286482174213327,0.4890507392483915,0.4890507392483915,0.5286482174213327,0.5503779339110383,0.4890507392483915,1,0,0,0,0.4,0.5,0.6,0.0,0.0,0.0,0.0,0.0,0.0,0.38333333333333336,0.5333333333333333,0.6333333333333333,0.65,0.8,0.7166666666666667,0.08333333333333333,0.2833333333333333,0.38333333333333336,0.4,0.5,0.6,0.0,0.0,0.0
20260703,Job-shop,5,202,0.4764895856715537,0.4954531491632439,0.4764895856715537,0.4764895856715537,0.4764895856715537,0.4764895856715537,1,1,0,0,0.0,0.05,0.18333333333333332,0.0,0.0,0.0,0.0,0.0,0.0,0.0,0.05,0.16666666666666666,0.0,0.05,0.18333333333333332,0.6333333333333333,0.75,0.8833333333333333,0.0,0.05,0.18333333333333332,0.0,0.0,0.0
20260703,Job-shop,4,129,0.49095999223718073,0.48600524689498587,0.49095999223718073,0.49095999223718073,0.49095999223718073,0.49095999223718073,1,1,0,0,0.21666666666666667,0.3,0.3333333333333333,0.0,0.0,0.0,0.0,0.0,0.0,0.0,0.016666666666666666,0.2833333333333333,0.0,0.0,0.16666666666666666,0.016666666666666666,0.2833333333333333,0.65,0.21666666666666667,0.3,0.3333333333333333,0.0,0.0,0.0
20260703,Job-shop,5,84,0.5136166737103242,0.506379271693206,0.506379271693206,0.5136166737103242,0.5136166737103242,0.506379271693206,1,1,0,0,0.21666666666666667,0.48333333333333334,0.7,0.0,0.0,0.0,0.0,0.0,0.0,0.21666666666666667,0.48333333333333334,0.7,0.21666666666666667,0.48333333333333334,0.7,0.31666666666666665,0.5,0.8,0.21666666666666667,0.48333333333333334,0.7,0.0,0.0,0.0
20260703,Job-shop,3,288,0.4835402325129607,0.4835402325129607,0.4868038139292563,0.4868038139292563,0.4868038139292563,0.4868038139292563,0,0,0,0,0.0,0.21666666666666667,0.2833333333333333,0.0,0.0,0.0,0.0,0.0,0.0,0.6833333333333333,0.6166666666666667,0.6833333333333333,0.5833333333333334,0.48333333333333334,0.6666666666666666,0.85,0.9166666666666666,0.9166666666666666,0.0,0.21666666666666667,0.2833333333333333,0.0,0.0,0.0
20260703,Job-shop,3,93,0.5232415522795104,0.5179977856361101,0.5179977856361101,0.5232415522795104,0.5232415522795104,0.5179977856361101,1,1,0,0,0.55,0.7833333333333333,0.7666666666666667,0.0,0.0,0.0,0.0,0.0,0.0,0.5333333333333333,0.7833333333333333,0.7666666666666667,0.5666666666666667,0.8166666666666667,0.7666666666666667,0.31666666666666665,0.5333333333333333,0.9333333333333333,0.55,0.7833333333333333,0.7666666666666667,0.0,0.0,0.0
20260703,Job-shop,5,158,0.4743592129407396,0.47134316465540366,0.47134316465540366,0.4743592129407396,0.4684603077467615,0.47134316465540366,1,0,0,0,0.6,0.6833333333333333,0.75,0.0,0.0,0.0,0.0,0.0,0.0,0.5,0.65,0.7666666666666667,0.38333333333333336,0.6166666666666667,0.7333333333333333,0.4,0.36666666666666664,0.55,0.6,0.6833333333333333,0.75,0.0,0.0,0.0
20260703,Job-shop,4,285,0.47893841365045303,0.47893841365045303,0.47893841365045303,0.47893841365045303,0.47893841365045303,0.47893841365045303,1,1,0,0,0.0,0.11666666666666667,0.25,0.0,0.0,0.0,0.0,0.0,0.0,0.0,0.11666666666666667,0.25,0.0,0.11666666666666667,0.25,0.15,0.2833333333333333,0.7,0.0,0.11666666666666667,0.25,0.0,0.0,0.0
20260703,Job-shop,5,182,0.4755115926349701,0.4755115926349701,0.4755115926349701,0.4755115926349701,0.4755115926349701,0.4755115926349701,1,1,0,0,0.16666666666666666,0.5,0.7666666666666667,0.0,0.0,0.0,0.0,0.0,0.0,0.16666666666666666,0.5,0.7666666666666667,0.16666666666666666,0.5,0.7666666666666667,0.48333333333333334,0.5833333333333334,0.8166666666666667,0.16666666666666666,0.5,0.7666666666666667,0.0,0.0,0.0
20260703,Job-shop,5,210,0.4590855124317129,0.4701018859371762,0.4701018859371762,0.4590855124317129,0.4590855124317129,0.4701018859371762,1,1,0,0,0.3,0.36666666666666664,0.5833333333333334,0.0,0.0,0.0,0.0,0.0,0.0,0.3,0.36666666666666664,0.5833333333333334,0.3,0.36666666666666664,0.5833333333333334,0.45,0.4166666666666667,0.6,0.3,0.36666666666666664,0.5833333333333334,0.0,0.0,0.0
20260703,Job-shop,5,183,0.4462101192531864,0.4621715737962798,0.4621715737962798,0.4462101192531864,0.4462101192531864,0.4621715737962798,1,1,0,0,0.18333333333333332,0.31666666666666665,0.4166666666666667,0.0,0.0,0.0,0.0,0.0,0.0,0.18333333333333332,0.31666666666666665,0.4166666666666667,0.18333333333333332,0.31666666666666665,0.4166666666666667,0.016666666666666666,0.18333333333333332,0.65,0.18333333333333332,0.31666666666666665,0.4166666666666667,0.0,0.0,0.0
20260703,Job-shop,4,80,0.4737039901281481,0.4737039901281481,0.4737039901281481,0.4737039901281481,0.4737039901281481,0.4737039901281481,1,1,0,0,0.13333333333333333,0.4,0.5166666666666667,0.0,0.0,0.0,0.0,0.0,0.0,0.13333333333333333,0.4,0.5166666666666667,0.13333333333333333,0.4,0.5166666666666667,0.48333333333333334,0.5833333333333334,0.65,0.13333333333333333,0.4,0.5166666666666667,0.0,0.0,0.0
20260703,Job-shop,3,109,0.5325848245268976,0.5170127086760302,0.5170127086760302,0.5325848245268976,0.5325848245268976,0.5170127086760302,1,1,0,0,0.7833333333333333,0.7333333333333333,0.85,0.0,0.0,0.0,0.0,0.0,0.0,0.7833333333333333,0.7333333333333333,0.85,0.7833333333333333,0.7333333333333333,0.85,0.08333333333333333,0.2,0.6666666666666666,0.7833333333333333,0.7333333333333333,0.85,0.0,0.0,0.0
20260703,Job-shop,5,194,0.47133442625495575,0.4831832969510886,0.4831832969510886,0.47133442625495575,0.47133442625495575,0.4831832969510886,1,1,0,0,0.48333333333333334,0.7,0.8,0.0,0.0,0.0,0.0,0.0,0.0,0.48333333333333334,0.7,0.8,0.48333333333333334,0.7,0.8,0.13333333333333333,0.35,0.6666666666666666,0.48333333333333334,0.7,0.8,0.0,0.0,0.0
20260703,Job-shop,5,210,0.4956246005752563,0.4990741245838316,0.4990741245838316,0.4956246005752563,0.4956246005752563,0.4990741245838316,1,1,0,0,0.65,0.6166666666666667,0.85,0.0,0.0,0.0,0.0,0.0,0.0,0.65,0.6166666666666667,0.85,0.65,0.6166666666666667,0.8333333333333334,0.35,0.75,0.8333333333333334,0.65,0.6166666666666667,0.85,0.0,0.0,0.0
20260703,Job-shop,3,137,0.5148997438657429,0.510623779730266,0.510623779730266,0.5148997438657429,0.5148997438657429,0.510623779730266,1,1,0,0,0.6833333333333333,0.8833333333333333,0.7666666666666667,0.0,0.0,0.0,0.0,0.0,0.0,0.6833333333333333,0.8833333333333333,0.7666666666666667,0.6833333333333333,0.8833333333333333,0.7666666666666667,0.23333333333333334,0.43333333333333335,0.8666666666666667,0.6833333333333333,0.8833333333333333,0.7666666666666667,0.0,0.0,0.0
20260703,Job-shop,4,109,0.523160564067848,0.5012156001425858,0.5012156001425858,0.523160564067848,0.523160564067848,0.5012156001425858,1,1,0,0,0.0,0.16666666666666666,0.4,0.0,0.0,0.0,0.0,0.0,0.0,0.0,0.16666666666666666,0.4,0.0,0.16666666666666666,0.4,0.48333333333333334,0.5833333333333334,0.7833333333333333,0.0,0.16666666666666666,0.4,0.0,0.0,0.0
20260703,Job-shop,4,65,0.5057474175231994,0.5083485390527196,0.5083485390527196,0.5057474175231994,0.5057474175231994,0.5083485390527196,1,1,0,0,0.23333333333333334,0.36666666666666664,0.5333333333333333,0.0,0.0,0.0,0.0,0.0,0.0,0.23333333333333334,0.36666666666666664,0.5333333333333333,0.23333333333333334,0.36666666666666664,0.5333333333333333,0.1,0.43333333333333335,0.7333333333333333,0.23333333333333334,0.36666666666666664,0.5333333333333333,0.0,0.0,0.0
20260703,Job-shop,5,291,0.4923012236132122,0.47605488220768016,0.47605488220768016,0.4923012236132122,0.4923012236132122,0.47605488220768016,1,1,0,0,0.4666666666666667,0.6666666666666666,0.75,0.0,0.0,0.0,0.0,0.0,0.0,0.4666666666666667,0.6666666666666666,0.75,0.4666666666666667,0.6666666666666666,0.75,0.25,0.31666666666666665,0.75,0.4666666666666667,0.6666666666666666,0.75,0.0,0.0,0.0
20260703,Job-shop,3,79,0.4959086193753503,0.5396261761252426,0.5345250539819832,0.4959086193753503,0.4959086193753503,0.5345250539819832,1,1,0,0,0.6166666666666667,0.45,0.55,0.0,0.0,0.0,0.0,0.0,0.0,0.6166666666666667,0.45,0.55,0.6166666666666667,0.45,0.55,0.45,0.6166666666666667,0.7333333333333333,0.6166666666666667,0.45,0.55,0.0,0.0,0.0
20260703,Job-shop,3,120,0.540514026491536,0.533029630077577,0.533029630077577,0.540514026491536,0.540514026491536,0.533029630077577,1,1,0,0,0.4666666666666667,0.6833333333333333,0.75,0.0,0.0,0.0,0.0,0.0,0.0,0.4666666666666667,0.6833333333333333,0.75,0.4666666666666667,0.6833333333333333,0.75,0.38333333333333336,0.6,0.7833333333333333,0.4666666666666667,0.6833333333333333,0.75,0.0,0.0,0.0
20260703,Job-shop,3,245,0.5146527670942584,0.522394871885316,0.522394871885316,0.5146527670942584,0.5146527670942584,0.522394871885316,1,1,0,0,0.03333333333333333,0.21666666666666667,0.48333333333333334,0.0,0.0,0.0,0.0,0.0,0.0,0.03333333333333333,0.21666666666666667,0.48333333333333334,0.03333333333333333,0.21666666666666667,0.48333333333333334,0.45,0.6166666666666667,0.75,0.03333333333333333,0.21666666666666667,0.48333333333333334,0.0,0.0,0.0
20260703,Job-shop,4,150,0.5094835981478967,0.5010799898952748,0.5010799898952748,0.5094835981478967,0.5094835981478967,0.5010799898952748,1,1,0,0,0.5833333333333334,0.7833333333333333,0.8166666666666667,0.0,0.0,0.0,0.0,0.0,0.0,0.5833333333333334,0.7833333333333333,0.8166666666666667,0.5833333333333334,0.7833333333333333,0.8166666666666667,0.38333333333333336,0.65,0.8166666666666667,0.5833333333333334,0.7833333333333333,0.8166666666666667,0.0,0.0,0.0
20260703,Job-shop,5,253,0.48472970623327094,0.4793717942971616,0.4793717942971616,0.48472970623327094,0.48472970623327094,0.4793717942971616,1,1,0,0,0.6666666666666666,0.7166666666666667,0.8,0.0,0.0,0.0,0.0,0.0,0.0,0.6666666666666666,0.7166666666666667,0.8,0.6666666666666666,0.7166666666666667,0.8,0.2,0.5666666666666667,0.75,0.6666666666666666,0.7166666666666667,0.8,0.0,0.0,0.0
20260703,Job-shop,4,120,0.5114250390035858,0.5087994054259808,0.5087994054259808,0.5114250390035858,0.5114250390035858,0.5087994054259808,1,1,0,0,0.8166666666666667,0.8833333333333333,0.8833333333333333,0.0,0.0,0.0,0.0,0.0,0.0,0.8166666666666667,0.8833333333333333,0.8833333333333333,0.8166666666666667,0.8833333333333333,0.8833333333333333,0.21666666666666667,0.6,0.85,0.8166666666666667,0.8833333333333333,0.8833333333333333,0.0,0.0,0.0
20260703,Job-shop,4,214,0.4916391864962156,0.4863776022308944,0.4863776022308944,0.4916391864962156,0.4916391864962156,0.4863776022308944,1,1,0,0,0.35,0.55,0.5833333333333334,0.0,0.0,0.0,0.0,0.0,0.0,0.35,0.55,0.5833333333333334,0.35,0.55,0.5833333333333334,0.2,0.4166666666666667,0.6666666666666666,0.35,0.55,0.5833333333333334,0.0,0.0,0.0
20260703,Job-shop,4,281,0.5173899353443148,0.5052170783901133,0.5052170783901133,0.5173899353443148,0.5173899353443148,0.5052170783901133,1,1,0,0,0.5833333333333334,0.6833333333333333,0.7666666666666667,0.0,0.0,0.0,0.0,0.0,0.0,0.5833333333333334,0.6833333333333333,0.7666666666666667,0.5833333333333334,0.6833333333333333,0.7666666666666667,0.26666666666666666,0.5333333333333333,0.75,0.5833333333333334,0.6833333333333333,0.7666666666666667,0.0,0.0,0.0
20260703,Job-shop,3,259,0.5011830782161109,0.5011830782161109,0.5011830782161109,0.5011830782161109,0.5011830782161109,0.5011830782161109,1,1,0,0,0.06666666666666667,0.2,0.38333333333333336,0.0,0.0,0.0,0.0,0.0,0.0,0.06666666666666667,0.2,0.38333333333333336,0.06666666666666667,0.2,0.38333333333333336,0.5666666666666667,0.7166666666666667,0.8166666666666667,0.06666666666666667,0.2,0.38333333333333336,0.0,0.0,0.0
20260703,Job-shop,4,204,0.5213419388747801,0.5114002900797291,0.5114002900797291,0.5213419388747801,0.5213419388747801,0.5114002900797291,1,1,0,0,0.65,0.8,0.9,0.0,0.0,0.0,0.0,0.0,0.0,0.65,0.8,0.9,0.7333333333333333,0.8333333333333334,0.9166666666666666,0.1,0.31666666666666665,0.7666666666666667,0.65,0.8,0.9,0.0,0.0,0.0
20260703,Job-shop,4,168,0.4842875061191957,0.4757097730789913,0.4757097730789913,0.4842875061191957,0.4842875061191957,0.4757097730789913,1,1,0,0,0.6333333333333333,0.8833333333333333,0.9,0.0,0.0,0.0,0.0,0.0,0.0,0.5833333333333334,0.8833333333333333,0.9166666666666666,0.6333333333333333,0.8833333333333333,0.9,0.23333333333333334,0.5,0.7333333333333333,0.6333333333333333,0.8833333333333333,0.9,0.0,0.0,0.0
20260703,Job-shop,3,289,0.4918725875560958,0.5076898782562608,0.4918725875560958,0.4918725875560958,0.4918725875560958,0.4918725875560958,1,1,0,1,0.0,0.16666666666666666,0.45,0.0,0.0,0.0,0.0,0.0,0.0,0.0,0.16666666666666666,0.38333333333333336,0.0,0.16666666666666666,0.45,0.6833333333333333,0.7666666666666667,0.8833333333333333,0.0,0.16666666666666666,0.45,0.0,0.0,0.0
20260703,Job-shop,3,197,0.5021023116949183,0.5196567944586793,0.5196567944586793,0.5021023116949183,0.5021023116949183,0.5196567944586793,1,1,0,0,0.08333333333333333,0.15,0.5166666666666667,0.0,0.0,0.0,0.0,0.0,0.0,0.08333333333333333,0.15,0.5166666666666667,0.08333333333333333,0.15,0.5166666666666667,0.35,0.6666666666666666,0.8333333333333334,0.08333333333333333,0.15,0.5166666666666667,0.0,0.0,0.0
20260703,Job-shop,5,188,0.483356488931585,0.48172078637005106,0.48172078637005106,0.483356488931585,0.48534202688002565,0.48172078637005106,1,0,0,0,0.2,0.4166666666666667,0.7,0.0,0.0,0.0,0.0,0.0,0.0,0.11666666666666667,0.35,0.6666666666666666,0.9,0.85,0.7833333333333333,0.38333333333333336,0.65,0.7333333333333333,0.2,0.4166666666666667,0.7,0.0,0.0,0.0
20260703,Job-shop,3,189,0.4836380014580312,0.4836380014580312,0.4836380014580312,0.4836380014580312,0.4836380014580312,0.4836380014580312,1,1,0,0,0.0,0.016666666666666666,0.13333333333333333,0.0,0.0,0.0,0.0,0.0,0.0,0.0,0.016666666666666666,0.13333333333333333,0.0,0.016666666666666666,0.13333333333333333,0.36666666666666664,0.5166666666666667,0.75,0.0,0.016666666666666666,0.13333333333333333,0.0,0.0,0.0
20260703,Job-shop,5,68,0.46517072500335443,0.46517072500335443,0.46517072500335443,0.46517072500335443,0.46517072500335443,0.46517072500335443,1,1,0,0,0.0,0.06666666666666667,0.2833333333333333,0.0,0.0,0.0,0.0,0.0,0.0,0.0,0.06666666666666667,0.2833333333333333,0.0,0.06666666666666667,0.2833333333333333,0.0,0.21666666666666667,0.5833333333333334,0.0,0.06666666666666667,0.2833333333333333,0.0,0.0,0.0
20260703,Job-shop,3,244,0.509633095970925,0.509633095970925,0.509633095970925,0.509633095970925,0.509633095970925,0.509633095970925,1,1,0,0,0.03333333333333333,0.18333333333333332,0.35,0.0,0.0,0.0,0.0,0.0,0.0,0.03333333333333333,0.18333333333333332,0.43333333333333335,0.03333333333333333,0.18333333333333332,0.35,0.5333333333333333,0.6333333333333333,0.8166666666666667,0.03333333333333333,0.18333333333333332,0.35,0.0,0.0,0.0
20260703,Job-shop,5,97,0.5016688661686313,0.4921086314660422,0.4921086314660422,0.5016688661686313,0.5016688661686313,0.4921086314660422,1,1,0,0,0.55,0.6833333333333333,0.7166666666666667,0.0,0.0,0.0,0.0,0.0,0.0,0.55,0.6833333333333333,0.7166666666666667,0.55,0.6833333333333333,0.7166666666666667,0.0,0.11666666666666667,0.5,0.55,0.6833333333333333,0.7166666666666667,0.0,0.0,0.0
20260703,Job-shop,5,158,0.49214403394416617,0.49214403394416617,0.49214403394416617,0.49214403394416617,0.49214403394416617,0.49214403394416617,1,1,0,0,0.0,0.2,0.4,0.0,0.0,0.0,0.0,0.0,0.0,0.0,0.2,0.4,0.0,0.2,0.4,0.15,0.4,0.6,0.0,0.2,0.4,0.0,0.0,0.0
20260703,Job-shop,4,259,0.4812322192305212,0.49674401988256184,0.49674401988256184,0.4812322192305212,0.4812322192305212,0.49674401988256184,1,1,0,0,0.7,0.7333333333333333,0.8666666666666667,0.0,0.0,0.0,0.0,0.0,0.0,0.7,0.7333333333333333,0.8666666666666667,0.7,0.7333333333333333,0.8666666666666667,0.4,0.65,0.9,0.7,0.7333333333333333,0.8666666666666667,0.0,0.0,0.0
20260703,Job-shop,3,114,0.49415699127586893,0.49415699127586893,0.49415699127586893,0.49415699127586893,0.49415699127586893,0.49415699127586893,1,1,0,0,0.03333333333333333,0.11666666666666667,0.23333333333333334,0.0,0.0,0.0,0.0,0.0,0.0,0.03333333333333333,0.11666666666666667,0.23333333333333334,0.03333333333333333,0.11666666666666667,0.23333333333333334,0.4166666666666667,0.55,0.6166666666666667,0.03333333333333333,0.11666666666666667,0.23333333333333334,0.0,0.0,0.0
20260703,Job-shop,5,76,0.4658193373517553,0.4658193373517553,0.4658193373517553,0.4658193373517553,0.4658193373517553,0.4658193373517553,1,1,0,0,0.0,0.016666666666666666,0.15,0.0,0.0,0.0,0.0,0.0,0.0,0.0,0.016666666666666666,0.15,0.0,0.016666666666666666,0.15,0.03333333333333333,0.2,0.45,0.0,0.016666666666666666,0.15,0.0,0.0,0.0
20260703,Job-shop,3,145,0.515542203890791,0.5305326399996522,0.5305326399996522,0.515542203890791,0.515542203890791,0.5305326399996522,1,1,0,0,0.43333333333333335,0.6,0.8,0.0,0.0,0.0,0.0,0.0,0.0,0.4666666666666667,0.6333333333333333,0.8333333333333334,0.43333333333333335,0.5666666666666667,0.7666666666666667,0.26666666666666666,0.5833333333333334,0.85,0.43333333333333335,0.6,0.8,0.0,0.0,0.0
20260703,Job-shop,5,297,0.4663801376303909,0.4663801376303909,0.4663801376303909,0.4663801376303909,0.4663801376303909,0.4663801376303909,1,1,0,0,0.21666666666666667,0.48333333333333334,0.6,0.0,0.0,0.0,0.0,0.0,0.0,0.21666666666666667,0.48333333333333334,0.6,0.21666666666666667,0.48333333333333334,0.6,0.26666666666666666,0.5166666666666667,0.8166666666666667,0.21666666666666667,0.48333333333333334,0.6,0.0,0.0,0.0
20260703,Job-shop,4,197,0.48853797499542323,0.48853797499542323,0.48853797499542323,0.48853797499542323,0.48853797499542323,0.48853797499542323,1,1,0,0,0.9,0.85,0.9,0.0,0.0,0.0,0.0,0.0,0.0,0.9,0.85,0.9,0.9,0.85,0.9,0.1,0.31666666666666665,0.6833333333333333,0.9,0.85,0.9,0.0,0.0,0.0
20260703,Job-shop,3,194,0.4924820937124732,0.5090920063920141,0.5090920063920141,0.4924820937124732,0.4924820937124732,0.5090920063920141,1,1,0,0,0.016666666666666666,0.13333333333333333,0.38333333333333336,0.0,0.0,0.0,0.0,0.0,0.0,0.016666666666666666,0.13333333333333333,0.38333333333333336,0.016666666666666666,0.13333333333333333,0.38333333333333336,0.21666666666666667,0.48333333333333334,0.85,0.016666666666666666,0.13333333333333333,0.38333333333333336,0.0,0.0,0.0
20260703,Job-shop,5,84,0.45834697944425656,0.45834697944425656,0.4835796182895444,0.4835796182895444,0.4835796182895444,0.4835796182895444,0,0,0,0,0.16666666666666666,0.21666666666666667,0.45,0.0,0.0,0.0,0.0,0.0,0.0,0.35,0.38333333333333336,0.6333333333333333,0.16666666666666666,0.2,0.36666666666666664,0.7,0.8,0.85,0.16666666666666666,0.21666666666666667,0.45,0.0,0.0,0.0
20260703,Job-shop,3,245,0.5069005553178183,0.5069005553178183,0.5069005553178183,0.5069005553178183,0.5069005553178183,0.5069005553178183,1,1,0,0,0.0,0.06666666666666667,0.48333333333333334,0.0,0.0,0.0,0.0,0.0,0.0,0.0,0.06666666666666667,0.48333333333333334,0.0,0.06666666666666667,0.48333333333333334,0.06666666666666667,0.3333333333333333,0.7666666666666667,0.0,0.06666666666666667,0.48333333333333334,0.0,0.0,0.0
20260703,Job-shop,4,249,0.4623805764563579,0.4623805764563579,0.4623805764563579,0.4623805764563579,0.4623805764563579,0.4623805764563579,1,1,0,0,0.21666666666666667,0.36666666666666664,0.6,0.0,0.0,0.0,0.0,0.0,0.0,0.21666666666666667,0.36666666666666664,0.6,0.21666666666666667,0.36666666666666664,0.6,0.06666666666666667,0.2833333333333333,0.65,0.21666666666666667,0.36666666666666664,0.6,0.0,0.0,0.0
20260703,Job-shop,4,285,0.48470477992526556,0.48470477992526556,0.48470477992526556,0.48470477992526556,0.48470477992526556,0.48470477992526556,1,1,0,0,0.45,0.5333333333333333,0.6666666666666666,0.0,0.0,0.0,0.0,0.0,0.0,0.45,0.5333333333333333,0.6666666666666666,0.45,0.5333333333333333,0.6666666666666666,0.55,0.55,0.6666666666666666,0.45,0.5333333333333333,0.6666666666666666,0.0,0.0,0.0
20260703,Job-shop,5,135,0.4982141220133824,0.49527605462175767,0.4982141220133824,0.4982141220133824,0.4982141220133824,0.4982141220133824,1,1,0,0,0.23333333333333334,0.48333333333333334,0.6666666666666666,0.0,0.0,0.0,0.0,0.0,0.0,0.23333333333333334,0.48333333333333334,0.65,0.31666666666666665,0.5333333333333333,0.7166666666666667,0.6166666666666667,0.6,0.8666666666666667,0.23333333333333334,0.48333333333333334,0.6666666666666666,0.0,0.0,0.0
20260703,Job-shop,5,280,0.4772422286117088,0.4902992685069039,0.4902992685069039,0.4772422286117088,0.4843193580336896,0.4902992685069039,1,0,0,0,0.31666666666666665,0.48333333333333334,0.75,0.0,0.0,0.0,0.0,0.0,0.0,0.5166666666666667,0.55,0.8666666666666667,0.3,0.5333333333333333,0.7666666666666667,0.016666666666666666,0.2833333333333333,0.85,0.31666666666666665,0.48333333333333334,0.75,0.0,0.0,0.0
20260703,Job-shop,3,135,0.5345901854186119,0.5191064941713679,0.5191064941713679,0.5345901854186119,0.5345901854186119,0.5191064941713679,1,1,0,0,0.5666666666666667,0.7333333333333333,0.8833333333333333,0.0,0.0,0.0,0.0,0.0,0.0,0.5666666666666667,0.7333333333333333,0.8833333333333333,0.5666666666666667,0.7333333333333333,0.8833333333333333,0.05,0.23333333333333334,0.5333333333333333,0.5666666666666667,0.7333333333333333,0.8833333333333333,0.0,0.0,0.0
20260703,Job-shop,3,235,0.5047795485909338,0.5263593405703673,0.5263593405703673,0.5047795485909338,0.5047795485909338,0.5263593405703673,1,1,0,0,0.0,0.016666666666666666,0.26666666666666666,0.0,0.0,0.0,0.0,0.0,0.0,0.0,0.016666666666666666,0.26666666666666666,0.0,0.016666666666666666,0.26666666666666666,0.21666666666666667,0.6,0.8833333333333333,0.0,0.016666666666666666,0.26666666666666666,0.0,0.0,0.0
20260703,Job-shop,4,139,0.5557470157177349,0.5086131116429897,0.5086131116429897,0.5557470157177349,0.5557470157177349,0.5086131116429897,1,1,0,0,0.7333333333333333,0.6666666666666666,0.85,0.0,0.0,0.0,0.0,0.0,0.0,0.7333333333333333,0.6666666666666666,0.85,0.7333333333333333,0.6666666666666666,0.85,0.08333333333333333,0.26666666666666666,0.55,0.7333333333333333,0.6666666666666666,0.85,0.0,0.0,0.0
20260703,Job-shop,3,167,0.4977099424115218,0.4977099424115218,0.4977099424115218,0.4977099424115218,0.4977099424115218,0.4977099424115218,1,1,0,0,0.0,0.03333333333333333,0.08333333333333333,0.0,0.0,0.0,0.0,0.0,0.0,0.0,0.03333333333333333,0.08333333333333333,0.0,0.03333333333333333,0.08333333333333333,0.03333333333333333,0.2,0.5833333333333334,0.0,0.03333333333333333,0.08333333333333333,0.0,0.0,0.0
20260703,Job-shop,5,69,0.5105069368236207,0.5174342150197886,0.5174342150197886,0.5105069368236207,0.5105069368236207,0.5174342150197886,1,1,0,0,0.5,0.7,0.7,0.0,0.0,0.0,0.0,0.0,0.0,0.5,0.7,0.7,0.5,0.7,0.7,0.21666666666666667,0.35,0.65,0.5,0.7,0.7,0.0,0.0,0.0
20260703,Job-shop,3,92,0.5214735201468,0.5070706175006259,0.5086672016466094,0.5214735201468,0.5214735201468,0.5086672016466094,1,1,0,0,0.8,0.8666666666666667,0.9666666666666667,0.0,0.0,0.0,0.0,0.0,0.0,0.8,0.8666666666666667,0.9666666666666667,0.8,0.8666666666666667,0.9666666666666667,0.7,0.85,0.9333333333333333,0.8,0.8666666666666667,0.9666666666666667,0.0,0.0,0.0
20260703,Job-shop,5,83,0.47306150083004783,0.47306150083004783,0.47306150083004783,0.47306150083004783,0.47306150083004783,0.47306150083004783,1,1,0,0,0.0,0.06666666666666667,0.18333333333333332,0.0,0.0,0.0,0.0,0.0,0.0,0.0,0.06666666666666667,0.18333333333333332,0.0,0.06666666666666667,0.18333333333333332,0.0,0.0,0.4,0.0,0.06666666666666667,0.18333333333333332,0.0,0.0,0.0
20260703,Job-shop,5,292,0.48304843070353887,0.4909312783947547,0.4909312783947547,0.48304843070353887,0.48304843070353887,0.4909312783947547,1,1,0,0,0.5833333333333334,0.65,0.7833333333333333,0.0,0.0,0.0,0.0,0.0,0.0,0.5833333333333334,0.65,0.7666666666666667,0.6166666666666667,0.7166666666666667,0.85,0.3,0.5166666666666667,0.7833333333333333,0.5833333333333334,0.65,0.7833333333333333,0.0,0.0,0.0
20260703,Job-shop,3,238,0.48101775111014644,0.48101775111014644,0.48101775111014644,0.48101775111014644,0.48101775111014644,0.48101775111014644,1,1,0,0,0.0,0.2,0.3,0.0,0.0,0.0,0.0,0.0,0.0,0.0,0.2,0.3,0.0,0.2,0.3,0.13333333333333333,0.2833333333333333,0.7333333333333333,0.0,0.2,0.3,0.0,0.0,0.0
20260703,Job-shop,4,228,0.4966793478771997,0.47496664186877774,0.47496664186877774,0.4966793478771997,0.4966793478771997,0.47496664186877774,1,1,0,0,0.5,0.5666666666666667,0.6833333333333333,0.0,0.0,0.0,0.0,0.0,0.0,0.5,0.5666666666666667,0.6833333333333333,0.5,0.5666666666666667,0.6833333333333333,0.2,0.4,0.7,0.5,0.5666666666666667,0.6833333333333333,0.0,0.0,0.0
20260703,Job-shop,4,121,0.5009377142535529,0.48197803033917963,0.48197803033917963,0.5009377142535529,0.5009377142535529,0.48197803033917963,1,1,0,0,0.05,0.18333333333333332,0.4,0.0,0.0,0.0,0.0,0.0,0.0,0.05,0.18333333333333332,0.4,0.05,0.18333333333333332,0.4,0.0,0.16666666666666666,0.48333333333333334,0.05,0.18333333333333332,0.4,0.0,0.0,0.0
20260703,Job-shop,3,275,0.506978337278232,0.5235744559169522,0.5235744559169522,0.506978337278232,0.506978337278232,0.5235744559169522,1,1,0,0,0.31666666666666665,0.38333333333333336,0.5,0.0,0.0,0.0,0.0,0.0,0.0,0.31666666666666665,0.38333333333333336,0.5,0.31666666666666665,0.38333333333333336,0.5,0.08333333333333333,0.45,0.7333333333333333,0.31666666666666665,0.38333333333333336,0.5,0.0,0.0,0.0
20260703,Job-shop,5,258,0.47817255269242637,0.46225287496416456,0.46225287496416456,0.47817255269242637,0.47817255269242637,0.46225287496416456,1,1,0,0,0.5666666666666667,0.7333333333333333,0.8,0.0,0.0,0.0,0.0,0.0,0.0,0.5666666666666667,0.7333333333333333,0.8,0.5666666666666667,0.7333333333333333,0.8,0.1,0.4666666666666667,0.7333333333333333,0.5666666666666667,0.7333333333333333,0.8,0.0,0.0,0.0
20260703,Job-shop,4,265,0.4935075389341967,0.48839592549049665,0.49259299721526956,0.4935075389341967,0.4935075389341967,0.49259299721526956,1,1,0,0,0.7166666666666667,0.75,0.7666666666666667,0.0,0.0,0.0,0.0,0.0,0.0,0.6666666666666666,0.75,0.7333333333333333,0.65,0.6833333333333333,0.7333333333333333,0.8166666666666667,0.8333333333333334,0.9166666666666666,0.7166666666666667,0.75,0.7666666666666667,0.0,0.0,0.0
20260703,Job-shop,4,72,0.5342843792522677,0.4969020997835669,0.4969020997835669,0.5342843792522677,0.5342843792522677,0.4969020997835669,1,1,0,0,0.43333333333333335,0.6166666666666667,0.6,0.0,0.0,0.0,0.0,0.0,0.0,0.43333333333333335,0.6166666666666667,0.6,0.43333333333333335,0.6166666666666667,0.6,0.016666666666666666,0.2,0.38333333333333336,0.43333333333333335,0.6166666666666667,0.6,0.0,0.0,0.0
20260703,Job-shop,4,69,0.47106060260083793,0.4869455700395612,0.4869455700395612,0.47106060260083793,0.47106060260083793,0.4869455700395612,1,1,0,0,0.18333333333333332,0.3333333333333333,0.4166666666666667,0.0,0.0,0.0,0.0,0.0,0.0,0.18333333333333332,0.3333333333333333,0.4166666666666667,0.18333333333333332,0.3333333333333333,0.4166666666666667,0.03333333333333333,0.3,0.5666666666666667,0.18333333333333332,0.3333333333333333,0.4166666666666667,0.0,0.0,0.0
20260703,Job-shop,3,116,0.5271165811674301,0.5390297940066241,0.5390297940066241,0.5271165811674301,0.5271165811674301,0.5390297940066241,1,1,0,0,0.6,0.6666666666666666,0.7833333333333333,0.0,0.0,0.0,0.0,0.0,0.0,0.6,0.6666666666666666,0.7833333333333333,0.6,0.6666666666666666,0.7833333333333333,0.13333333333333333,0.43333333333333335,0.7833333333333333,0.6,0.6666666666666666,0.7833333333333333,0.0,0.0,0.0
20260703,Job-shop,3,79,0.5093480092203416,0.5251285496250536,0.5251285496250536,0.5093480092203416,0.5093480092203416,0.5251285496250536,1,1,0,0,0.5166666666666667,0.31666666666666665,0.45,0.0,0.0,0.0,0.0,0.0,0.0,0.5166666666666667,0.31666666666666665,0.45,0.5166666666666667,0.31666666666666665,0.45,0.13333333333333333,0.38333333333333336,0.85,0.5166666666666667,0.31666666666666665,0.45,0.0,0.0,0.0
20260703,Job-shop,4,269,0.47901233723483755,0.4779762965512402,0.4779762965512402,0.47901233723483755,0.47901233723483755,0.4779762965512402,1,1,0,0,0.05,0.23333333333333334,0.5833333333333334,0.0,0.0,0.0,0.0,0.0,0.0,0.05,0.23333333333333334,0.5833333333333334,0.05,0.23333333333333334,0.5833333333333334,0.3,0.5,0.6833333333333333,0.05,0.23333333333333334,0.5833333333333334,0.0,0.0,0.0
20260703,Job-shop,3,200,0.5032495840596882,0.5204155520885647,0.5204155520885647,0.5032495840596882,0.5032495840596882,0.5204155520885647,1,1,0,0,0.016666666666666666,0.21666666666666667,0.31666666666666665,0.0,0.0,0.0,0.0,0.0,0.0,0.016666666666666666,0.21666666666666667,0.31666666666666665,0.016666666666666666,0.23333333333333334,0.38333333333333336,0.18333333333333332,0.4666666666666667,0.7666666666666667,0.016666666666666666,0.21666666666666667,0.31666666666666665,0.0,0.0,0.0
20260703,Job-shop,5,60,0.49628722079222864,0.49628722079222864,0.49628722079222864,0.49628722079222864,0.49628722079222864,0.49628722079222864,1,1,0,0,0.23333333333333334,0.4,0.5,0.0,0.0,0.0,0.0,0.0,0.0,0.23333333333333334,0.45,0.48333333333333334,0.23333333333333334,0.4,0.5,0.43333333333333335,0.5166666666666667,0.5833333333333334,0.23333333333333334,0.4,0.5,0.0,0.0,0.0
20260703,Job-shop,3,71,0.5329188032626683,0.5443857864875999,0.5429563524938942,0.5329188032626683,0.5554698080084587,0.5429563524938942,1,0,0,0,0.3333333333333333,0.45,0.5333333333333333,0.0,0.0,0.0,0.0,0.0,0.0,0.35,0.45,0.5333333333333333,0.6166666666666667,0.85,0.9,0.45,0.6166666666666667,0.8166666666666667,0.3333333333333333,0.45,0.5333333333333333,0.0,0.0,0.0
20260703,Job-shop,5,68,0.4994861970820802,0.4955768379255616,0.4955768379255616,0.4994861970820802,0.4994861970820802,0.4955768379255616,1,1,0,0,0.4,0.6,0.8666666666666667,0.0,0.0,0.0,0.0,0.0,0.0,0.4,0.6,0.8666666666666667,0.4,0.6,0.8666666666666667,0.0,0.13333333333333333,0.6,0.4,0.6,0.8666666666666667,0.0,0.0,0.0
20260703,Job-shop,3,65,0.5329467075625111,0.5329467075625111,0.5329467075625111,0.5329467075625111,0.5329467075625111,0.5329467075625111,1,1,0,0,0.3333333333333333,0.4166666666666667,0.55,0.0,0.0,0.0,0.0,0.0,0.0,0.3333333333333333,0.4166666666666667,0.55,0.3333333333333333,0.4166666666666667,0.55,0.13333333333333333,0.3333333333333333,0.8166666666666667,0.3333333333333333,0.4166666666666667,0.55,0.0,0.0,0.0
20260703,Job-shop,3,96,0.5344491119871367,0.5387669875263853,0.5387669875263853,0.5344491119871367,0.5344491119871367,0.5387669875263853,1,1,0,0,0.38333333333333336,0.6833333333333333,0.7166666666666667,0.0,0.0,0.0,0.0,0.0,0.0,0.38333333333333336,0.6833333333333333,0.7166666666666667,0.38333333333333336,0.6833333333333333,0.7166666666666667,0.5166666666666667,0.6666666666666666,0.8333333333333334,0.38333333333333336,0.6833333333333333,0.7166666666666667,0.0,0.0,0.0
20260703,WFG2,12,130,0.5816593214862202,0.5816593214862202,0.5816593214862202,0.5816593214862202,0.5816593214862202,0.5816593214862202,1,1,0,0,0.0,0.0,0.0,0.0,0.0,0.0,0.0,0.0,0.0,0.0,0.0,0.0,0.0,0.0,0.0,0.7333333333333333,0.7833333333333333,0.9166666666666666,0.0,0.0,0.0,0.0,0.0,0.0
20260703,WFG2,15,353,0.4858517198819997,0.4858517198819997,0.4858517198819997,0.4858517198819997,0.4858517198819997,0.4858517198819997,1,1,0,0,0.0,0.0,0.0,0.0,0.0,0.0,0.0,0.0,0.0,0.0,0.0,0.0,0.0,0.0,0.0,0.31666666666666665,0.6,0.8333333333333334,0.0,0.0,0.0,0.0,0.0,0.0
20260703,WFG2,13,127,0.5484936860471457,0.5484936860471457,0.5484936860471457,0.5484936860471457,0.5484936860471457,0.5484936860471457,1,1,0,0,0.0,0.0,0.0,0.0,0.0,0.0,0.0,0.0,0.0,0.0,0.0,0.0,0.0,0.0,0.0,0.0,0.0,0.3333333333333333,0.0,0.0,0.0,0.0,0.0,0.0
20260703,WFG2,15,219,0.5554938339561929,0.6224998242353166,0.6224998242353166,0.5554938339561929,0.5554938339561929,0.6224998242353166,1,1,0,0,0.0,0.016666666666666666,0.1,0.0,0.0,0.0,0.0,0.0,0.0,0.0,0.016666666666666666,0.1,0.0,0.016666666666666666,0.1,0.4666666666666667,0.65,0.8666666666666667,0.0,0.016666666666666666,0.1,0.0,0.0,0.0
20260703,WFG2,8,468,0.3677303492027403,0.3677303492027403,0.3677303492027403,0.3677303492027403,0.3677303492027403,0.3677303492027403,1,1,0,0,0.0,0.0,0.0,0.0,0.0,0.0,0.0,0.0,0.0,0.0,0.0,0.0,0.0,0.0,0.0,0.0,0.18333333333333332,0.6333333333333333,0.0,0.0,0.0,0.0,0.0,0.0
20260703,WFG2,6,141,0.25574004709185577,0.25574004709185577,0.25574004709185577,0.25574004709185577,0.25574004709185577,0.25574004709185577,1,1,0,0,0.0,0.0,0.0,0.0,0.0,0.0,0.0,0.0,0.0,0.0,0.0,0.0,0.0,0.0,0.0,0.0,0.03333333333333333,0.25,0.0,0.0,0.0,0.0,0.0,0.0
20260703,WFG2,9,279,0.4459940116447159,0.4459940116447159,0.4459940116447159,0.4459940116447159,0.4459940116447159,0.4459940116447159,1,1,0,0,0.0,0.0,0.0,0.0,0.0,0.0,0.0,0.0,0.0,0.0,0.0,0.0,0.0,0.0,0.0,0.13333333333333333,0.55,0.8666666666666667,0.0,0.0,0.0,0.0,0.0,0.0
20260703,WFG2,8,172,0.49966229081047686,0.49966229081047686,0.49966229081047686,0.49966229081047686,0.49966229081047686,0.49966229081047686,1,1,0,0,0.43333333333333335,0.43333333333333335,0.35,0.0,0.0,0.0,0.0,0.0,0.0,0.43333333333333335,0.43333333333333335,0.35,0.43333333333333335,0.43333333333333335,0.35,0.4166666666666667,0.5833333333333334,0.8333333333333334,0.43333333333333335,0.43333333333333335,0.35,0.0,0.0,0.0
20260703,WFG2,7,124,0.4135289328500386,0.4135289328500386,0.4135289328500386,0.4135289328500386,0.4135289328500386,0.4135289328500386,1,1,0,0,0.0,0.0,0.0,0.0,0.0,0.0,0.0,0.0,0.0,0.0,0.0,0.0,0.0,0.0,0.0,0.2,0.35,0.6833333333333333,0.0,0.0,0.0,0.0,0.0,0.0
20260703,WFG2,10,190,0.4438949516829267,0.4438949516829267,0.4438949516829267,0.4438949516829267,0.4438949516829267,0.4438949516829267,1,1,0,0,0.0,0.0,0.0,0.0,0.0,0.0,0.0,0.0,0.0,0.0,0.0,0.0,0.0,0.0,0.0,0.48333333333333334,0.48333333333333334,0.7666666666666667,0.0,0.0,0.0,0.0,0.0,0.0
20260703,WFG2,3,109,0.08827674675491845,0.08827674675491845,0.08827674675491845,0.08827674675491845,0.08827674675491845,0.08827674675491845,1,1,0,0,0.0,0.0,0.0,0.0,0.0,0.0,0.0,0.0,0.0,0.0,0.0,0.0,0.0,0.0,0.0,0.016666666666666666,0.11666666666666667,0.3333333333333333,0.0,0.0,0.0,0.0,0.0,0.0
20260703,WFG2,13,271,0.49502871129064924,0.49502871129064924,0.49502871129064924,0.49502871129064924,0.49502871129064924,0.49502871129064924,1,1,0,0,0.0,0.0,0.0,0.0,0.0,0.0,0.0,0.0,0.0,0.0,0.0,0.0,0.0,0.0,0.0,0.6166666666666667,0.85,0.9,0.0,0.0,0.0,0.0,0.0,0.0
20260703,WFG2,10,271,0.42548742332738976,0.42548742332738976,0.42548742332738976,0.42548742332738976,0.42548742332738976,0.42548742332738976,1,1,0,0,0.0,0.0,0.0,0.0,0.0,0.0,0.0,0.0,0.0,0.0,0.0,0.0,0.0,0.0,0.0,0.7666666666666667,0.75,0.8333333333333334,0.0,0.0,0.0,0.0,0.0,0.0
20260703,WFG2,8,215,0.4167197712716231,0.4167197712716231,0.4167197712716231,0.4167197712716231,0.4167197712716231,0.4167197712716231,1,1,0,0,0.0,0.0,0.0,0.0,0.0,0.0,0.0,0.0,0.0,0.0,0.0,0.0,0.0,0.0,0.0,0.21666666666666667,0.38333333333333336,0.6333333333333333,0.0,0.0,0.0,0.0,0.0,0.0
20260703,WFG2,4,113,0.21615535708135206,0.21615535708135206,0.21615535708135206,0.21615535708135206,0.21615535708135206,0.21615535708135206,1,1,0,0,0.0,0.0,0.0,0.0,0.0,0.0,0.0,0.0,0.0,0.0,0.0,0.0,0.0,0.0,0.0,0.0,0.21666666666666667,0.3333333333333333,0.0,0.0,0.0,0.0,0.0,0.0
20260703,WFG2,6,238,0.3679567777091678,0.44406255487256535,0.44406255487256535,0.3679567777091678,0.3679567777091678,0.44406255487256535,1,1,0,0,0.25,0.4,0.5666666666666667,0.0,0.0,0.0,0.0,0.0,0.0,0.25,0.4,0.5666666666666667,0.25,0.4,0.5666666666666667,0.5333333333333333,0.5833333333333334,0.85,0.25,0.4,0.5666666666666667,0.0,0.0,0.0
20260703,WFG2,6,97,0.43583125375287984,0.43583125375287984,0.43583125375287984,0.43583125375287984,0.43583125375287984,0.43583125375287984,1,1,0,0,0.1,0.16666666666666666,0.2833333333333333,0.0,0.0,0.0,0.0,0.0,0.0,0.1,0.16666666666666666,0.2833333333333333,0.1,0.16666666666666666,0.2833333333333333,0.6,0.6166666666666667,0.7666666666666667,0.1,0.16666666666666666,0.2833333333333333,0.0,0.0,0.0
20260703,WFG2,10,207,0.45173666914406546,0.45173666914406546,0.45173666914406546,0.45173666914406546,0.45173666914406546,0.45173666914406546,1,1,0,0,0.0,0.0,0.0,0.0,0.0,0.0,0.0,0.0,0.0,0.0,0.0,0.0,0.0,0.0,0.0,0.6666666666666666,0.7166666666666667,0.8166666666666667,0.0,0.0,0.0,0.0,0.0,0.0
20260703,WFG2,13,399,0.47280269955819576,0.47280269955819576,0.47280269955819576,0.47280269955819576,0.47280269955819576,0.47280269955819576,1,1,0,0,0.0,0.0,0.0,0.0,0.0,0.0,0.0,0.0,0.0,0.0,0.0,0.0,0.0,0.0,0.0,0.18333333333333332,0.38333333333333336,0.65,0.0,0.0,0.0,0.0,0.0,0.0
20260703,WFG2,5,135,0.4256203620099451,0.4256203620099451,0.4256203620099451,0.4256203620099451,0.4256203620099451,0.4256203620099451,1,1,0,0,0.0,0.0,0.0,0.0,0.0,0.0,0.0,0.0,0.0,0.0,0.0,0.0,0.0,0.0,0.0,0.5,0.75,0.95,0.0,0.0,0.0,0.0,0.0,0.0
20260703,WFG2,11,323,0.49239340926771225,0.49239340926771225,0.49239340926771225,0.49239340926771225,0.49239340926771225,0.49239340926771225,1,1,0,0,0.0,0.0,0.05,0.0,0.0,0.0,0.0,0.0,0.0,0.0,0.0,0.05,0.0,0.0,0.05,0.45,0.6333333333333333,0.8666666666666667,0.0,0.0,0.05,0.0,0.0,0.0
20260703,WFG2,13,204,0.47192935021078986,0.47192935021078986,0.47192935021078986,0.47192935021078986,0.47192935021078986,0.47192935021078986,1,1,0,0,0.0,0.0,0.0,0.0,0.0,0.0,0.0,0.0,0.0,0.0,0.0,0.0,0.0,0.0,0.0,0.7666666666666667,0.9,0.8166666666666667,0.0,0.0,0.0,0.0,0.0,0.0
20260703,WFG2,8,309,0.47246310111021317,0.47246310111021317,0.47246310111021317,0.47246310111021317,0.47246310111021317,0.47246310111021317,1,1,0,0,0.0,0.0,0.0,0.0,0.0,0.0,0.0,0.0,0.0,0.0,0.0,0.0,0.0,0.0,0.0,0.13333333333333333,0.48333333333333334,0.65,0.0,0.0,0.0,0.0,0.0,0.0
20260703,WFG2,14,323,0.48065982770121907,0.48065982770121907,0.48065982770121907,0.48065982770121907,0.48065982770121907,0.48065982770121907,1,1,0,0,0.0,0.0,0.0,0.0,0.0,0.0,0.0,0.0,0.0,0.0,0.0,0.0,0.0,0.0,0.0,0.3333333333333333,0.55,0.7166666666666667,0.0,0.0,0.0,0.0,0.0,0.0
20260703,WFG2,10,127,0.4593230521894911,0.4593230521894911,0.4593230521894911,0.4593230521894911,0.4593230521894911,0.4593230521894911,1,1,0,0,0.0,0.0,0.0,0.0,0.0,0.0,0.0,0.0,0.0,0.0,0.0,0.0,0.0,0.0,0.0,0.3,0.3,0.6166666666666667,0.0,0.0,0.0,0.0,0.0,0.0
20260703,WFG2,14,473,0.47634837121817075,0.47634837121817075,0.47634837121817075,0.47634837121817075,0.47634837121817075,0.47634837121817075,1,1,0,0,0.0,0.0,0.0,0.0,0.0,0.0,0.0,0.0,0.0,0.0,0.0,0.0,0.0,0.0,0.0,0.11666666666666667,0.25,0.75,0.0,0.0,0.0,0.0,0.0,0.0
20260703,WFG2,15,147,0.49550271010614755,0.49550271010614755,0.49550271010614755,0.49550271010614755,0.49550271010614755,0.49550271010614755,1,1,0,0,0.0,0.0,0.0,0.0,0.0,0.0,0.0,0.0,0.0,0.0,0.0,0.0,0.0,0.0,0.0,0.23333333333333334,0.5,0.65,0.0,0.0,0.0,0.0,0.0,0.0
20260703,WFG2,3,153,0.06714851732401027,0.06714851732401027,0.06714851732401027,0.06714851732401027,0.06714851732401027,0.06714851732401027,1,1,0,0,0.0,0.0,0.0,0.0,0.0,0.0,0.0,0.0,0.0,0.0,0.0,0.0,0.0,0.0,0.0,0.0,0.25,0.43333333333333335,0.0,0.0,0.0,0.0,0.0,0.0
20260703,WFG2,5,101,0.35528504313877896,0.35528504313877896,0.35528504313877896,0.35528504313877896,0.35528504313877896,0.35528504313877896,1,1,0,0,0.0,0.0,0.0,0.0,0.0,0.0,0.0,0.0,0.0,0.0,0.0,0.0,0.0,0.0,0.0,0.0,0.18333333333333332,0.6,0.0,0.0,0.0,0.0,0.0,0.0
20260703,WFG2,5,372,0.2962871108423242,0.2962871108423242,0.2962871108423242,0.2962871108423242,0.2962871108423242,0.2962871108423242,1,1,0,0,0.0,0.0,0.0,0.0,0.0,0.0,0.0,0.0,0.0,0.0,0.0,0.0,0.0,0.0,0.0,0.4666666666666667,0.55,0.7833333333333333,0.0,0.0,0.0,0.0,0.0,0.0
20260703,WFG2,5,164,0.15150969721524649,0.15150969721524649,0.15150969721524649,0.15150969721524649,0.15150969721524649,0.15150969721524649,1,1,0,0,0.0,0.0,0.0,0.0,0.0,0.0,0.0,0.0,0.0,0.0,0.0,0.0,0.0,0.0,0.0,0.0,0.0,0.11666666666666667,0.0,0.0,0.0,0.0,0.0,0.0
20260703,WFG2,13,194,0.5457982820127623,0.5457982820127623,0.5457982820127623,0.5457982820127623,0.5457982820127623,0.5457982820127623,1,1,0,0,0.0,0.0,0.0,0.0,0.0,0.0,0.0,0.0,0.0,0.0,0.0,0.0,0.0,0.0,0.0,0.5166666666666667,0.7,0.7833333333333333,0.0,0.0,0.0,0.0,0.0,0.0
20260703,WFG2,6,189,0.41282428746907046,0.41282428746907046,0.41282428746907046,0.41282428746907046,0.41282428746907046,0.41282428746907046,1,1,0,0,0.0,0.0,0.0,0.0,0.0,0.0,0.0,0.0,0.0,0.0,0.0,0.0,0.0,0.0,0.0,0.5166666666666667,0.7166666666666667,0.8833333333333333,0.0,0.0,0.0,0.0,0.0,0.0
20260703,WFG2,6,485,0.21372155725737715,0.21372155725737715,0.21372155725737715,0.21372155725737715,0.21372155725737715,0.21372155725737715,1,1,0,0,0.0,0.0,0.0,0.0,0.0,0.0,0.0,0.0,0.0,0.0,0.0,0.0,0.0,0.0,0.0,0.0,0.16666666666666666,0.45,0.0,0.0,0.0,0.0,0.0,0.0
20260703,WFG2,7,432,0.38824954238218745,0.38824954238218745,0.38824954238218745,0.38824954238218745,0.38824954238218745,0.38824954238218745,1,1,0,0,0.0,0.0,0.0,0.0,0.0,0.0,0.0,0.0,0.0,0.0,0.0,0.0,0.0,0.0,0.0,0.1,0.5,0.8333333333333334,0.0,0.0,0.0,0.0,0.0,0.0
20260703,WFG2,6,224,0.36102629040196216,0.36102629040196216,0.36102629040196216,0.36102629040196216,0.36102629040196216,0.36102629040196216,1,1,0,0,0.0,0.0,0.0,0.0,0.0,0.0,0.0,0.0,0.0,0.0,0.0,0.0,0.0,0.0,0.0,0.016666666666666666,0.26666666666666666,0.4,0.0,0.0,0.0,0.0,0.0,0.0
20260703,WFG2,10,296,0.4457221404059328,0.4457221404059328,0.4457221404059328,0.4457221404059328,0.4457221404059328,0.4457221404059328,1,1,0,0,0.0,0.0,0.0,0.0,0.0,0.0,0.0,0.0,0.0,0.0,0.0,0.0,0.0,0.0,0.0,0.31666666666666665,0.5833333333333334,0.7666666666666667,0.0,0.0,0.0,0.0,0.0,0.0
20260703,WFG2,9,500,0.4613132420207369,0.4613132420207369,0.4613132420207369,0.4613132420207369,0.4613132420207369,0.4613132420207369,1,1,0,0,0.18333333333333332,0.23333333333333334,0.35,0.0,0.0,0.0,0.0,0.0,0.0,0.18333333333333332,0.23333333333333334,0.35,0.18333333333333332,0.23333333333333334,0.35,0.0,0.35,0.7666666666666667,0.18333333333333332,0.23333333333333334,0.35,0.0,0.0,0.0
20260703,WFG2,12,363,0.49640554630514394,0.49640554630514394,0.49640554630514394,0.49640554630514394,0.49640554630514394,0.49640554630514394,1,1,0,0,0.0,0.0,0.0,0.0,0.0,0.0,0.0,0.0,0.0,0.0,0.0,0.0,0.0,0.0,0.0,0.5,0.5,0.7166666666666667,0.0,0.0,0.0,0.0,0.0,0.0
20260703,WFG2,8,489,0.3500295002239413,0.3500295002239413,0.3500295002239413,0.3500295002239413,0.3500295002239413,0.3500295002239413,1,1,0,0,0.0,0.0,0.0,0.0,0.0,0.0,0.0,0.0,0.0,0.0,0.0,0.0,0.0,0.0,0.0,0.3333333333333333,0.55,0.7666666666666667,0.0,0.0,0.0,0.0,0.0,0.0
20260703,WFG2,4,107,0.11677975847720863,0.11677975847720863,0.11677975847720863,0.11677975847720863,0.11677975847720863,0.11677975847720863,1,1,0,0,0.0,0.0,0.0,0.0,0.0,0.0,0.0,0.0,0.0,0.0,0.0,0.0,0.0,0.0,0.0,0.0,0.016666666666666666,0.11666666666666667,0.0,0.0,0.0,0.0,0.0,0.0
20260703,WFG2,10,179,0.49912507748875445,0.49912507748875445,0.49912507748875445,0.49912507748875445,0.49912507748875445,0.49912507748875445,1,1,0,0,0.0,0.0,0.0,0.0,0.0,0.0,0.0,0.0,0.0,0.0,0.0,0.0,0.0,0.0,0.0,0.0,0.03333333333333333,0.7,0.0,0.0,0.0,0.0,0.0,0.0
20260703,WFG2,15,339,0.562694375571566,0.562694375571566,0.562694375571566,0.562694375571566,0.562694375571566,0.562694375571566,1,1,0,0,0.0,0.0,0.0,0.0,0.0,0.0,0.0,0.0,0.0,0.0,0.0,0.0,0.0,0.0,0.0,0.45,0.5333333333333333,0.8333333333333334,0.0,0.0,0.0,0.0,0.0,0.0
20260703,WFG2,7,311,0.286182539114289,0.286182539114289,0.286182539114289,0.286182539114289,0.286182539114289,0.286182539114289,1,1,0,0,0.0,0.0,0.0,0.0,0.0,0.0,0.0,0.0,0.0,0.0,0.0,0.0,0.0,0.0,0.0,0.36666666666666664,0.5333333333333333,0.5166666666666667,0.0,0.0,0.0,0.0,0.0,0.0
20260703,WFG2,7,426,0.3776656452349606,0.40365290908919543,0.40365290908919543,0.3776656452349606,0.3776656452349606,0.40365290908919543,1,1,0,0,0.0,0.05,0.16666666666666666,0.0,0.0,0.0,0.0,0.0,0.0,0.0,0.05,0.16666666666666666,0.0,0.05,0.16666666666666666,0.05,0.26666666666666666,0.7166666666666667,0.0,0.05,0.16666666666666666,0.0,0.0,0.0
20260703,WFG2,15,445,0.4846373612850286,0.4846373612850286,0.4846373612850286,0.4846373612850286,0.4846373612850286,0.4846373612850286,1,1,0,0,0.0,0.0,0.0,0.0,0.0,0.0,0.0,0.0,0.0,0.0,0.0,0.0,0.0,0.0,0.0,0.08333333333333333,0.31666666666666665,0.7333333333333333,0.0,0.0,0.0,0.0,0.0,0.0
20260703,WFG2,14,490,0.4904202982766512,0.5405628367745275,0.5405628367745275,0.4904202982766512,0.4904202982766512,0.5405628367745275,1,1,0,0,0.26666666666666666,0.5166666666666667,0.5333333333333333,0.0,0.0,0.0,0.0,0.0,0.0,0.26666666666666666,0.5166666666666667,0.5333333333333333,0.26666666666666666,0.5166666666666667,0.5333333333333333,0.2,0.5166666666666667,0.95,0.26666666666666666,0.5166666666666667,0.5333333333333333,0.0,0.0,0.0
20260703,WFG2,9,239,0.46245212920890244,0.4854533912484697,0.4854533912484697,0.46245212920890244,0.46245212920890244,0.4854533912484697,1,1,0,0,0.08333333333333333,0.35,0.65,0.0,0.0,0.0,0.0,0.0,0.0,0.08333333333333333,0.35,0.65,0.08333333333333333,0.35,0.65,0.31666666666666665,0.35,0.7166666666666667,0.08333333333333333,0.35,0.65,0.0,0.0,0.0
20260703,WFG2,15,483,0.44722869524198133,0.44722869524198133,0.44722869524198133,0.44722869524198133,0.44722869524198133,0.44722869524198133,1,1,0,0,0.0,0.0,0.0,0.0,0.0,0.0,0.0,0.0,0.0,0.0,0.0,0.0,0.0,0.0,0.0,0.08333333333333333,0.36666666666666664,0.8666666666666667,0.0,0.0,0.0,0.0,0.0,0.0
20260703,WFG2,8,124,0.4445122438202471,0.6180742764421239,0.6180742764421239,0.4445122438202471,0.4445122438202471,0.6180742764421239,1,1,0,0,0.0,0.0,0.0,0.0,0.0,0.0,0.0,0.0,0.0,0.0,0.0,0.0,0.0,0.0,0.0,0.7,0.85,0.9833333333333333,0.0,0.0,0.0,0.0,0.0,0.0
20260703,WFG2,8,62,0.43194377786892896,0.43194377786892896,0.43194377786892896,0.43194377786892896,0.43194377786892896,0.43194377786892896,1,1,0,0,0.0,0.0,0.0,0.0,0.0,0.0,0.0,0.0,0.0,0.0,0.0,0.0,0.0,0.0,0.0,0.016666666666666666,0.25,0.8333333333333334,0.0,0.0,0.0,0.0,0.0,0.0
20260703,WFG2,11,367,0.5084317285121412,0.5084317285121412,0.5084317285121412,0.5084317285121412,0.5084317285121412,0.5084317285121412,1,1,0,0,0.0,0.0,0.0,0.0,0.0,0.0,0.0,0.0,0.0,0.0,0.0,0.0,0.0,0.0,0.0,0.6833333333333333,0.9166666666666666,0.9833333333333333,0.0,0.0,0.0,0.0,0.0,0.0
20260703,WFG2,7,242,0.3291609690579765,0.3291609690579765,0.3291609690579765,0.3291609690579765,0.3291609690579765,0.3291609690579765,1,1,0,0,0.0,0.0,0.0,0.0,0.0,0.0,0.0,0.0,0.0,0.0,0.0,0.0,0.0,0.0,0.0,0.36666666666666664,0.31666666666666665,0.65,0.0,0.0,0.0,0.0,0.0,0.0
20260703,WFG2,9,282,0.5266162366467215,0.5266162366467215,0.5266162366467215,0.5266162366467215,0.5266162366467215,0.5266162366467215,1,1,0,0,0.2833333333333333,0.21666666666666667,0.2833333333333333,0.0,0.0,0.0,0.0,0.0,0.0,0.2833333333333333,0.21666666666666667,0.2833333333333333,0.2833333333333333,0.21666666666666667,0.2833333333333333,0.7833333333333333,0.9833333333333333,0.9833333333333333,0.2833333333333333,0.21666666666666667,0.2833333333333333,0.0,0.0,0.0
20260703,WFG2,13,428,0.5077248518859407,0.5077248518859407,0.5077248518859407,0.5077248518859407,0.5077248518859407,0.5077248518859407,1,1,0,0,0.0,0.0,0.0,0.0,0.0,0.0,0.0,0.0,0.0,0.0,0.0,0.0,0.0,0.0,0.0,0.13333333333333333,0.5166666666666667,0.8833333333333333,0.0,0.0,0.0,0.0,0.0,0.0
20260703,WFG2,10,117,0.4276572725198446,0.4276572725198446,0.4276572725198446,0.4276572725198446,0.4276572725198446,0.4276572725198446,1,1,0,0,0.0,0.0,0.0,0.0,0.0,0.0,0.0,0.0,0.0,0.0,0.0,0.0,0.0,0.0,0.0,0.03333333333333333,0.26666666666666666,0.6166666666666667,0.0,0.0,0.0,0.0,0.0,0.0
20260703,WFG2,8,114,0.3989117168403233,0.3989117168403233,0.3989117168403233,0.3989117168403233,0.3989117168403233,0.3989117168403233,1,1,0,0,0.0,0.0,0.0,0.0,0.0,0.0,0.0,0.0,0.0,0.0,0.0,0.0,0.0,0.0,0.0,0.35,0.48333333333333334,0.7,0.0,0.0,0.0,0.0,0.0,0.0
20260703,WFG2,8,208,0.41414958186385237,0.41414958186385237,0.41414958186385237,0.41414958186385237,0.41414958186385237,0.41414958186385237,1,1,0,0,0.0,0.0,0.0,0.0,0.0,0.0,0.0,0.0,0.0,0.0,0.0,0.0,0.0,0.0,0.0,0.3333333333333333,0.36666666666666664,0.7333333333333333,0.0,0.0,0.0,0.0,0.0,0.0
20260703,WFG2,9,118,0.5004433139051724,0.5004433139051724,0.5004433139051724,0.5004433139051724,0.5004433139051724,0.5004433139051724,1,1,0,0,0.0,0.0,0.0,0.0,0.0,0.0,0.0,0.0,0.0,0.0,0.0,0.0,0.0,0.0,0.0,0.6166666666666667,0.9666666666666667,0.95,0.0,0.0,0.0,0.0,0.0,0.0
20260703,WFG2,10,329,0.4518234362084897,0.4518234362084897,0.4518234362084897,0.4518234362084897,0.4518234362084897,0.4518234362084897,1,1,0,0,0.0,0.0,0.0,0.0,0.0,0.0,0.0,0.0,0.0,0.0,0.0,0.0,0.0,0.0,0.0,0.05,0.2833333333333333,0.6166666666666667,0.0,0.0,0.0,0.0,0.0,0.0
20260703,WFG2,13,357,0.488073528688818,0.488073528688818,0.488073528688818,0.488073528688818,0.488073528688818,0.488073528688818,1,1,0,0,0.0,0.0,0.0,0.0,0.0,0.0,0.0,0.0,0.0,0.0,0.0,0.0,0.0,0.0,0.0,0.5666666666666667,0.75,0.9166666666666666,0.0,0.0,0.0,0.0,0.0,0.0
20260703,WFG2,15,135,0.5570798157659766,0.5570798157659766,0.5570798157659766,0.5570798157659766,0.5570798157659766,0.5570798157659766,1,1,0,0,0.0,0.0,0.0,0.0,0.0,0.0,0.0,0.0,0.0,0.0,0.0,0.0,0.0,0.0,0.0,0.4,0.45,0.6,0.0,0.0,0.0,0.0,0.0,0.0
20260703,WFG2,11,309,0.5126410721727149,0.5126410721727149,0.5126410721727149,0.5126410721727149,0.5126410721727149,0.5126410721727149,1,1,0,0,0.0,0.03333333333333333,0.08333333333333333,0.0,0.0,0.0,0.0,0.0,0.0,0.0,0.03333333333333333,0.08333333333333333,0.0,0.03333333333333333,0.08333333333333333,0.11666666666666667,0.5,0.85,0.0,0.03333333333333333,0.08333333333333333,0.0,0.0,0.0
20260703,WFG2,7,105,0.40218789377148656,0.40218789377148656,0.40218789377148656,0.40218789377148656,0.40218789377148656,0.40218789377148656,1,1,0,0,0.0,0.0,0.0,0.0,0.0,0.0,0.0,0.0,0.0,0.0,0.0,0.0,0.0,0.0,0.0,0.13333333333333333,0.4166666666666667,0.6333333333333333,0.0,0.0,0.0,0.0,0.0,0.0
20260703,WFG2,3,135,0.0838015682274413,0.0838015682274413,0.0838015682274413,0.0838015682274413,0.0838015682274413,0.0838015682274413,1,1,0,0,0.0,0.0,0.0,0.0,0.0,0.0,0.0,0.0,0.0,0.0,0.0,0.0,0.0,0.0,0.0,0.15,0.38333333333333336,0.48333333333333334,0.0,0.0,0.0,0.0,0.0,0.0
20260703,WFG2,15,342,0.4828254520201329,0.4828254520201329,0.4828254520201329,0.4828254520201329,0.4828254520201329,0.4828254520201329,1,1,0,0,0.0,0.0,0.0,0.0,0.0,0.0,0.0,0.0,0.0,0.0,0.0,0.0,0.0,0.0,0.0,0.2,0.6333333333333333,0.8,0.0,0.0,0.0,0.0,0.0,0.0
20260703,WFG2,6,397,0.38605268932394143,0.38605268932394143,0.38605268932394143,0.38605268932394143,0.38605268932394143,0.38605268932394143,1,1,0,0,0.0,0.0,0.0,0.0,0.0,0.0,0.0,0.0,0.0,0.0,0.0,0.0,0.0,0.0,0.0,0.7333333333333333,0.8666666666666667,0.9666666666666667,0.0,0.0,0.0,0.0,0.0,0.0
20260703,WFG2,14,174,0.5539205030937798,0.5539205030937798,0.5539205030937798,0.5539205030937798,0.5539205030937798,0.5539205030937798,1,1,0,0,0.0,0.0,0.0,0.0,0.0,0.0,0.0,0.0,0.0,0.0,0.0,0.0,0.0,0.0,0.0,0.7,0.8,0.7833333333333333,0.0,0.0,0.0,0.0,0.0,0.0
20260703,WFG2,4,56,0.3263279858646314,0.4780737544593102,0.4780737544593102,0.3263279858646314,0.3263279858646314,0.4780737544593102,1,1,0,0,0.0,0.0,0.0,0.0,0.0,0.0,0.0,0.0,0.0,0.0,0.0,0.0,0.0,0.0,0.0,0.21666666666666667,0.3333333333333333,0.8333333333333334,0.0,0.0,0.0,0.0,0.0,0.0
20260703,WFG2,15,386,0.49866171085884214,0.49866171085884214,0.49866171085884214,0.49866171085884214,0.49866171085884214,0.49866171085884214,1,1,0,0,0.0,0.0,0.0,0.0,0.0,0.0,0.0,0.0,0.0,0.0,0.0,0.0,0.0,0.0,0.0,0.0,0.31666666666666665,0.75,0.0,0.0,0.0,0.0,0.0,0.0
20260703,WFG2,7,286,0.3539387247355492,0.3539387247355492,0.3539387247355492,0.3539387247355492,0.3539387247355492,0.3539387247355492,1,1,0,0,0.0,0.0,0.0,0.0,0.0,0.0,0.0,0.0,0.0,0.0,0.0,0.0,0.0,0.0,0.0,0.35,0.45,0.6,0.0,0.0,0.0,0.0,0.0,0.0
20260703,WFG2,15,298,0.473252281946375,0.473252281946375,0.473252281946375,0.473252281946375,0.473252281946375,0.473252281946375,1,1,0,0,0.0,0.0,0.0,0.0,0.0,0.0,0.0,0.0,0.0,0.0,0.0,0.0,0.0,0.0,0.0,0.016666666666666666,0.13333333333333333,0.6166666666666667,0.0,0.0,0.0,0.0,0.0,0.0
20260703,WFG2,6,460,0.2481193584082682,0.2481193584082682,0.2481193584082682,0.2481193584082682,0.2481193584082682,0.2481193584082682,1,1,0,0,0.0,0.0,0.0,0.0,0.0,0.0,0.0,0.0,0.0,0.0,0.0,0.0,0.0,0.0,0.0,0.016666666666666666,0.1,0.55,0.0,0.0,0.0,0.0,0.0,0.0
20260703,WFG2,4,69,0.31674034658486044,0.31674034658486044,0.31674034658486044,0.31674034658486044,0.31674034658486044,0.31674034658486044,1,1,0,0,0.0,0.0,0.0,0.0,0.0,0.0,0.0,0.0,0.0,0.0,0.0,0.0,0.0,0.0,0.0,0.0,0.0,0.08333333333333333,0.0,0.0,0.0,0.0,0.0,0.0
20260703,WFG2,13,290,0.46715324538844966,0.46715324538844966,0.46715324538844966,0.46715324538844966,0.46715324538844966,0.46715324538844966,1,1,0,0,0.0,0.0,0.0,0.0,0.0,0.0,0.0,0.0,0.0,0.0,0.0,0.0,0.0,0.0,0.0,0.05,0.2,0.7,0.0,0.0,0.0,0.0,0.0,0.0
20260703,WFG2,8,295,0.4523970094540401,0.4523970094540401,0.4523970094540401,0.4523970094540401,0.4523970094540401,0.4523970094540401,1,1,0,0,0.0,0.0,0.0,0.0,0.0,0.0,0.0,0.0,0.0,0.0,0.0,0.0,0.0,0.0,0.0,0.1,0.36666666666666664,0.7166666666666667,0.0,0.0,0.0,0.0,0.0,0.0
20260703,WFG2,6,345,0.29945359709473507,0.29945359709473507,0.29945359709473507,0.29945359709473507,0.29945359709473507,0.29945359709473507,1,1,0,0,0.0,0.0,0.0,0.0,0.0,0.0,0.0,0.0,0.0,0.0,0.0,0.0,0.0,0.0,0.0,0.23333333333333334,0.5166666666666667,0.6166666666666667,0.0,0.0,0.0,0.0,0.0,0.0
20260703,WFG2,4,178,0.14198598638849252,0.14198598638849252,0.14198598638849252,0.14198598638849252,0.14198598638849252,0.14198598638849252,1,1,0,0,0.0,0.0,0.0,0.0,0.0,0.0,0.0,0.0,0.0,0.0,0.0,0.0,0.0,0.0,0.0,0.0,0.0,0.1,0.0,0.0,0.0,0.0,0.0,0.0
20260703,WFG2,14,231,0.5249782001217644,0.5249782001217644,0.5249782001217644,0.5249782001217644,0.5249782001217644,0.5249782001217644,1,1,0,0,0.0,0.0,0.0,0.0,0.0,0.0,0.0,0.0,0.0,0.0,0.0,0.0,0.0,0.0,0.0,0.55,0.6833333333333333,0.8,0.0,0.0,0.0,0.0,0.0,0.0
20260703,WFG2,15,219,0.5368352253715031,0.5988846718094168,0.5988846718094168,0.5368352253715031,0.5368352253715031,0.5988846718094168,1,1,0,0,0.0,0.0,0.06666666666666667,0.0,0.0,0.0,0.0,0.0,0.0,0.0,0.0,0.06666666666666667,0.0,0.0,0.06666666666666667,0.8666666666666667,0.9166666666666666,0.9333333333333333,0.0,0.0,0.06666666666666667,0.0,0.0,0.0
20260703,WFG2,9,434,0.4329213024155626,0.4329213024155626,0.4329213024155626,0.4329213024155626,0.4329213024155626,0.4329213024155626,1,1,0,0,0.0,0.0,0.0,0.0,0.0,0.0,0.0,0.0,0.0,0.0,0.0,0.0,0.0,0.0,0.0,0.36666666666666664,0.7,0.85,0.0,0.0,0.0,0.0,0.0,0.0
20260703,WFG2,9,349,0.3579333647769077,0.5534901978359721,0.5534901978359721,0.3579333647769077,0.3579333647769077,0.5534901978359721,1,1,0,0,0.0,0.0,0.0,0.0,0.0,0.0,0.0,0.0,0.0,0.0,0.0,0.0,0.0,0.0,0.0,0.9333333333333333,0.9,0.9833333333333333,0.0,0.0,0.0,0.0,0.0,0.0
20260703,WFG2,14,175,0.5029392768332772,0.5029392768332772,0.5029392768332772,0.5029392768332772,0.5029392768332772,0.5029392768332772,1,1,0,0,0.0,0.0,0.0,0.0,0.0,0.0,0.0,0.0,0.0,0.0,0.0,0.0,0.0,0.0,0.0,0.35,0.5666666666666667,0.75,0.0,0.0,0.0,0.0,0.0,0.0
20260703,WFG2,10,395,0.5009240142722212,0.5009240142722212,0.5009240142722212,0.5009240142722212,0.5009240142722212,0.5009240142722212,1,1,0,0,0.0,0.016666666666666666,0.08333333333333333,0.0,0.0,0.0,0.0,0.0,0.0,0.0,0.016666666666666666,0.08333333333333333,0.0,0.016666666666666666,0.08333333333333333,0.18333333333333332,0.6,0.8666666666666667,0.0,0.016666666666666666,0.08333333333333333,0.0,0.0,0.0
20260703,WFG2,5,119,0.31602754431160374,0.31602754431160374,0.31602754431160374,0.31602754431160374,0.31602754431160374,0.31602754431160374,1,1,0,0,0.0,0.0,0.0,0.0,0.0,0.0,0.0,0.0,0.0,0.0,0.0,0.0,0.0,0.0,0.0,0.13333333333333333,0.38333333333333336,0.5333333333333333,0.0,0.0,0.0,0.0,0.0,0.0
20260703,WFG2,6,254,0.23661481645801313,0.23661481645801313,0.23661481645801313,0.23661481645801313,0.23661481645801313,0.23661481645801313,1,1,0,0,0.0,0.0,0.0,0.0,0.0,0.0,0.0,0.0,0.0,0.0,0.0,0.0,0.0,0.0,0.0,0.03333333333333333,0.2,0.4,0.0,0.0,0.0,0.0,0.0,0.0
20260703,WFG2,4,108,0.3230623878622258,0.45651147617876714,0.45651147617876714,0.3230623878622258,0.3230623878622258,0.45651147617876714,1,1,0,0,0.0,0.0,0.0,0.0,0.0,0.0,0.0,0.0,0.0,0.0,0.0,0.0,0.0,0.0,0.0,0.6833333333333333,0.9166666666666666,0.9666666666666667,0.0,0.0,0.0,0.0,0.0,0.0
20260703,WFG2,6,119,0.40236874124744965,0.40236874124744965,0.40236874124744965,0.40236874124744965,0.40236874124744965,0.40236874124744965,1,1,0,0,0.0,0.016666666666666666,0.18333333333333332,0.0,0.0,0.0,0.0,0.0,0.0,0.0,0.016666666666666666,0.18333333333333332,0.0,0.016666666666666666,0.18333333333333332,0.38333333333333336,0.7666666666666667,0.75,0.0,0.016666666666666666,0.18333333333333332,0.0,0.0,0.0
20260703,WFG2,4,81,0.28952585574734685,0.28952585574734685,0.28952585574734685,0.28952585574734685,0.28952585574734685,0.28952585574734685,1,1,0,0,0.0,0.0,0.0,0.0,0.0,0.0,0.0,0.0,0.0,0.0,0.0,0.0,0.0,0.0,0.0,0.016666666666666666,0.23333333333333334,0.4666666666666667,0.0,0.0,0.0,0.0,0.0,0.0
20260703,WFG2,8,385,0.42413802336460976,0.42413802336460976,0.42413802336460976,0.42413802336460976,0.42413802336460976,0.42413802336460976,1,1,0,0,0.0,0.0,0.0,0.0,0.0,0.0,0.0,0.0,0.0,0.0,0.0,0.0,0.0,0.0,0.0,0.5166666666666667,0.55,0.8333333333333334,0.0,0.0,0.0,0.0,0.0,0.0
20260703,WFG2,14,351,0.512759981440831,0.512759981440831,0.512759981440831,0.512759981440831,0.512759981440831,0.512759981440831,1,1,0,0,0.0,0.0,0.0,0.0,0.0,0.0,0.0,0.0,0.0,0.0,0.0,0.0,0.0,0.0,0.0,0.35,0.5333333333333333,0.8333333333333334,0.0,0.0,0.0,0.0,0.0,0.0
20260703,WFG2,11,255,0.4908179351449576,0.4908179351449576,0.4908179351449576,0.4908179351449576,0.4908179351449576,0.4908179351449576,1,1,0,0,0.0,0.0,0.0,0.0,0.0,0.0,0.0,0.0,0.0,0.0,0.0,0.0,0.0,0.0,0.0,0.6166666666666667,0.9,0.9166666666666666,0.0,0.0,0.0,0.0,0.0,0.0
20260703,WFG2,14,323,0.4872988473021807,0.4872988473021807,0.4872988473021807,0.4872988473021807,0.4872988473021807,0.4872988473021807,1,1,0,0,0.0,0.0,0.0,0.0,0.0,0.0,0.0,0.0,0.0,0.0,0.0,0.0,0.0,0.0,0.0,0.6333333333333333,0.7833333333333333,0.9,0.0,0.0,0.0,0.0,0.0,0.0
20260703,WFG2,11,390,0.44439382959355067,0.44439382959355067,0.44439382959355067,0.44439382959355067,0.44439382959355067,0.44439382959355067,1,1,0,0,0.0,0.0,0.0,0.0,0.0,0.0,0.0,0.0,0.0,0.0,0.0,0.0,0.0,0.0,0.0,0.6833333333333333,0.8666666666666667,0.9,0.0,0.0,0.0,0.0,0.0,0.0
20260703,WFG2,8,445,0.3319325333914995,0.3319325333914995,0.3319325333914995,0.3319325333914995,0.3319325333914995,0.3319325333914995,1,1,0,0,0.0,0.0,0.0,0.0,0.0,0.0,0.0,0.0,0.0,0.0,0.0,0.0,0.0,0.0,0.0,0.0,0.15,0.5833333333333334,0.0,0.0,0.0,0.0,0.0,0.0
20260703,WFG2,5,275,0.24318197628948518,0.24318197628948518,0.24318197628948518,0.24318197628948518,0.24318197628948518,0.24318197628948518,1,1,0,0,0.0,0.0,0.0,0.0,0.0,0.0,0.0,0.0,0.0,0.0,0.0,0.0,0.0,0.0,0.0,0.45,0.48333333333333334,0.6333333333333333,0.0,0.0,0.0,0.0,0.0,0.0
20260703,WFG2,4,54,0.20370243596778928,0.20370243596778928,0.20370243596778928,0.20370243596778928,0.20370243596778928,0.20370243596778928,1,1,0,0,0.0,0.0,0.0,0.0,0.0,0.0,0.0,0.0,0.0,0.0,0.0,0.0,0.0,0.0,0.0,0.0,0.016666666666666666,0.06666666666666667,0.0,0.0,0.0,0.0,0.0,0.0
20260703,WFG2,14,101,0.5319155656099663,0.5319155656099663,0.5319155656099663,0.5319155656099663,0.5319155656099663,0.5319155656099663,1,1,0,0,0.0,0.0,0.0,0.0,0.0,0.0,0.0,0.0,0.0,0.0,0.0,0.0,0.0,0.0,0.0,0.4166666666666667,0.4666666666666667,0.85,0.0,0.0,0.0,0.0,0.0,0.0
20260703,WFG2,14,156,0.48246368470487205,0.48246368470487205,0.48246368470487205,0.48246368470487205,0.48246368470487205,0.48246368470487205,1,1,0,0,0.0,0.0,0.0,0.0,0.0,0.0,0.0,0.0,0.0,0.0,0.0,0.0,0.0,0.0,0.0,0.1,0.55,0.8166666666666667,0.0,0.0,0.0,0.0,0.0,0.0
20260703,WFG2,12,282,0.46276426021108463,0.5344756092677238,0.5344756092677238,0.46276426021108463,0.46276426021108463,0.5344756092677238,1,1,0,0,0.0,0.0,0.08333333333333333,0.0,0.0,0.0,0.0,0.0,0.0,0.0,0.0,0.08333333333333333,0.0,0.0,0.08333333333333333,0.7166666666666667,0.7666666666666667,0.9166666666666666,0.0,0.0,0.08333333333333333,0.0,0.0,0.0
20260703,DTLZ,4,359,0.859836781368562,0.792226898722037,0.792226898722037,0.859836781368562,0.859836781368562,0.792226898722037,1,1,0,0,0.0,0.0,0.1,0.0,0.0,0.0,0.0,0.0,0.0,0.0,0.0,0.1,0.0,0.0,0.1,0.85,0.8166666666666667,1.0,0.0,0.0,0.1,0.0,0.0,0.0
20260703,DTLZ,6,426,0.7735510975405345,0.7384046368844288,0.7384046368844288,0.7735510975405345,0.7735510975405345,0.7384046368844288,1,1,0,0,0.0,0.11666666666666667,0.2833333333333333,0.0,0.0,0.0,0.0,0.0,0.0,0.0,0.11666666666666667,0.2833333333333333,0.0,0.11666666666666667,0.2833333333333333,0.7,0.9,0.9166666666666666,0.0,0.11666666666666667,0.2833333333333333,0.0,0.0,0.0
20260703,DTLZ,6,89,0.8240291826566627,0.7715796184345224,0.7715796184345224,0.8240291826566627,0.8240291826566627,0.7715796184345224,1,1,0,0,0.08333333333333333,0.3333333333333333,0.7166666666666667,0.0,0.0,0.0,0.0,0.0,0.0,0.08333333333333333,0.3333333333333333,0.7166666666666667,0.08333333333333333,0.3333333333333333,0.7166666666666667,0.45,0.55,0.7666666666666667,0.08333333333333333,0.3333333333333333,0.7166666666666667,0.0,0.0,0.0
20260703,DTLZ,13,360,0.7394352445487768,0.7498624512930786,0.7498624512930786,0.7394352445487768,0.7394352445487768,0.7498624512930786,1,1,0,0,0.15,0.5666666666666667,0.95,0.0,0.0,0.0,0.0,0.0,0.0,0.15,0.5666666666666667,0.95,0.15,0.5666666666666667,0.95,0.6833333333333333,0.9,1.0,0.15,0.5666666666666667,0.95,0.0,0.0,0.0
20260703,DTLZ,15,243,0.7521116146735723,0.7419625638591006,0.7419625638591006,0.7521116146735723,0.7521116146735723,0.7419625638591006,1,1,0,0,0.38333333333333336,0.3,0.4,0.0,0.0,0.0,0.0,0.0,0.0,0.38333333333333336,0.3,0.4,0.38333333333333336,0.3,0.4,0.55,0.7666666666666667,0.9333333333333333,0.38333333333333336,0.3,0.4,0.0,0.0,0.0
20260703,DTLZ,12,429,0.7322300221466449,0.7296563502798254,0.7296563502798254,0.7322300221466449,0.7322300221466449,0.7296563502798254,1,1,0,0,0.31666666666666665,0.75,0.8166666666666667,0.0,0.0,0.0,0.0,0.0,0.0,0.31666666666666665,0.75,0.8166666666666667,0.31666666666666665,0.75,0.8166666666666667,0.65,0.7666666666666667,1.0,0.31666666666666665,0.75,0.8166666666666667,0.0,0.0,0.0
20260703,DTLZ,7,458,0.7552468636579425,0.7457075261596425,0.7457075261596425,0.7552468636579425,0.7552468636579425,0.7457075261596425,1,1,0,0,0.5,0.75,0.9333333333333333,0.0,0.0,0.0,0.0,0.0,0.0,0.5,0.75,0.9333333333333333,0.5,0.75,0.9333333333333333,0.1,0.5666666666666667,0.9,0.5,0.75,0.9333333333333333,0.0,0.0,0.0
20260703,DTLZ,10,457,0.742532580066728,0.727427306995714,0.727427306995714,0.742532580066728,0.742532580066728,0.727427306995714,1,1,0,0,0.0,0.16666666666666666,0.5666666666666667,0.0,0.0,0.0,0.0,0.0,0.0,0.0,0.16666666666666666,0.5666666666666667,0.0,0.16666666666666666,0.5666666666666667,0.11666666666666667,0.5,0.8833333333333333,0.0,0.16666666666666666,0.5666666666666667,0.0,0.0,0.0
20260703,DTLZ,7,77,0.7964108965103978,0.7608972984077729,0.7608972984077729,0.7964108965103978,0.7964108965103978,0.7608972984077729,1,1,0,0,0.08333333333333333,0.2833333333333333,0.25,0.0,0.0,0.0,0.0,0.0,0.0,0.08333333333333333,0.2833333333333333,0.25,0.08333333333333333,0.2833333333333333,0.25,0.08333333333333333,0.4,0.7666666666666667,0.08333333333333333,0.2833333333333333,0.25,0.0,0.0,0.0
20260703,DTLZ,4,452,0.8405522648014176,0.8052882875078198,0.8052882875078198,0.8405522648014176,0.8405522648014176,0.8052882875078198,1,1,0,0,0.6833333333333333,0.9333333333333333,0.9333333333333333,0.0,0.0,0.0,0.0,0.0,0.0,0.6833333333333333,0.9333333333333333,0.9333333333333333,0.6833333333333333,0.9333333333333333,0.9333333333333333,0.6166666666666667,0.8666666666666667,0.95,0.6833333333333333,0.9333333333333333,0.9333333333333333,0.0,0.0,0.0
20260703,DTLZ,10,107,0.8008278162493776,0.7530607508859466,0.7530607508859466,0.8008278162493776,0.8008278162493776,0.7530607508859466,1,1,0,0,0.0,0.016666666666666666,0.3333333333333333,0.0,0.0,0.0,0.0,0.0,0.0,0.0,0.016666666666666666,0.3333333333333333,0.0,0.016666666666666666,0.3333333333333333,0.45,0.5,0.8166666666666667,0.0,0.016666666666666666,0.3333333333333333,0.0,0.0,0.0
20260703,DTLZ,9,318,0.7553179645190728,0.7335210275401596,0.7335210275401596,0.7553179645190728,0.7553179645190728,0.7335210275401596,1,1,0,0,0.2,0.5,0.8166666666666667,0.0,0.0,0.0,0.0,0.0,0.0,0.2,0.5,0.8166666666666667,0.2,0.5,0.8166666666666667,0.55,0.8166666666666667,0.9833333333333333,0.2,0.5,0.8166666666666667,0.0,0.0,0.0
20260703,DTLZ,8,389,0.7712381753206714,0.7374261573207582,0.7374261573207582,0.7712381753206714,0.7712381753206714,0.7374261573207582,1,1,0,0,0.08333333333333333,0.25,0.7166666666666667,0.0,0.0,0.0,0.0,0.0,0.0,0.08333333333333333,0.25,0.7166666666666667,0.08333333333333333,0.25,0.7166666666666667,0.43333333333333335,0.7166666666666667,0.9,0.08333333333333333,0.25,0.7166666666666667,0.0,0.0,0.0
20260703,DTLZ,10,234,0.7693243919189159,0.744072153910011,0.744072153910011,0.7693243919189159,0.7693243919189159,0.744072153910011,1,1,0,0,0.06666666666666667,0.3333333333333333,0.6166666666666667,0.0,0.0,0.0,0.0,0.0,0.0,0.06666666666666667,0.3333333333333333,0.6166666666666667,0.06666666666666667,0.3333333333333333,0.6166666666666667,0.8833333333333333,0.9666666666666667,0.9833333333333333,0.06666666666666667,0.3333333333333333,0.6166666666666667,0.0,0.0,0.0
20260703,DTLZ,13,116,0.7683482107312628,0.752333147558101,0.752333147558101,0.7683482107312628,0.7683482107312628,0.752333147558101,1,1,0,0,0.5833333333333334,0.65,0.7166666666666667,0.0,0.0,0.0,0.0,0.0,0.0,0.5833333333333334,0.65,0.7166666666666667,0.5833333333333334,0.65,0.7166666666666667,0.5833333333333334,0.7166666666666667,0.8166666666666667,0.5833333333333334,0.65,0.7166666666666667,0.0,0.0,0.0
20260703,DTLZ,6,204,0.7782193455299189,0.7554562175296804,0.7554562175296804,0.7782193455299189,0.7782193455299189,0.7554562175296804,1,1,0,0,0.0,0.016666666666666666,0.23333333333333334,0.0,0.0,0.0,0.0,0.0,0.0,0.0,0.016666666666666666,0.23333333333333334,0.0,0.016666666666666666,0.23333333333333334,0.6166666666666667,0.9166666666666666,0.9333333333333333,0.0,0.016666666666666666,0.23333333333333334,0.0,0.0,0.0
20260703,DTLZ,12,405,0.7550071947541309,0.7268518847546542,0.7268518847546542,0.7550071947541309,0.7550071947541309,0.7268518847546542,1,1,0,0,0.03333333333333333,0.16666666666666666,0.35,0.0,0.0,0.0,0.0,0.0,0.0,0.03333333333333333,0.16666666666666666,0.35,0.03333333333333333,0.16666666666666666,0.35,0.8,0.9666666666666667,1.0,0.03333333333333333,0.16666666666666666,0.35,0.0,0.0,0.0
20260703,DTLZ,12,426,0.7555404806637191,0.7406757495527432,0.7406757495527432,0.7555404806637191,0.7555404806637191,0.7406757495527432,1,1,0,0,0.55,0.75,0.8666666666666667,0.0,0.0,0.0,0.0,0.0,0.0,0.55,0.75,0.8666666666666667,0.55,0.75,0.8666666666666667,0.8166666666666667,0.9666666666666667,1.0,0.55,0.75,0.8666666666666667,0.0,0.0,0.0
20260703,DTLZ,8,160,0.7856551010743039,0.7625283816919172,0.7625283816919172,0.7856551010743039,0.7856551010743039,0.7625283816919172,1,1,0,0,0.08333333333333333,0.2833333333333333,0.4166666666666667,0.0,0.0,0.0,0.0,0.0,0.0,0.08333333333333333,0.2833333333333333,0.4166666666666667,0.08333333333333333,0.2833333333333333,0.4166666666666667,0.7833333333333333,0.9166666666666666,0.9333333333333333,0.08333333333333333,0.2833333333333333,0.4166666666666667,0.0,0.0,0.0
20260703,DTLZ,13,221,0.8457280063172105,0.7618587984419114,0.7618587984419114,0.8457280063172105,0.8457280063172105,0.7618587984419114,1,1,0,0,0.1,0.31666666666666665,0.5666666666666667,0.0,0.0,0.0,0.0,0.0,0.0,0.1,0.31666666666666665,0.5666666666666667,0.1,0.31666666666666665,0.5666666666666667,0.5333333333333333,0.7666666666666667,0.9333333333333333,0.1,0.31666666666666665,0.5666666666666667,0.0,0.0,0.0
20260703,DTLZ,9,80,0.7695193565698892,0.7704258951687559,0.7704258951687559,0.7695193565698892,0.7695193565698892,0.7704258951687559,1,1,0,0,0.13333333333333333,0.23333333333333334,0.43333333333333335,0.0,0.0,0.0,0.0,0.0,0.0,0.13333333333333333,0.23333333333333334,0.43333333333333335,0.13333333333333333,0.23333333333333334,0.43333333333333335,0.85,0.9833333333333333,0.9833333333333333,0.13333333333333333,0.23333333333333334,0.43333333333333335,0.0,0.0,0.0
20260703,DTLZ,7,63,0.7815340748772662,0.7959749442227704,0.7959749442227704,0.7815340748772662,0.7815340748772662,0.7959749442227704,1,1,0,0,0.05,0.2,0.35,0.0,0.0,0.0,0.0,0.0,0.0,0.05,0.2,0.35,0.05,0.2,0.35,0.8666666666666667,0.9166666666666666,0.9833333333333333,0.05,0.2,0.35,0.0,0.0,0.0
20260703,DTLZ,3,290,0.8940467749706953,0.8462969060046716,0.8462969060046716,0.8940467749706953,0.8940467749706953,0.8462969060046716,1,1,0,0,0.4666666666666667,0.5833333333333334,0.85,0.0,0.0,0.0,0.0,0.0,0.0,0.4666666666666667,0.5833333333333334,0.85,0.4666666666666667,0.5833333333333334,0.85,0.8666666666666667,0.8833333333333333,0.9666666666666667,0.4666666666666667,0.5833333333333334,0.85,0.0,0.0,0.0
20260703,DTLZ,10,350,0.7337202300912123,0.7408825391334095,0.7408825391334095,0.7337202300912123,0.7337202300912123,0.7408825391334095,1,1,0,0,0.1,0.55,0.65,0.0,0.0,0.0,0.0,0.0,0.0,0.1,0.55,0.65,0.1,0.55,0.65,0.35,0.8,0.95,0.1,0.55,0.65,0.0,0.0,0.0
20260703,DTLZ,7,95,0.7702860031260627,0.7357673175895593,0.7357673175895593,0.7702860031260627,0.7702860031260627,0.7357673175895593,1,1,0,0,0.016666666666666666,0.16666666666666666,0.5833333333333334,0.0,0.0,0.0,0.0,0.0,0.0,0.016666666666666666,0.16666666666666666,0.5833333333333334,0.016666666666666666,0.16666666666666666,0.5833333333333334,0.5166666666666667,0.7,0.8833333333333333,0.016666666666666666,0.16666666666666666,0.5833333333333334,0.0,0.0,0.0
20260703,DTLZ,13,90,0.7668741981330721,0.7910274952652138,0.7910274952652138,0.7668741981330721,0.7668741981330721,0.7910274952652138,1,1,0,0,0.016666666666666666,0.18333333333333332,0.26666666666666666,0.0,0.0,0.0,0.0,0.0,0.0,0.016666666666666666,0.18333333333333332,0.26666666666666666,0.016666666666666666,0.18333333333333332,0.26666666666666666,0.6,0.7833333333333333,0.9833333333333333,0.016666666666666666,0.18333333333333332,0.26666666666666666,0.0,0.0,0.0
20260703,DTLZ,4,104,0.8659252824642873,0.776531700361311,0.776531700361311,0.8659252824642873,0.8659252824642873,0.776531700361311,1,1,0,0,0.7833333333333333,0.8166666666666667,0.9166666666666666,0.0,0.0,0.0,0.0,0.0,0.0,0.7833333333333333,0.8166666666666667,0.9166666666666666,0.7833333333333333,0.8166666666666667,0.9166666666666666,0.11666666666666667,0.6,0.85,0.7833333333333333,0.8166666666666667,0.9166666666666666,0.0,0.0,0.0
20260703,DTLZ,14,445,0.7282957558644173,0.7359381652098501,0.7359381652098501,0.7282957558644173,0.7282957558644173,0.7359381652098501,1,1,0,0,0.0,0.0,0.06666666666666667,0.0,0.0,0.0,0.0,0.0,0.0,0.0,0.0,0.06666666666666667,0.0,0.0,0.06666666666666667,0.2833333333333333,0.6,0.9333333333333333,0.0,0.0,0.06666666666666667,0.0,0.0,0.0
20260703,DTLZ,9,241,0.7267332862388819,0.726204295876445,0.726204295876445,0.7267332862388819,0.7267332862388819,0.726204295876445,1,1,0,0,0.0,0.13333333333333333,0.2,0.0,0.0,0.0,0.0,0.0,0.0,0.0,0.13333333333333333,0.2,0.0,0.13333333333333333,0.2,0.7,0.7333333333333333,0.9333333333333333,0.0,0.13333333333333333,0.2,0.0,0.0,0.0
20260703,DTLZ,15,293,0.7773314980908904,0.7483694085530213,0.7483694085530213,0.7773314980908904,0.7773314980908904,0.7483694085530213,1,1,0,0,0.016666666666666666,0.06666666666666667,0.4666666666666667,0.0,0.0,0.0,0.0,0.0,0.0,0.016666666666666666,0.06666666666666667,0.4666666666666667,0.016666666666666666,0.06666666666666667,0.4666666666666667,0.5166666666666667,0.85,0.95,0.016666666666666666,0.06666666666666667,0.4666666666666667,0.0,0.0,0.0
20260703,DTLZ,13,427,0.74020521644926,0.7368540859094695,0.7368540859094695,0.74020521644926,0.74020521644926,0.7368540859094695,1,1,0,0,0.5166666666666667,0.35,0.5666666666666667,0.0,0.0,0.0,0.0,0.0,0.0,0.5166666666666667,0.35,0.5666666666666667,0.5166666666666667,0.35,0.5666666666666667,0.6833333333333333,0.8333333333333334,0.9833333333333333,0.5166666666666667,0.35,0.5666666666666667,0.0,0.0,0.0
20260703,DTLZ,4,378,0.878322604407799,0.7763536545525994,0.7763536545525994,0.878322604407799,0.878322604407799,0.7763536545525994,1,1,0,0,0.0,0.15,0.31666666666666665,0.0,0.0,0.0,0.0,0.0,0.0,0.0,0.15,0.31666666666666665,0.0,0.15,0.31666666666666665,0.38333333333333336,0.7333333333333333,0.9666666666666667,0.0,0.15,0.31666666666666665,0.0,0.0,0.0
20260703,DTLZ,5,420,0.7980704756301193,0.7561307991714297,0.7561307991714297,0.7980704756301193,0.7980704756301193,0.7561307991714297,1,1,0,0,0.13333333333333333,0.5166666666666667,0.8,0.0,0.0,0.0,0.0,0.0,0.0,0.13333333333333333,0.5166666666666667,0.8,0.13333333333333333,0.5166666666666667,0.8,0.6166666666666667,0.8833333333333333,0.9666666666666667,0.13333333333333333,0.5166666666666667,0.8,0.0,0.0,0.0
20260703,DTLZ,6,233,0.7887329596780359,0.7433331740979293,0.7433331740979293,0.7887329596780359,0.7887329596780359,0.7433331740979293,1,1,0,0,0.08333333333333333,0.36666666666666664,0.65,0.0,0.0,0.0,0.0,0.0,0.0,0.08333333333333333,0.36666666666666664,0.65,0.08333333333333333,0.36666666666666664,0.65,0.4,0.7666666666666667,1.0,0.08333333333333333,0.36666666666666664,0.65,0.0,0.0,0.0
20260703,DTLZ,14,367,0.7277230854402864,0.7272031064989154,0.7272031064989154,0.7277230854402864,0.7277230854402864,0.7272031064989154,1,1,0,0,0.48333333333333334,0.5,0.5666666666666667,0.0,0.0,0.0,0.0,0.0,0.0,0.48333333333333334,0.5,0.5666666666666667,0.48333333333333334,0.5,0.5666666666666667,0.31666666666666665,0.5833333333333334,0.9,0.48333333333333334,0.5,0.5666666666666667,0.0,0.0,0.0
20260703,DTLZ,6,188,0.7712980071586661,0.7621615757250856,0.7621615757250856,0.7712980071586661,0.7712980071586661,0.7621615757250856,1,1,0,0,0.0,0.0,0.0,0.0,0.0,0.0,0.0,0.0,0.0,0.0,0.0,0.0,0.0,0.0,0.0,0.4666666666666667,0.8,0.9833333333333333,0.0,0.0,0.0,0.0,0.0,0.0
20260703,DTLZ,10,120,0.7371769153949389,0.7371769153949389,0.7371769153949389,0.7371769153949389,0.7371769153949389,0.7371769153949389,1,1,0,0,0.0,0.0,0.0,0.0,0.0,0.0,0.0,0.0,0.0,0.0,0.0,0.0,0.0,0.0,0.0,0.6833333333333333,0.8666666666666667,0.95,0.0,0.0,0.0,0.0,0.0,0.0
20260703,DTLZ,8,389,0.7557444443751339,0.7232265702656672,0.7232265702656672,0.7557444443751339,0.7557444443751339,0.7232265702656672,1,1,0,0,0.4,0.65,0.7333333333333333,0.0,0.0,0.0,0.0,0.0,0.0,0.4,0.65,0.7333333333333333,0.4,0.65,0.7333333333333333,0.3333333333333333,0.5833333333333334,0.9,0.4,0.65,0.7333333333333333,0.0,0.0,0.0
20260703,DTLZ,9,158,0.755450441418897,0.7455188691405366,0.7455188691405366,0.755450441418897,0.755450441418897,0.7455188691405366,1,1,0,0,0.05,0.16666666666666666,0.31666666666666665,0.0,0.0,0.0,0.0,0.0,0.0,0.05,0.16666666666666666,0.31666666666666665,0.05,0.16666666666666666,0.31666666666666665,0.13333333333333333,0.6833333333333333,0.9,0.05,0.16666666666666666,0.31666666666666665,0.0,0.0,0.0
20260703,DTLZ,12,163,0.7698022444202773,0.7536788734256282,0.7536788734256282,0.7698022444202773,0.7698022444202773,0.7536788734256282,1,1,0,0,0.11666666666666667,0.43333333333333335,0.75,0.0,0.0,0.0,0.0,0.0,0.0,0.11666666666666667,0.43333333333333335,0.75,0.11666666666666667,0.43333333333333335,0.75,0.7333333333333333,0.9333333333333333,0.9666666666666667,0.11666666666666667,0.43333333333333335,0.75,0.0,0.0,0.0
20260703,DTLZ,8,160,0.7275561132415789,0.77851414321502,0.77851414321502,0.7275561132415789,0.7275561132415789,0.77851414321502,1,1,0,0,0.0,0.0,0.03333333333333333,0.0,0.0,0.0,0.0,0.0,0.0,0.0,0.0,0.03333333333333333,0.0,0.0,0.03333333333333333,0.9666666666666667,1.0,1.0,0.0,0.0,0.03333333333333333,0.0,0.0,0.0
20260703,DTLZ,13,472,0.7380244099696878,0.74681921946196,0.74681921946196,0.7380244099696878,0.7380244099696878,0.74681921946196,1,1,0,0,0.0,0.03333333333333333,0.13333333333333333,0.0,0.0,0.0,0.0,0.0,0.0,0.0,0.03333333333333333,0.13333333333333333,0.0,0.03333333333333333,0.13333333333333333,0.65,0.9,1.0,0.0,0.03333333333333333,0.13333333333333333,0.0,0.0,0.0
20260703,DTLZ,9,158,0.760720658767156,0.743141910832792,0.743141910832792,0.760720658767156,0.760720658767156,0.743141910832792,1,1,0,0,0.21666666666666667,0.5333333333333333,0.8,0.0,0.0,0.0,0.0,0.0,0.0,0.21666666666666667,0.5333333333333333,0.8,0.21666666666666667,0.5333333333333333,0.8,0.85,0.9666666666666667,0.9,0.21666666666666667,0.5333333333333333,0.8,0.0,0.0,0.0
20260703,DTLZ,13,316,0.7270230236184457,0.7365363895485102,0.7365363895485102,0.7270230236184457,0.7270230236184457,0.7365363895485102,1,1,0,0,0.2,0.43333333333333335,0.6,0.0,0.0,0.0,0.0,0.0,0.0,0.2,0.43333333333333335,0.6,0.2,0.43333333333333335,0.6,0.8666666666666667,0.9833333333333333,0.9833333333333333,0.2,0.43333333333333335,0.6,0.0,0.0,0.0
20260703,DTLZ,13,140,0.7688108261779578,0.7502119705663407,0.7502119705663407,0.7688108261779578,0.7688108261779578,0.7502119705663407,1,1,0,0,0.016666666666666666,0.11666666666666667,0.6333333333333333,0.0,0.0,0.0,0.0,0.0,0.0,0.016666666666666666,0.11666666666666667,0.6333333333333333,0.016666666666666666,0.11666666666666667,0.6333333333333333,0.35,0.7166666666666667,0.9,0.016666666666666666,0.11666666666666667,0.6333333333333333,0.0,0.0,0.0
20260703,DTLZ,9,317,0.7357397312345512,0.7433403925289132,0.7433403925289132,0.7357397312345512,0.7357397312345512,0.7433403925289132,1,1,0,0,0.05,0.18333333333333332,0.2833333333333333,0.0,0.0,0.0,0.0,0.0,0.0,0.05,0.18333333333333332,0.2833333333333333,0.05,0.18333333333333332,0.2833333333333333,0.65,0.8666666666666667,0.95,0.05,0.18333333333333332,0.2833333333333333,0.0,0.0,0.0
20260703,DTLZ,3,349,0.96902452075834,0.8902870119610877,0.8902870119610877,0.96902452075834,0.96902452075834,0.8902870119610877,1,1,0,0,0.18333333333333332,0.6166666666666667,0.8,0.0,0.0,0.0,0.0,0.0,0.0,0.18333333333333332,0.6166666666666667,0.8,0.18333333333333332,0.6166666666666667,0.8,0.6666666666666666,0.95,0.9666666666666667,0.18333333333333332,0.6166666666666667,0.8,0.0,0.0,0.0
20260703,DTLZ,4,159,0.8011299736329879,0.7578022164299743,0.7578022164299743,0.8011299736329879,0.8011299736329879,0.7578022164299743,1,1,0,0,0.2833333333333333,0.36666666666666664,0.48333333333333334,0.0,0.0,0.0,0.0,0.0,0.0,0.2833333333333333,0.36666666666666664,0.48333333333333334,0.2833333333333333,0.36666666666666664,0.48333333333333334,0.3,0.65,0.9666666666666667,0.2833333333333333,0.36666666666666664,0.48333333333333334,0.0,0.0,0.0
20260703,DTLZ,14,373,0.7619714471289645,0.7372411812568008,0.7372411812568008,0.7619714471289645,0.7619714471289645,0.7372411812568008,1,1,0,0,0.0,0.03333333333333333,0.4,0.0,0.0,0.0,0.0,0.0,0.0,0.0,0.03333333333333333,0.4,0.0,0.03333333333333333,0.4,0.5666666666666667,0.7,0.9166666666666666,0.0,0.03333333333333333,0.4,0.0,0.0,0.0
20260703,DTLZ,8,80,0.7504745324570518,0.7435010904310164,0.7435010904310164,0.7504745324570518,0.7504745324570518,0.7435010904310164,1,1,0,0,0.0,0.08333333333333333,0.35,0.0,0.0,0.0,0.0,0.0,0.0,0.0,0.08333333333333333,0.35,0.0,0.08333333333333333,0.35,0.5833333333333334,0.8166666666666667,0.8666666666666667,0.0,0.08333333333333333,0.35,0.0,0.0,0.0
20260703,DTLZ,6,451,0.7680845702516597,0.7497890481355367,0.7497890481355367,0.7680845702516597,0.7680845702516597,0.7497890481355367,1,1,0,0,0.2,0.35,0.5,0.0,0.0,0.0,0.0,0.0,0.0,0.2,0.35,0.5,0.2,0.35,0.5,0.9333333333333333,0.9,0.95,0.2,0.35,0.5,0.0,0.0,0.0
20260703,DTLZ,10,231,0.7801472568910484,0.7263681283987016,0.7263681283987016,0.7801472568910484,0.7801472568910484,0.7263681283987016,1,1,0,0,0.0,0.08333333333333333,0.6,0.0,0.0,0.0,0.0,0.0,0.0,0.0,0.08333333333333333,0.6,0.0,0.08333333333333333,0.6,0.5666666666666667,0.6833333333333333,0.9333333333333333,0.0,0.08333333333333333,0.6,0.0,0.0,0.0
20260703,DTLZ,8,355,0.7787771224931042,0.7400244755761938,0.7400244755761938,0.7787771224931042,0.7787771224931042,0.7400244755761938,1,1,0,0,0.18333333333333332,0.38333333333333336,0.6166666666666667,0.0,0.0,0.0,0.0,0.0,0.0,0.18333333333333332,0.38333333333333336,0.6166666666666667,0.18333333333333332,0.38333333333333336,0.6166666666666667,0.4666666666666667,0.6833333333333333,0.9666666666666667,0.18333333333333332,0.38333333333333336,0.6166666666666667,0.0,0.0,0.0
20260703,DTLZ,12,386,0.7502093424754551,0.7220215095092938,0.7220215095092938,0.7502093424754551,0.7502093424754551,0.7220215095092938,1,1,0,0,0.23333333333333334,0.43333333333333335,0.6666666666666666,0.0,0.0,0.0,0.0,0.0,0.0,0.23333333333333334,0.43333333333333335,0.6666666666666666,0.23333333333333334,0.43333333333333335,0.6666666666666666,0.0,0.5,0.9333333333333333,0.23333333333333334,0.43333333333333335,0.6666666666666666,0.0,0.0,0.0
20260703,DTLZ,13,117,0.7602052202867315,0.7458288188759471,0.7458288188759471,0.7602052202867315,0.7602052202867315,0.7458288188759471,1,1,0,0,0.03333333333333333,0.3333333333333333,0.5666666666666667,0.0,0.0,0.0,0.0,0.0,0.0,0.03333333333333333,0.3333333333333333,0.55,0.03333333333333333,0.3333333333333333,0.5666666666666667,0.2833333333333333,0.5333333333333333,0.7833333333333333,0.03333333333333333,0.3333333333333333,0.5666666666666667,0.0,0.0,0.0
20260703,DTLZ,12,207,0.7231857539497234,0.7552075117167852,0.7552075117167852,0.7231857539497234,0.7231857539497234,0.7552075117167852,1,1,0,0,0.21666666666666667,0.6166666666666667,0.8333333333333334,0.0,0.0,0.0,0.0,0.0,0.0,0.23333333333333334,0.6166666666666667,0.8333333333333334,0.21666666666666667,0.6166666666666667,0.8333333333333334,0.7833333333333333,0.8333333333333334,0.9833333333333333,0.21666666666666667,0.6166666666666667,0.8333333333333334,0.0,0.0,0.0
20260703,DTLZ,8,190,0.7394827056795515,0.7387547257844577,0.7387547257844577,0.7394827056795515,0.7394827056795515,0.7387547257844577,1,1,0,0,0.0,0.18333333333333332,0.16666666666666666,0.0,0.0,0.0,0.0,0.0,0.0,0.0,0.18333333333333332,0.16666666666666666,0.0,0.18333333333333332,0.16666666666666666,0.5833333333333334,0.7,0.9,0.0,0.18333333333333332,0.16666666666666666,0.0,0.0,0.0
20260703,DTLZ,8,90,0.7832934401672232,0.7586397895628845,0.7586397895628845,0.7832934401672232,0.7832934401672232,0.7586397895628845,1,1,0,0,0.08333333333333333,0.21666666666666667,0.3333333333333333,0.0,0.0,0.0,0.0,0.0,0.0,0.08333333333333333,0.21666666666666667,0.3333333333333333,0.08333333333333333,0.21666666666666667,0.3333333333333333,0.16666666666666666,0.48333333333333334,0.9333333333333333,0.08333333333333333,0.21666666666666667,0.3333333333333333,0.0,0.0,0.0
20260703,DTLZ,6,437,0.7443638487131089,0.7497727427369045,0.7497727427369045,0.7443638487131089,0.7443638487131089,0.7497727427369045,1,1,0,0,0.23333333333333334,0.4166666666666667,0.2833333333333333,0.0,0.0,0.0,0.0,0.0,0.0,0.23333333333333334,0.4166666666666667,0.2833333333333333,0.23333333333333334,0.4166666666666667,0.2833333333333333,0.43333333333333335,0.65,0.9333333333333333,0.23333333333333334,0.4166666666666667,0.2833333333333333,0.0,0.0,0.0
20260703,DTLZ,11,76,0.7990434600777976,0.7475797623233643,0.7475797623233643,0.7990434600777976,0.7990434600777976,0.7475797623233643,1,1,0,0,0.0,0.03333333333333333,0.3,0.0,0.0,0.0,0.0,0.0,0.0,0.0,0.03333333333333333,0.3,0.0,0.03333333333333333,0.3,0.25,0.48333333333333334,0.9,0.0,0.03333333333333333,0.3,0.0,0.0,0.0
20260703,DTLZ,7,399,0.7534794909074606,0.7342941456588025,0.7342941456588025,0.7534794909074606,0.7534794909074606,0.7342941456588025,1,1,0,0,0.0,0.0,0.4166666666666667,0.0,0.0,0.0,0.0,0.0,0.0,0.0,0.0,0.4166666666666667,0.0,0.0,0.4166666666666667,0.5833333333333334,0.8333333333333334,0.95,0.0,0.0,0.4166666666666667,0.0,0.0,0.0
20260703,DTLZ,6,147,0.8293655424111402,0.7555415031974533,0.7555415031974533,0.8293655424111402,0.8293655424111402,0.7555415031974533,1,1,0,0,0.0,0.016666666666666666,0.35,0.0,0.0,0.0,0.0,0.0,0.0,0.0,0.016666666666666666,0.35,0.0,0.016666666666666666,0.35,0.4666666666666667,0.7166666666666667,0.8833333333333333,0.0,0.016666666666666666,0.35,0.0,0.0,0.0
20260703,DTLZ,8,310,0.7709116387822338,0.7249312353628494,0.7249312353628494,0.7709116387822338,0.7709116387822338,0.7249312353628494,1,1,0,0,0.15,0.48333333333333334,0.7666666666666667,0.0,0.0,0.0,0.0,0.0,0.0,0.15,0.48333333333333334,0.7666666666666667,0.15,0.48333333333333334,0.7666666666666667,0.35,0.6,0.9333333333333333,0.15,0.48333333333333334,0.7666666666666667,0.0,0.0,0.0
20260703,DTLZ,14,258,0.7627637896200398,0.7510524341035381,0.7510524341035381,0.7627637896200398,0.7627637896200398,0.7510524341035381,1,1,0,0,0.13333333333333333,0.4,0.6833333333333333,0.0,0.0,0.0,0.0,0.0,0.0,0.13333333333333333,0.4,0.6833333333333333,0.13333333333333333,0.4,0.6833333333333333,0.6,0.8,1.0,0.13333333333333333,0.4,0.6833333333333333,0.0,0.0,0.0
20260703,DTLZ,4,407,0.8486614536780728,0.7833016148427862,0.7833016148427862,0.8486614536780728,0.8486614536780728,0.7833016148427862,1,1,0,0,0.5333333333333333,0.48333333333333334,0.6,0.0,0.0,0.0,0.0,0.0,0.0,0.5333333333333333,0.48333333333333334,0.6,0.5333333333333333,0.48333333333333334,0.6,0.7,0.8333333333333334,1.0,0.5333333333333333,0.48333333333333334,0.6,0.0,0.0,0.0
20260703,DTLZ,15,117,0.7537847111954545,0.7449902285731311,0.7449902285731311,0.7537847111954545,0.7537847111954545,0.7449902285731311,1,1,0,0,0.0,0.26666666666666666,0.7166666666666667,0.0,0.0,0.0,0.0,0.0,0.0,0.0,0.26666666666666666,0.7166666666666667,0.0,0.26666666666666666,0.7166666666666667,0.6,0.8166666666666667,0.9,0.0,0.26666666666666666,0.7166666666666667,0.0,0.0,0.0
20260703,DTLZ,15,493,0.7335456892586995,0.7294308715578367,0.7294308715578367,0.7335456892586995,0.7335456892586995,0.7294308715578367,1,1,0,0,0.75,0.7,0.7166666666666667,0.0,0.0,0.0,0.0,0.0,0.0,0.75,0.7,0.7166666666666667,0.75,0.7,0.7166666666666667,0.9166666666666666,0.9333333333333333,1.0,0.75,0.7,0.7166666666666667,0.0,0.0,0.0
20260703,DTLZ,5,225,0.7757415914289915,0.7469698647029143,0.7469698647029143,0.7757415914289915,0.7757415914289915,0.7469698647029143,1,1,0,0,0.5333333333333333,0.6666666666666666,0.8666666666666667,0.0,0.0,0.0,0.0,0.0,0.0,0.5333333333333333,0.6666666666666666,0.8666666666666667,0.5333333333333333,0.6666666666666666,0.8666666666666667,0.35,0.6333333333333333,0.9166666666666666,0.5333333333333333,0.6666666666666666,0.8666666666666667,0.0,0.0,0.0
20260703,DTLZ,10,493,0.8172253955152513,0.7427133020655738,0.7427133020655738,0.8172253955152513,0.8172253955152513,0.7427133020655738,1,1,0,0,0.0,0.05,0.3333333333333333,0.0,0.0,0.0,0.0,0.0,0.0,0.0,0.05,0.3333333333333333,0.0,0.05,0.3333333333333333,0.7833333333333333,0.9,0.9833333333333333,0.0,0.05,0.3333333333333333,0.0,0.0,0.0
20260703,DTLZ,8,202,0.7404498210156043,0.7605842854332553,0.7605842854332553,0.7404498210156043,0.7404498210156043,0.7605842854332553,1,1,0,0,0.13333333333333333,0.3,0.55,0.0,0.0,0.0,0.0,0.0,0.0,0.13333333333333333,0.3,0.55,0.13333333333333333,0.3,0.55,0.75,0.8833333333333333,0.9666666666666667,0.13333333333333333,0.3,0.55,0.0,0.0,0.0
20260703,DTLZ,10,291,0.7468968849118871,0.7399072287358657,0.7399072287358657,0.7468968849118871,0.7468968849118871,0.7399072287358657,1,1,0,0,0.23333333333333334,0.31666666666666665,0.5833333333333334,0.0,0.0,0.0,0.0,0.0,0.0,0.23333333333333334,0.31666666666666665,0.5833333333333334,0.23333333333333334,0.31666666666666665,0.5833333333333334,0.45,0.7333333333333333,0.95,0.23333333333333334,0.31666666666666665,0.5833333333333334,0.0,0.0,0.0
20260703,DTLZ,5,207,0.8097928406833717,0.7568982077056801,0.7568982077056801,0.8097928406833717,0.8097928406833717,0.7568982077056801,1,1,0,0,0.016666666666666666,0.08333333333333333,0.36666666666666664,0.0,0.0,0.0,0.0,0.0,0.0,0.016666666666666666,0.08333333333333333,0.36666666666666664,0.016666666666666666,0.08333333333333333,0.36666666666666664,0.13333333333333333,0.6833333333333333,0.95,0.016666666666666666,0.08333333333333333,0.36666666666666664,0.0,0.0,0.0
20260703,DTLZ,15,461,0.7601974511848244,0.7601974511848244,0.7601974511848244,0.7601974511848244,0.7601974511848244,0.7601974511848244,1,1,0,0,0.45,0.38333333333333336,0.5333333333333333,0.0,0.0,0.0,0.0,0.0,0.0,0.45,0.38333333333333336,0.5333333333333333,0.45,0.38333333333333336,0.5333333333333333,0.7666666666666667,0.9333333333333333,1.0,0.45,0.38333333333333336,0.5333333333333333,0.0,0.0,0.0
20260703,DTLZ,3,178,0.9020234642765618,0.8499464667291364,0.8499464667291364,0.9020234642765618,0.9020234642765618,0.8499464667291364,1,1,0,0,0.0,0.0,0.11666666666666667,0.0,0.0,0.0,0.0,0.0,0.0,0.0,0.0,0.11666666666666667,0.0,0.0,0.11666666666666667,0.8333333333333334,0.9666666666666667,0.9833333333333333,0.0,0.0,0.11666666666666667,0.0,0.0,0.0
20260703,DTLZ,7,252,0.8064355054534571,0.7495466578779699,0.7495466578779699,0.8064355054534571,0.8064355054534571,0.7495466578779699,1,1,0,0,0.7,0.7833333333333333,0.8333333333333334,0.0,0.0,0.0,0.0,0.0,0.0,0.7,0.7833333333333333,0.8333333333333334,0.7,0.7833333333333333,0.8333333333333334,0.6333333333333333,0.9166666666666666,0.9,0.7,0.7833333333333333,0.8333333333333334,0.0,0.0,0.0
20260703,DTLZ,5,476,0.8116811628733777,0.780050070421694,0.780050070421694,0.8116811628733777,0.8116811628733777,0.780050070421694,1,1,0,0,0.5666666666666667,0.7833333333333333,0.8166666666666667,0.0,0.0,0.0,0.0,0.0,0.0,0.5666666666666667,0.7833333333333333,0.8166666666666667,0.5666666666666667,0.7833333333333333,0.8166666666666667,0.7166666666666667,0.95,1.0,0.5666666666666667,0.7833333333333333,0.8166666666666667,0.0,0.0,0.0
20260703,DTLZ,14,336,0.7628080536431595,0.7458541023152808,0.7458541023152808,0.7603853723469861,0.7628080536431595,0.7458541023152808,0,1,0,0,0.4,0.5333333333333333,0.5666666666666667,0.0,0.0,0.0,0.0,0.0,0.0,0.6,0.5,0.75,0.4,0.5333333333333333,0.5666666666666667,0.7,0.8333333333333334,0.9833333333333333,0.4,0.5333333333333333,0.5666666666666667,0.0,0.0,0.0
20260703,DTLZ,13,239,0.7362258015997252,0.7325622238501107,0.7325622238501107,0.7362258015997252,0.7362258015997252,0.7325622238501107,1,1,0,0,0.13333333333333333,0.31666666666666665,0.6166666666666667,0.0,0.0,0.0,0.0,0.0,0.0,0.13333333333333333,0.31666666666666665,0.6166666666666667,0.13333333333333333,0.31666666666666665,0.6166666666666667,0.26666666666666666,0.4,0.9,0.13333333333333333,0.31666666666666665,0.6166666666666667,0.0,0.0,0.0
20260703,DTLZ,6,231,0.7789794959007712,0.7357606718006992,0.7357606718006992,0.7789794959007712,0.7789794959007712,0.7357606718006992,1,1,0,0,0.05,0.11666666666666667,0.55,0.0,0.0,0.0,0.0,0.0,0.0,0.05,0.11666666666666667,0.55,0.05,0.11666666666666667,0.55,0.3333333333333333,0.5833333333333334,0.9,0.05,0.11666666666666667,0.55,0.0,0.0,0.0
20260703,DTLZ,11,340,0.7329498035638925,0.7337030558722951,0.7337030558722951,0.7329498035638925,0.7329498035638925,0.7337030558722951,1,1,0,0,0.31666666666666665,0.5166666666666667,0.6666666666666666,0.0,0.0,0.0,0.0,0.0,0.0,0.31666666666666665,0.5166666666666667,0.6666666666666666,0.31666666666666665,0.5166666666666667,0.6666666666666666,0.5166666666666667,0.6833333333333333,0.9,0.31666666666666665,0.5166666666666667,0.6666666666666666,0.0,0.0,0.0
20260703,DTLZ,6,180,0.7784811138788832,0.7668707610010098,0.7668707610010098,0.7784811138788832,0.7784811138788832,0.7668707610010098,1,1,0,0,0.06666666666666667,0.31666666666666665,0.6166666666666667,0.0,0.0,0.0,0.0,0.0,0.0,0.06666666666666667,0.31666666666666665,0.6166666666666667,0.06666666666666667,0.31666666666666665,0.6166666666666667,0.6666666666666666,0.8333333333333334,0.9333333333333333,0.06666666666666667,0.31666666666666665,0.6166666666666667,0.0,0.0,0.0
20260703,DTLZ,10,346,0.7408669988127586,0.7377029334133742,0.7377029334133742,0.7408669988127586,0.7408669988127586,0.7377029334133742,1,1,0,0,0.1,0.3333333333333333,0.4,0.0,0.0,0.0,0.0,0.0,0.0,0.1,0.3333333333333333,0.4,0.1,0.3333333333333333,0.4,0.5833333333333334,0.7166666666666667,0.95,0.1,0.3333333333333333,0.4,0.0,0.0,0.0
20260703,DTLZ,15,131,0.748251305832588,0.7580251476480563,0.7580251476480563,0.748251305832588,0.748251305832588,0.7580251476480563,1,1,0,0,0.2,0.26666666666666666,0.5666666666666667,0.0,0.0,0.0,0.0,0.0,0.0,0.2,0.26666666666666666,0.5666666666666667,0.2,0.26666666666666666,0.5666666666666667,0.7,0.9,0.95,0.2,0.26666666666666666,0.5666666666666667,0.0,0.0,0.0
20260703,DTLZ,5,193,0.7678838041633612,0.7352359854767646,0.7352359854767646,0.7678838041633612,0.7678838041633612,0.7352359854767646,1,1,0,0,0.016666666666666666,0.2,0.36666666666666664,0.0,0.0,0.0,0.0,0.0,0.0,0.016666666666666666,0.2,0.36666666666666664,0.016666666666666666,0.2,0.36666666666666664,0.45,0.7333333333333333,0.8666666666666667,0.016666666666666666,0.2,0.36666666666666664,0.0,0.0,0.0
20260703,DTLZ,13,457,0.7614131958288262,0.7360086185307838,0.7360086185307838,0.7614131958288262,0.7614131958288262,0.7360086185307838,1,1,0,0,0.36666666666666664,0.5666666666666667,0.7333333333333333,0.0,0.0,0.0,0.0,0.0,0.0,0.36666666666666664,0.5666666666666667,0.7333333333333333,0.36666666666666664,0.5666666666666667,0.7333333333333333,0.7833333333333333,0.9,0.9666666666666667,0.36666666666666664,0.5666666666666667,0.7333333333333333,0.0,0.0,0.0
20260703,DTLZ,8,437,0.7363720491096993,0.743544415179525,0.743544415179525,0.7363720491096993,0.7363720491096993,0.743544415179525,1,1,0,0,0.05,0.25,0.5333333333333333,0.0,0.0,0.0,0.0,0.0,0.0,0.05,0.25,0.5333333333333333,0.05,0.25,0.5333333333333333,0.45,0.7166666666666667,0.9333333333333333,0.05,0.25,0.5333333333333333,0.0,0.0,0.0
20260703,DTLZ,6,254,0.7618321177572464,0.7360869480908702,0.7360869480908702,0.7618321177572464,0.7618321177572464,0.7360869480908702,1,1,0,0,0.0,0.36666666666666664,0.7,0.0,0.0,0.0,0.0,0.0,0.0,0.0,0.36666666666666664,0.7,0.0,0.36666666666666664,0.7,0.4666666666666667,0.7833333333333333,0.95,0.0,0.36666666666666664,0.7,0.0,0.0,0.0
20260703,DTLZ,4,97,0.9150019762336885,0.7936795965077953,0.7936795965077953,0.9150019762336885,0.9150019762336885,0.7936795965077953,1,1,0,0,0.0,0.08333333333333333,0.25,0.0,0.0,0.0,0.0,0.0,0.0,0.0,0.08333333333333333,0.25,0.0,0.08333333333333333,0.25,0.7333333333333333,0.8833333333333333,0.9,0.0,0.08333333333333333,0.25,0.0,0.0,0.0
20260703,DTLZ,11,298,0.8063859126191725,0.740073887008579,0.740073887008579,0.8063859126191725,0.8063859126191725,0.740073887008579,1,1,0,0,0.11666666666666667,0.4666666666666667,0.6333333333333333,0.0,0.0,0.0,0.0,0.0,0.0,0.11666666666666667,0.4666666666666667,0.6333333333333333,0.11666666666666667,0.4666666666666667,0.6333333333333333,0.6833333333333333,0.75,0.9666666666666667,0.11666666666666667,0.4666666666666667,0.6333333333333333,0.0,0.0,0.0
20260703,DTLZ,3,396,0.9151691884523302,0.8581703776318901,0.8581703776318901,0.9151691884523302,0.9151691884523302,0.8581703776318901,1,1,0,0,0.016666666666666666,0.18333333333333332,0.5333333333333333,0.0,0.0,0.0,0.0,0.0,0.0,0.016666666666666666,0.18333333333333332,0.5333333333333333,0.016666666666666666,0.18333333333333332,0.5333333333333333,0.8666666666666667,0.9833333333333333,0.9833333333333333,0.016666666666666666,0.18333333333333332,0.5333333333333333,0.0,0.0,0.0
20260703,DTLZ,14,222,0.7728711847362734,0.7502726336173822,0.7502726336173822,0.7728711847362734,0.7728711847362734,0.7502726336173822,1,1,0,0,0.6833333333333333,0.55,0.8,0.0,0.0,0.0,0.0,0.0,0.0,0.6833333333333333,0.55,0.8,0.6833333333333333,0.55,0.8,0.4166666666666667,0.7166666666666667,0.8333333333333334,0.6833333333333333,0.55,0.8,0.0,0.0,0.0
20260703,DTLZ,9,331,0.7692798496800761,0.7380569486834787,0.7380569486834787,0.7692798496800761,0.7692798496800761,0.7380569486834787,1,1,0,0,0.4166666666666667,0.6666666666666666,0.7,0.0,0.0,0.0,0.0,0.0,0.0,0.4166666666666667,0.6666666666666666,0.7,0.4166666666666667,0.6666666666666666,0.7,0.43333333333333335,0.9333333333333333,0.9666666666666667,0.4166666666666667,0.6666666666666666,0.7,0.0,0.0,0.0
20260703,DTLZ,7,406,0.7619664380144385,0.7260445985820037,0.7260445985820037,0.7619664380144385,0.7619664380144385,0.7260445985820037,1,1,0,0,0.0,0.05,0.36666666666666664,0.0,0.0,0.0,0.0,0.0,0.0,0.0,0.05,0.36666666666666664,0.0,0.05,0.36666666666666664,0.7,0.8,0.8833333333333333,0.0,0.05,0.36666666666666664,0.0,0.0,0.0
20260703,DTLZ,5,180,0.7694205072139206,0.754185240332532,0.754185240332532,0.7694205072139206,0.7694205072139206,0.754185240332532,1,1,0,0,0.26666666666666666,0.4,0.6666666666666666,0.0,0.0,0.0,0.0,0.0,0.0,0.26666666666666666,0.4,0.6666666666666666,0.26666666666666666,0.4,0.6666666666666666,0.3333333333333333,0.6833333333333333,0.8833333333333333,0.26666666666666666,0.4,0.6666666666666666,0.0,0.0,0.0
20260703,DTLZ,8,470,0.7473633136485063,0.7335810845255968,0.7335810845255968,0.7473633136485063,0.7473633136485063,0.7335810845255968,1,1,0,0,0.0,0.08333333333333333,0.25,0.0,0.0,0.0,0.0,0.0,0.0,0.0,0.08333333333333333,0.25,0.0,0.08333333333333333,0.25,0.4166666666666667,0.7,0.9333333333333333,0.0,0.08333333333333333,0.25,0.0,0.0,0.0
20260703,DTLZ,7,60,0.8336396407357424,0.7758555841317925,0.7758555841317925,0.8336396407357424,0.8336396407357424,0.7758555841317925,1,1,0,0,0.0,0.0,0.13333333333333333,0.0,0.0,0.0,0.0,0.0,0.0,0.0,0.0,0.13333333333333333,0.0,0.0,0.13333333333333333,0.5833333333333334,0.75,0.9,0.0,0.0,0.13333333333333333,0.0,0.0,0.0
20260703,DTLZ,9,372,0.7304475497028542,0.7251123694140781,0.7251123694140781,0.7304475497028542,0.7304475497028542,0.7251123694140781,1,1,0,0,0.35,0.5166666666666667,0.7666666666666667,0.0,0.0,0.0,0.0,0.0,0.0,0.35,0.5166666666666667,0.7666666666666667,0.35,0.5166666666666667,0.7666666666666667,0.8,0.8333333333333334,0.9833333333333333,0.35,0.5166666666666667,0.7666666666666667,0.0,0.0,0.0
20260703,DTLZ,13,336,0.7478955592563411,0.7443765175347002,0.7443765175347002,0.7478955592563411,0.7478955592563411,0.7443765175347002,1,1,0,0,0.0,0.0,0.0,0.0,0.0,0.0,0.0,0.0,0.0,0.0,0.0,0.0,0.0,0.0,0.0,0.18333333333333332,0.8333333333333334,0.9333333333333333,0.0,0.0,0.0,0.0,0.0,0.0
20260703,DTLZ,4,373,0.8974823906810269,0.7981588348698768,0.7981588348698768,0.8974823906810269,0.8974823906810269,0.7981588348698768,1,1,0,0,0.21666666666666667,0.38333333333333336,0.7833333333333333,0.0,0.0,0.0,0.0,0.0,0.0,0.21666666666666667,0.38333333333333336,0.7833333333333333,0.21666666666666667,0.38333333333333336,0.7833333333333333,0.75,0.7666666666666667,0.9833333333333333,0.21666666666666667,0.38333333333333336,0.7833333333333333,0.0,0.0,0.0
20260703,DTLZ,9,227,0.7572423227525481,0.7406896153575366,0.7406896153575366,0.7572423227525481,0.7572423227525481,0.7406896153575366,1,1,0,0,0.06666666666666667,0.26666666666666666,0.5666666666666667,0.0,0.0,0.0,0.0,0.0,0.0,0.06666666666666667,0.26666666666666666,0.5666666666666667,0.06666666666666667,0.26666666666666666,0.5666666666666667,0.7333333333333333,0.9333333333333333,0.9333333333333333,0.06666666666666667,0.26666666666666666,0.5666666666666667,0.0,0.0,0.0
20260703,Energy,7,75,0.48611924862173367,0.46968617331333795,0.46968617331333795,0.48611924862173367,0.48611924862173367,0.46968617331333795,1,1,0,0,0.2,0.65,0.9333333333333333,0.0,0.0,0.0,0.0,0.0,0.0,0.2,0.65,0.9333333333333333,0.2,0.65,0.9333333333333333,0.0,0.13333333333333333,0.38333333333333336,0.2,0.65,0.9333333333333333,0.0,0.0,0.0
20260703,Energy,6,438,0.4478778652490273,0.4478778652490273,0.4478778652490273,0.4478778652490273,0.4478778652490273,0.4478778652490273,1,1,0,0,0.016666666666666666,0.43333333333333335,0.65,0.0,0.0,0.0,0.0,0.0,0.0,0.016666666666666666,0.43333333333333335,0.65,0.016666666666666666,0.43333333333333335,0.65,0.1,0.3333333333333333,0.7,0.016666666666666666,0.43333333333333335,0.65,0.0,0.0,0.0
20260703,Energy,6,352,0.44641989200723603,0.47388208759957057,0.47388208759957057,0.44641989200723603,0.44641989200723603,0.47388208759957057,1,1,0,0,0.11666666666666667,0.35,0.5333333333333333,0.0,0.0,0.0,0.0,0.0,0.0,0.11666666666666667,0.35,0.5333333333333333,0.11666666666666667,0.35,0.5333333333333333,0.6833333333333333,0.75,0.9,0.11666666666666667,0.35,0.5333333333333333,0.0,0.0,0.0
20260703,Energy,4,125,0.4634617743955029,0.4634617743955029,0.4634617743955029,0.4634617743955029,0.4634617743955029,0.4634617743955029,1,1,0,0,0.16666666666666666,0.55,0.6333333333333333,0.0,0.0,0.0,0.0,0.0,0.0,0.16666666666666666,0.55,0.6333333333333333,0.16666666666666666,0.55,0.6333333333333333,0.0,0.16666666666666666,0.6666666666666666,0.16666666666666666,0.55,0.6333333333333333,0.0,0.0,0.0
20260703,Energy,4,374,0.45167147779406125,0.47671433339205826,0.47671433339205826,0.45167147779406125,0.45167147779406125,0.47671433339205826,1,1,0,0,0.43333333333333335,0.5333333333333333,0.6166666666666667,0.0,0.0,0.0,0.0,0.0,0.0,0.43333333333333335,0.5333333333333333,0.6166666666666667,0.43333333333333335,0.5333333333333333,0.6166666666666667,0.06666666666666667,0.5833333333333334,0.9333333333333333,0.43333333333333335,0.5333333333333333,0.6166666666666667,0.0,0.0,0.0
20260703,Energy,8,468,0.411299739983228,0.432897154558727,0.432897154558727,0.411299739983228,0.411299739983228,0.432897154558727,1,1,0,0,0.5333333333333333,0.7333333333333333,0.7333333333333333,0.0,0.0,0.0,0.0,0.0,0.0,0.5333333333333333,0.7333333333333333,0.7333333333333333,0.5333333333333333,0.7333333333333333,0.7333333333333333,0.31666666666666665,0.5833333333333334,0.9333333333333333,0.5333333333333333,0.7333333333333333,0.7333333333333333,0.0,0.0,0.0
20260703,Energy,6,382,0.4512864228028714,0.480259178171044,0.480259178171044,0.4512864228028714,0.4512864228028714,0.480259178171044,1,1,0,0,0.06666666666666667,0.1,0.4166666666666667,0.0,0.0,0.0,0.0,0.0,0.0,0.06666666666666667,0.1,0.4166666666666667,0.06666666666666667,0.1,0.4166666666666667,0.13333333333333333,0.48333333333333334,0.7833333333333333,0.06666666666666667,0.1,0.4166666666666667,0.0,0.0,0.0
20260703,Energy,4,468,0.4397908011947146,0.47861159323955593,0.47861159323955593,0.4397908011947146,0.4397908011947146,0.47861159323955593,1,1,0,0,0.0,0.11666666666666667,0.21666666666666667,0.0,0.0,0.0,0.0,0.0,0.0,0.0,0.11666666666666667,0.21666666666666667,0.0,0.11666666666666667,0.21666666666666667,0.3,0.6166666666666667,0.8333333333333334,0.0,0.11666666666666667,0.21666666666666667,0.0,0.0,0.0
20260703,Energy,8,320,0.4338436571156301,0.43915221771745566,0.43915221771745566,0.4338436571156301,0.4338436571156301,0.43915221771745566,1,1,0,0,0.016666666666666666,0.26666666666666666,0.36666666666666664,0.0,0.0,0.0,0.0,0.0,0.0,0.016666666666666666,0.26666666666666666,0.36666666666666664,0.016666666666666666,0.26666666666666666,0.36666666666666664,0.6833333333333333,0.8166666666666667,0.95,0.016666666666666666,0.26666666666666666,0.36666666666666664,0.0,0.0,0.0
20260703,Energy,8,153,0.48030137249383803,0.4945063793897743,0.4945063793897743,0.48030137249383803,0.48030137249383803,0.4945063793897743,1,1,0,0,0.08333333333333333,0.21666666666666667,0.48333333333333334,0.0,0.0,0.0,0.0,0.0,0.0,0.08333333333333333,0.21666666666666667,0.48333333333333334,0.08333333333333333,0.21666666666666667,0.48333333333333334,0.43333333333333335,0.4666666666666667,0.6833333333333333,0.08333333333333333,0.21666666666666667,0.48333333333333334,0.0,0.0,0.0
20260703,Energy,6,385,0.43010951047693613,0.4677663353794879,0.4677663353794879,0.43010951047693613,0.43010951047693613,0.4677663353794879,1,1,0,0,0.3333333333333333,0.2,0.38333333333333336,0.0,0.0,0.0,0.0,0.0,0.0,0.3333333333333333,0.2,0.38333333333333336,0.3333333333333333,0.2,0.38333333333333336,0.25,0.8,0.9,0.3333333333333333,0.2,0.38333333333333336,0.0,0.0,0.0
20260703,Energy,5,209,0.46010743663993936,0.46010743663993936,0.46010743663993936,0.46010743663993936,0.46010743663993936,0.46010743663993936,1,1,0,0,0.0,0.0,0.06666666666666667,0.0,0.0,0.0,0.0,0.0,0.0,0.0,0.0,0.06666666666666667,0.0,0.0,0.06666666666666667,0.26666666666666666,0.65,0.9,0.0,0.0,0.06666666666666667,0.0,0.0,0.0
20260703,Energy,8,474,0.4297558009316394,0.4540842142434988,0.4540842142434988,0.4297558009316394,0.4297558009316394,0.4540842142434988,1,1,0,0,0.18333333333333332,0.3333333333333333,0.6166666666666667,0.0,0.0,0.0,0.0,0.0,0.0,0.18333333333333332,0.3333333333333333,0.6166666666666667,0.18333333333333332,0.3333333333333333,0.6166666666666667,0.1,0.43333333333333335,0.9166666666666666,0.18333333333333332,0.3333333333333333,0.6166666666666667,0.0,0.0,0.0
20260703,Energy,6,61,0.4981297466796392,0.4981297466796392,0.4981297466796392,0.4981297466796392,0.4981297466796392,0.4981297466796392,1,1,0,0,0.05,0.31666666666666665,0.5666666666666667,0.0,0.0,0.0,0.0,0.0,0.0,0.05,0.31666666666666665,0.5666666666666667,0.05,0.31666666666666665,0.5666666666666667,0.0,0.18333333333333332,0.4666666666666667,0.05,0.31666666666666665,0.5666666666666667,0.0,0.0,0.0
20260703,Energy,7,333,0.4202347623820112,0.4202347623820112,0.4202347623820112,0.4202347623820112,0.4202347623820112,0.4202347623820112,1,1,0,0,0.16666666666666666,0.4,0.5,0.0,0.0,0.0,0.0,0.0,0.0,0.16666666666666666,0.4,0.5,0.16666666666666666,0.4,0.5,0.43333333333333335,0.6166666666666667,0.8833333333333333,0.16666666666666666,0.4,0.5,0.0,0.0,0.0
20260703,Energy,4,187,0.5403548940336277,0.5146442215130563,0.5146442215130563,0.5403548940336277,0.5403548940336277,0.5146442215130563,1,1,0,0,0.3,0.4666666666666667,0.6666666666666666,0.0,0.0,0.0,0.0,0.0,0.0,0.3,0.4666666666666667,0.6666666666666666,0.3,0.4666666666666667,0.6666666666666666,0.08333333333333333,0.45,0.6833333333333333,0.3,0.4666666666666667,0.6666666666666666,0.0,0.0,0.0
20260703,Energy,5,240,0.43424508041407367,0.4371070394057978,0.4371070394057978,0.43424508041407367,0.43424508041407367,0.4371070394057978,1,1,0,0,0.5833333333333334,0.75,0.8,0.0,0.0,0.0,0.0,0.0,0.0,0.5833333333333334,0.75,0.8,0.5833333333333334,0.75,0.8,0.4166666666666667,0.6166666666666667,0.75,0.5833333333333334,0.75,0.8,0.0,0.0,0.0
20260703,Energy,8,369,0.42778402559014417,0.42778402559014417,0.42778402559014417,0.42778402559014417,0.42778402559014417,0.42778402559014417,1,1,0,0,0.3,0.5333333333333333,0.7166666666666667,0.0,0.0,0.0,0.0,0.0,0.0,0.3,0.5333333333333333,0.7166666666666667,0.3,0.5333333333333333,0.7166666666666667,0.15,0.4166666666666667,0.7833333333333333,0.3,0.5333333333333333,0.7166666666666667,0.0,0.0,0.0
20260703,Energy,6,394,0.43631227797483907,0.4906246692736961,0.4906246692736961,0.43631227797483907,0.43631227797483907,0.4906246692736961,1,1,0,0,0.36666666666666664,0.21666666666666667,0.2833333333333333,0.0,0.0,0.0,0.0,0.0,0.0,0.36666666666666664,0.21666666666666667,0.2833333333333333,0.36666666666666664,0.21666666666666667,0.2833333333333333,0.15,0.6666666666666666,0.8833333333333333,0.36666666666666664,0.21666666666666667,0.2833333333333333,0.0,0.0,0.0
20260703,Energy,4,436,0.4827666467355517,0.5164541275769913,0.5164541275769913,0.4827666467355517,0.4827666467355517,0.5164541275769913,1,1,0,0,0.36666666666666664,0.4166666666666667,0.48333333333333334,0.0,0.0,0.0,0.0,0.0,0.0,0.36666666666666664,0.4166666666666667,0.48333333333333334,0.36666666666666664,0.4166666666666667,0.48333333333333334,0.31666666666666665,0.65,0.9166666666666666,0.36666666666666664,0.4166666666666667,0.48333333333333334,0.0,0.0,0.0
20260703,Energy,7,149,0.4686055710904827,0.4686055710904827,0.4686055710904827,0.4686055710904827,0.4686055710904827,0.4686055710904827,1,1,0,0,0.5833333333333334,0.75,0.7,0.0,0.0,0.0,0.0,0.0,0.0,0.5833333333333334,0.75,0.7,0.5833333333333334,0.75,0.7,0.0,0.3,0.8166666666666667,0.5833333333333334,0.75,0.7,0.0,0.0,0.0
20260703,Energy,7,185,0.4804554388751233,0.47038212619439673,0.47038212619439673,0.4804554388751233,0.4804554388751233,0.47038212619439673,1,1,0,0,0.7333333333333333,0.8833333333333333,0.9666666666666667,0.0,0.0,0.0,0.0,0.0,0.0,0.7333333333333333,0.8833333333333333,0.9666666666666667,0.7333333333333333,0.8833333333333333,0.9666666666666667,0.6166666666666667,0.9,0.9666666666666667,0.7333333333333333,0.8833333333333333,0.9666666666666667,0.0,0.0,0.0
20260703,Energy,5,366,0.42402209177581085,0.45404188902341325,0.45404188902341325,0.42402209177581085,0.42402209177581085,0.45404188902341325,1,1,0,0,0.0,0.08333333333333333,0.2833333333333333,0.0,0.0,0.0,0.0,0.0,0.0,0.0,0.08333333333333333,0.2833333333333333,0.0,0.08333333333333333,0.2833333333333333,0.2,0.43333333333333335,0.8,0.0,0.08333333333333333,0.2833333333333333,0.0,0.0,0.0
20260703,Energy,8,254,0.42352879033616,0.42352879033616,0.42352879033616,0.42352879033616,0.42352879033616,0.42352879033616,1,1,0,0,0.0,0.1,0.31666666666666665,0.0,0.0,0.0,0.0,0.0,0.0,0.0,0.1,0.31666666666666665,0.0,0.1,0.31666666666666665,0.26666666666666666,0.5833333333333334,0.5333333333333333,0.0,0.1,0.31666666666666665,0.0,0.0,0.0
20260703,Energy,6,411,0.4318635178597982,0.47386547570639337,0.47386547570639337,0.4318635178597982,0.4318635178597982,0.47386547570639337,1,1,0,0,0.06666666666666667,0.13333333333333333,0.4,0.0,0.0,0.0,0.0,0.0,0.0,0.06666666666666667,0.13333333333333333,0.4,0.06666666666666667,0.13333333333333333,0.4,0.55,0.6,0.7666666666666667,0.06666666666666667,0.13333333333333333,0.4,0.0,0.0,0.0
20260703,Energy,7,307,0.44359337435797425,0.44359337435797425,0.44359337435797425,0.44359337435797425,0.44359337435797425,0.44359337435797425,1,1,0,0,0.2833333333333333,0.43333333333333335,0.6166666666666667,0.0,0.0,0.0,0.0,0.0,0.0,0.2833333333333333,0.43333333333333335,0.6166666666666667,0.2833333333333333,0.43333333333333335,0.6166666666666667,0.0,0.16666666666666666,0.5,0.2833333333333333,0.43333333333333335,0.6166666666666667,0.0,0.0,0.0
20260703,Energy,7,271,0.3995528168968741,0.45219156795593407,0.45219156795593407,0.3995528168968741,0.3995528168968741,0.45219156795593407,1,1,0,0,0.03333333333333333,0.11666666666666667,0.2833333333333333,0.0,0.0,0.0,0.0,0.0,0.0,0.03333333333333333,0.11666666666666667,0.2833333333333333,0.03333333333333333,0.11666666666666667,0.2833333333333333,0.45,0.6,0.8333333333333334,0.03333333333333333,0.11666666666666667,0.2833333333333333,0.0,0.0,0.0
20260703,Energy,5,498,0.4812174097065679,0.4550628243400431,0.4550628243400431,0.4812174097065679,0.4812174097065679,0.4550628243400431,1,1,0,0,0.45,0.7166666666666667,0.7333333333333333,0.0,0.0,0.0,0.0,0.0,0.0,0.45,0.7166666666666667,0.7333333333333333,0.45,0.7166666666666667,0.7333333333333333,0.25,0.6333333333333333,0.8,0.45,0.7166666666666667,0.7333333333333333,0.0,0.0,0.0
20260703,Energy,4,228,0.4621246718891754,0.5133509686243639,0.5133509686243639,0.4621246718891754,0.4621246718891754,0.5133509686243639,1,1,0,0,0.21666666666666667,0.4,0.4166666666666667,0.0,0.0,0.0,0.0,0.0,0.0,0.21666666666666667,0.4,0.4166666666666667,0.21666666666666667,0.4,0.4166666666666667,0.65,0.7833333333333333,0.9,0.21666666666666667,0.4,0.4166666666666667,0.0,0.0,0.0
20260703,Energy,7,305,0.4121766132657573,0.4121766132657573,0.4121766132657573,0.4121766132657573,0.4121766132657573,0.4121766132657573,1,1,0,0,0.0,0.05,0.25,0.0,0.0,0.0,0.0,0.0,0.0,0.0,0.05,0.25,0.0,0.05,0.25,0.0,0.1,0.5666666666666667,0.0,0.05,0.25,0.0,0.0,0.0
20260703,Energy,4,401,0.43861906188074623,0.454017488363154,0.454017488363154,0.43861906188074623,0.43861906188074623,0.454017488363154,1,1,0,0,0.11666666666666667,0.18333333333333332,0.5833333333333334,0.0,0.0,0.0,0.0,0.0,0.0,0.11666666666666667,0.18333333333333332,0.5833333333333334,0.11666666666666667,0.18333333333333332,0.5833333333333334,0.16666666666666666,0.5333333333333333,0.8166666666666667,0.11666666666666667,0.18333333333333332,0.5833333333333334,0.0,0.0,0.0
20260703,Energy,6,227,0.4359660678489076,0.4494901621042329,0.4494901621042329,0.4359660678489076,0.4359660678489076,0.4494901621042329,1,1,0,0,0.2,0.2833333333333333,0.6,0.0,0.0,0.0,0.0,0.0,0.0,0.2,0.2833333333333333,0.6,0.2,0.2833333333333333,0.6,0.35,0.65,0.8,0.2,0.2833333333333333,0.6,0.0,0.0,0.0
20260703,Energy,7,278,0.4331689920519156,0.45472241045943645,0.45472241045943645,0.4331689920519156,0.4331689920519156,0.45472241045943645,1,1,0,0,0.21666666666666667,0.4166666666666667,0.5166666666666667,0.0,0.0,0.0,0.0,0.0,0.0,0.21666666666666667,0.4166666666666667,0.5166666666666667,0.21666666666666667,0.4166666666666667,0.5166666666666667,0.48333333333333334,0.7,0.8833333333333333,0.21666666666666667,0.4166666666666667,0.5166666666666667,0.0,0.0,0.0
20260703,Energy,6,334,0.4485473311842429,0.4835026412608007,0.4835026412608007,0.4485473311842429,0.4485473311842429,0.4835026412608007,1,1,0,0,0.06666666666666667,0.36666666666666664,0.5833333333333334,0.0,0.0,0.0,0.0,0.0,0.0,0.06666666666666667,0.36666666666666664,0.5833333333333334,0.06666666666666667,0.36666666666666664,0.5833333333333334,0.13333333333333333,0.6666666666666666,0.9166666666666666,0.06666666666666667,0.36666666666666664,0.5833333333333334,0.0,0.0,0.0
20260703,Energy,6,78,0.43049473767459323,0.43049473767459323,0.43049473767459323,0.43049473767459323,0.43049473767459323,0.43049473767459323,1,1,0,0,0.0,0.0,0.016666666666666666,0.0,0.0,0.0,0.0,0.0,0.0,0.0,0.0,0.016666666666666666,0.0,0.0,0.016666666666666666,0.06666666666666667,0.23333333333333334,0.4666666666666667,0.0,0.0,0.016666666666666666,0.0,0.0,0.0
20260703,Energy,5,270,0.4300396013983195,0.46551992939744635,0.46551992939744635,0.4300396013983195,0.4300396013983195,0.46551992939744635,1,1,0,0,0.0,0.0,0.03333333333333333,0.0,0.0,0.0,0.0,0.0,0.0,0.0,0.0,0.03333333333333333,0.0,0.0,0.03333333333333333,0.0,0.06666666666666667,0.5,0.0,0.0,0.03333333333333333,0.0,0.0,0.0
20260703,Energy,7,80,0.4415792438398186,0.4506280016022863,0.4506280016022863,0.4415792438398186,0.4415792438398186,0.4506280016022863,1,1,0,0,0.6166666666666667,0.5166666666666667,0.6166666666666667,0.0,0.0,0.0,0.0,0.0,0.0,0.6166666666666667,0.5166666666666667,0.6166666666666667,0.6166666666666667,0.5166666666666667,0.6166666666666667,0.1,0.2,0.5333333333333333,0.6166666666666667,0.5166666666666667,0.6166666666666667,0.0,0.0,0.0
20260703,Energy,8,276,0.43109389175529766,0.43400629802274815,0.43400629802274815,0.43109389175529766,0.43109389175529766,0.43400629802274815,1,1,0,0,0.05,0.26666666666666666,0.5,0.0,0.0,0.0,0.0,0.0,0.0,0.05,0.26666666666666666,0.5,0.05,0.26666666666666666,0.5,0.21666666666666667,0.4,0.7,0.05,0.26666666666666666,0.5,0.0,0.0,0.0
20260703,Energy,8,419,0.4266494757356104,0.4565191565715316,0.4565191565715316,0.4266494757356104,0.4266494757356104,0.4565191565715316,1,1,0,0,0.18333333333333332,0.4166666666666667,0.65,0.0,0.0,0.0,0.0,0.0,0.0,0.18333333333333332,0.4166666666666667,0.65,0.18333333333333332,0.4166666666666667,0.65,0.48333333333333334,0.55,0.8333333333333334,0.18333333333333332,0.4166666666666667,0.65,0.0,0.0,0.0
20260703,Energy,6,274,0.42376758598665204,0.4385755910446766,0.4385755910446766,0.42376758598665204,0.42376758598665204,0.4385755910446766,1,1,0,0,0.18333333333333332,0.1,0.3333333333333333,0.0,0.0,0.0,0.0,0.0,0.0,0.18333333333333332,0.1,0.3333333333333333,0.18333333333333332,0.1,0.3333333333333333,0.6166666666666667,0.7666666666666667,0.8166666666666667,0.18333333333333332,0.1,0.3333333333333333,0.0,0.0,0.0
20260703,Energy,5,478,0.44008219197593906,0.4596474710825437,0.4596474710825437,0.44008219197593906,0.44008219197593906,0.4596474710825437,1,1,0,0,0.05,0.13333333333333333,0.31666666666666665,0.0,0.0,0.0,0.0,0.0,0.0,0.05,0.13333333333333333,0.31666666666666665,0.05,0.13333333333333333,0.31666666666666665,0.25,0.5833333333333334,0.7666666666666667,0.05,0.13333333333333333,0.31666666666666665,0.0,0.0,0.0
20260703,Energy,7,444,0.43249975018671116,0.41531272167958205,0.41531272167958205,0.43249975018671116,0.43249975018671116,0.41531272167958205,1,1,0,0,0.31666666666666665,0.6333333333333333,0.7,0.0,0.0,0.0,0.0,0.0,0.0,0.31666666666666665,0.6333333333333333,0.7,0.31666666666666665,0.6333333333333333,0.7,0.016666666666666666,0.18333333333333332,0.55,0.31666666666666665,0.6333333333333333,0.7,0.0,0.0,0.0
20260703,Energy,7,246,0.4480069694278299,0.46240931824646303,0.46240931824646303,0.4480069694278299,0.4480069694278299,0.46240931824646303,1,1,0,0,0.7166666666666667,0.8333333333333334,0.8833333333333333,0.0,0.0,0.0,0.0,0.0,0.0,0.7166666666666667,0.8333333333333334,0.8833333333333333,0.7166666666666667,0.8333333333333334,0.8833333333333333,0.0,0.1,0.5666666666666667,0.7166666666666667,0.8333333333333334,0.8833333333333333,0.0,0.0,0.0
20260703,Energy,8,460,0.4364431793993023,0.4809220075104154,0.4809220075104154,0.4364431793993023,0.4364431793993023,0.4809220075104154,1,1,0,0,0.25,0.48333333333333334,0.5833333333333334,0.0,0.0,0.0,0.0,0.0,0.0,0.25,0.48333333333333334,0.5833333333333334,0.25,0.48333333333333334,0.5833333333333334,0.4166666666666667,0.6,0.8333333333333334,0.25,0.48333333333333334,0.5833333333333334,0.0,0.0,0.0
20260703,Energy,5,178,0.488797240229766,0.49157466082186463,0.49157466082186463,0.488797240229766,0.488797240229766,0.49157466082186463,1,1,0,0,0.08333333333333333,0.45,0.6666666666666666,0.0,0.0,0.0,0.0,0.0,0.0,0.08333333333333333,0.45,0.6666666666666666,0.08333333333333333,0.45,0.6666666666666666,0.1,0.3333333333333333,0.7,0.08333333333333333,0.45,0.6666666666666666,0.0,0.0,0.0
20260703,Energy,8,287,0.4360156283347459,0.4710204006750113,0.4710204006750113,0.4360156283347459,0.4360156283347459,0.4710204006750113,1,1,0,0,0.13333333333333333,0.26666666666666666,0.5,0.0,0.0,0.0,0.0,0.0,0.0,0.13333333333333333,0.26666666666666666,0.5,0.13333333333333333,0.26666666666666666,0.5,0.38333333333333336,0.6833333333333333,0.8833333333333333,0.13333333333333333,0.26666666666666666,0.5,0.0,0.0,0.0
20260703,Energy,5,307,0.4855075168383822,0.4989204666591645,0.4989204666591645,0.4855075168383822,0.4855075168383822,0.4989204666591645,1,1,0,0,0.4166666666666667,0.43333333333333335,0.6333333333333333,0.0,0.0,0.0,0.0,0.0,0.0,0.4166666666666667,0.43333333333333335,0.6333333333333333,0.4166666666666667,0.43333333333333335,0.6333333333333333,0.4166666666666667,0.6833333333333333,0.9,0.4166666666666667,0.43333333333333335,0.6333333333333333,0.0,0.0,0.0
20260703,Energy,6,126,0.4559428534144977,0.4559428534144977,0.4559428534144977,0.4559428534144977,0.4559428534144977,0.4559428534144977,1,1,0,0,0.2,0.31666666666666665,0.48333333333333334,0.0,0.0,0.0,0.0,0.0,0.0,0.2,0.31666666666666665,0.48333333333333334,0.2,0.31666666666666665,0.48333333333333334,0.45,0.65,0.8,0.2,0.31666666666666665,0.48333333333333334,0.0,0.0,0.0
20260703,Energy,5,226,0.46780119348135096,0.48553016549004024,0.48553016549004024,0.46780119348135096,0.46780119348135096,0.48553016549004024,1,1,0,0,0.31666666666666665,0.31666666666666665,0.5333333333333333,0.0,0.0,0.0,0.0,0.0,0.0,0.31666666666666665,0.31666666666666665,0.5333333333333333,0.31666666666666665,0.31666666666666665,0.5333333333333333,0.55,0.7,0.8666666666666667,0.31666666666666665,0.31666666666666665,0.5333333333333333,0.0,0.0,0.0
20260703,Energy,4,476,0.4566779171274361,0.4566779171274361,0.4566779171274361,0.4566779171274361,0.4566779171274361,0.4566779171274361,1,1,0,0,0.16666666666666666,0.2833333333333333,0.48333333333333334,0.0,0.0,0.0,0.0,0.0,0.0,0.16666666666666666,0.2833333333333333,0.48333333333333334,0.16666666666666666,0.2833333333333333,0.48333333333333334,0.16666666666666666,0.4666666666666667,0.7333333333333333,0.16666666666666666,0.2833333333333333,0.48333333333333334,0.0,0.0,0.0
20260703,Concrete,6,467,0.45769123498675507,0.44805458091410516,0.44805458091410516,0.45769123498675507,0.45769123498675507,0.44805458091410516,1,1,0,0,0.35,0.48333333333333334,0.6166666666666667,0.0,0.0,0.0,0.0,0.0,0.0,0.35,0.48333333333333334,0.6166666666666667,0.35,0.48333333333333334,0.6166666666666667,0.18333333333333332,0.2833333333333333,0.6833333333333333,0.35,0.48333333333333334,0.6166666666666667,0.0,0.0,0.0
20260703,Concrete,8,212,0.4222268713890121,0.42947669451921383,0.42947669451921383,0.4222268713890121,0.4222268713890121,0.42947669451921383,1,1,0,0,0.05,0.23333333333333334,0.4666666666666667,0.0,0.0,0.0,0.0,0.0,0.0,0.05,0.23333333333333334,0.4666666666666667,0.05,0.23333333333333334,0.4666666666666667,0.0,0.06666666666666667,0.36666666666666664,0.05,0.23333333333333334,0.4666666666666667,0.0,0.0,0.0
20260703,Concrete,5,363,0.4478011409691753,0.5101412092961148,0.5101412092961148,0.4478011409691753,0.4478011409691753,0.5101412092961148,1,1,0,0,0.03333333333333333,0.26666666666666666,0.55,0.0,0.0,0.0,0.0,0.0,0.0,0.03333333333333333,0.26666666666666666,0.55,0.03333333333333333,0.26666666666666666,0.55,0.7333333333333333,0.8666666666666667,0.9,0.03333333333333333,0.26666666666666666,0.55,0.0,0.0,0.0
20260703,Concrete,6,403,0.43984524060831626,0.4784263997070563,0.4784263997070563,0.43984524060831626,0.43984524060831626,0.4784263997070563,1,1,0,0,0.11666666666666667,0.31666666666666665,0.6,0.0,0.0,0.0,0.0,0.0,0.0,0.11666666666666667,0.31666666666666665,0.6,0.11666666666666667,0.31666666666666665,0.6,0.0,0.38333333333333336,0.75,0.11666666666666667,0.31666666666666665,0.6,0.0,0.0,0.0
20260703,Concrete,4,246,0.4651249650961923,0.45783314087049004,0.45783314087049004,0.4651249650961923,0.4651249650961923,0.45783314087049004,1,1,0,0,0.5833333333333334,0.48333333333333334,0.7333333333333333,0.0,0.0,0.0,0.0,0.0,0.0,0.5833333333333334,0.48333333333333334,0.7333333333333333,0.5833333333333334,0.48333333333333334,0.7333333333333333,0.08333333333333333,0.31666666666666665,0.5,0.5833333333333334,0.48333333333333334,0.7333333333333333,0.0,0.0,0.0
20260703,Concrete,6,168,0.4821133637993042,0.487080270080252,0.487080270080252,0.4821133637993042,0.4821133637993042,0.487080270080252,1,1,0,0,0.0,0.1,0.3333333333333333,0.0,0.0,0.0,0.0,0.0,0.0,0.0,0.1,0.3333333333333333,0.0,0.1,0.3333333333333333,0.08333333333333333,0.36666666666666664,0.7333333333333333,0.0,0.1,0.3333333333333333,0.0,0.0,0.0
20260703,Concrete,5,263,0.4468212242600031,0.447141999742412,0.447141999742412,0.4468212242600031,0.4468212242600031,0.447141999742412,1,1,0,0,0.3333333333333333,0.4666666666666667,0.7333333333333333,0.0,0.0,0.0,0.0,0.0,0.0,0.3333333333333333,0.4666666666666667,0.7333333333333333,0.3333333333333333,0.4666666666666667,0.7333333333333333,0.55,0.75,0.7,0.3333333333333333,0.4666666666666667,0.7333333333333333,0.0,0.0,0.0
20260703,Concrete,4,159,0.4560937646658669,0.4560937646658669,0.4560937646658669,0.4560937646658669,0.4560937646658669,0.4560937646658669,1,1,0,0,0.0,0.0,0.25,0.0,0.0,0.0,0.0,0.0,0.0,0.0,0.0,0.25,0.0,0.0,0.25,0.45,0.5166666666666667,0.65,0.0,0.0,0.25,0.0,0.0,0.0
20260703,Concrete,7,186,0.4563051537019345,0.4626509643174201,0.4626509643174201,0.4563051537019345,0.4563051537019345,0.4626509643174201,1,1,0,0,0.03333333333333333,0.3,0.4,0.0,0.0,0.0,0.0,0.0,0.0,0.03333333333333333,0.3,0.4,0.03333333333333333,0.3,0.4,0.03333333333333333,0.31666666666666665,0.75,0.03333333333333333,0.3,0.4,0.0,0.0,0.0
20260703,Concrete,5,321,0.45411540631393293,0.4554794833906178,0.4554794833906178,0.45411540631393293,0.45411540631393293,0.4554794833906178,1,1,0,0,0.31666666666666665,0.6,0.9166666666666666,0.0,0.0,0.0,0.0,0.0,0.0,0.31666666666666665,0.6,0.9166666666666666,0.31666666666666665,0.6,0.9166666666666666,0.5666666666666667,0.7833333333333333,0.95,0.31666666666666665,0.6,0.9166666666666666,0.0,0.0,0.0
20260703,Concrete,4,87,0.49132444996946184,0.49132444996946184,0.49132444996946184,0.49132444996946184,0.49132444996946184,0.49132444996946184,1,1,0,0,0.016666666666666666,0.23333333333333334,0.5833333333333334,0.0,0.0,0.0,0.0,0.0,0.0,0.016666666666666666,0.23333333333333334,0.5833333333333334,0.016666666666666666,0.23333333333333334,0.5833333333333334,0.3333333333333333,0.5,0.7666666666666667,0.016666666666666666,0.23333333333333334,0.5833333333333334,0.0,0.0,0.0
20260703,Concrete,7,407,0.45610017862756913,0.4392352972535004,0.4392352972535004,0.45610017862756913,0.45610017862756913,0.4392352972535004,1,1,0,0,0.7166666666666667,0.8333333333333334,0.8833333333333333,0.0,0.0,0.0,0.0,0.0,0.0,0.7166666666666667,0.8333333333333334,0.8833333333333333,0.7166666666666667,0.8333333333333334,0.8833333333333333,0.0,0.18333333333333332,0.7166666666666667,0.7166666666666667,0.8333333333333334,0.8833333333333333,0.0,0.0,0.0
20260703,Concrete,4,122,0.4749990181982076,0.4749990181982076,0.4749990181982076,0.4749990181982076,0.4749990181982076,0.4749990181982076,1,1,0,0,0.016666666666666666,0.11666666666666667,0.4,0.0,0.0,0.0,0.0,0.0,0.0,0.016666666666666666,0.11666666666666667,0.4,0.016666666666666666,0.11666666666666667,0.4,0.08333333333333333,0.23333333333333334,0.7333333333333333,0.016666666666666666,0.11666666666666667,0.4,0.0,0.0,0.0
20260703,Concrete,5,106,0.4812738903446648,0.496205163859673,0.496205163859673,0.4812738903446648,0.4812738903446648,0.496205163859673,1,1,0,0,0.48333333333333334,0.6333333333333333,0.7333333333333333,0.0,0.0,0.0,0.0,0.0,0.0,0.48333333333333334,0.6333333333333333,0.7333333333333333,0.48333333333333334,0.6333333333333333,0.7333333333333333,0.35,0.6833333333333333,0.9166666666666666,0.48333333333333334,0.6333333333333333,0.7333333333333333,0.0,0.0,0.0
20260703,Concrete,8,428,0.39964729402454074,0.44282823722818987,0.44282823722818987,0.39964729402454074,0.39964729402454074,0.44282823722818987,1,1,0,0,0.0,0.0,0.13333333333333333,0.0,0.0,0.0,0.0,0.0,0.0,0.0,0.0,0.13333333333333333,0.0,0.0,0.13333333333333333,0.43333333333333335,0.5833333333333334,0.85,0.0,0.0,0.13333333333333333,0.0,0.0,0.0
20260703,Concrete,7,451,0.4377850531007704,0.44720900905650673,0.44720900905650673,0.4377850531007704,0.4377850531007704,0.44720900905650673,1,1,0,0,0.1,0.16666666666666666,0.2833333333333333,0.0,0.0,0.0,0.0,0.0,0.0,0.1,0.16666666666666666,0.2833333333333333,0.1,0.16666666666666666,0.2833333333333333,0.2,0.48333333333333334,0.75,0.1,0.16666666666666666,0.2833333333333333,0.0,0.0,0.0
20260703,Concrete,6,444,0.4572514804260468,0.465451652803482,0.465451652803482,0.4572514804260468,0.4572514804260468,0.465451652803482,1,1,0,0,0.03333333333333333,0.23333333333333334,0.4166666666666667,0.0,0.0,0.0,0.0,0.0,0.0,0.03333333333333333,0.23333333333333334,0.4166666666666667,0.03333333333333333,0.23333333333333334,0.4166666666666667,0.45,0.7166666666666667,0.8166666666666667,0.03333333333333333,0.23333333333333334,0.4166666666666667,0.0,0.0,0.0
20260703,Concrete,5,212,0.4620611062753257,0.44582406176298595,0.44582406176298595,0.4620611062753257,0.4620611062753257,0.44582406176298595,1,1,0,0,0.13333333333333333,0.3,0.43333333333333335,0.0,0.0,0.0,0.0,0.0,0.0,0.13333333333333333,0.3,0.43333333333333335,0.13333333333333333,0.3,0.43333333333333335,0.0,0.15,0.5166666666666667,0.13333333333333333,0.3,0.43333333333333335,0.0,0.0,0.0
20260703,Concrete,7,378,0.4385869494920993,0.4581495804834816,0.4581495804834816,0.4385869494920993,0.4385869494920993,0.4581495804834816,1,1,0,0,0.5,0.3333333333333333,0.55,0.0,0.0,0.0,0.0,0.0,0.0,0.5,0.3333333333333333,0.55,0.5,0.3333333333333333,0.55,0.2833333333333333,0.4,0.7166666666666667,0.5,0.3333333333333333,0.55,0.0,0.0,0.0
20260703,Concrete,4,465,0.45102714321974025,0.4881273995098883,0.4881273995098883,0.45102714321974025,0.45102714321974025,0.4881273995098883,1,1,0,0,0.03333333333333333,0.3,0.6166666666666667,0.0,0.0,0.0,0.0,0.0,0.0,0.03333333333333333,0.3,0.6166666666666667,0.03333333333333333,0.3,0.6166666666666667,0.3333333333333333,0.6,0.7833333333333333,0.03333333333333333,0.3,0.6166666666666667,0.0,0.0,0.0
20260703,Concrete,4,273,0.4500588980382551,0.4500588980382551,0.4500588980382551,0.4500588980382551,0.4500588980382551,0.4500588980382551,1,1,0,0,0.0,0.08333333333333333,0.11666666666666667,0.0,0.0,0.0,0.0,0.0,0.0,0.0,0.08333333333333333,0.11666666666666667,0.0,0.08333333333333333,0.11666666666666667,0.5,0.5333333333333333,0.6333333333333333,0.0,0.08333333333333333,0.11666666666666667,0.0,0.0,0.0
20260703,Concrete,5,96,0.47341703040397276,0.513380462211402,0.513380462211402,0.47341703040397276,0.47341703040397276,0.513380462211402,1,1,0,0,0.45,0.48333333333333334,0.36666666666666664,0.0,0.0,0.0,0.0,0.0,0.0,0.45,0.48333333333333334,0.36666666666666664,0.45,0.48333333333333334,0.36666666666666664,0.0,0.36666666666666664,0.7,0.45,0.48333333333333334,0.36666666666666664,0.0,0.0,0.0
20260703,Concrete,5,66,0.4986194528517314,0.4986194528517314,0.4986194528517314,0.4986194528517314,0.4986194528517314,0.4986194528517314,1,1,0,0,0.3333333333333333,0.5,0.6833333333333333,0.0,0.0,0.0,0.0,0.0,0.0,0.3333333333333333,0.5,0.6833333333333333,0.3333333333333333,0.5,0.6833333333333333,0.06666666666666667,0.3333333333333333,0.36666666666666664,0.3333333333333333,0.5,0.6833333333333333,0.0,0.0,0.0
20260703,Concrete,7,168,0.44055987283493164,0.44055987283493164,0.44055987283493164,0.44055987283493164,0.44055987283493164,0.44055987283493164,1,1,0,0,0.0,0.03333333333333333,0.13333333333333333,0.0,0.0,0.0,0.0,0.0,0.0,0.0,0.03333333333333333,0.13333333333333333,0.0,0.03333333333333333,0.13333333333333333,0.23333333333333334,0.5166666666666667,0.8166666666666667,0.0,0.03333333333333333,0.13333333333333333,0.0,0.0,0.0
20260703,Concrete,4,68,0.433242622020421,0.43057779357619547,0.43057779357619547,0.433242622020421,0.433242622020421,0.43057779357619547,1,1,0,0,0.016666666666666666,0.21666666666666667,0.5333333333333333,0.0,0.0,0.0,0.0,0.0,0.0,0.016666666666666666,0.21666666666666667,0.5333333333333333,0.016666666666666666,0.21666666666666667,0.5333333333333333,0.016666666666666666,0.26666666666666666,0.38333333333333336,0.016666666666666666,0.21666666666666667,0.5333333333333333,0.0,0.0,0.0
20260703,Concrete,4,170,0.4531822173344471,0.4531822173344471,0.4531822173344471,0.4531822173344471,0.4531822173344471,0.4531822173344471,1,1,0,0,0.0,0.25,0.25,0.0,0.0,0.0,0.0,0.0,0.0,0.0,0.25,0.25,0.0,0.25,0.25,0.05,0.4166666666666667,0.6,0.0,0.25,0.25,0.0,0.0,0.0
20260703,Concrete,5,215,0.4809476199572672,0.4809476199572672,0.4809476199572672,0.4809476199572672,0.4809476199572672,0.4809476199572672,1,1,0,0,0.06666666666666667,0.18333333333333332,0.3,0.0,0.0,0.0,0.0,0.0,0.0,0.06666666666666667,0.18333333333333332,0.3,0.06666666666666667,0.18333333333333332,0.3,0.5333333333333333,0.75,0.7833333333333333,0.06666666666666667,0.18333333333333332,0.3,0.0,0.0,0.0
20260703,Concrete,7,196,0.43010549319660785,0.4509976109346333,0.4509976109346333,0.43010549319660785,0.43010549319660785,0.4509976109346333,1,1,0,0,0.5166666666666667,0.6833333333333333,0.8333333333333334,0.0,0.0,0.0,0.0,0.0,0.0,0.5166666666666667,0.6833333333333333,0.8333333333333334,0.5166666666666667,0.6833333333333333,0.8333333333333334,0.45,0.4666666666666667,0.65,0.5166666666666667,0.6833333333333333,0.8333333333333334,0.0,0.0,0.0
20260703,Concrete,6,334,0.4602906020753293,0.48409791100010596,0.48409791100010596,0.4602906020753293,0.4602906020753293,0.48409791100010596,1,1,0,0,0.18333333333333332,0.35,0.4166666666666667,0.0,0.0,0.0,0.0,0.0,0.0,0.18333333333333332,0.35,0.4166666666666667,0.18333333333333332,0.35,0.4166666666666667,0.55,0.5833333333333334,0.8166666666666667,0.18333333333333332,0.35,0.4166666666666667,0.0,0.0,0.0
20260703,Concrete,4,236,0.44446148833439547,0.49833324193082407,0.49833324193082407,0.44446148833439547,0.44446148833439547,0.49833324193082407,1,1,0,0,0.21666666666666667,0.5333333333333333,0.5666666666666667,0.0,0.0,0.0,0.0,0.0,0.0,0.21666666666666667,0.5333333333333333,0.5666666666666667,0.21666666666666667,0.5333333333333333,0.5666666666666667,0.5666666666666667,0.7333333333333333,0.8833333333333333,0.21666666666666667,0.5333333333333333,0.5666666666666667,0.0,0.0,0.0
20260703,Concrete,4,386,0.45542011814578637,0.4794964669194666,0.4794964669194666,0.45542011814578637,0.45542011814578637,0.4794964669194666,1,1,0,0,0.15,0.36666666666666664,0.5166666666666667,0.0,0.0,0.0,0.0,0.0,0.0,0.15,0.36666666666666664,0.5166666666666667,0.15,0.36666666666666664,0.5166666666666667,0.016666666666666666,0.4166666666666667,0.75,0.15,0.36666666666666664,0.5166666666666667,0.0,0.0,0.0
20260703,Concrete,8,295,0.43254846083727533,0.44735304292881056,0.44735304292881056,0.43254846083727533,0.43254846083727533,0.44735304292881056,1,1,0,0,0.3333333333333333,0.5666666666666667,0.55,0.0,0.0,0.0,0.0,0.0,0.0,0.3333333333333333,0.5666666666666667,0.55,0.3333333333333333,0.5666666666666667,0.55,0.2,0.5833333333333334,0.9,0.3333333333333333,0.5666666666666667,0.55,0.0,0.0,0.0
20260703,Concrete,8,155,0.47190907771455914,0.46337197779254746,0.46337197779254746,0.47190907771455914,0.47190907771455914,0.46337197779254746,1,1,0,0,0.4666666666666667,0.7666666666666667,0.8666666666666667,0.0,0.0,0.0,0.0,0.0,0.0,0.4666666666666667,0.7666666666666667,0.8666666666666667,0.4666666666666667,0.7666666666666667,0.8666666666666667,0.25,0.35,0.7,0.4666666666666667,0.7666666666666667,0.8666666666666667,0.0,0.0,0.0
20260703,Concrete,4,88,0.4529046948902469,0.48931619347372357,0.48931619347372357,0.4529046948902469,0.4529046948902469,0.48931619347372357,1,1,0,0,0.08333333333333333,0.11666666666666667,0.25,0.0,0.0,0.0,0.0,0.0,0.0,0.08333333333333333,0.11666666666666667,0.25,0.08333333333333333,0.11666666666666667,0.25,0.45,0.4166666666666667,0.6666666666666666,0.08333333333333333,0.11666666666666667,0.25,0.0,0.0,0.0
20260703,Concrete,8,400,0.4196926256106608,0.4245446681267975,0.4245446681267975,0.4196926256106608,0.4196926256106608,0.4245446681267975,1,1,0,0,0.1,0.23333333333333334,0.65,0.0,0.0,0.0,0.0,0.0,0.0,0.1,0.23333333333333334,0.65,0.1,0.23333333333333334,0.65,0.45,0.5166666666666667,0.7,0.1,0.23333333333333334,0.65,0.0,0.0,0.0
20260703,Concrete,5,449,0.42836698925505856,0.44091082624633304,0.44091082624633304,0.42836698925505856,0.42836698925505856,0.44091082624633304,1,1,0,0,0.0,0.03333333333333333,0.3333333333333333,0.0,0.0,0.0,0.0,0.0,0.0,0.0,0.03333333333333333,0.3333333333333333,0.0,0.03333333333333333,0.3333333333333333,0.25,0.5666666666666667,0.85,0.0,0.03333333333333333,0.3333333333333333,0.0,0.0,0.0
20260703,Concrete,6,301,0.4390751965325989,0.44388819673462854,0.44388819673462854,0.4390751965325989,0.4390751965325989,0.44388819673462854,1,1,0,0,0.18333333333333332,0.31666666666666665,0.4166666666666667,0.0,0.0,0.0,0.0,0.0,0.0,0.18333333333333332,0.31666666666666665,0.4166666666666667,0.18333333333333332,0.31666666666666665,0.4166666666666667,0.55,0.65,0.7,0.18333333333333332,0.31666666666666665,0.4166666666666667,0.0,0.0,0.0
20260703,Concrete,8,94,0.4320284287825613,0.4540368042294665,0.4540368042294665,0.4320284287825613,0.4320284287825613,0.4540368042294665,1,1,0,0,0.0,0.03333333333333333,0.11666666666666667,0.0,0.0,0.0,0.0,0.0,0.0,0.0,0.03333333333333333,0.11666666666666667,0.0,0.03333333333333333,0.11666666666666667,0.06666666666666667,0.36666666666666664,0.8166666666666667,0.0,0.03333333333333333,0.11666666666666667,0.0,0.0,0.0
20260703,Concrete,4,94,0.48340619409958296,0.5089098371014832,0.5089098371014832,0.48340619409958296,0.48340619409958296,0.5089098371014832,1,1,0,0,0.3333333333333333,0.5333333333333333,0.6666666666666666,0.0,0.0,0.0,0.0,0.0,0.0,0.3333333333333333,0.5333333333333333,0.6666666666666666,0.3333333333333333,0.5333333333333333,0.6666666666666666,0.0,0.31666666666666665,0.65,0.3333333333333333,0.5333333333333333,0.6666666666666666,0.0,0.0,0.0
20260703,Concrete,4,132,0.48548310224958563,0.48366471168312636,0.48366471168312636,0.48548310224958563,0.48548310224958563,0.48366471168312636,1,1,0,0,0.4166666666666667,0.38333333333333336,0.38333333333333336,0.0,0.0,0.0,0.0,0.0,0.0,0.4166666666666667,0.38333333333333336,0.38333333333333336,0.4166666666666667,0.38333333333333336,0.38333333333333336,0.25,0.43333333333333335,0.7333333333333333,0.4166666666666667,0.38333333333333336,0.38333333333333336,0.0,0.0,0.0
20260703,Concrete,5,398,0.45798179620185275,0.4778462613137673,0.4778462613137673,0.45798179620185275,0.45798179620185275,0.4778462613137673,1,1,0,0,0.36666666666666664,0.6833333333333333,0.8333333333333334,0.0,0.0,0.0,0.0,0.0,0.0,0.36666666666666664,0.6833333333333333,0.8333333333333334,0.36666666666666664,0.6833333333333333,0.8333333333333334,0.55,0.7333333333333333,0.9333333333333333,0.36666666666666664,0.6833333333333333,0.8333333333333334,0.0,0.0,0.0
20260703,Concrete,7,111,0.48180687903758496,0.5170152082996131,0.5170152082996131,0.48180687903758496,0.48180687903758496,0.5170152082996131,1,1,0,0,0.25,0.38333333333333336,0.43333333333333335,0.0,0.0,0.0,0.0,0.0,0.0,0.25,0.38333333333333336,0.43333333333333335,0.25,0.38333333333333336,0.43333333333333335,0.3333333333333333,0.5833333333333334,0.8166666666666667,0.25,0.38333333333333336,0.43333333333333335,0.0,0.0,0.0
20260703,Concrete,8,82,0.44465664854768044,0.46607334336799205,0.46607334336799205,0.44465664854768044,0.44465664854768044,0.46607334336799205,1,1,0,0,0.0,0.08333333333333333,0.25,0.0,0.0,0.0,0.0,0.0,0.0,0.0,0.08333333333333333,0.25,0.0,0.08333333333333333,0.25,0.0,0.0,0.31666666666666665,0.0,0.08333333333333333,0.25,0.0,0.0,0.0
20260703,Concrete,7,378,0.45106776893718264,0.5103453657996017,0.5103453657996017,0.45106776893718264,0.45106776893718264,0.5103453657996017,1,1,0,0,0.03333333333333333,0.21666666666666667,0.4,0.0,0.0,0.0,0.0,0.0,0.0,0.03333333333333333,0.21666666666666667,0.4,0.03333333333333333,0.21666666666666667,0.4,0.15,0.5833333333333334,0.9666666666666667,0.03333333333333333,0.21666666666666667,0.4,0.0,0.0,0.0
20260703,Concrete,6,382,0.47541339796651044,0.48392406998703036,0.48392406998703036,0.47541339796651044,0.47541339796651044,0.48392406998703036,1,1,0,0,0.3333333333333333,0.4666666666666667,0.7,0.0,0.0,0.0,0.0,0.0,0.0,0.3333333333333333,0.4666666666666667,0.7,0.3333333333333333,0.4666666666666667,0.7,0.36666666666666664,0.45,0.7333333333333333,0.3333333333333333,0.4666666666666667,0.7,0.0,0.0,0.0
20260703,Concrete,6,494,0.4595552782965144,0.49903566031693625,0.49903566031693625,0.4595552782965144,0.4595552782965144,0.49903566031693625,1,1,0,0,0.1,0.5,0.8,0.0,0.0,0.0,0.0,0.0,0.0,0.1,0.5,0.8,0.1,0.5,0.8,0.4,0.6166666666666667,0.9666666666666667,0.1,0.5,0.8,0.0,0.0,0.0
20260703,Concrete,4,141,0.4443878930852289,0.4931511177336931,0.4931511177336931,0.4443878930852289,0.4443878930852289,0.4931511177336931,1,1,0,0,0.21666666666666667,0.3,0.5333333333333333,0.0,0.0,0.0,0.0,0.0,0.0,0.21666666666666667,0.3,0.5333333333333333,0.21666666666666667,0.3,0.5333333333333333,0.48333333333333334,0.85,0.95,0.21666666666666667,0.3,0.5333333333333333,0.0,0.0,0.0
20260703,Concrete,7,218,0.43821006621270964,0.4325652243837372,0.4325652243837372,0.43821006621270964,0.43821006621270964,0.4325652243837372,1,1,0,0,0.15,0.4166666666666667,0.7666666666666667,0.0,0.0,0.0,0.0,0.0,0.0,0.15,0.4166666666666667,0.7666666666666667,0.15,0.4166666666666667,0.7666666666666667,0.05,0.18333333333333332,0.5833333333333334,0.15,0.4166666666666667,0.7666666666666667,0.0,0.0,0.0
20260703,Concrete,6,129,0.4645941847592468,0.4645941847592468,0.4645941847592468,0.4645941847592468,0.4645941847592468,0.4645941847592468,1,1,0,0,0.1,0.3333333333333333,0.6166666666666667,0.0,0.0,0.0,0.0,0.0,0.0,0.1,0.3333333333333333,0.6166666666666667,0.1,0.3333333333333333,0.6166666666666667,0.38333333333333336,0.6166666666666667,0.7666666666666667,0.1,0.3333333333333333,0.6166666666666667,0.0,0.0,0.0
20260703,Concrete,6,312,0.437595157523531,0.4510359061745614,0.4510359061745614,0.437595157523531,0.437595157523531,0.4510359061745614,1,1,0,0,0.2833333333333333,0.5166666666666667,0.7,0.0,0.0,0.0,0.0,0.0,0.0,0.2833333333333333,0.5166666666666667,0.7,0.2833333333333333,0.5166666666666667,0.7,0.75,0.9,0.9333333333333333,0.2833333333333333,0.5166666666666667,0.7,0.0,0.0,0.0
