seed,family,m,N,tail_lexpr,tail_lexpr1,tail_asf1,tail_asfk,tail_mmrk,tail_raw,agree_lexpr_asfk,agree_lexpr_mmrk,tied_lexpr,tied_lexpr1,flip_lexpr_0.05,flip_lexpr_0.10,flip_lexpr_0.20,flip_lexpr1_0.05,flip_lexpr1_0.10,flip_lexpr1_0.20,flip_asf1_0.05,flip_asf1_0.10,flip_asf1_0.20,flip_asfk_0.05,flip_asfk_0.10,flip_asfk_0.20,flip_mmrk_0.05,flip_mmrk_0.10,flip_mmrk_0.20,flip_raw_0.05,flip_raw_0.10,flip_raw_0.20,classflip_lexpr_0.05,classflip_lexpr_0.10,classflip_lexpr_0.20,classflip_lexpr1_0.05,classflip_lexpr1_0.10,classflip_lexpr1_0.20
20260702,Knapsack,5,149,0.7467428042599714,0.7652784424425204,0.7652784424425204,0.7467428042599714,0.7467428042599714,0.7652784424425204,1,1,0,0,0.0,0.016666666666666666,0.11666666666666667,0.0,0.0,0.0,0.0,0.0,0.0,0.0,0.016666666666666666,0.11666666666666667,0.0,0.016666666666666666,0.11666666666666667,0.4166666666666667,0.7333333333333333,0.95,0.0,0.016666666666666666,0.11666666666666667,0.0,0.0,0.0
20260702,Knapsack,5,146,0.8182743431438622,0.7565131002473134,0.7565131002473134,0.8182743431438622,0.8182743431438622,0.7565131002473134,1,1,0,0,0.4166666666666667,0.6333333333333333,0.7166666666666667,0.0,0.0,0.0,0.0,0.0,0.0,0.4166666666666667,0.6333333333333333,0.7166666666666667,0.4166666666666667,0.65,0.75,0.6,0.8333333333333334,0.95,0.4166666666666667,0.6333333333333333,0.7166666666666667,0.0,0.0,0.0
20260702,Knapsack,4,162,0.8411060454994848,0.7838398485437078,0.7838398485437078,0.8411060454994848,0.8411060454994848,0.7838398485437078,1,1,0,0,0.18333333333333332,0.31666666666666665,0.65,0.0,0.0,0.0,0.0,0.0,0.0,0.15,0.18333333333333332,0.4,0.21666666666666667,0.4,0.6833333333333333,0.7833333333333333,0.8,0.9166666666666666,0.18333333333333332,0.31666666666666665,0.65,0.0,0.0,0.0
20260702,Knapsack,4,295,0.8435965858685406,0.8089164060269629,0.8089164060269629,0.8435965858685406,0.8435965858685406,0.8089164060269629,1,1,0,0,0.6666666666666666,0.7333333333333333,0.85,0.0,0.0,0.0,0.0,0.0,0.0,0.6666666666666666,0.7333333333333333,0.85,0.6666666666666666,0.7333333333333333,0.85,0.7,0.85,0.9833333333333333,0.6666666666666666,0.7333333333333333,0.85,0.0,0.0,0.0
20260702,Knapsack,5,141,0.7862824915448722,0.7630336674938015,0.7630336674938015,0.7862824915448722,0.7862824915448722,0.7630336674938015,1,1,0,0,0.05,0.3,0.6166666666666667,0.0,0.0,0.0,0.0,0.0,0.0,0.05,0.3,0.6166666666666667,0.05,0.3,0.6166666666666667,0.45,0.8,0.95,0.05,0.3,0.6166666666666667,0.0,0.0,0.0
20260702,Knapsack,4,133,0.8803544605539279,0.8047073783577198,0.8047073783577198,0.8803544605539279,0.8803544605539279,0.8047073783577198,1,1,0,0,0.43333333333333335,0.6333333333333333,0.55,0.0,0.0,0.0,0.0,0.0,0.0,0.43333333333333335,0.6333333333333333,0.55,0.43333333333333335,0.6333333333333333,0.6333333333333333,0.8,0.8333333333333334,0.9166666666666666,0.43333333333333335,0.6333333333333333,0.55,0.0,0.0,0.0
20260702,Knapsack,5,104,0.7852788922532458,0.7504503716114289,0.7504503716114289,0.7852788922532458,0.7852788922532458,0.7504503716114289,1,1,0,0,0.5166666666666667,0.4666666666666667,0.6333333333333333,0.0,0.0,0.0,0.0,0.0,0.0,0.5166666666666667,0.45,0.6333333333333333,0.5166666666666667,0.4666666666666667,0.6333333333333333,0.03333333333333333,0.3,0.8,0.5166666666666667,0.4666666666666667,0.6333333333333333,0.0,0.0,0.0
20260702,Knapsack,3,112,0.9021769973754624,0.8319490678679896,0.8319490678679896,0.9021769973754624,0.9021769973754624,0.8319490678679896,1,1,0,0,0.23333333333333334,0.55,0.7666666666666667,0.0,0.0,0.0,0.0,0.0,0.0,0.23333333333333334,0.55,0.7666666666666667,0.23333333333333334,0.55,0.7666666666666667,0.35,0.5833333333333334,0.8833333333333333,0.23333333333333334,0.55,0.7666666666666667,0.0,0.0,0.0
20260702,Knapsack,5,90,0.8469016153027896,0.7894988403982375,0.7894988403982375,0.8469016153027896,0.8469016153027896,0.7894988403982375,1,1,0,0,0.11666666666666667,0.25,0.43333333333333335,0.0,0.0,0.0,0.0,0.0,0.0,0.11666666666666667,0.25,0.4166666666666667,0.11666666666666667,0.25,0.4166666666666667,0.7,0.75,0.8666666666666667,0.11666666666666667,0.25,0.43333333333333335,0.0,0.0,0.0
20260702,Knapsack,5,73,0.7626336070780496,0.7516765326083521,0.7516765326083521,0.7626336070780496,0.7626336070780496,0.7516765326083521,1,1,0,0,0.016666666666666666,0.13333333333333333,0.38333333333333336,0.0,0.0,0.0,0.0,0.0,0.0,0.016666666666666666,0.13333333333333333,0.38333333333333336,0.016666666666666666,0.13333333333333333,0.38333333333333336,0.6333333333333333,0.8166666666666667,0.8333333333333334,0.016666666666666666,0.13333333333333333,0.38333333333333336,0.0,0.0,0.0
20260702,Knapsack,3,181,0.8971817652089515,0.857668888107285,0.857668888107285,0.8971817652089515,0.8971817652089515,0.857668888107285,1,1,0,0,0.0,0.23333333333333334,0.45,0.0,0.0,0.0,0.0,0.0,0.0,0.0,0.23333333333333334,0.45,0.0,0.23333333333333334,0.45,0.21666666666666667,0.6166666666666667,0.8833333333333333,0.0,0.23333333333333334,0.45,0.0,0.0,0.0
20260702,Knapsack,5,95,0.7581992068492124,0.7713224730523802,0.7713224730523802,0.7581992068492124,0.7581992068492124,0.7713224730523802,1,1,0,0,0.5333333333333333,0.5166666666666667,0.7833333333333333,0.0,0.0,0.0,0.0,0.0,0.0,0.5333333333333333,0.5166666666666667,0.7833333333333333,0.5333333333333333,0.5166666666666667,0.7833333333333333,0.5666666666666667,0.8,0.8833333333333333,0.5333333333333333,0.5166666666666667,0.7833333333333333,0.0,0.0,0.0
20260702,Knapsack,4,246,0.9011300507351188,0.784935851329794,0.784935851329794,0.9011300507351188,0.9011300507351188,0.784935851329794,1,1,0,0,0.06666666666666667,0.35,0.6666666666666666,0.0,0.0,0.0,0.0,0.0,0.0,0.05,0.35,0.55,0.06666666666666667,0.35,0.6666666666666666,0.55,0.85,0.95,0.06666666666666667,0.35,0.6666666666666666,0.0,0.0,0.0
20260702,Knapsack,4,106,0.8311209181430812,0.7808265792652022,0.7808265792652022,0.8311209181430812,0.8311209181430812,0.7808265792652022,1,1,0,0,0.0,0.0,0.13333333333333333,0.0,0.0,0.0,0.0,0.0,0.0,0.0,0.0,0.13333333333333333,0.0,0.0,0.13333333333333333,0.25,0.6166666666666667,0.7833333333333333,0.0,0.0,0.13333333333333333,0.0,0.0,0.0
20260702,Knapsack,4,189,0.785713826357078,0.7751753070804371,0.7751753070804371,0.785713826357078,0.785713826357078,0.7751753070804371,1,1,0,0,0.23333333333333334,0.26666666666666666,0.4166666666666667,0.0,0.0,0.0,0.0,0.0,0.0,0.23333333333333334,0.26666666666666666,0.4166666666666667,0.23333333333333334,0.26666666666666666,0.4166666666666667,0.18333333333333332,0.7666666666666667,0.9666666666666667,0.23333333333333334,0.26666666666666666,0.4166666666666667,0.0,0.0,0.0
20260702,Knapsack,3,151,0.9451938978165539,0.8532704690840639,0.8532704690840639,0.9451938978165539,0.9451938978165539,0.8532704690840639,1,1,0,0,0.13333333333333333,0.3333333333333333,0.48333333333333334,0.0,0.0,0.0,0.0,0.0,0.0,0.13333333333333333,0.3333333333333333,0.48333333333333334,0.13333333333333333,0.3333333333333333,0.48333333333333334,0.7666666666666667,0.85,0.9166666666666666,0.13333333333333333,0.3333333333333333,0.48333333333333334,0.0,0.0,0.0
20260702,Knapsack,5,173,0.8075056436211077,0.7448029096564757,0.7448029096564757,0.8075056436211077,0.8075056436211077,0.7448029096564757,1,1,0,0,0.0,0.1,0.45,0.0,0.0,0.0,0.0,0.0,0.0,0.0,0.1,0.45,0.0,0.15,0.55,0.5333333333333333,0.7166666666666667,0.9,0.0,0.1,0.45,0.0,0.0,0.0
20260702,Knapsack,5,172,0.8220189050068174,0.7494738000866221,0.7494738000866221,0.8220189050068174,0.8220189050068174,0.7494738000866221,1,1,0,0,0.25,0.6166666666666667,0.6833333333333333,0.0,0.0,0.0,0.0,0.0,0.0,0.25,0.6166666666666667,0.6833333333333333,0.25,0.6166666666666667,0.6833333333333333,0.4,0.65,0.95,0.25,0.6166666666666667,0.6833333333333333,0.0,0.0,0.0
20260702,Knapsack,3,146,0.9445410383381868,0.8354076466158769,0.8354076466158769,0.9445410383381868,0.9445410383381868,0.8354076466158769,1,1,0,0,0.3,0.31666666666666665,0.5166666666666667,0.0,0.0,0.0,0.0,0.0,0.0,0.3,0.31666666666666665,0.5166666666666667,0.3,0.31666666666666665,0.5166666666666667,0.6333333333333333,0.75,0.9833333333333333,0.3,0.31666666666666665,0.5166666666666667,0.0,0.0,0.0
20260702,Knapsack,4,103,0.7957096489153356,0.764490612976287,0.764490612976287,0.7957096489153356,0.7957096489153356,0.764490612976287,1,1,0,0,0.38333333333333336,0.4,0.75,0.0,0.0,0.0,0.0,0.0,0.0,0.38333333333333336,0.4,0.75,0.38333333333333336,0.4,0.75,0.2833333333333333,0.6833333333333333,0.8833333333333333,0.38333333333333336,0.4,0.75,0.0,0.0,0.0
20260702,Knapsack,4,149,0.8060948005374061,0.7663363375234425,0.7663363375234425,0.8060948005374061,0.8060948005374061,0.7663363375234425,1,1,0,0,0.0,0.05,0.25,0.0,0.0,0.0,0.0,0.0,0.0,0.0,0.05,0.25,0.0,0.05,0.25,0.5,0.6333333333333333,0.85,0.0,0.05,0.25,0.0,0.0,0.0
20260702,Knapsack,5,162,0.7804071863097892,0.7633977901772747,0.7633977901772747,0.7804071863097892,0.7804071863097892,0.7633977901772747,1,1,0,0,0.0,0.0,0.08333333333333333,0.0,0.0,0.0,0.0,0.0,0.0,0.0,0.0,0.08333333333333333,0.0,0.0,0.08333333333333333,0.7,0.75,0.95,0.0,0.0,0.08333333333333333,0.0,0.0,0.0
20260702,Knapsack,5,89,0.872797211590079,0.7572738149226567,0.7572738149226567,0.872797211590079,0.872797211590079,0.7572738149226567,1,1,0,0,0.31666666666666665,0.4666666666666667,0.8,0.0,0.0,0.0,0.0,0.0,0.0,0.31666666666666665,0.4666666666666667,0.8,0.31666666666666665,0.4666666666666667,0.8,0.2833333333333333,0.38333333333333336,0.85,0.31666666666666665,0.4666666666666667,0.8,0.0,0.0,0.0
20260702,Knapsack,4,61,0.911297100173623,0.7665641797913103,0.7665641797913103,0.911297100173623,0.911297100173623,0.7665641797913103,1,1,0,0,0.0,0.016666666666666666,0.16666666666666666,0.0,0.0,0.0,0.0,0.0,0.0,0.0,0.016666666666666666,0.16666666666666666,0.0,0.016666666666666666,0.16666666666666666,0.38333333333333336,0.5833333333333334,0.75,0.0,0.016666666666666666,0.16666666666666666,0.0,0.0,0.0
20260702,Knapsack,5,293,0.765129395475211,0.746793781141429,0.746793781141429,0.765129395475211,0.765129395475211,0.746793781141429,1,1,0,0,0.43333333333333335,0.45,0.48333333333333334,0.0,0.0,0.0,0.0,0.0,0.0,0.43333333333333335,0.45,0.48333333333333334,0.43333333333333335,0.45,0.48333333333333334,0.11666666666666667,0.65,0.9,0.43333333333333335,0.45,0.48333333333333334,0.0,0.0,0.0
20260702,Knapsack,5,75,0.7991047855040585,0.7858831400165175,0.7858831400165175,0.7991047855040585,0.7991047855040585,0.7858831400165175,1,1,0,0,0.08333333333333333,0.31666666666666665,0.4,0.0,0.0,0.0,0.0,0.0,0.0,0.08333333333333333,0.31666666666666665,0.4,0.08333333333333333,0.31666666666666665,0.4,0.4166666666666667,0.7,0.7833333333333333,0.08333333333333333,0.31666666666666665,0.4,0.0,0.0,0.0
20260702,Knapsack,3,287,0.9076217235385994,0.8659254903445429,0.8659254903445429,0.9076217235385994,0.9076217235385994,0.8659254903445429,1,1,0,0,0.03333333333333333,0.15,0.5833333333333334,0.0,0.0,0.0,0.0,0.0,0.0,0.03333333333333333,0.18333333333333332,0.6833333333333333,0.25,0.35,0.7,0.85,0.9166666666666666,1.0,0.03333333333333333,0.15,0.5833333333333334,0.0,0.0,0.0
20260702,Knapsack,4,109,0.8534440058259312,0.777844910996864,0.777844910996864,0.8534440058259312,0.8534440058259312,0.777844910996864,1,1,0,0,0.55,0.6833333333333333,0.75,0.0,0.0,0.0,0.0,0.0,0.0,0.55,0.6833333333333333,0.75,0.55,0.6833333333333333,0.75,0.23333333333333334,0.5333333333333333,0.9,0.55,0.6833333333333333,0.75,0.0,0.0,0.0
20260702,Knapsack,5,169,0.7722016529807691,0.7717844250568876,0.7717844250568876,0.7722016529807691,0.7722016529807691,0.7717844250568876,1,1,0,0,0.2,0.3333333333333333,0.38333333333333336,0.0,0.0,0.0,0.0,0.0,0.0,0.2,0.3333333333333333,0.38333333333333336,0.2,0.3333333333333333,0.38333333333333336,0.5833333333333334,0.7333333333333333,0.95,0.2,0.3333333333333333,0.38333333333333336,0.0,0.0,0.0
20260702,Knapsack,4,61,0.8074601991762045,0.7573619236734882,0.7573619236734882,0.8074601991762045,0.8074601991762045,0.7573619236734882,1,1,0,0,0.1,0.38333333333333336,0.5833333333333334,0.0,0.0,0.0,0.0,0.0,0.0,0.1,0.38333333333333336,0.5833333333333334,0.1,0.38333333333333336,0.5833333333333334,0.5333333333333333,0.6666666666666666,0.8833333333333333,0.1,0.38333333333333336,0.5833333333333334,0.0,0.0,0.0
20260702,Knapsack,4,210,0.9044800021458534,0.7954366600468165,0.7954366600468165,0.9044800021458534,0.9044800021458534,0.7954366600468165,1,1,0,0,0.016666666666666666,0.21666666666666667,0.43333333333333335,0.0,0.0,0.0,0.0,0.0,0.0,0.016666666666666666,0.21666666666666667,0.43333333333333335,0.016666666666666666,0.21666666666666667,0.43333333333333335,0.5666666666666667,0.7,0.8666666666666667,0.016666666666666666,0.21666666666666667,0.43333333333333335,0.0,0.0,0.0
20260702,Knapsack,3,238,0.9004707201723806,0.8577976119895437,0.8575473693178457,0.9004707201723806,0.9004707201723806,0.8575473693178457,1,1,0,0,0.8333333333333334,0.8833333333333333,0.9666666666666667,0.0,0.0,0.0,0.0,0.0,0.0,0.8333333333333334,0.8833333333333333,0.9666666666666667,0.8333333333333334,0.8833333333333333,0.9666666666666667,0.7833333333333333,0.9333333333333333,1.0,0.8333333333333334,0.8833333333333333,0.9666666666666667,0.0,0.0,0.0
20260702,Knapsack,3,161,0.9111321342611767,0.8167223983395028,0.8167223983395028,0.8958902239491835,0.9111321342611767,0.8167223983395028,0,1,0,0,0.8333333333333334,0.9666666666666667,0.9666666666666667,0.0,0.0,0.0,0.0,0.0,0.0,0.48333333333333334,0.6333333333333333,0.8166666666666667,0.8333333333333334,0.9666666666666667,0.9666666666666667,0.6166666666666667,0.8,0.95,0.8333333333333334,0.9666666666666667,0.9666666666666667,0.0,0.0,0.0
20260702,Knapsack,3,280,0.9086089422348836,0.8488094199052991,0.8488094199052991,0.9086089422348836,0.9086089422348836,0.8488094199052991,1,1,0,0,0.4,0.48333333333333334,0.55,0.0,0.0,0.0,0.0,0.0,0.0,0.4,0.48333333333333334,0.55,0.4,0.48333333333333334,0.55,0.7666666666666667,0.9333333333333333,1.0,0.4,0.48333333333333334,0.55,0.0,0.0,0.0
20260702,Knapsack,3,146,0.9105590227284622,0.8399501357941278,0.8399501357941278,0.9105590227284622,0.9105590227284622,0.8399501357941278,1,1,0,1,0.05,0.2,0.35,0.0,0.0,0.0,0.0,0.0,0.0,0.05,0.2,0.35,0.05,0.2,0.36666666666666664,0.8833333333333333,0.9333333333333333,0.9833333333333333,0.05,0.2,0.35,0.0,0.0,0.0
20260702,Knapsack,5,236,0.8190578270081075,0.7555188491330601,0.7555188491330601,0.8190578270081075,0.8190578270081075,0.7555188491330601,1,1,0,0,0.05,0.36666666666666664,0.43333333333333335,0.0,0.0,0.0,0.0,0.0,0.0,0.05,0.36666666666666664,0.43333333333333335,0.05,0.36666666666666664,0.45,0.48333333333333334,0.6833333333333333,1.0,0.05,0.36666666666666664,0.43333333333333335,0.0,0.0,0.0
20260702,Knapsack,3,237,0.8885533454321444,0.8539133852131383,0.8539133852131383,0.8885533454321444,0.8885533454321444,0.8539133852131383,1,1,0,0,0.31666666666666665,0.6666666666666666,0.7833333333333333,0.0,0.0,0.0,0.0,0.0,0.0,0.35,0.75,0.8,0.4166666666666667,0.7,0.8,0.45,0.9166666666666666,0.9333333333333333,0.31666666666666665,0.6666666666666666,0.7833333333333333,0.0,0.0,0.0
20260702,Knapsack,4,70,0.8067073387440195,0.7790877578781613,0.7790877578781613,0.8067073387440195,0.8067073387440195,0.7790877578781613,1,1,0,0,0.15,0.4,0.6333333333333333,0.0,0.0,0.0,0.0,0.0,0.0,0.15,0.4,0.6333333333333333,0.15,0.4,0.6333333333333333,0.6833333333333333,0.7833333333333333,0.9333333333333333,0.15,0.4,0.6333333333333333,0.0,0.0,0.0
20260702,Knapsack,3,215,0.9217569278486902,0.8350380926905453,0.8350380926905453,0.9253814959412662,0.9253814959412662,0.8350380926905453,0,0,0,1,0.4,0.6333333333333333,0.7,0.0,0.0,0.0,0.0,0.0,0.0,0.0,0.1,0.35,0.06666666666666667,0.36666666666666664,0.5333333333333333,0.6,0.8666666666666667,1.0,0.4,0.6333333333333333,0.7,0.0,0.0,0.0
20260702,Knapsack,5,180,0.7597439398538129,0.7424345780334718,0.7630734965514239,0.7597439398538129,0.7597439398538129,0.7630734965514239,1,1,0,0,0.31666666666666665,0.35,0.6333333333333333,0.0,0.0,0.0,0.0,0.0,0.0,0.31666666666666665,0.35,0.6333333333333333,0.31666666666666665,0.35,0.6333333333333333,0.8833333333333333,0.85,0.9166666666666666,0.31666666666666665,0.35,0.6333333333333333,0.0,0.0,0.0
20260702,Knapsack,5,291,0.7837499484941072,0.7666246564344353,0.7666246564344353,0.8074068310198907,0.8074068310198907,0.7666246564344353,0,0,0,0,0.5833333333333334,0.5,0.7666666666666667,0.0,0.0,0.0,0.0,0.0,0.0,0.43333333333333335,0.6,0.9166666666666666,0.18333333333333332,0.43333333333333335,0.85,0.8,0.9333333333333333,0.95,0.5833333333333334,0.5,0.7666666666666667,0.0,0.0,0.0
20260702,Knapsack,3,138,0.8789170627429278,0.8449667031269218,0.8449667031269218,0.8789170627429278,0.8789170627429278,0.8449667031269218,1,1,0,0,0.3333333333333333,0.5333333333333333,0.7333333333333333,0.0,0.0,0.0,0.0,0.0,0.0,0.35,0.5333333333333333,0.7333333333333333,0.3333333333333333,0.5333333333333333,0.7333333333333333,0.5333333333333333,0.7833333333333333,1.0,0.3333333333333333,0.5333333333333333,0.7333333333333333,0.0,0.0,0.0
20260702,Knapsack,4,202,0.8450357743276995,0.7851082767032537,0.7851082767032537,0.8450357743276995,0.8408452672272978,0.7851082767032537,1,0,0,0,0.0,0.06666666666666667,0.31666666666666665,0.0,0.0,0.0,0.0,0.0,0.0,0.0,0.15,0.4166666666666667,0.0,0.13333333333333333,0.4,0.6833333333333333,0.8333333333333334,0.9833333333333333,0.0,0.06666666666666667,0.31666666666666665,0.0,0.0,0.0
20260702,Knapsack,4,86,0.7870694585863411,0.7697918623340148,0.7697918623340148,0.7870694585863411,0.7870694585863411,0.7697918623340148,1,1,0,0,0.0,0.13333333333333333,0.23333333333333334,0.0,0.0,0.0,0.0,0.0,0.0,0.0,0.13333333333333333,0.23333333333333334,0.0,0.13333333333333333,0.23333333333333334,0.65,0.85,0.9166666666666666,0.0,0.13333333333333333,0.23333333333333334,0.0,0.0,0.0
20260702,Knapsack,4,220,0.8492594850993105,0.7974330425468822,0.7926798995319634,0.8492594850993105,0.8492594850993105,0.7926798995319634,1,1,0,0,0.0,0.0,0.11666666666666667,0.0,0.0,0.0,0.0,0.0,0.0,0.0,0.0,0.11666666666666667,0.0,0.0,0.11666666666666667,0.85,0.9,0.8833333333333333,0.0,0.0,0.11666666666666667,0.0,0.0,0.0
20260702,Knapsack,3,167,0.8676130416168477,0.8349467787455692,0.8349467787455692,0.8676130416168477,0.8676130416168477,0.8349467787455692,1,1,0,0,0.48333333333333334,0.5166666666666667,0.6666666666666666,0.0,0.0,0.0,0.0,0.0,0.0,0.48333333333333334,0.5166666666666667,0.6666666666666666,0.48333333333333334,0.5166666666666667,0.6666666666666666,0.55,0.8333333333333334,0.9833333333333333,0.48333333333333334,0.5166666666666667,0.6666666666666666,0.0,0.0,0.0
20260702,Knapsack,3,114,0.9408776970361955,0.851466538833386,0.851466538833386,0.9408776970361955,0.9408776970361955,0.851466538833386,1,1,0,0,0.55,0.6333333333333333,0.6333333333333333,0.0,0.0,0.0,0.0,0.0,0.0,0.55,0.6333333333333333,0.6333333333333333,0.55,0.6333333333333333,0.6333333333333333,0.4166666666666667,0.85,0.95,0.55,0.6333333333333333,0.6333333333333333,0.0,0.0,0.0
20260702,Knapsack,5,130,0.8100629528335694,0.7574757876857074,0.7574757876857074,0.8100629528335694,0.8100629528335694,0.7574757876857074,1,1,0,0,0.4666666666666667,0.7333333333333333,0.95,0.0,0.0,0.0,0.0,0.0,0.0,0.4666666666666667,0.7333333333333333,0.95,0.4666666666666667,0.7333333333333333,0.95,0.55,0.7833333333333333,0.95,0.4666666666666667,0.7333333333333333,0.95,0.0,0.0,0.0
20260702,Knapsack,3,191,0.9026513052581895,0.8402800686262484,0.8402800686262484,0.9026513052581895,0.9026513052581895,0.8402800686262484,1,1,0,0,0.25,0.45,0.6666666666666666,0.0,0.0,0.0,0.0,0.0,0.0,0.0,0.1,0.2833333333333333,0.16666666666666666,0.31666666666666665,0.5333333333333333,0.5333333333333333,0.75,0.9666666666666667,0.25,0.45,0.6666666666666666,0.0,0.0,0.0
20260702,Knapsack,5,184,0.7773438490412592,0.7802952402283445,0.7802952402283445,0.7773438490412592,0.7773438490412592,0.7802952402283445,1,1,0,0,0.0,0.0,0.03333333333333333,0.0,0.0,0.0,0.0,0.0,0.0,0.0,0.0,0.03333333333333333,0.0,0.0,0.03333333333333333,0.4,0.7833333333333333,0.9333333333333333,0.0,0.0,0.03333333333333333,0.0,0.0,0.0
20260702,Knapsack,4,257,0.8538916857065002,0.8127773970352163,0.8127773970352163,0.8538916857065002,0.8538916857065002,0.8127773970352163,1,1,0,0,0.03333333333333333,0.4,0.85,0.0,0.0,0.0,0.0,0.0,0.0,0.03333333333333333,0.4,0.8666666666666667,0.16666666666666666,0.6833333333333333,0.8666666666666667,0.65,0.7,0.9333333333333333,0.03333333333333333,0.4,0.85,0.0,0.0,0.0
20260702,Knapsack,3,191,0.8782780722126856,0.8374218985076124,0.8374218985076124,0.8782780722126856,0.8782780722126856,0.8374218985076124,1,1,0,0,0.6333333333333333,0.7833333333333333,0.8166666666666667,0.0,0.0,0.0,0.0,0.0,0.0,0.6333333333333333,0.7833333333333333,0.8166666666666667,0.6333333333333333,0.7833333333333333,0.8166666666666667,0.6833333333333333,0.8833333333333333,0.9666666666666667,0.6333333333333333,0.7833333333333333,0.8166666666666667,0.0,0.0,0.0
20260702,Knapsack,4,231,0.8903187960720288,0.7914539169859921,0.7914539169859921,0.8903187960720288,0.8903187960720288,0.7914539169859921,1,1,0,0,0.05,0.21666666666666667,0.38333333333333336,0.0,0.0,0.0,0.0,0.0,0.0,0.05,0.21666666666666667,0.38333333333333336,0.05,0.21666666666666667,0.38333333333333336,0.85,0.9,0.95,0.05,0.21666666666666667,0.38333333333333336,0.0,0.0,0.0
20260702,Knapsack,3,297,0.8789101060448099,0.8355754593159479,0.8355754593159479,0.8789101060448099,0.8789101060448099,0.8355754593159479,1,1,0,0,0.016666666666666666,0.2,0.55,0.0,0.0,0.0,0.0,0.0,0.0,0.0,0.18333333333333332,0.5833333333333334,0.016666666666666666,0.2,0.55,0.6833333333333333,0.9333333333333333,1.0,0.016666666666666666,0.2,0.55,0.0,0.0,0.0
20260702,Knapsack,3,73,0.924089526216185,0.8619629797972201,0.8492710504771372,0.924089526216185,0.924089526216185,0.8492710504771372,1,1,0,0,0.21666666666666667,0.36666666666666664,0.6833333333333333,0.0,0.0,0.0,0.0,0.0,0.0,0.21666666666666667,0.36666666666666664,0.6833333333333333,0.21666666666666667,0.36666666666666664,0.6833333333333333,0.6333333333333333,0.8666666666666667,0.9666666666666667,0.21666666666666667,0.36666666666666664,0.6833333333333333,0.0,0.0,0.0
20260702,Knapsack,3,70,0.9304434695674407,0.8395879290532313,0.8395879290532313,0.9304434695674407,0.9304434695674407,0.8395879290532313,1,1,0,0,0.0,0.15,0.45,0.0,0.0,0.0,0.0,0.0,0.0,0.0,0.15,0.45,0.0,0.15,0.45,0.6333333333333333,0.8333333333333334,0.8833333333333333,0.0,0.15,0.45,0.0,0.0,0.0
20260702,Knapsack,3,230,0.9070291273910404,0.8221207879922251,0.8221207879922251,0.9070291273910404,0.9070291273910404,0.8221207879922251,1,1,0,0,0.0,0.06666666666666667,0.2833333333333333,0.0,0.0,0.0,0.0,0.0,0.0,0.0,0.06666666666666667,0.2833333333333333,0.0,0.06666666666666667,0.2833333333333333,0.5166666666666667,0.9,0.9666666666666667,0.0,0.06666666666666667,0.2833333333333333,0.0,0.0,0.0
20260702,Knapsack,4,183,0.8638510044179694,0.7807615972266782,0.7807615972266782,0.8638510044179694,0.8638510044179694,0.7807615972266782,1,1,0,0,0.5666666666666667,0.55,0.7333333333333333,0.0,0.0,0.0,0.0,0.0,0.0,0.5666666666666667,0.55,0.7333333333333333,0.5666666666666667,0.55,0.7333333333333333,0.6,0.8833333333333333,0.9666666666666667,0.5666666666666667,0.55,0.7333333333333333,0.0,0.0,0.0
20260702,Knapsack,5,81,0.7897361759136008,0.7573037593158499,0.7573037593158499,0.7897361759136008,0.7897361759136008,0.7573037593158499,1,1,0,0,0.23333333333333334,0.35,0.4,0.0,0.0,0.0,0.0,0.0,0.0,0.23333333333333334,0.35,0.4,0.23333333333333334,0.35,0.4166666666666667,0.06666666666666667,0.55,0.7166666666666667,0.23333333333333334,0.35,0.4,0.0,0.0,0.0
20260702,Knapsack,4,180,0.8732141446682531,0.778323809782124,0.778323809782124,0.8732141446682531,0.8732141446682531,0.778323809782124,1,1,0,0,0.31666666666666665,0.38333333333333336,0.75,0.0,0.0,0.0,0.0,0.0,0.0,0.31666666666666665,0.38333333333333336,0.75,0.31666666666666665,0.38333333333333336,0.75,0.4166666666666667,0.6333333333333333,0.9666666666666667,0.31666666666666665,0.38333333333333336,0.75,0.0,0.0,0.0
20260702,Knapsack,5,147,0.8158457466007379,0.7384133340111511,0.7384133340111511,0.8158457466007379,0.8158457466007379,0.7384133340111511,1,1,0,0,0.0,0.08333333333333333,0.55,0.0,0.0,0.0,0.0,0.0,0.0,0.0,0.08333333333333333,0.55,0.0,0.08333333333333333,0.55,0.016666666666666666,0.48333333333333334,0.8,0.0,0.08333333333333333,0.55,0.0,0.0,0.0
20260702,Knapsack,3,94,0.9050484992014577,0.8413123042354296,0.8413123042354296,0.9050484992014577,0.9050484992014577,0.8413123042354296,1,1,0,0,0.36666666666666664,0.43333333333333335,0.6833333333333333,0.0,0.0,0.0,0.0,0.0,0.0,0.36666666666666664,0.43333333333333335,0.6833333333333333,0.36666666666666664,0.43333333333333335,0.6833333333333333,0.25,0.5833333333333334,0.8833333333333333,0.36666666666666664,0.43333333333333335,0.6833333333333333,0.0,0.0,0.0
20260702,Knapsack,5,153,0.8341459886547276,0.7847625017248777,0.7847625017248777,0.8341459886547276,0.8341459886547276,0.7847625017248777,1,1,0,0,0.55,0.5833333333333334,0.8833333333333333,0.0,0.0,0.0,0.0,0.0,0.0,0.55,0.5833333333333334,0.8833333333333333,0.55,0.5833333333333334,0.8833333333333333,0.25,0.5333333333333333,0.8333333333333334,0.55,0.5833333333333334,0.8833333333333333,0.0,0.0,0.0
20260702,Knapsack,4,237,0.8412897718040838,0.7869813740892914,0.7869813740892914,0.8703017371649691,0.8412897718040838,0.7869813740892914,0,1,0,0,0.08333333333333333,0.4666666666666667,0.6666666666666666,0.0,0.0,0.0,0.0,0.0,0.0,0.016666666666666666,0.21666666666666667,0.43333333333333335,0.016666666666666666,0.21666666666666667,0.5,0.6833333333333333,0.7833333333333333,0.9,0.08333333333333333,0.4666666666666667,0.6666666666666666,0.0,0.0,0.0
20260702,Knapsack,4,81,0.8518947746844252,0.7688701860098945,0.7688701860098945,0.8518947746844252,0.8518947746844252,0.7688701860098945,1,1,0,0,0.0,0.0,0.11666666666666667,0.0,0.0,0.0,0.0,0.0,0.0,0.0,0.0,0.11666666666666667,0.0,0.0,0.11666666666666667,0.48333333333333334,0.65,0.8833333333333333,0.0,0.0,0.11666666666666667,0.0,0.0,0.0
20260702,Knapsack,3,228,0.9187367774101477,0.8464062922102327,0.8464062922102327,0.9187367774101477,0.9187367774101477,0.8464062922102327,1,1,0,0,0.4166666666666667,0.4666666666666667,0.6,0.0,0.0,0.0,0.0,0.0,0.0,0.4166666666666667,0.4666666666666667,0.6,0.4166666666666667,0.4666666666666667,0.6,0.7333333333333333,0.9333333333333333,0.9833333333333333,0.4166666666666667,0.4666666666666667,0.6,0.0,0.0,0.0
20260702,Knapsack,4,247,0.8728481428968486,0.7633290011582186,0.7633290011582186,0.8728481428968486,0.8728481428968486,0.7633290011582186,1,1,0,0,0.7333333333333333,0.8166666666666667,0.9333333333333333,0.0,0.0,0.0,0.0,0.0,0.0,0.7333333333333333,0.8166666666666667,0.9333333333333333,0.7333333333333333,0.8166666666666667,0.9333333333333333,0.3333333333333333,0.75,0.9166666666666666,0.7333333333333333,0.8166666666666667,0.9333333333333333,0.0,0.0,0.0
20260702,Knapsack,5,76,0.864580135066513,0.7390391311400873,0.7390391311400873,0.864580135066513,0.864580135066513,0.7390391311400873,1,1,0,0,0.0,0.0,0.26666666666666666,0.0,0.0,0.0,0.0,0.0,0.0,0.0,0.0,0.26666666666666666,0.0,0.0,0.26666666666666666,0.26666666666666666,0.38333333333333336,0.8333333333333334,0.0,0.0,0.26666666666666666,0.0,0.0,0.0
20260702,Knapsack,4,173,0.8727295456779951,0.750323540622315,0.750323540622315,0.8727295456779951,0.8727295456779951,0.750323540622315,1,1,0,0,0.06666666666666667,0.36666666666666664,0.5833333333333334,0.0,0.0,0.0,0.0,0.0,0.0,0.016666666666666666,0.2,0.5,0.06666666666666667,0.38333333333333336,0.5833333333333334,0.5666666666666667,0.7,0.9333333333333333,0.06666666666666667,0.36666666666666664,0.5833333333333334,0.0,0.0,0.0
20260702,Knapsack,5,90,0.7479978237623308,0.7476127083639841,0.7476127083639841,0.7479978237623308,0.7479978237623308,0.7476127083639841,1,1,0,0,0.0,0.0,0.13333333333333333,0.0,0.0,0.0,0.0,0.0,0.0,0.0,0.0,0.13333333333333333,0.0,0.0,0.13333333333333333,0.13333333333333333,0.4666666666666667,0.8333333333333334,0.0,0.0,0.13333333333333333,0.0,0.0,0.0
20260702,Knapsack,3,223,0.9348751003675396,0.859197895363322,0.859197895363322,0.9348751003675396,0.9348751003675396,0.859197895363322,1,1,0,0,0.3333333333333333,0.5833333333333334,0.7666666666666667,0.0,0.0,0.0,0.0,0.0,0.0,0.3333333333333333,0.5833333333333334,0.7666666666666667,0.3333333333333333,0.5833333333333334,0.7666666666666667,0.7,0.95,1.0,0.3333333333333333,0.5833333333333334,0.7666666666666667,0.0,0.0,0.0
20260702,Knapsack,4,147,0.837505316665941,0.789026333496889,0.789026333496889,0.837505316665941,0.837505316665941,0.789026333496889,1,1,0,0,0.25,0.31666666666666665,0.4666666666666667,0.0,0.0,0.0,0.0,0.0,0.0,0.25,0.31666666666666665,0.4666666666666667,0.25,0.31666666666666665,0.4666666666666667,0.5166666666666667,0.6666666666666666,0.9333333333333333,0.25,0.31666666666666665,0.4666666666666667,0.0,0.0,0.0
20260702,Knapsack,3,75,0.9180877349171891,0.8260586950612682,0.8260586950612682,0.8933560338951643,0.8933560338951643,0.8260586950612682,0,0,0,0,0.5333333333333333,0.5166666666666667,0.7333333333333333,0.0,0.0,0.0,0.0,0.0,0.0,0.48333333333333334,0.6166666666666667,0.8166666666666667,0.2833333333333333,0.45,0.7333333333333333,0.45,0.7333333333333333,0.8833333333333333,0.5333333333333333,0.5166666666666667,0.7333333333333333,0.0,0.0,0.0
20260702,Knapsack,3,255,0.9137374022728544,0.869051250644811,0.869051250644811,0.9137374022728544,0.9137374022728544,0.869051250644811,1,1,0,0,0.0,0.25,0.5166666666666667,0.0,0.0,0.0,0.0,0.0,0.0,0.0,0.25,0.5166666666666667,0.0,0.25,0.5166666666666667,0.6333333333333333,0.9,0.9833333333333333,0.0,0.25,0.5166666666666667,0.0,0.0,0.0
20260702,Knapsack,3,141,0.8410960317962076,0.8133424246172621,0.8133424246172621,0.8410960317962076,0.8317760352389143,0.8133424246172621,1,0,0,0,0.0,0.03333333333333333,0.31666666666666665,0.0,0.0,0.0,0.0,0.0,0.0,0.0,0.03333333333333333,0.31666666666666665,0.16666666666666666,0.4666666666666667,0.6833333333333333,0.5666666666666667,0.7666666666666667,0.9833333333333333,0.0,0.03333333333333333,0.31666666666666665,0.0,0.0,0.0
20260702,Knapsack,3,166,0.9594349856854504,0.8469896561479142,0.8469896561479142,0.9594349856854504,0.9594349856854504,0.8469896561479142,1,1,0,0,0.05,0.23333333333333334,0.5666666666666667,0.0,0.0,0.0,0.0,0.0,0.0,0.0,0.06666666666666667,0.4,0.0,0.016666666666666666,0.21666666666666667,0.5333333333333333,0.9,0.9666666666666667,0.05,0.23333333333333334,0.5666666666666667,0.0,0.0,0.0
20260702,Knapsack,4,159,0.8398168601193154,0.7903391434154131,0.7903391434154131,0.8734381264260695,0.8734381264260695,0.7903391434154131,0,0,0,0,0.016666666666666666,0.16666666666666666,0.38333333333333336,0.0,0.0,0.0,0.0,0.0,0.0,0.2,0.38333333333333336,0.8,0.0,0.08333333333333333,0.48333333333333334,0.4666666666666667,0.6166666666666667,0.8666666666666667,0.016666666666666666,0.16666666666666666,0.38333333333333336,0.0,0.0,0.0
20260702,Knapsack,4,139,0.9000215605652652,0.7856483646274003,0.7856483646274003,0.9000215605652652,0.9000215605652652,0.7856483646274003,1,1,0,0,0.31666666666666665,0.6,0.75,0.0,0.0,0.0,0.0,0.0,0.0,0.31666666666666665,0.6,0.7333333333333333,0.31666666666666665,0.6,0.75,0.6333333333333333,0.9333333333333333,1.0,0.31666666666666665,0.6,0.75,0.0,0.0,0.0
20260702,Knapsack,5,113,0.7590173546738375,0.7851229131897592,0.7851229131897592,0.7590173546738375,0.7590173546738375,0.7851229131897592,1,1,0,0,0.03333333333333333,0.18333333333333332,0.5333333333333333,0.0,0.0,0.0,0.0,0.0,0.0,0.03333333333333333,0.18333333333333332,0.5333333333333333,0.03333333333333333,0.18333333333333332,0.5333333333333333,0.7166666666666667,0.9833333333333333,0.9833333333333333,0.03333333333333333,0.18333333333333332,0.5333333333333333,0.0,0.0,0.0
20260702,Knapsack,3,67,0.8400536620496776,0.7964411631872628,0.7964411631872628,0.8400536620496776,0.8400536620496776,0.7964411631872628,1,1,0,0,0.0,0.06666666666666667,0.2833333333333333,0.0,0.0,0.0,0.0,0.0,0.0,0.0,0.06666666666666667,0.2833333333333333,0.0,0.06666666666666667,0.2833333333333333,0.31666666666666665,0.7,0.95,0.0,0.06666666666666667,0.2833333333333333,0.0,0.0,0.0
20260702,Knapsack,4,202,0.8840510133484405,0.8200352289661237,0.8200352289661237,0.8840510133484405,0.8840510133484405,0.8200352289661237,1,1,0,0,0.0,0.13333333333333333,0.26666666666666666,0.0,0.0,0.0,0.0,0.0,0.0,0.0,0.13333333333333333,0.26666666666666666,0.0,0.13333333333333333,0.3,0.5166666666666667,0.75,0.9166666666666666,0.0,0.13333333333333333,0.26666666666666666,0.0,0.0,0.0
20260702,Knapsack,4,158,0.8546087184580687,0.7645828590818944,0.7645828590818944,0.8546087184580687,0.8546087184580687,0.7645828590818944,1,1,0,0,0.0,0.1,0.38333333333333336,0.0,0.0,0.0,0.0,0.0,0.0,0.0,0.1,0.38333333333333336,0.0,0.1,0.38333333333333336,0.06666666666666667,0.7166666666666667,0.95,0.0,0.1,0.38333333333333336,0.0,0.0,0.0
20260702,Knapsack,5,240,0.7918605013509479,0.7779240836118262,0.7779240836118262,0.7918605013509479,0.7918605013509479,0.7779240836118262,1,1,0,0,0.11666666666666667,0.45,0.6166666666666667,0.0,0.0,0.0,0.0,0.0,0.0,0.11666666666666667,0.45,0.6,0.11666666666666667,0.45,0.6333333333333333,0.7666666666666667,0.8666666666666667,0.95,0.11666666666666667,0.45,0.6166666666666667,0.0,0.0,0.0
20260702,Knapsack,5,268,0.7656587403583621,0.7380988240173129,0.7380988240173129,0.7656587403583621,0.7656587403583621,0.7380988240173129,1,1,0,0,0.13333333333333333,0.45,0.6166666666666667,0.0,0.0,0.0,0.0,0.0,0.0,0.13333333333333333,0.45,0.6333333333333333,0.13333333333333333,0.45,0.6166666666666667,0.15,0.6166666666666667,0.95,0.13333333333333333,0.45,0.6166666666666667,0.0,0.0,0.0
20260702,Knapsack,5,154,0.7628161492675924,0.7494177970326164,0.7494177970326164,0.7628161492675924,0.7628161492675924,0.7494177970326164,1,1,0,0,0.23333333333333334,0.48333333333333334,0.6833333333333333,0.0,0.0,0.0,0.0,0.0,0.0,0.23333333333333334,0.48333333333333334,0.6833333333333333,0.23333333333333334,0.48333333333333334,0.6833333333333333,0.11666666666666667,0.48333333333333334,0.95,0.23333333333333334,0.48333333333333334,0.6833333333333333,0.0,0.0,0.0
20260702,Knapsack,3,171,0.8583317675804979,0.8447984358771155,0.8447984358771155,0.8583317675804979,0.8583317675804979,0.8447984358771155,1,1,0,0,0.0,0.05,0.31666666666666665,0.0,0.0,0.0,0.0,0.0,0.0,0.0,0.016666666666666666,0.3,0.016666666666666666,0.13333333333333333,0.4,0.65,0.8166666666666667,1.0,0.0,0.05,0.31666666666666665,0.0,0.0,0.0
20260702,Knapsack,5,176,0.7926468374656509,0.7648602934992492,0.7648602934992492,0.7926468374656509,0.7926468374656509,0.7648602934992492,1,1,0,0,0.26666666666666666,0.26666666666666666,0.5833333333333334,0.0,0.0,0.0,0.0,0.0,0.0,0.26666666666666666,0.26666666666666666,0.5833333333333334,0.26666666666666666,0.3,0.65,0.5,0.85,0.9666666666666667,0.26666666666666666,0.26666666666666666,0.5833333333333334,0.0,0.0,0.0
20260702,Knapsack,4,108,0.8794380609475922,0.7621374152652471,0.7621374152652471,0.8794380609475922,0.8794380609475922,0.7621374152652471,1,1,0,0,0.0,0.1,0.31666666666666665,0.0,0.0,0.0,0.0,0.0,0.0,0.0,0.1,0.3333333333333333,0.4166666666666667,0.43333333333333335,0.55,0.16666666666666666,0.45,0.9,0.0,0.1,0.31666666666666665,0.0,0.0,0.0
20260702,Knapsack,3,118,0.9172478138899431,0.848727964630173,0.848727964630173,0.9172478138899431,0.9172478138899431,0.848727964630173,1,1,0,0,0.0,0.0,0.3,0.0,0.0,0.0,0.0,0.0,0.0,0.0,0.0,0.3,0.0,0.0,0.3,0.6333333333333333,0.6666666666666666,0.95,0.0,0.0,0.3,0.0,0.0,0.0
20260702,Knapsack,3,168,0.9408785487887544,0.8550418872790047,0.8550418872790047,0.9408785487887544,0.9408785487887544,0.8550418872790047,1,1,0,0,0.0,0.1,0.45,0.0,0.0,0.0,0.0,0.0,0.0,0.0,0.1,0.45,0.0,0.1,0.45,0.8166666666666667,0.95,1.0,0.0,0.1,0.45,0.0,0.0,0.0
20260702,Knapsack,3,73,0.9580633319119317,0.845003258318473,0.845003258318473,0.9580633319119317,0.9580633319119317,0.845003258318473,1,1,0,0,0.13333333333333333,0.23333333333333334,0.5166666666666667,0.0,0.0,0.0,0.0,0.0,0.0,0.13333333333333333,0.23333333333333334,0.5166666666666667,0.13333333333333333,0.23333333333333334,0.5166666666666667,0.7166666666666667,0.9,0.9666666666666667,0.13333333333333333,0.23333333333333334,0.5166666666666667,0.0,0.0,0.0
20260702,Knapsack,3,294,0.945867290776465,0.8707153178680929,0.8707153178680929,0.945867290776465,0.945867290776465,0.8707153178680929,1,1,0,0,0.0,0.016666666666666666,0.3,0.0,0.0,0.0,0.0,0.0,0.0,0.0,0.016666666666666666,0.3,0.0,0.016666666666666666,0.3,0.8833333333333333,0.9666666666666667,0.9833333333333333,0.0,0.016666666666666666,0.3,0.0,0.0,0.0
20260702,Knapsack,4,242,0.8336375016498369,0.7822104385661938,0.7822104385661938,0.8336375016498369,0.8336375016498369,0.7822104385661938,1,1,0,0,0.0,0.0,0.13333333333333333,0.0,0.0,0.0,0.0,0.0,0.0,0.0,0.0,0.13333333333333333,0.0,0.0,0.13333333333333333,0.5333333333333333,0.7666666666666667,0.9333333333333333,0.0,0.0,0.13333333333333333,0.0,0.0,0.0
20260702,Knapsack,4,86,0.8994451992302577,0.804266585298096,0.804266585298096,0.8994451992302577,0.8994451992302577,0.804266585298096,1,1,0,0,0.11666666666666667,0.26666666666666666,0.4,0.0,0.0,0.0,0.0,0.0,0.0,0.11666666666666667,0.26666666666666666,0.4,0.11666666666666667,0.26666666666666666,0.4,0.3333333333333333,0.65,0.9333333333333333,0.11666666666666667,0.26666666666666666,0.4,0.0,0.0,0.0
20260702,Knapsack,3,248,0.9472160851324645,0.851493596246176,0.8550299072863193,0.9580691507011153,0.9472160851324645,0.8550299072863193,0,1,0,0,0.5166666666666667,0.6,0.6,0.0,0.0,0.0,0.0,0.0,0.0,0.15,0.48333333333333334,0.5666666666666667,0.5166666666666667,0.6,0.6,0.8833333333333333,0.9,0.9666666666666667,0.5166666666666667,0.6,0.6,0.0,0.0,0.0
20260702,Knapsack,3,272,0.9224726291577224,0.8528607965845818,0.8528607965845818,0.9224726291577224,0.9224726291577224,0.8528607965845818,1,1,0,0,0.4,0.48333333333333334,0.5,0.0,0.0,0.0,0.0,0.0,0.0,0.4,0.48333333333333334,0.5,0.4,0.48333333333333334,0.5,0.85,0.95,0.9666666666666667,0.4,0.48333333333333334,0.5,0.0,0.0,0.0
20260702,Knapsack,5,184,0.8244847391720354,0.7514707129819801,0.7514707129819801,0.8244847391720354,0.8244847391720354,0.7514707129819801,1,1,0,0,0.11666666666666667,0.36666666666666664,0.5166666666666667,0.0,0.0,0.0,0.0,0.0,0.0,0.11666666666666667,0.36666666666666664,0.5166666666666667,0.11666666666666667,0.36666666666666664,0.5166666666666667,0.5,0.75,0.85,0.11666666666666667,0.36666666666666664,0.5166666666666667,0.0,0.0,0.0
20260702,Knapsack,5,221,0.7887586255431673,0.7606270188240025,0.7660248946189225,0.7887586255431673,0.7887586255431673,0.7660248946189225,1,1,0,0,0.0,0.0,0.06666666666666667,0.0,0.0,0.0,0.0,0.0,0.0,0.0,0.0,0.06666666666666667,0.0,0.0,0.06666666666666667,0.9166666666666666,0.9333333333333333,0.9833333333333333,0.0,0.0,0.06666666666666667,0.0,0.0,0.0
20260702,Knapsack,4,237,0.8679345625030249,0.7987487219188035,0.7987487219188035,0.8679345625030249,0.8679345625030249,0.7987487219188035,1,1,0,0,0.0,0.2,0.38333333333333336,0.0,0.0,0.0,0.0,0.0,0.0,0.0,0.2,0.4,0.0,0.2,0.38333333333333336,0.2833333333333333,0.5833333333333334,0.95,0.0,0.2,0.38333333333333336,0.0,0.0,0.0
20260702,Knapsack,5,113,0.7770794035930226,0.7652590940442672,0.7652590940442672,0.7770794035930226,0.7770794035930226,0.7652590940442672,1,1,0,0,0.2833333333333333,0.43333333333333335,0.7666666666666667,0.0,0.0,0.0,0.0,0.0,0.0,0.2833333333333333,0.43333333333333335,0.7666666666666667,0.2833333333333333,0.43333333333333335,0.7666666666666667,0.23333333333333334,0.7333333333333333,0.9666666666666667,0.2833333333333333,0.43333333333333335,0.7666666666666667,0.0,0.0,0.0
20260702,Job-shop,3,229,0.5177033894597841,0.5122827380532443,0.5122827380532443,0.5177033894597841,0.5177033894597841,0.5122827380532443,1,1,0,0,0.8333333333333334,0.9333333333333333,0.9666666666666667,0.0,0.0,0.0,0.0,0.0,0.0,0.75,0.85,0.95,0.8,0.85,0.9166666666666666,0.18333333333333332,0.4666666666666667,0.8333333333333334,0.8333333333333334,0.9333333333333333,0.9666666666666667,0.0,0.0,0.0
20260702,Job-shop,3,79,0.509459164901614,0.509459164901614,0.509459164901614,0.509459164901614,0.509459164901614,0.509459164901614,1,1,0,0,0.0,0.016666666666666666,0.11666666666666667,0.0,0.0,0.0,0.0,0.0,0.0,0.0,0.016666666666666666,0.11666666666666667,0.0,0.016666666666666666,0.11666666666666667,0.31666666666666665,0.2833333333333333,0.5,0.0,0.016666666666666666,0.11666666666666667,0.0,0.0,0.0
20260702,Job-shop,4,117,0.5047403869084868,0.5047403869084868,0.5047403869084868,0.5047403869084868,0.5047403869084868,0.5047403869084868,1,1,0,0,0.4,0.6333333333333333,0.65,0.0,0.0,0.0,0.0,0.0,0.0,0.4,0.6333333333333333,0.65,0.4,0.6333333333333333,0.65,0.03333333333333333,0.36666666666666664,0.5,0.4,0.6333333333333333,0.65,0.0,0.0,0.0
20260702,Job-shop,4,104,0.5067584883006887,0.5183029405348542,0.5183029405348542,0.5067584883006887,0.5067584883006887,0.5183029405348542,1,1,0,0,0.0,0.16666666666666666,0.5166666666666667,0.0,0.0,0.0,0.0,0.0,0.0,0.0,0.16666666666666666,0.5166666666666667,0.0,0.16666666666666666,0.5166666666666667,0.1,0.38333333333333336,0.65,0.0,0.16666666666666666,0.5166666666666667,0.0,0.0,0.0
20260702,Job-shop,3,217,0.5118502606689272,0.5275967003566054,0.5275967003566054,0.5118502606689272,0.5118502606689272,0.5275967003566054,1,1,0,0,0.03333333333333333,0.21666666666666667,0.45,0.0,0.0,0.0,0.0,0.0,0.0,0.03333333333333333,0.21666666666666667,0.45,0.03333333333333333,0.21666666666666667,0.45,0.23333333333333334,0.55,0.95,0.03333333333333333,0.21666666666666667,0.45,0.0,0.0,0.0
20260702,Job-shop,4,161,0.4746824562663023,0.4746824562663023,0.4746824562663023,0.4746824562663023,0.4746824562663023,0.4746824562663023,1,1,0,0,0.016666666666666666,0.23333333333333334,0.5333333333333333,0.0,0.0,0.0,0.0,0.0,0.0,0.016666666666666666,0.23333333333333334,0.5333333333333333,0.016666666666666666,0.23333333333333334,0.5333333333333333,0.18333333333333332,0.45,0.6833333333333333,0.016666666666666666,0.23333333333333334,0.5333333333333333,0.0,0.0,0.0
20260702,Job-shop,4,245,0.523787983333813,0.500034025858141,0.500034025858141,0.523787983333813,0.523787983333813,0.500034025858141,1,1,0,0,0.4166666666666667,0.65,0.75,0.0,0.0,0.0,0.0,0.0,0.0,0.4166666666666667,0.65,0.75,0.4166666666666667,0.65,0.75,0.5333333333333333,0.6166666666666667,0.7666666666666667,0.4166666666666667,0.65,0.75,0.0,0.0,0.0
20260702,Job-shop,4,135,0.46833134552370176,0.49562358976912896,0.49562358976912896,0.46833134552370176,0.46833134552370176,0.49562358976912896,1,1,0,0,0.016666666666666666,0.06666666666666667,0.18333333333333332,0.0,0.0,0.0,0.0,0.0,0.0,0.016666666666666666,0.06666666666666667,0.18333333333333332,0.016666666666666666,0.06666666666666667,0.18333333333333332,0.2,0.5,0.7333333333333333,0.016666666666666666,0.06666666666666667,0.18333333333333332,0.0,0.0,0.0
20260702,Job-shop,5,70,0.4773585186192559,0.4773585186192559,0.4773585186192559,0.4773585186192559,0.4773585186192559,0.4773585186192559,1,1,0,0,0.0,0.25,0.4666666666666667,0.0,0.0,0.0,0.0,0.0,0.0,0.0,0.25,0.4666666666666667,0.0,0.25,0.4666666666666667,0.0,0.11666666666666667,0.4166666666666667,0.0,0.25,0.4666666666666667,0.0,0.0,0.0
20260702,Job-shop,5,292,0.48895837678909654,0.48895837678909654,0.48895837678909654,0.48895837678909654,0.48895837678909654,0.48895837678909654,1,1,0,0,0.3333333333333333,0.5,0.8,0.0,0.0,0.0,0.0,0.0,0.0,0.3333333333333333,0.48333333333333334,0.8166666666666667,0.3333333333333333,0.4666666666666667,0.7833333333333333,0.5833333333333334,0.55,0.7666666666666667,0.3333333333333333,0.5,0.8,0.0,0.0,0.0
20260702,Job-shop,4,78,0.5234359209922814,0.5164061474016953,0.5164061474016953,0.5508041026886784,0.5234359209922814,0.5164061474016953,0,1,0,0,0.6833333333333333,0.6333333333333333,0.7166666666666667,0.0,0.0,0.0,0.0,0.0,0.0,0.65,0.5666666666666667,0.5833333333333334,0.6833333333333333,0.6333333333333333,0.7166666666666667,0.2833333333333333,0.5166666666666667,0.7333333333333333,0.6833333333333333,0.6333333333333333,0.7166666666666667,0.0,0.0,0.0
20260702,Job-shop,3,234,0.488183628423963,0.488183628423963,0.488183628423963,0.488183628423963,0.488183628423963,0.488183628423963,1,1,0,0,0.016666666666666666,0.11666666666666667,0.43333333333333335,0.0,0.0,0.0,0.0,0.0,0.0,0.016666666666666666,0.11666666666666667,0.43333333333333335,0.016666666666666666,0.11666666666666667,0.43333333333333335,0.0,0.15,0.6833333333333333,0.016666666666666666,0.11666666666666667,0.43333333333333335,0.0,0.0,0.0
20260702,Job-shop,3,231,0.4745525418815628,0.4745525418815628,0.4745525418815628,0.4745525418815628,0.4745525418815628,0.4745525418815628,1,1,0,0,0.0,0.15,0.25,0.0,0.0,0.0,0.0,0.0,0.0,0.0,0.15,0.25,0.0,0.15,0.25,0.03333333333333333,0.35,0.6833333333333333,0.0,0.15,0.25,0.0,0.0,0.0
20260702,Job-shop,5,86,0.45839110367365826,0.45839110367365826,0.45839110367365826,0.45839110367365826,0.45839110367365826,0.45839110367365826,1,1,0,0,0.08333333333333333,0.15,0.43333333333333335,0.0,0.0,0.0,0.0,0.0,0.0,0.08333333333333333,0.15,0.43333333333333335,0.08333333333333333,0.15,0.43333333333333335,0.016666666666666666,0.18333333333333332,0.5166666666666667,0.08333333333333333,0.15,0.43333333333333335,0.0,0.0,0.0
20260702,Job-shop,4,294,0.4670052177628745,0.48064570853523075,0.48064570853523075,0.4670052177628745,0.4670052177628745,0.48064570853523075,1,1,0,0,0.08333333333333333,0.26666666666666666,0.4,0.0,0.0,0.0,0.0,0.0,0.0,0.08333333333333333,0.26666666666666666,0.4,0.08333333333333333,0.26666666666666666,0.4,0.65,0.7166666666666667,0.9166666666666666,0.08333333333333333,0.26666666666666666,0.4,0.0,0.0,0.0
20260702,Job-shop,4,270,0.4682862362008392,0.47783826113626376,0.4797409950894371,0.4682862362008392,0.4682862362008392,0.4797409950894371,1,1,0,0,0.1,0.23333333333333334,0.4,0.0,0.0,0.0,0.0,0.0,0.0,0.1,0.2,0.4,0.1,0.23333333333333334,0.4,0.5,0.5666666666666667,0.8833333333333333,0.1,0.23333333333333334,0.4,0.0,0.0,0.0
20260702,Job-shop,5,82,0.4684308463580973,0.4684308463580973,0.4684308463580973,0.4684308463580973,0.4684308463580973,0.4684308463580973,1,1,0,0,0.0,0.0,0.016666666666666666,0.0,0.0,0.0,0.0,0.0,0.0,0.0,0.0,0.016666666666666666,0.0,0.0,0.016666666666666666,0.45,0.5833333333333334,0.5666666666666667,0.0,0.0,0.016666666666666666,0.0,0.0,0.0
20260702,Job-shop,3,177,0.5395758113214228,0.5106556132839296,0.5106556132839296,0.5395758113214228,0.5395758113214228,0.5106556132839296,1,1,0,0,0.9,0.8666666666666667,0.9,0.0,0.0,0.0,0.0,0.0,0.0,0.9,0.8666666666666667,0.9,0.9166666666666666,0.9166666666666666,0.9666666666666667,0.36666666666666664,0.5166666666666667,0.75,0.9,0.8666666666666667,0.9,0.0,0.0,0.0
20260702,Job-shop,4,166,0.47300480338787204,0.468712141321691,0.468712141321691,0.47300480338787204,0.47300480338787204,0.468712141321691,1,1,0,0,0.6,0.7166666666666667,0.75,0.0,0.0,0.0,0.0,0.0,0.0,0.6,0.7166666666666667,0.75,0.6,0.7166666666666667,0.75,0.38333333333333336,0.45,0.6333333333333333,0.6,0.7166666666666667,0.75,0.0,0.0,0.0
20260702,Job-shop,3,118,0.4740807404096637,0.4740807404096637,0.4740807404096637,0.4740807404096637,0.4740807404096637,0.4740807404096637,1,1,0,0,0.25,0.35,0.36666666666666664,0.0,0.0,0.0,0.0,0.0,0.0,0.0,0.05,0.26666666666666666,0.25,0.35,0.36666666666666664,0.45,0.6,0.65,0.25,0.35,0.36666666666666664,0.0,0.0,0.0
20260702,Job-shop,3,161,0.5228572016879053,0.5338898561848345,0.5228572016879053,0.5228572016879053,0.5228572016879053,0.5228572016879053,1,1,0,1,0.016666666666666666,0.16666666666666666,0.35,0.0,0.0,0.0,0.0,0.0,0.0,0.016666666666666666,0.16666666666666666,0.3333333333333333,0.016666666666666666,0.18333333333333332,0.36666666666666664,0.5666666666666667,0.6666666666666666,0.8,0.016666666666666666,0.16666666666666666,0.35,0.0,0.0,0.0
20260702,Job-shop,5,169,0.45139568259703433,0.46265242948692825,0.46265242948692825,0.45139568259703433,0.45139568259703433,0.46265242948692825,1,1,0,0,0.05,0.2,0.43333333333333335,0.0,0.0,0.0,0.0,0.0,0.0,0.05,0.2,0.43333333333333335,0.05,0.2,0.43333333333333335,0.0,0.2833333333333333,0.6333333333333333,0.05,0.2,0.43333333333333335,0.0,0.0,0.0
20260702,Job-shop,4,183,0.5022024456171884,0.4916197391235702,0.4916197391235702,0.5022024456171884,0.5022024456171884,0.4916197391235702,1,1,0,0,0.5333333333333333,0.5333333333333333,0.7333333333333333,0.0,0.0,0.0,0.0,0.0,0.0,0.5333333333333333,0.5333333333333333,0.7333333333333333,0.5333333333333333,0.5333333333333333,0.7333333333333333,0.11666666666666667,0.48333333333333334,0.6833333333333333,0.5333333333333333,0.5333333333333333,0.7333333333333333,0.0,0.0,0.0
20260702,Job-shop,4,115,0.4818844486852941,0.48320676292276526,0.48320676292276526,0.4818844486852941,0.4818844486852941,0.48320676292276526,1,1,0,0,0.3,0.5833333333333334,0.8,0.0,0.0,0.0,0.0,0.0,0.0,0.3,0.5833333333333334,0.8166666666666667,0.3,0.5833333333333334,0.8,0.016666666666666666,0.21666666666666667,0.6166666666666667,0.3,0.5833333333333334,0.8,0.0,0.0,0.0
20260702,Job-shop,5,162,0.4805925500069319,0.478392264208635,0.478392264208635,0.4805925500069319,0.4805925500069319,0.478392264208635,1,1,0,0,0.6,0.8166666666666667,0.7666666666666667,0.0,0.0,0.0,0.0,0.0,0.0,0.5666666666666667,0.7833333333333333,0.7666666666666667,0.48333333333333334,0.7666666666666667,0.75,0.5333333333333333,0.7666666666666667,0.8333333333333334,0.6,0.8166666666666667,0.7666666666666667,0.0,0.0,0.0
20260702,Job-shop,3,228,0.500235595958954,0.528025506486516,0.528025506486516,0.500235595958954,0.500235595958954,0.528025506486516,1,1,0,0,0.0,0.18333333333333332,0.5,0.0,0.0,0.0,0.0,0.0,0.0,0.0,0.18333333333333332,0.5,0.0,0.18333333333333332,0.5,0.5666666666666667,0.7,0.85,0.0,0.18333333333333332,0.5,0.0,0.0,0.0
20260702,Job-shop,4,157,0.49525503479386285,0.5068459925878829,0.5068459925878829,0.49525503479386285,0.49525503479386285,0.5068459925878829,1,1,0,0,0.0,0.13333333333333333,0.31666666666666665,0.0,0.0,0.0,0.0,0.0,0.0,0.0,0.13333333333333333,0.31666666666666665,0.0,0.13333333333333333,0.31666666666666665,0.23333333333333334,0.6,0.8166666666666667,0.0,0.13333333333333333,0.31666666666666665,0.0,0.0,0.0
20260702,Job-shop,5,150,0.4533086943753956,0.4533086943753956,0.4533086943753956,0.4533086943753956,0.4533086943753956,0.4533086943753956,1,1,0,0,0.0,0.26666666666666666,0.45,0.0,0.0,0.0,0.0,0.0,0.0,0.0,0.26666666666666666,0.45,0.0,0.26666666666666666,0.45,0.0,0.03333333333333333,0.43333333333333335,0.0,0.26666666666666666,0.45,0.0,0.0,0.0
20260702,Job-shop,3,207,0.49365509987554845,0.5110872654833647,0.5110872654833647,0.49365509987554845,0.49365509987554845,0.5110872654833647,1,1,0,0,0.08333333333333333,0.2833333333333333,0.36666666666666664,0.0,0.0,0.0,0.0,0.0,0.0,0.08333333333333333,0.2833333333333333,0.36666666666666664,0.08333333333333333,0.2833333333333333,0.36666666666666664,0.4666666666666667,0.6333333333333333,0.8666666666666667,0.08333333333333333,0.2833333333333333,0.36666666666666664,0.0,0.0,0.0
20260702,Job-shop,3,145,0.5073084173173587,0.5105340599378615,0.5146103292122142,0.5073084173173587,0.5073084173173587,0.5146103292122142,1,1,0,0,0.36666666666666664,0.48333333333333334,0.6333333333333333,0.0,0.0,0.0,0.0,0.0,0.0,0.36666666666666664,0.48333333333333334,0.6333333333333333,0.36666666666666664,0.48333333333333334,0.6333333333333333,0.6,0.9166666666666666,0.8666666666666667,0.36666666666666664,0.48333333333333334,0.6333333333333333,0.0,0.0,0.0
20260702,Job-shop,5,296,0.5081692583312838,0.47794573645691685,0.47794573645691685,0.5023898316276687,0.5081692583312838,0.47794573645691685,0,1,0,0,0.6666666666666666,0.7333333333333333,0.8,0.0,0.0,0.0,0.0,0.0,0.0,0.7666666666666667,0.8666666666666667,0.8833333333333333,0.7166666666666667,0.75,0.85,0.11666666666666667,0.36666666666666664,0.7666666666666667,0.6666666666666666,0.7333333333333333,0.8,0.0,0.0,0.0
20260702,Job-shop,4,95,0.5425740412821971,0.5025713635186025,0.5025713635186025,0.5425740412821971,0.5425740412821971,0.5025713635186025,1,1,0,0,0.4166666666666667,0.6,0.6833333333333333,0.0,0.0,0.0,0.0,0.0,0.0,0.4166666666666667,0.6,0.6833333333333333,0.4166666666666667,0.6,0.6833333333333333,0.0,0.03333333333333333,0.5,0.4166666666666667,0.6,0.6833333333333333,0.0,0.0,0.0
20260702,Job-shop,3,67,0.5103211326080485,0.52873350376238,0.52873350376238,0.5103211326080485,0.5103211326080485,0.52873350376238,1,1,0,0,0.06666666666666667,0.25,0.4,0.0,0.0,0.0,0.0,0.0,0.0,0.06666666666666667,0.25,0.4,0.06666666666666667,0.25,0.4,0.43333333333333335,0.55,0.7333333333333333,0.06666666666666667,0.25,0.4,0.0,0.0,0.0
20260702,Job-shop,5,256,0.4825667241495503,0.4750210553076867,0.4750210553076867,0.4825667241495503,0.4825667241495503,0.4750210553076867,1,1,0,0,0.25,0.5166666666666667,0.7333333333333333,0.0,0.0,0.0,0.0,0.0,0.0,0.25,0.5166666666666667,0.7333333333333333,0.25,0.5166666666666667,0.7333333333333333,0.0,0.03333333333333333,0.6166666666666667,0.25,0.5166666666666667,0.7333333333333333,0.0,0.0,0.0
20260702,Job-shop,5,144,0.46197276665991366,0.4727729543658458,0.4727729543658458,0.46197276665991366,0.46197276665991366,0.4727729543658458,1,1,0,0,0.26666666666666666,0.36666666666666664,0.43333333333333335,0.0,0.0,0.0,0.0,0.0,0.0,0.26666666666666666,0.36666666666666664,0.43333333333333335,0.26666666666666666,0.36666666666666664,0.43333333333333335,0.4166666666666667,0.55,0.7666666666666667,0.26666666666666666,0.36666666666666664,0.43333333333333335,0.0,0.0,0.0
20260702,Job-shop,3,169,0.500468662878438,0.500468662878438,0.500468662878438,0.500468662878438,0.500468662878438,0.500468662878438,1,1,0,0,0.0,0.016666666666666666,0.18333333333333332,0.0,0.0,0.0,0.0,0.0,0.0,0.0,0.016666666666666666,0.18333333333333332,0.0,0.016666666666666666,0.18333333333333332,0.2,0.36666666666666664,0.7666666666666667,0.0,0.016666666666666666,0.18333333333333332,0.0,0.0,0.0
20260702,Job-shop,4,287,0.5273743830076367,0.5129043439511743,0.5129043439511743,0.5273743830076367,0.5273743830076367,0.5129043439511743,1,1,0,0,0.7833333333333333,0.7333333333333333,0.8333333333333334,0.0,0.0,0.0,0.0,0.0,0.0,0.7833333333333333,0.7333333333333333,0.8333333333333334,0.7833333333333333,0.7333333333333333,0.8333333333333334,0.3,0.5833333333333334,0.9,0.7833333333333333,0.7333333333333333,0.8333333333333334,0.0,0.0,0.0
20260702,Job-shop,3,90,0.5215248960428711,0.5215248960428711,0.5215248960428711,0.5215248960428711,0.5215248960428711,0.5215248960428711,1,1,0,0,0.5333333333333333,0.6666666666666666,0.7166666666666667,0.0,0.0,0.0,0.0,0.0,0.0,0.5333333333333333,0.6666666666666666,0.7166666666666667,0.5333333333333333,0.6666666666666666,0.7166666666666667,0.0,0.08333333333333333,0.5,0.5333333333333333,0.6666666666666666,0.7166666666666667,0.0,0.0,0.0
20260702,Job-shop,5,262,0.48753004188268106,0.4765256058901096,0.4765256058901096,0.48753004188268106,0.48753004188268106,0.4765256058901096,1,1,0,0,0.25,0.4666666666666667,0.7666666666666667,0.0,0.0,0.0,0.0,0.0,0.0,0.25,0.45,0.7166666666666667,0.25,0.4666666666666667,0.7333333333333333,0.03333333333333333,0.35,0.7,0.25,0.4666666666666667,0.7666666666666667,0.0,0.0,0.0
20260702,Job-shop,3,294,0.503160536433574,0.503160536433574,0.503160536433574,0.503160536433574,0.503160536433574,0.503160536433574,1,1,0,0,0.08333333333333333,0.16666666666666666,0.3333333333333333,0.0,0.0,0.0,0.0,0.0,0.0,0.08333333333333333,0.16666666666666666,0.3333333333333333,0.08333333333333333,0.16666666666666666,0.36666666666666664,0.4666666666666667,0.6333333333333333,0.8833333333333333,0.08333333333333333,0.16666666666666666,0.3333333333333333,0.0,0.0,0.0
20260702,Job-shop,5,131,0.4744579396838739,0.472370750259607,0.472370750259607,0.4744579396838739,0.4744579396838739,0.472370750259607,1,1,0,0,0.3333333333333333,0.25,0.38333333333333336,0.0,0.0,0.0,0.0,0.0,0.0,0.3333333333333333,0.25,0.38333333333333336,0.3333333333333333,0.25,0.38333333333333336,0.21666666666666667,0.45,0.6833333333333333,0.3333333333333333,0.25,0.38333333333333336,0.0,0.0,0.0
20260702,Job-shop,3,261,0.5364218696043128,0.5327797729646702,0.5327797729646702,0.5364218696043128,0.5364218696043128,0.5327797729646702,1,1,0,0,0.4,0.75,0.7333333333333333,0.0,0.0,0.0,0.0,0.0,0.0,0.4,0.75,0.7333333333333333,0.4,0.75,0.7333333333333333,0.65,0.7666666666666667,0.8166666666666667,0.4,0.75,0.7333333333333333,0.0,0.0,0.0
20260702,Job-shop,3,144,0.502444150469504,0.502444150469504,0.502444150469504,0.502444150469504,0.502444150469504,0.502444150469504,1,1,0,0,0.0,0.08333333333333333,0.2,0.0,0.0,0.0,0.0,0.0,0.0,0.0,0.08333333333333333,0.2,0.0,0.08333333333333333,0.2,0.0,0.25,0.6833333333333333,0.0,0.08333333333333333,0.2,0.0,0.0,0.0
20260702,Job-shop,3,278,0.5098247753251587,0.5157564488151678,0.5157564488151678,0.5098247753251587,0.5098247753251587,0.5157564488151678,1,1,0,0,0.18333333333333332,0.2833333333333333,0.5833333333333334,0.0,0.0,0.0,0.0,0.0,0.0,0.13333333333333333,0.25,0.6,0.35,0.45,0.65,0.25,0.5666666666666667,0.85,0.18333333333333332,0.2833333333333333,0.5833333333333334,0.0,0.0,0.0
20260702,Job-shop,4,142,0.48110245089170156,0.48110245089170156,0.48110245089170156,0.48110245089170156,0.48110245089170156,0.48110245089170156,1,1,0,0,0.0,0.0,0.16666666666666666,0.0,0.0,0.0,0.0,0.0,0.0,0.0,0.0,0.16666666666666666,0.0,0.0,0.16666666666666666,0.0,0.15,0.6833333333333333,0.0,0.0,0.16666666666666666,0.0,0.0,0.0
20260702,Job-shop,3,127,0.4872190068648303,0.5061336876346495,0.5061336876346495,0.4872190068648303,0.4872190068648303,0.5061336876346495,1,1,0,0,0.016666666666666666,0.06666666666666667,0.26666666666666666,0.0,0.0,0.0,0.0,0.0,0.0,0.016666666666666666,0.06666666666666667,0.26666666666666666,0.016666666666666666,0.06666666666666667,0.26666666666666666,0.4666666666666667,0.6833333333333333,0.8,0.016666666666666666,0.06666666666666667,0.26666666666666666,0.0,0.0,0.0
20260702,Job-shop,4,195,0.4935497609165889,0.4947059551218364,0.4947059551218364,0.4935497609165889,0.49172218596488787,0.4947059551218364,1,0,0,0,0.48333333333333334,0.75,0.8,0.0,0.0,0.0,0.0,0.0,0.0,0.48333333333333334,0.75,0.8,0.75,0.8,0.8833333333333333,0.06666666666666667,0.5166666666666667,0.8,0.48333333333333334,0.75,0.8,0.0,0.0,0.0
20260702,Job-shop,4,102,0.5203178371642956,0.4932384113196431,0.4932384113196431,0.5135850077865893,0.5203178371642956,0.4932384113196431,0,1,0,0,0.8,0.7666666666666667,0.7833333333333333,0.0,0.0,0.0,0.0,0.0,0.0,0.5666666666666667,0.6,0.7666666666666667,0.8,0.7666666666666667,0.7833333333333333,0.0,0.08333333333333333,0.55,0.8,0.7666666666666667,0.7833333333333333,0.0,0.0,0.0
20260702,Job-shop,5,211,0.4665612886201013,0.4665612886201013,0.4665612886201013,0.4665612886201013,0.4665612886201013,0.4665612886201013,1,1,0,0,0.03333333333333333,0.15,0.3333333333333333,0.0,0.0,0.0,0.0,0.0,0.0,0.03333333333333333,0.15,0.3333333333333333,0.03333333333333333,0.15,0.3333333333333333,0.03333333333333333,0.13333333333333333,0.7333333333333333,0.03333333333333333,0.15,0.3333333333333333,0.0,0.0,0.0
20260702,Job-shop,4,155,0.4950130368607596,0.4950130368607596,0.4950130368607596,0.4950130368607596,0.4950130368607596,0.4950130368607596,1,1,0,0,0.5166666666666667,0.5333333333333333,0.8,0.0,0.0,0.0,0.0,0.0,0.0,0.5166666666666667,0.5333333333333333,0.8,0.5166666666666667,0.5333333333333333,0.8,0.08333333333333333,0.26666666666666666,0.5666666666666667,0.5166666666666667,0.5333333333333333,0.8,0.0,0.0,0.0
20260702,Job-shop,5,73,0.49768334338682424,0.5053000461367653,0.5053000461367653,0.49768334338682424,0.49768334338682424,0.5053000461367653,1,1,0,0,0.3,0.6,0.8,0.0,0.0,0.0,0.0,0.0,0.0,0.3,0.6,0.8,0.3,0.6,0.8,0.2833333333333333,0.45,0.6666666666666666,0.3,0.6,0.8,0.0,0.0,0.0
20260702,Job-shop,3,177,0.5496671682038207,0.5070161920355507,0.5070161920355507,0.5496671682038207,0.5496671682038207,0.5070161920355507,1,1,0,0,0.6666666666666666,0.7833333333333333,0.85,0.0,0.0,0.0,0.0,0.0,0.0,0.6666666666666666,0.7833333333333333,0.85,0.7,0.8,0.9166666666666666,0.5,0.48333333333333334,0.7833333333333333,0.6666666666666666,0.7833333333333333,0.85,0.0,0.0,0.0
20260702,Job-shop,3,235,0.5129936852933176,0.5219210201585677,0.5219210201585677,0.5129936852933176,0.5129936852933176,0.5219210201585677,1,1,0,1,0.6666666666666666,0.8,0.7166666666666667,0.0,0.0,0.0,0.0,0.0,0.0,0.6666666666666666,0.7666666666666667,0.7333333333333333,0.6666666666666666,0.8,0.7166666666666667,0.1,0.5,0.7833333333333333,0.6666666666666666,0.8,0.7166666666666667,0.0,0.0,0.0
20260702,Job-shop,3,61,0.5085183876130798,0.5085183876130798,0.5085183876130798,0.5085183876130798,0.5085183876130798,0.5085183876130798,1,1,0,0,0.15,0.3,0.45,0.0,0.0,0.0,0.0,0.0,0.0,0.15,0.3,0.45,0.15,0.3,0.45,0.4666666666666667,0.5,0.6833333333333333,0.15,0.3,0.45,0.0,0.0,0.0
20260702,Job-shop,5,257,0.46681485374134357,0.46681485374134357,0.4775718425764907,0.4775718425764907,0.4775718425764907,0.4775718425764907,0,0,0,0,0.35,0.55,0.6833333333333333,0.0,0.0,0.0,0.0,0.0,0.0,0.0,0.25,0.5166666666666667,0.4166666666666667,0.48333333333333334,0.65,0.9833333333333333,0.9333333333333333,0.95,0.35,0.55,0.6833333333333333,0.0,0.0,0.0
20260702,Job-shop,5,243,0.4646228744765187,0.46928828799101474,0.46928828799101474,0.4646228744765187,0.4646228744765187,0.46928828799101474,1,1,0,0,0.55,0.7666666666666667,0.8333333333333334,0.0,0.0,0.0,0.0,0.0,0.0,0.55,0.7666666666666667,0.8333333333333334,0.5833333333333334,0.8,0.8833333333333333,0.16666666666666666,0.45,0.6833333333333333,0.55,0.7666666666666667,0.8333333333333334,0.0,0.0,0.0
20260702,Job-shop,4,153,0.5050141847833114,0.525114673369924,0.5050141847833114,0.5050141847833114,0.5050141847833114,0.5050141847833114,1,1,0,0,0.0,0.016666666666666666,0.18333333333333332,0.0,0.0,0.0,0.0,0.0,0.0,0.0,0.016666666666666666,0.18333333333333332,0.0,0.016666666666666666,0.18333333333333332,0.4166666666666667,0.65,0.8166666666666667,0.0,0.016666666666666666,0.18333333333333332,0.0,0.0,0.0
20260702,Job-shop,5,262,0.44179708871384804,0.4747643260721072,0.4747643260721072,0.44179708871384804,0.44179708871384804,0.4747643260721072,1,1,0,0,0.13333333333333333,0.4,0.7166666666666667,0.0,0.0,0.0,0.0,0.0,0.0,0.13333333333333333,0.4,0.7,0.13333333333333333,0.4166666666666667,0.7166666666666667,0.23333333333333334,0.7166666666666667,0.8666666666666667,0.13333333333333333,0.4,0.7166666666666667,0.0,0.0,0.0
20260702,Job-shop,5,268,0.48078002033647105,0.4799916792021329,0.4799916792021329,0.48078002033647105,0.48078002033647105,0.4799916792021329,1,1,0,0,0.7666666666666667,0.8166666666666667,0.7333333333333333,0.0,0.0,0.0,0.0,0.0,0.0,0.7666666666666667,0.8166666666666667,0.7333333333333333,0.7666666666666667,0.8166666666666667,0.7333333333333333,0.11666666666666667,0.2833333333333333,0.8,0.7666666666666667,0.8166666666666667,0.7333333333333333,0.0,0.0,0.0
20260702,Job-shop,5,155,0.47996111660901225,0.5014798751127152,0.49849613752627137,0.47996111660901225,0.47764292242858747,0.49849613752627137,1,0,0,0,0.9,0.95,0.9166666666666666,0.0,0.0,0.0,0.0,0.0,0.0,0.8833333333333333,0.95,0.9166666666666666,0.7,0.8833333333333333,0.8833333333333333,0.7666666666666667,0.75,0.8666666666666667,0.9,0.95,0.9166666666666666,0.0,0.0,0.0
20260702,Job-shop,3,261,0.5102590450214967,0.5241747606657542,0.5241747606657542,0.5102590450214967,0.5102590450214967,0.5241747606657542,1,1,0,0,0.11666666666666667,0.31666666666666665,0.5666666666666667,0.0,0.0,0.0,0.0,0.0,0.0,0.11666666666666667,0.2833333333333333,0.5833333333333334,0.13333333333333333,0.35,0.6166666666666667,0.6166666666666667,0.7166666666666667,0.8666666666666667,0.11666666666666667,0.31666666666666665,0.5666666666666667,0.0,0.0,0.0
20260702,Job-shop,5,202,0.48845278842429296,0.48845278842429296,0.4944828739459631,0.4944828739459631,0.48845278842429296,0.4944828739459631,0,1,0,0,0.3,0.5166666666666667,0.5833333333333334,0.0,0.0,0.0,0.0,0.0,0.0,0.016666666666666666,0.16666666666666666,0.35,0.3,0.5,0.5833333333333334,0.5666666666666667,0.8,0.95,0.3,0.5166666666666667,0.5833333333333334,0.0,0.0,0.0
20260702,Job-shop,3,109,0.5356078246517872,0.5231621839825575,0.5231621839825575,0.5356078246517872,0.5356078246517872,0.5231621839825575,1,1,0,0,0.4,0.5666666666666667,0.75,0.0,0.0,0.0,0.0,0.0,0.0,0.4,0.5666666666666667,0.75,0.4,0.5666666666666667,0.75,0.18333333333333332,0.3,0.65,0.4,0.5666666666666667,0.75,0.0,0.0,0.0
20260702,Job-shop,5,117,0.4705220801868813,0.4705220801868813,0.4705220801868813,0.4705220801868813,0.4705220801868813,0.4705220801868813,1,1,0,0,0.0,0.0,0.15,0.0,0.0,0.0,0.0,0.0,0.0,0.0,0.0,0.15,0.0,0.0,0.15,0.2833333333333333,0.6,0.8166666666666667,0.0,0.0,0.15,0.0,0.0,0.0
20260702,Job-shop,5,100,0.4547276357105491,0.46839661275920647,0.46839661275920647,0.4547276357105491,0.4547276357105491,0.46839661275920647,1,1,0,0,0.06666666666666667,0.3,0.48333333333333334,0.0,0.0,0.0,0.0,0.0,0.0,0.06666666666666667,0.3,0.48333333333333334,0.06666666666666667,0.3,0.48333333333333334,0.23333333333333334,0.35,0.8166666666666667,0.06666666666666667,0.3,0.48333333333333334,0.0,0.0,0.0
20260702,Job-shop,4,233,0.5023684826274326,0.4988715318571559,0.4988715318571559,0.5023684826274326,0.5258006643273655,0.4988715318571559,1,0,0,0,0.5166666666666667,0.6166666666666667,0.7,0.0,0.0,0.0,0.0,0.0,0.0,0.3333333333333333,0.5166666666666667,0.6,0.6,0.8166666666666667,0.7833333333333333,0.48333333333333334,0.5833333333333334,0.7,0.5166666666666667,0.6166666666666667,0.7,0.0,0.0,0.0
20260702,Job-shop,4,157,0.46279911969154125,0.46279911969154125,0.46279911969154125,0.46279911969154125,0.46279911969154125,0.46279911969154125,1,1,0,0,0.0,0.08333333333333333,0.5166666666666667,0.0,0.0,0.0,0.0,0.0,0.0,0.0,0.08333333333333333,0.5166666666666667,0.0,0.08333333333333333,0.5166666666666667,0.0,0.11666666666666667,0.4166666666666667,0.0,0.08333333333333333,0.5166666666666667,0.0,0.0,0.0
20260702,Job-shop,5,128,0.4751121364582997,0.4748141421663264,0.4748141421663264,0.4751121364582997,0.4751121364582997,0.4748141421663264,1,1,0,0,0.5,0.7166666666666667,0.8666666666666667,0.0,0.0,0.0,0.0,0.0,0.0,0.5,0.7166666666666667,0.8666666666666667,0.5,0.7166666666666667,0.8666666666666667,0.1,0.35,0.7,0.5,0.7166666666666667,0.8666666666666667,0.0,0.0,0.0
20260702,Job-shop,5,172,0.4832844781948647,0.4992212729888319,0.4992212729888319,0.4832844781948647,0.4832844781948647,0.4992212729888319,1,1,0,0,0.0,0.1,0.43333333333333335,0.0,0.0,0.0,0.0,0.0,0.0,0.0,0.1,0.43333333333333335,0.0,0.1,0.43333333333333335,0.43333333333333335,0.4666666666666667,0.7833333333333333,0.0,0.1,0.43333333333333335,0.0,0.0,0.0
20260702,Job-shop,5,82,0.5068873407132347,0.5296709235207885,0.5296709235207885,0.5068873407132347,0.5068873407132347,0.5296709235207885,1,1,0,0,0.0,0.016666666666666666,0.4,0.0,0.0,0.0,0.0,0.0,0.0,0.0,0.016666666666666666,0.4,0.0,0.016666666666666666,0.4,0.21666666666666667,0.38333333333333336,0.65,0.0,0.016666666666666666,0.4,0.0,0.0,0.0
20260702,Job-shop,4,136,0.4777599424987117,0.4777599424987117,0.4777599424987117,0.4777599424987117,0.4777599424987117,0.4777599424987117,1,1,0,0,0.03333333333333333,0.21666666666666667,0.3,0.0,0.0,0.0,0.0,0.0,0.0,0.03333333333333333,0.21666666666666667,0.3,0.03333333333333333,0.21666666666666667,0.3,0.26666666666666666,0.43333333333333335,0.7833333333333333,0.03333333333333333,0.21666666666666667,0.3,0.0,0.0,0.0
20260702,Job-shop,5,73,0.5286406023350202,0.5286406023350202,0.5286406023350202,0.5286406023350202,0.5286406023350202,0.5286406023350202,1,1,0,0,0.11666666666666667,0.38333333333333336,0.48333333333333334,0.0,0.0,0.0,0.0,0.0,0.0,0.11666666666666667,0.38333333333333336,0.48333333333333334,0.11666666666666667,0.38333333333333336,0.48333333333333334,0.4666666666666667,0.6333333333333333,0.7,0.11666666666666667,0.38333333333333336,0.48333333333333334,0.0,0.0,0.0
20260702,Job-shop,4,222,0.5143766747308569,0.49095261960762493,0.49095261960762493,0.5143766747308569,0.5078685161180455,0.49095261960762493,1,0,0,0,0.48333333333333334,0.7666666666666667,0.8166666666666667,0.0,0.0,0.0,0.0,0.0,0.0,0.3,0.65,0.7333333333333333,0.4,0.75,0.85,0.11666666666666667,0.35,0.8,0.48333333333333334,0.7666666666666667,0.8166666666666667,0.0,0.0,0.0
20260702,Job-shop,4,115,0.48944768124504756,0.48944768124504756,0.48944768124504756,0.48944768124504756,0.48944768124504756,0.48944768124504756,1,1,0,0,0.4,0.3,0.4,0.0,0.0,0.0,0.0,0.0,0.0,0.4,0.3,0.4,0.4,0.3,0.4,0.0,0.016666666666666666,0.4166666666666667,0.4,0.3,0.4,0.0,0.0,0.0
20260702,Job-shop,5,124,0.5082426197788752,0.5082426197788752,0.5082426197788752,0.5082426197788752,0.5082426197788752,0.5082426197788752,1,1,0,0,0.13333333333333333,0.2833333333333333,0.55,0.0,0.0,0.0,0.0,0.0,0.0,0.13333333333333333,0.2833333333333333,0.55,0.13333333333333333,0.2833333333333333,0.55,0.36666666666666664,0.4,0.85,0.13333333333333333,0.2833333333333333,0.55,0.0,0.0,0.0
20260702,Job-shop,3,187,0.48182402868675506,0.5171807880055935,0.5034396608548601,0.48182402868675506,0.48182402868675506,0.5034396608548601,1,1,0,0,0.06666666666666667,0.26666666666666666,0.38333333333333336,0.0,0.0,0.0,0.0,0.0,0.0,0.06666666666666667,0.26666666666666666,0.38333333333333336,0.06666666666666667,0.26666666666666666,0.38333333333333336,0.65,0.8166666666666667,0.95,0.06666666666666667,0.26666666666666666,0.38333333333333336,0.0,0.0,0.0
20260702,Job-shop,3,93,0.5382812508155131,0.5269791962163402,0.5269791962163402,0.5382812508155131,0.5382812508155131,0.5269791962163402,1,1,0,0,0.5,0.7833333333333333,0.8166666666666667,0.0,0.0,0.0,0.0,0.0,0.0,0.5,0.7833333333333333,0.8166666666666667,0.5,0.7833333333333333,0.8166666666666667,0.11666666666666667,0.55,0.6833333333333333,0.5,0.7833333333333333,0.8166666666666667,0.0,0.0,0.0
20260702,Job-shop,3,106,0.5054688510970963,0.5128261123204266,0.5128261123204266,0.5054688510970963,0.5054688510970963,0.5128261123204266,1,1,0,0,0.0,0.11666666666666667,0.4166666666666667,0.0,0.0,0.0,0.0,0.0,0.0,0.0,0.06666666666666667,0.36666666666666664,0.0,0.13333333333333333,0.43333333333333335,0.31666666666666665,0.65,0.7833333333333333,0.0,0.11666666666666667,0.4166666666666667,0.0,0.0,0.0
20260702,Job-shop,5,105,0.47857821236466785,0.48078472202749334,0.48078472202749334,0.47857821236466785,0.47857821236466785,0.48078472202749334,1,1,0,0,0.2,0.4,0.5333333333333333,0.0,0.0,0.0,0.0,0.0,0.0,0.2,0.4,0.5333333333333333,0.2,0.4,0.5333333333333333,0.6833333333333333,0.75,0.8333333333333334,0.2,0.4,0.5333333333333333,0.0,0.0,0.0
20260702,Job-shop,4,228,0.5120862706613197,0.49813601243892797,0.49813601243892797,0.5120862706613197,0.5120862706613197,0.49813601243892797,1,1,0,0,0.8833333333333333,0.85,0.8833333333333333,0.0,0.0,0.0,0.0,0.0,0.0,0.8833333333333333,0.85,0.8833333333333333,0.8833333333333333,0.85,0.8833333333333333,0.3,0.7166666666666667,0.9333333333333333,0.8833333333333333,0.85,0.8833333333333333,0.0,0.0,0.0
20260702,Job-shop,5,278,0.45343228303468724,0.4665907193052197,0.45343228303468724,0.45343228303468724,0.45343228303468724,0.45343228303468724,1,1,0,0,0.1,0.26666666666666666,0.36666666666666664,0.0,0.0,0.0,0.0,0.0,0.0,0.1,0.26666666666666666,0.35,0.1,0.26666666666666666,0.36666666666666664,0.5333333333333333,0.75,0.85,0.1,0.26666666666666666,0.36666666666666664,0.0,0.0,0.0
20260702,Job-shop,3,257,0.5339745999907636,0.528174680752233,0.528174680752233,0.5339745999907636,0.5339745999907636,0.528174680752233,1,1,0,0,0.3333333333333333,0.6166666666666667,0.5833333333333334,0.0,0.0,0.0,0.0,0.0,0.0,0.3333333333333333,0.6166666666666667,0.5833333333333334,0.3333333333333333,0.6166666666666667,0.5833333333333334,0.3333333333333333,0.6833333333333333,0.9333333333333333,0.3333333333333333,0.6166666666666667,0.5833333333333334,0.0,0.0,0.0
20260702,Job-shop,4,294,0.5150312929245026,0.5158819225778661,0.5120481892442685,0.5150312929245026,0.5150312929245026,0.5120481892442685,1,1,0,0,0.18333333333333332,0.35,0.7333333333333333,0.0,0.0,0.0,0.0,0.0,0.0,0.16666666666666666,0.21666666666666667,0.6666666666666666,0.18333333333333332,0.26666666666666666,0.6833333333333333,0.26666666666666666,0.6666666666666666,0.8,0.18333333333333332,0.35,0.7333333333333333,0.0,0.0,0.0
20260702,Job-shop,3,207,0.5077449025723707,0.5263348513349047,0.5263348513349047,0.5077449025723707,0.5077449025723707,0.5263348513349047,1,1,0,0,0.08333333333333333,0.2,0.2833333333333333,0.0,0.0,0.0,0.0,0.0,0.0,0.08333333333333333,0.2,0.2833333333333333,0.08333333333333333,0.2,0.2833333333333333,0.43333333333333335,0.75,0.8333333333333334,0.08333333333333333,0.2,0.2833333333333333,0.0,0.0,0.0
20260702,Job-shop,5,185,0.48316529148707527,0.47626507661891354,0.4756766467059505,0.48316529148707527,0.48316529148707527,0.4756766467059505,1,1,0,0,0.4666666666666667,0.6666666666666666,0.7333333333333333,0.0,0.0,0.0,0.0,0.0,0.0,0.4666666666666667,0.6666666666666666,0.75,0.43333333333333335,0.6666666666666666,0.7166666666666667,0.8333333333333334,0.9166666666666666,0.9666666666666667,0.4666666666666667,0.6666666666666666,0.7333333333333333,0.0,0.0,0.0
20260702,Job-shop,3,236,0.48931506174439293,0.5023704971353448,0.49846010634763877,0.48931506174439293,0.48931506174439293,0.49846010634763877,1,1,0,0,0.8666666666666667,0.9333333333333333,0.9,0.0,0.0,0.0,0.0,0.0,0.0,0.8666666666666667,0.9333333333333333,0.9,0.8666666666666667,0.9333333333333333,0.9,0.6833333333333333,0.6833333333333333,0.9,0.8666666666666667,0.9333333333333333,0.9,0.0,0.0,0.0
20260702,Job-shop,3,65,0.5195180729902643,0.5195180729902643,0.5195180729902643,0.5195180729902643,0.5195180729902643,0.5195180729902643,1,1,0,0,0.0,0.06666666666666667,0.11666666666666667,0.0,0.0,0.0,0.0,0.0,0.0,0.0,0.06666666666666667,0.11666666666666667,0.0,0.06666666666666667,0.11666666666666667,0.3,0.5166666666666667,0.55,0.0,0.06666666666666667,0.11666666666666667,0.0,0.0,0.0
20260702,Job-shop,4,240,0.4789557410194565,0.4789557410194565,0.4789557410194565,0.4789557410194565,0.4789557410194565,0.4789557410194565,1,1,0,0,0.38333333333333336,0.4,0.5666666666666667,0.0,0.0,0.0,0.0,0.0,0.0,0.38333333333333336,0.4,0.5666666666666667,0.38333333333333336,0.4,0.5666666666666667,0.1,0.43333333333333335,0.65,0.38333333333333336,0.4,0.5666666666666667,0.0,0.0,0.0
20260702,Job-shop,4,128,0.4873796358223918,0.4873796358223918,0.4873796358223918,0.4873796358223918,0.4873796358223918,0.4873796358223918,1,1,0,0,0.0,0.26666666666666666,0.36666666666666664,0.0,0.0,0.0,0.0,0.0,0.0,0.0,0.26666666666666666,0.36666666666666664,0.0,0.26666666666666666,0.36666666666666664,0.016666666666666666,0.23333333333333334,0.6,0.0,0.26666666666666666,0.36666666666666664,0.0,0.0,0.0
20260702,Job-shop,5,220,0.4910796938759531,0.4910796938759531,0.4910796938759531,0.4910796938759531,0.4910796938759531,0.4910796938759531,1,1,0,0,0.7166666666666667,0.8666666666666667,0.9166666666666666,0.0,0.0,0.0,0.0,0.0,0.0,0.7166666666666667,0.8666666666666667,0.9166666666666666,0.7166666666666667,0.8666666666666667,0.9166666666666666,0.36666666666666664,0.7166666666666667,0.8833333333333333,0.7166666666666667,0.8666666666666667,0.9166666666666666,0.0,0.0,0.0
20260702,Job-shop,3,156,0.4983968247858364,0.5334123374474764,0.5334123374474764,0.4983968247858364,0.4983968247858364,0.5334123374474764,1,1,0,0,0.15,0.26666666666666666,0.35,0.0,0.0,0.0,0.0,0.0,0.0,0.15,0.26666666666666666,0.35,0.15,0.26666666666666666,0.35,0.38333333333333336,0.7166666666666667,0.85,0.15,0.26666666666666666,0.35,0.0,0.0,0.0
20260702,Job-shop,3,100,0.49470487714058886,0.5129394976213671,0.49470487714058886,0.49470487714058886,0.49470487714058886,0.49470487714058886,1,1,0,0,0.0,0.0,0.13333333333333333,0.0,0.0,0.0,0.0,0.0,0.0,0.0,0.0,0.13333333333333333,0.0,0.0,0.13333333333333333,0.05,0.25,0.5166666666666667,0.0,0.0,0.13333333333333333,0.0,0.0,0.0
20260702,Job-shop,5,254,0.46332582978567577,0.4876877516737463,0.4876877516737463,0.46332582978567577,0.46332582978567577,0.4876877516737463,1,1,0,0,0.25,0.55,0.7333333333333333,0.0,0.0,0.0,0.0,0.0,0.0,0.25,0.55,0.7,0.25,0.5666666666666667,0.7,0.55,0.5,0.7666666666666667,0.25,0.55,0.7333333333333333,0.0,0.0,0.0
20260702,Job-shop,4,139,0.47455847719706173,0.47455847719706173,0.47455847719706173,0.47455847719706173,0.47455847719706173,0.47455847719706173,1,1,0,0,0.0,0.03333333333333333,0.23333333333333334,0.0,0.0,0.0,0.0,0.0,0.0,0.0,0.03333333333333333,0.23333333333333334,0.0,0.03333333333333333,0.23333333333333334,0.0,0.1,0.5666666666666667,0.0,0.03333333333333333,0.23333333333333334,0.0,0.0,0.0
20260702,Job-shop,4,114,0.4984679388341278,0.4977831106375114,0.4977831106375114,0.4984679388341278,0.4984679388341278,0.4977831106375114,1,1,0,0,0.3,0.4166666666666667,0.7666666666666667,0.0,0.0,0.0,0.0,0.0,0.0,0.3,0.4166666666666667,0.7666666666666667,0.3,0.4166666666666667,0.7666666666666667,0.18333333333333332,0.3333333333333333,0.7166666666666667,0.3,0.4166666666666667,0.7666666666666667,0.0,0.0,0.0
20260702,Job-shop,4,265,0.47335015153930843,0.49352026770926033,0.49352026770926033,0.47335015153930843,0.47335015153930843,0.49352026770926033,1,1,0,0,0.1,0.2833333333333333,0.5666666666666667,0.0,0.0,0.0,0.0,0.0,0.0,0.1,0.2833333333333333,0.5666666666666667,0.1,0.2833333333333333,0.5666666666666667,0.5666666666666667,0.6833333333333333,0.75,0.1,0.2833333333333333,0.5666666666666667,0.0,0.0,0.0
20260702,Job-shop,5,254,0.4539953938447964,0.4539953938447964,0.4539953938447964,0.4539953938447964,0.4539953938447964,0.4539953938447964,1,1,0,0,0.25,0.4166666666666667,0.6,0.0,0.0,0.0,0.0,0.0,0.0,0.25,0.4166666666666667,0.6,0.25,0.4166666666666667,0.6,0.3,0.6833333333333333,0.7333333333333333,0.25,0.4166666666666667,0.6,0.0,0.0,0.0
20260702,Job-shop,4,251,0.4800171578105589,0.48790506011179435,0.48790506011179435,0.4800171578105589,0.4800171578105589,0.48790506011179435,1,1,0,0,0.75,0.8166666666666667,0.7666666666666667,0.0,0.0,0.0,0.0,0.0,0.0,0.75,0.8166666666666667,0.7666666666666667,0.75,0.8166666666666667,0.7666666666666667,0.15,0.4,0.7,0.75,0.8166666666666667,0.7666666666666667,0.0,0.0,0.0
20260702,Job-shop,3,95,0.5261094484732147,0.5171132987577147,0.5171132987577147,0.5261094484732147,0.5261094484732147,0.5171132987577147,1,1,0,0,0.65,0.6833333333333333,0.7833333333333333,0.0,0.0,0.0,0.0,0.0,0.0,0.65,0.6833333333333333,0.7833333333333333,0.65,0.6833333333333333,0.7833333333333333,0.08333333333333333,0.2833333333333333,0.6833333333333333,0.65,0.6833333333333333,0.7833333333333333,0.0,0.0,0.0
20260702,Job-shop,4,144,0.49615952574753075,0.48705403215900006,0.48705403215900006,0.49615952574753075,0.49615952574753075,0.48705403215900006,1,1,0,0,0.36666666666666664,0.5666666666666667,0.6,0.0,0.0,0.0,0.0,0.0,0.0,0.36666666666666664,0.5666666666666667,0.6,0.36666666666666664,0.5666666666666667,0.6,0.0,0.05,0.4,0.36666666666666664,0.5666666666666667,0.6,0.0,0.0,0.0
20260702,WFG2,8,155,0.4547064588112009,0.4547064588112009,0.4547064588112009,0.4547064588112009,0.4547064588112009,0.4547064588112009,1,1,0,0,0.0,0.0,0.0,0.0,0.0,0.0,0.0,0.0,0.0,0.0,0.0,0.0,0.0,0.0,0.0,0.25,0.45,0.6333333333333333,0.0,0.0,0.0,0.0,0.0,0.0
20260702,WFG2,13,475,0.5078621287430108,0.5815200415318067,0.5815200415318067,0.5078621287430108,0.5078621287430108,0.5815200415318067,1,1,0,0,0.0,0.0,0.06666666666666667,0.0,0.0,0.0,0.0,0.0,0.0,0.0,0.0,0.06666666666666667,0.0,0.0,0.06666666666666667,0.38333333333333336,0.7833333333333333,0.9666666666666667,0.0,0.0,0.06666666666666667,0.0,0.0,0.0
20260702,WFG2,3,148,0.08882245007865608,0.08882245007865608,0.08882245007865608,0.08882245007865608,0.08882245007865608,0.08882245007865608,1,1,0,0,0.0,0.0,0.0,0.0,0.0,0.0,0.0,0.0,0.0,0.0,0.0,0.0,0.0,0.0,0.0,0.3,0.5833333333333334,0.36666666666666664,0.0,0.0,0.0,0.0,0.0,0.0
20260702,WFG2,4,146,0.18305530138291554,0.18305530138291554,0.18305530138291554,0.18305530138291554,0.18305530138291554,0.18305530138291554,1,1,0,0,0.0,0.0,0.0,0.0,0.0,0.0,0.0,0.0,0.0,0.0,0.0,0.0,0.0,0.0,0.0,0.0,0.16666666666666666,0.36666666666666664,0.0,0.0,0.0,0.0,0.0,0.0
20260702,WFG2,12,385,0.46170630931811896,0.46170630931811896,0.46170630931811896,0.46170630931811896,0.46170630931811896,0.46170630931811896,1,1,0,0,0.0,0.0,0.0,0.0,0.0,0.0,0.0,0.0,0.0,0.0,0.0,0.0,0.0,0.0,0.0,0.25,0.3333333333333333,0.5333333333333333,0.0,0.0,0.0,0.0,0.0,0.0
20260702,WFG2,10,308,0.4884673873460855,0.4884673873460855,0.4884673873460855,0.4884673873460855,0.4884673873460855,0.4884673873460855,1,1,0,0,0.0,0.0,0.0,0.0,0.0,0.0,0.0,0.0,0.0,0.0,0.0,0.0,0.0,0.0,0.0,0.5166666666666667,0.7833333333333333,0.8833333333333333,0.0,0.0,0.0,0.0,0.0,0.0
20260702,WFG2,12,274,0.4491110815952446,0.4491110815952446,0.4491110815952446,0.4491110815952446,0.4491110815952446,0.4491110815952446,1,1,0,0,0.0,0.0,0.0,0.0,0.0,0.0,0.0,0.0,0.0,0.0,0.0,0.0,0.0,0.0,0.0,0.21666666666666667,0.35,0.5666666666666667,0.0,0.0,0.0,0.0,0.0,0.0
20260702,WFG2,4,121,0.22743704561333875,0.22743704561333875,0.22743704561333875,0.22743704561333875,0.22743704561333875,0.22743704561333875,1,1,0,0,0.0,0.0,0.0,0.0,0.0,0.0,0.0,0.0,0.0,0.0,0.0,0.0,0.0,0.0,0.0,0.11666666666666667,0.2833333333333333,0.5166666666666667,0.0,0.0,0.0,0.0,0.0,0.0
20260702,WFG2,7,451,0.4310800187427848,0.4310800187427848,0.4310800187427848,0.4310800187427848,0.4310800187427848,0.4310800187427848,1,1,0,0,0.0,0.0,0.016666666666666666,0.0,0.0,0.0,0.0,0.0,0.0,0.0,0.0,0.016666666666666666,0.0,0.0,0.016666666666666666,0.6,0.85,0.95,0.0,0.0,0.016666666666666666,0.0,0.0,0.0
20260702,WFG2,8,454,0.38327771102509406,0.38327771102509406,0.38327771102509406,0.38327771102509406,0.38327771102509406,0.38327771102509406,1,1,0,0,0.0,0.0,0.0,0.0,0.0,0.0,0.0,0.0,0.0,0.0,0.0,0.0,0.0,0.0,0.0,0.13333333333333333,0.3333333333333333,0.8,0.0,0.0,0.0,0.0,0.0,0.0
20260702,WFG2,4,84,0.1792497384420534,0.1792497384420534,0.1792497384420534,0.1792497384420534,0.1792497384420534,0.1792497384420534,1,1,0,0,0.0,0.0,0.0,0.0,0.0,0.0,0.0,0.0,0.0,0.0,0.0,0.0,0.0,0.0,0.0,0.0,0.0,0.0,0.0,0.0,0.0,0.0,0.0,0.0
20260702,WFG2,5,264,0.30839720199116744,0.30839720199116744,0.30839720199116744,0.30839720199116744,0.30839720199116744,0.30839720199116744,1,1,0,0,0.0,0.0,0.0,0.0,0.0,0.0,0.0,0.0,0.0,0.0,0.0,0.0,0.0,0.0,0.0,0.5333333333333333,0.6,0.8666666666666667,0.0,0.0,0.0,0.0,0.0,0.0
20260702,WFG2,15,313,0.48678233770322926,0.48678233770322926,0.48678233770322926,0.48678233770322926,0.48678233770322926,0.48678233770322926,1,1,0,0,0.0,0.0,0.0,0.0,0.0,0.0,0.0,0.0,0.0,0.0,0.0,0.0,0.0,0.0,0.0,0.13333333333333333,0.3333333333333333,0.5666666666666667,0.0,0.0,0.0,0.0,0.0,0.0
20260702,WFG2,11,73,0.4929744441289056,0.4929744441289056,0.4929744441289056,0.4929744441289056,0.4929744441289056,0.4929744441289056,1,1,0,0,0.0,0.0,0.0,0.0,0.0,0.0,0.0,0.0,0.0,0.0,0.0,0.0,0.0,0.0,0.0,0.35,0.36666666666666664,0.5666666666666667,0.0,0.0,0.0,0.0,0.0,0.0
20260702,WFG2,6,481,0.31913528448328415,0.31913528448328415,0.31913528448328415,0.31913528448328415,0.31913528448328415,0.31913528448328415,1,1,0,0,0.0,0.0,0.0,0.0,0.0,0.0,0.0,0.0,0.0,0.0,0.0,0.0,0.0,0.0,0.0,0.43333333333333335,0.5833333333333334,0.85,0.0,0.0,0.0,0.0,0.0,0.0
20260702,WFG2,6,62,0.12344791885110983,0.12344791885110983,0.12344791885110983,0.12344791885110983,0.12344791885110983,0.12344791885110983,1,1,0,0,0.0,0.0,0.0,0.0,0.0,0.0,0.0,0.0,0.0,0.0,0.0,0.0,0.0,0.0,0.0,0.0,0.0,0.06666666666666667,0.0,0.0,0.0,0.0,0.0,0.0
20260702,WFG2,11,291,0.4560532034605956,0.4560532034605956,0.4560532034605956,0.4560532034605956,0.4560532034605956,0.4560532034605956,1,1,0,0,0.0,0.0,0.0,0.0,0.0,0.0,0.0,0.0,0.0,0.0,0.0,0.0,0.0,0.0,0.0,0.6666666666666666,0.8166666666666667,0.8833333333333333,0.0,0.0,0.0,0.0,0.0,0.0
20260702,WFG2,10,375,0.44568566910640184,0.44568566910640184,0.44568566910640184,0.44568566910640184,0.44568566910640184,0.44568566910640184,1,1,0,0,0.0,0.0,0.0,0.0,0.0,0.0,0.0,0.0,0.0,0.0,0.0,0.0,0.0,0.0,0.0,0.016666666666666666,0.38333333333333336,0.75,0.0,0.0,0.0,0.0,0.0,0.0
20260702,WFG2,15,489,0.4870812572486789,0.4870812572486789,0.4870812572486789,0.4870812572486789,0.4870812572486789,0.4870812572486789,1,1,0,0,0.0,0.0,0.0,0.0,0.0,0.0,0.0,0.0,0.0,0.0,0.0,0.0,0.0,0.0,0.0,0.06666666666666667,0.25,0.7833333333333333,0.0,0.0,0.0,0.0,0.0,0.0
20260702,WFG2,8,208,0.3389228125815228,0.3389228125815228,0.3389228125815228,0.3389228125815228,0.3389228125815228,0.3389228125815228,1,1,0,0,0.0,0.0,0.0,0.0,0.0,0.0,0.0,0.0,0.0,0.0,0.0,0.0,0.0,0.0,0.0,0.0,0.05,0.4,0.0,0.0,0.0,0.0,0.0,0.0
20260702,WFG2,13,410,0.5498844011964437,0.5498844011964437,0.5498844011964437,0.5498844011964437,0.5498844011964437,0.5498844011964437,1,1,0,0,0.0,0.0,0.016666666666666666,0.0,0.0,0.0,0.0,0.0,0.0,0.0,0.0,0.016666666666666666,0.0,0.0,0.016666666666666666,0.6666666666666666,0.8833333333333333,0.9333333333333333,0.0,0.0,0.016666666666666666,0.0,0.0,0.0
20260702,WFG2,9,460,0.4187114368797352,0.4187114368797352,0.4187114368797352,0.4187114368797352,0.4187114368797352,0.4187114368797352,1,1,0,0,0.0,0.0,0.0,0.0,0.0,0.0,0.0,0.0,0.0,0.0,0.0,0.0,0.0,0.0,0.0,0.0,0.11666666666666667,0.6666666666666666,0.0,0.0,0.0,0.0,0.0,0.0
20260702,WFG2,12,493,0.4471706104582438,0.4471706104582438,0.4471706104582438,0.4471706104582438,0.4471706104582438,0.4471706104582438,1,1,0,0,0.0,0.0,0.0,0.0,0.0,0.0,0.0,0.0,0.0,0.0,0.0,0.0,0.0,0.0,0.0,0.23333333333333334,0.6833333333333333,0.95,0.0,0.0,0.0,0.0,0.0,0.0
20260702,WFG2,9,326,0.48849641487965273,0.48849641487965273,0.48849641487965273,0.48849641487965273,0.48849641487965273,0.48849641487965273,1,1,0,0,0.0,0.0,0.0,0.0,0.0,0.0,0.0,0.0,0.0,0.0,0.0,0.0,0.0,0.0,0.0,0.26666666666666666,0.7,0.7666666666666667,0.0,0.0,0.0,0.0,0.0,0.0
20260702,WFG2,12,451,0.45327862384813933,0.45327862384813933,0.45327862384813933,0.45327862384813933,0.45327862384813933,0.45327862384813933,1,1,0,0,0.0,0.0,0.0,0.0,0.0,0.0,0.0,0.0,0.0,0.0,0.0,0.0,0.0,0.0,0.0,0.48333333333333334,0.65,0.8166666666666667,0.0,0.0,0.0,0.0,0.0,0.0
20260702,WFG2,5,405,0.24677714689093638,0.24677714689093638,0.24677714689093638,0.24677714689093638,0.24677714689093638,0.24677714689093638,1,1,0,0,0.0,0.0,0.0,0.0,0.0,0.0,0.0,0.0,0.0,0.0,0.0,0.0,0.0,0.0,0.0,0.0,0.2833333333333333,0.5666666666666667,0.0,0.0,0.0,0.0,0.0,0.0
20260702,WFG2,3,121,0.17497288136951428,0.17497288136951428,0.17497288136951428,0.17497288136951428,0.17497288136951428,0.17497288136951428,1,1,0,0,0.0,0.0,0.0,0.0,0.0,0.0,0.0,0.0,0.0,0.0,0.0,0.0,0.0,0.0,0.0,0.13333333333333333,0.36666666666666664,0.65,0.0,0.0,0.0,0.0,0.0,0.0
20260702,WFG2,5,267,0.3121411381078809,0.3121411381078809,0.3121411381078809,0.3121411381078809,0.3121411381078809,0.3121411381078809,1,1,0,0,0.0,0.0,0.0,0.0,0.0,0.0,0.0,0.0,0.0,0.0,0.0,0.0,0.0,0.0,0.0,0.05,0.21666666666666667,0.6333333333333333,0.0,0.0,0.0,0.0,0.0,0.0
20260702,WFG2,13,439,0.5272410497423111,0.5272410497423111,0.5272410497423111,0.5272410497423111,0.5272410497423111,0.5272410497423111,1,1,0,0,0.43333333333333335,0.35,0.4166666666666667,0.0,0.0,0.0,0.0,0.0,0.0,0.43333333333333335,0.35,0.4166666666666667,0.43333333333333335,0.35,0.4166666666666667,0.23333333333333334,0.4666666666666667,0.8833333333333333,0.43333333333333335,0.35,0.4166666666666667,0.0,0.0,0.0
20260702,WFG2,12,123,0.5031566901727477,0.5031566901727477,0.5031566901727477,0.5031566901727477,0.5031566901727477,0.5031566901727477,1,1,0,0,0.0,0.0,0.0,0.0,0.0,0.0,0.0,0.0,0.0,0.0,0.0,0.0,0.0,0.0,0.0,0.16666666666666666,0.48333333333333334,0.8333333333333334,0.0,0.0,0.0,0.0,0.0,0.0
20260702,WFG2,11,440,0.4438016212783969,0.4438016212783969,0.4438016212783969,0.4438016212783969,0.4438016212783969,0.4438016212783969,1,1,0,0,0.0,0.0,0.0,0.0,0.0,0.0,0.0,0.0,0.0,0.0,0.0,0.0,0.0,0.0,0.0,0.6,0.7333333333333333,0.9,0.0,0.0,0.0,0.0,0.0,0.0
20260702,WFG2,12,153,0.5131362432339429,0.5950718454518784,0.5950718454518784,0.5131362432339429,0.5131362432339429,0.5950718454518784,1,1,0,0,0.0,0.0,0.06666666666666667,0.0,0.0,0.0,0.0,0.0,0.0,0.0,0.0,0.06666666666666667,0.0,0.0,0.06666666666666667,0.25,0.7166666666666667,0.85,0.0,0.0,0.06666666666666667,0.0,0.0,0.0
20260702,WFG2,11,95,0.5881441736070082,0.5881441736070082,0.5881441736070082,0.5881441736070082,0.5881441736070082,0.5881441736070082,1,1,0,0,0.0,0.0,0.0,0.0,0.0,0.0,0.0,0.0,0.0,0.0,0.0,0.0,0.0,0.0,0.0,0.016666666666666666,0.3,0.65,0.0,0.0,0.0,0.0,0.0,0.0
20260702,WFG2,7,460,0.3679730800904471,0.4411685245097993,0.4411685245097993,0.3679730800904471,0.3679730800904471,0.4411685245097993,1,1,0,0,0.11666666666666667,0.6166666666666667,0.75,0.0,0.0,0.0,0.0,0.0,0.0,0.11666666666666667,0.6166666666666667,0.75,0.11666666666666667,0.6166666666666667,0.75,0.3,0.7333333333333333,0.8833333333333333,0.11666666666666667,0.6166666666666667,0.75,0.0,0.0,0.0
20260702,WFG2,14,400,0.5131404356994539,0.5131404356994539,0.5131404356994539,0.5131404356994539,0.5131404356994539,0.5131404356994539,1,1,0,0,0.0,0.0,0.0,0.0,0.0,0.0,0.0,0.0,0.0,0.0,0.0,0.0,0.0,0.0,0.0,0.7,0.8,0.9333333333333333,0.0,0.0,0.0,0.0,0.0,0.0
20260702,WFG2,15,286,0.4528158527386999,0.6052924378198391,0.6052924378198391,0.4528158527386999,0.4528158527386999,0.6052924378198391,1,1,0,0,0.0,0.0,0.0,0.0,0.0,0.0,0.0,0.0,0.0,0.0,0.0,0.0,0.0,0.0,0.0,0.21666666666666667,0.35,0.7,0.0,0.0,0.0,0.0,0.0,0.0
20260702,WFG2,15,285,0.4899884304322665,0.4899884304322665,0.4899884304322665,0.4899884304322665,0.4899884304322665,0.4899884304322665,1,1,0,0,0.0,0.0,0.0,0.0,0.0,0.0,0.0,0.0,0.0,0.0,0.0,0.0,0.0,0.0,0.0,0.43333333333333335,0.5,0.7666666666666667,0.0,0.0,0.0,0.0,0.0,0.0
20260702,WFG2,15,500,0.5212321638827494,0.5212321638827494,0.5212321638827494,0.5212321638827494,0.5212321638827494,0.5212321638827494,1,1,0,0,0.0,0.0,0.0,0.0,0.0,0.0,0.0,0.0,0.0,0.0,0.0,0.0,0.0,0.0,0.0,0.06666666666666667,0.4,0.7333333333333333,0.0,0.0,0.0,0.0,0.0,0.0
20260702,WFG2,11,229,0.5248433533380362,0.5248433533380362,0.5248433533380362,0.5248433533380362,0.5248433533380362,0.5248433533380362,1,1,0,0,0.0,0.0,0.0,0.0,0.0,0.0,0.0,0.0,0.0,0.0,0.0,0.0,0.0,0.0,0.0,0.0,0.21666666666666667,0.7166666666666667,0.0,0.0,0.0,0.0,0.0,0.0
20260702,WFG2,15,181,0.5644401064639714,0.5644401064639714,0.5644401064639714,0.5644401064639714,0.5644401064639714,0.5644401064639714,1,1,0,0,0.0,0.0,0.016666666666666666,0.0,0.0,0.0,0.0,0.0,0.0,0.0,0.0,0.016666666666666666,0.0,0.0,0.016666666666666666,0.3333333333333333,0.65,0.9166666666666666,0.0,0.0,0.016666666666666666,0.0,0.0,0.0
20260702,WFG2,7,132,0.49063241817238523,0.49063241817238523,0.49063241817238523,0.49063241817238523,0.49063241817238523,0.49063241817238523,1,1,0,0,0.11666666666666667,0.3,0.35,0.0,0.0,0.0,0.0,0.0,0.0,0.11666666666666667,0.3,0.35,0.11666666666666667,0.3,0.35,0.4666666666666667,0.65,0.85,0.11666666666666667,0.3,0.35,0.0,0.0,0.0
20260702,WFG2,14,387,0.47265173948867717,0.47265173948867717,0.47265173948867717,0.47265173948867717,0.47265173948867717,0.47265173948867717,1,1,0,0,0.0,0.0,0.0,0.0,0.0,0.0,0.0,0.0,0.0,0.0,0.0,0.0,0.0,0.0,0.0,0.38333333333333336,0.6166666666666667,0.8333333333333334,0.0,0.0,0.0,0.0,0.0,0.0
20260702,WFG2,3,32,0.06994924107860118,0.06994924107860118,0.06994924107860118,0.06994924107860118,0.06994924107860118,0.06994924107860118,1,1,0,0,0.0,0.0,0.0,0.0,0.0,0.0,0.0,0.0,0.0,0.0,0.0,0.0,0.0,0.0,0.0,0.0,0.0,0.0,0.0,0.0,0.0,0.0,0.0,0.0
20260702,WFG2,7,90,0.4606983425187708,0.4606983425187708,0.4606983425187708,0.4606983425187708,0.4606983425187708,0.4606983425187708,1,1,0,0,0.0,0.0,0.0,0.0,0.0,0.0,0.0,0.0,0.0,0.0,0.0,0.0,0.0,0.0,0.0,0.65,0.65,0.7166666666666667,0.0,0.0,0.0,0.0,0.0,0.0
20260702,WFG2,8,456,0.36748349140743847,0.36748349140743847,0.36748349140743847,0.36748349140743847,0.36748349140743847,0.36748349140743847,1,1,0,0,0.0,0.0,0.0,0.0,0.0,0.0,0.0,0.0,0.0,0.0,0.0,0.0,0.0,0.0,0.0,0.11666666666666667,0.25,0.4666666666666667,0.0,0.0,0.0,0.0,0.0,0.0
20260702,WFG2,4,173,0.1365323732521581,0.1365323732521581,0.1365323732521581,0.1365323732521581,0.1365323732521581,0.1365323732521581,1,1,0,0,0.0,0.0,0.0,0.0,0.0,0.0,0.0,0.0,0.0,0.0,0.0,0.0,0.0,0.0,0.0,0.0,0.08333333333333333,0.18333333333333332,0.0,0.0,0.0,0.0,0.0,0.0
20260702,WFG2,7,375,0.40082761844582165,0.40082761844582165,0.40082761844582165,0.40082761844582165,0.40082761844582165,0.40082761844582165,1,1,0,0,0.0,0.0,0.0,0.0,0.0,0.0,0.0,0.0,0.0,0.0,0.0,0.0,0.0,0.0,0.0,0.08333333333333333,0.3333333333333333,0.8333333333333334,0.0,0.0,0.0,0.0,0.0,0.0
20260702,WFG2,6,223,0.27866471487536765,0.27866471487536765,0.27866471487536765,0.27866471487536765,0.27866471487536765,0.27866471487536765,1,1,0,0,0.0,0.0,0.0,0.0,0.0,0.0,0.0,0.0,0.0,0.0,0.0,0.0,0.0,0.0,0.0,0.43333333333333335,0.5333333333333333,0.6333333333333333,0.0,0.0,0.0,0.0,0.0,0.0
20260702,WFG2,7,499,0.40099885631665255,0.40099885631665255,0.40099885631665255,0.40099885631665255,0.40099885631665255,0.40099885631665255,1,1,0,0,0.0,0.0,0.0,0.0,0.0,0.0,0.0,0.0,0.0,0.0,0.0,0.0,0.0,0.0,0.0,0.16666666666666666,0.5166666666666667,0.8833333333333333,0.0,0.0,0.0,0.0,0.0,0.0
20260702,WFG2,6,208,0.3811651930668468,0.3811651930668468,0.3811651930668468,0.3811651930668468,0.3811651930668468,0.3811651930668468,1,1,0,0,0.0,0.06666666666666667,0.21666666666666667,0.0,0.0,0.0,0.0,0.0,0.0,0.0,0.06666666666666667,0.21666666666666667,0.0,0.06666666666666667,0.21666666666666667,0.11666666666666667,0.3,0.6666666666666666,0.0,0.06666666666666667,0.21666666666666667,0.0,0.0,0.0
20260702,WFG2,6,63,0.2276039934763619,0.2276039934763619,0.2276039934763619,0.2276039934763619,0.2276039934763619,0.2276039934763619,1,1,0,0,0.0,0.0,0.0,0.0,0.0,0.0,0.0,0.0,0.0,0.0,0.0,0.0,0.0,0.0,0.0,0.0,0.0,0.0,0.0,0.0,0.0,0.0,0.0,0.0
20260702,WFG2,13,210,0.5089655436536222,0.5824477310389163,0.5824477310389163,0.5089655436536222,0.5089655436536222,0.5824477310389163,1,1,0,0,0.13333333333333333,0.36666666666666664,0.5833333333333334,0.0,0.0,0.0,0.0,0.0,0.0,0.13333333333333333,0.36666666666666664,0.5833333333333334,0.13333333333333333,0.36666666666666664,0.5833333333333334,0.7666666666666667,0.95,0.95,0.13333333333333333,0.36666666666666664,0.5833333333333334,0.0,0.0,0.0
20260702,WFG2,11,73,0.5251220143015308,0.5251220143015308,0.5251220143015308,0.5251220143015308,0.5251220143015308,0.5251220143015308,1,1,0,0,0.0,0.0,0.0,0.0,0.0,0.0,0.0,0.0,0.0,0.0,0.0,0.0,0.0,0.0,0.0,0.016666666666666666,0.15,0.6666666666666666,0.0,0.0,0.0,0.0,0.0,0.0
20260702,WFG2,13,398,0.4648076084699882,0.4648076084699882,0.4648076084699882,0.4648076084699882,0.4648076084699882,0.4648076084699882,1,1,0,0,0.0,0.0,0.0,0.0,0.0,0.0,0.0,0.0,0.0,0.0,0.0,0.0,0.0,0.0,0.0,0.21666666666666667,0.35,0.6333333333333333,0.0,0.0,0.0,0.0,0.0,0.0
20260702,WFG2,9,198,0.48224488657735926,0.48224488657735926,0.48224488657735926,0.48224488657735926,0.48224488657735926,0.48224488657735926,1,1,0,0,0.0,0.0,0.03333333333333333,0.0,0.0,0.0,0.0,0.0,0.0,0.0,0.0,0.03333333333333333,0.0,0.0,0.03333333333333333,0.0,0.13333333333333333,0.5666666666666667,0.0,0.0,0.03333333333333333,0.0,0.0,0.0
20260702,WFG2,11,442,0.4563497094430007,0.4563497094430007,0.4563497094430007,0.4563497094430007,0.4563497094430007,0.4563497094430007,1,1,0,0,0.0,0.0,0.0,0.0,0.0,0.0,0.0,0.0,0.0,0.0,0.0,0.0,0.0,0.0,0.0,0.5,0.8,1.0,0.0,0.0,0.0,0.0,0.0,0.0
20260702,WFG2,13,80,0.5332506995291523,0.5332506995291523,0.5332506995291523,0.5332506995291523,0.5332506995291523,0.5332506995291523,1,1,0,0,0.0,0.0,0.0,0.0,0.0,0.0,0.0,0.0,0.0,0.0,0.0,0.0,0.0,0.0,0.0,0.45,0.5166666666666667,0.7666666666666667,0.0,0.0,0.0,0.0,0.0,0.0
20260702,WFG2,6,294,0.35149877864395224,0.35149877864395224,0.35149877864395224,0.35149877864395224,0.35149877864395224,0.35149877864395224,1,1,0,0,0.0,0.0,0.0,0.0,0.0,0.0,0.0,0.0,0.0,0.0,0.0,0.0,0.0,0.0,0.0,0.36666666666666664,0.48333333333333334,0.8333333333333334,0.0,0.0,0.0,0.0,0.0,0.0
20260702,WFG2,13,397,0.48856207636089466,0.48856207636089466,0.48856207636089466,0.48856207636089466,0.48856207636089466,0.48856207636089466,1,1,0,0,0.0,0.0,0.0,0.0,0.0,0.0,0.0,0.0,0.0,0.0,0.0,0.0,0.0,0.0,0.0,0.15,0.5,0.85,0.0,0.0,0.0,0.0,0.0,0.0
20260702,WFG2,8,151,0.4593321625709494,0.4593321625709494,0.4593321625709494,0.4593321625709494,0.4593321625709494,0.4593321625709494,1,1,0,0,0.0,0.0,0.0,0.0,0.0,0.0,0.0,0.0,0.0,0.0,0.0,0.0,0.0,0.0,0.0,0.21666666666666667,0.5666666666666667,0.7333333333333333,0.0,0.0,0.0,0.0,0.0,0.0
20260702,WFG2,11,308,0.4800194691327709,0.4800194691327709,0.4800194691327709,0.4800194691327709,0.4800194691327709,0.4800194691327709,1,1,0,0,0.0,0.0,0.0,0.0,0.0,0.0,0.0,0.0,0.0,0.0,0.0,0.0,0.0,0.0,0.0,0.0,0.11666666666666667,0.6833333333333333,0.0,0.0,0.0,0.0,0.0,0.0
20260702,WFG2,3,78,0.10879783467069913,0.10879783467069913,0.10879783467069913,0.10879783467069913,0.10879783467069913,0.10879783467069913,1,1,0,0,0.0,0.0,0.0,0.0,0.0,0.0,0.0,0.0,0.0,0.0,0.0,0.0,0.0,0.0,0.0,0.7,0.6666666666666666,0.8,0.0,0.0,0.0,0.0,0.0,0.0
20260702,WFG2,13,122,0.4834112006750811,0.4834112006750811,0.4834112006750811,0.4834112006750811,0.4834112006750811,0.4834112006750811,1,1,0,0,0.0,0.0,0.0,0.0,0.0,0.0,0.0,0.0,0.0,0.0,0.0,0.0,0.0,0.0,0.0,0.23333333333333334,0.5166666666666667,0.85,0.0,0.0,0.0,0.0,0.0,0.0
20260702,WFG2,13,389,0.49517965459820135,0.49517965459820135,0.49517965459820135,0.49517965459820135,0.49517965459820135,0.49517965459820135,1,1,0,0,0.0,0.0,0.0,0.0,0.0,0.0,0.0,0.0,0.0,0.0,0.0,0.0,0.0,0.0,0.0,0.45,0.5333333333333333,0.85,0.0,0.0,0.0,0.0,0.0,0.0
20260702,WFG2,5,270,0.3225106920755532,0.3225106920755532,0.3225106920755532,0.3225106920755532,0.3225106920755532,0.3225106920755532,1,1,0,0,0.0,0.0,0.0,0.0,0.0,0.0,0.0,0.0,0.0,0.0,0.0,0.0,0.0,0.0,0.0,0.3333333333333333,0.6333333333333333,0.8166666666666667,0.0,0.0,0.0,0.0,0.0,0.0
20260702,WFG2,11,322,0.5008706362714811,0.5008706362714811,0.5008706362714811,0.5008706362714811,0.5008706362714811,0.5008706362714811,1,1,0,0,0.0,0.0,0.0,0.0,0.0,0.0,0.0,0.0,0.0,0.0,0.0,0.0,0.0,0.0,0.0,0.4166666666666667,0.7833333333333333,0.9,0.0,0.0,0.0,0.0,0.0,0.0
20260702,WFG2,15,406,0.44954687423957024,0.44954687423957024,0.44954687423957024,0.44954687423957024,0.44954687423957024,0.44954687423957024,1,1,0,0,0.0,0.0,0.0,0.0,0.0,0.0,0.0,0.0,0.0,0.0,0.0,0.0,0.0,0.0,0.0,0.0,0.16666666666666666,0.65,0.0,0.0,0.0,0.0,0.0,0.0
20260702,WFG2,6,155,0.2999181230453461,0.2999181230453461,0.2999181230453461,0.2999181230453461,0.2999181230453461,0.2999181230453461,1,1,0,0,0.0,0.0,0.0,0.0,0.0,0.0,0.0,0.0,0.0,0.0,0.0,0.0,0.0,0.0,0.0,0.016666666666666666,0.15,0.31666666666666665,0.0,0.0,0.0,0.0,0.0,0.0
20260702,WFG2,11,495,0.4232998420901584,0.4232998420901584,0.4232998420901584,0.4232998420901584,0.4232998420901584,0.4232998420901584,1,1,0,0,0.0,0.0,0.0,0.0,0.0,0.0,0.0,0.0,0.0,0.0,0.0,0.0,0.0,0.0,0.0,0.55,0.5333333333333333,0.6833333333333333,0.0,0.0,0.0,0.0,0.0,0.0
20260702,WFG2,11,144,0.5922889563931335,0.5922889563931335,0.5922889563931335,0.5922889563931335,0.5922889563931335,0.5922889563931335,1,1,0,0,0.48333333333333334,0.5833333333333334,0.5666666666666667,0.0,0.0,0.0,0.0,0.0,0.0,0.48333333333333334,0.5833333333333334,0.5666666666666667,0.48333333333333334,0.5833333333333334,0.5666666666666667,0.48333333333333334,0.7833333333333333,0.9666666666666667,0.48333333333333334,0.5833333333333334,0.5666666666666667,0.0,0.0,0.0
20260702,WFG2,5,202,0.2824134917706151,0.2824134917706151,0.2824134917706151,0.2824134917706151,0.2824134917706151,0.2824134917706151,1,1,0,0,0.0,0.0,0.0,0.0,0.0,0.0,0.0,0.0,0.0,0.0,0.0,0.0,0.0,0.0,0.0,0.18333333333333332,0.3,0.5666666666666667,0.0,0.0,0.0,0.0,0.0,0.0
20260702,WFG2,5,209,0.21172271518164767,0.21172271518164767,0.21172271518164767,0.21172271518164767,0.21172271518164767,0.21172271518164767,1,1,0,0,0.0,0.0,0.0,0.0,0.0,0.0,0.0,0.0,0.0,0.0,0.0,0.0,0.0,0.0,0.0,0.016666666666666666,0.15,0.4,0.0,0.0,0.0,0.0,0.0,0.0
20260702,WFG2,9,133,0.47663571900041657,0.47663571900041657,0.47663571900041657,0.47663571900041657,0.47663571900041657,0.47663571900041657,1,1,0,0,0.0,0.0,0.0,0.0,0.0,0.0,0.0,0.0,0.0,0.0,0.0,0.0,0.0,0.0,0.0,0.38333333333333336,0.6166666666666667,0.8166666666666667,0.0,0.0,0.0,0.0,0.0,0.0
20260702,WFG2,15,314,0.5116869285123565,0.5116869285123565,0.5116869285123565,0.5116869285123565,0.5116869285123565,0.5116869285123565,1,1,0,0,0.0,0.0,0.0,0.0,0.0,0.0,0.0,0.0,0.0,0.0,0.0,0.0,0.0,0.0,0.0,0.5833333333333334,0.6666666666666666,0.85,0.0,0.0,0.0,0.0,0.0,0.0
20260702,WFG2,7,269,0.34735896860894105,0.34735896860894105,0.34735896860894105,0.34735896860894105,0.34735896860894105,0.34735896860894105,1,1,0,0,0.0,0.0,0.0,0.0,0.0,0.0,0.0,0.0,0.0,0.0,0.0,0.0,0.0,0.0,0.0,0.31666666666666665,0.6,0.7666666666666667,0.0,0.0,0.0,0.0,0.0,0.0
20260702,WFG2,7,414,0.4073125501284831,0.4073125501284831,0.4073125501284831,0.4073125501284831,0.4073125501284831,0.4073125501284831,1,1,0,0,0.0,0.0,0.0,0.0,0.0,0.0,0.0,0.0,0.0,0.0,0.0,0.0,0.0,0.0,0.0,0.13333333333333333,0.5333333333333333,0.8,0.0,0.0,0.0,0.0,0.0,0.0
20260702,WFG2,6,219,0.331485163464122,0.331485163464122,0.331485163464122,0.331485163464122,0.331485163464122,0.331485163464122,1,1,0,0,0.0,0.0,0.0,0.0,0.0,0.0,0.0,0.0,0.0,0.0,0.0,0.0,0.0,0.0,0.0,0.05,0.16666666666666666,0.36666666666666664,0.0,0.0,0.0,0.0,0.0,0.0
20260702,WFG2,10,116,0.4584011570601428,0.4584011570601428,0.4584011570601428,0.4584011570601428,0.4584011570601428,0.4584011570601428,1,1,0,0,0.0,0.0,0.0,0.0,0.0,0.0,0.0,0.0,0.0,0.0,0.0,0.0,0.0,0.0,0.0,0.4666666666666667,0.6333333333333333,0.7833333333333333,0.0,0.0,0.0,0.0,0.0,0.0
20260702,WFG2,4,78,0.22379645513222687,0.22379645513222687,0.22379645513222687,0.22379645513222687,0.22379645513222687,0.22379645513222687,1,1,0,0,0.0,0.0,0.0,0.0,0.0,0.0,0.0,0.0,0.0,0.0,0.0,0.0,0.0,0.0,0.0,0.0,0.016666666666666666,0.21666666666666667,0.0,0.0,0.0,0.0,0.0,0.0
20260702,WFG2,4,230,0.23102378736304288,0.23102378736304288,0.23102378736304288,0.23102378736304288,0.23102378736304288,0.23102378736304288,1,1,0,0,0.0,0.0,0.0,0.0,0.0,0.0,0.0,0.0,0.0,0.0,0.0,0.0,0.0,0.0,0.0,0.0,0.016666666666666666,0.36666666666666664,0.0,0.0,0.0,0.0,0.0,0.0
20260702,WFG2,15,189,0.5373561867155023,0.6022192051626831,0.6022192051626831,0.5373561867155023,0.5373561867155023,0.6022192051626831,1,1,0,0,0.0,0.0,0.0,0.0,0.0,0.0,0.0,0.0,0.0,0.0,0.0,0.0,0.0,0.0,0.0,0.08333333333333333,0.5,0.8666666666666667,0.0,0.0,0.0,0.0,0.0,0.0
20260702,WFG2,12,459,0.47765993973970006,0.47765993973970006,0.47765993973970006,0.47765993973970006,0.47765993973970006,0.47765993973970006,1,1,0,0,0.0,0.0,0.0,0.0,0.0,0.0,0.0,0.0,0.0,0.0,0.0,0.0,0.0,0.0,0.0,0.35,0.55,0.9,0.0,0.0,0.0,0.0,0.0,0.0
20260702,WFG2,9,308,0.35710741383643624,0.35710741383643624,0.35710741383643624,0.35710741383643624,0.35710741383643624,0.35710741383643624,1,1,0,0,0.0,0.0,0.0,0.0,0.0,0.0,0.0,0.0,0.0,0.0,0.0,0.0,0.0,0.0,0.0,0.0,0.08333333333333333,0.5166666666666667,0.0,0.0,0.0,0.0,0.0,0.0
20260702,WFG2,3,36,0.059681729659093304,0.059681729659093304,0.059681729659093304,0.059681729659093304,0.059681729659093304,0.059681729659093304,1,1,0,0,0.0,0.0,0.0,0.0,0.0,0.0,0.0,0.0,0.0,0.0,0.0,0.0,0.0,0.0,0.0,0.0,0.0,0.08333333333333333,0.0,0.0,0.0,0.0,0.0,0.0
20260702,WFG2,7,67,0.4908481657048792,0.4908481657048792,0.4908481657048792,0.4908481657048792,0.4908481657048792,0.4908481657048792,1,1,0,0,0.0,0.0,0.0,0.0,0.0,0.0,0.0,0.0,0.0,0.0,0.0,0.0,0.0,0.0,0.0,0.21666666666666667,0.4166666666666667,0.8166666666666667,0.0,0.0,0.0,0.0,0.0,0.0
20260702,WFG2,9,64,0.5793952753334596,0.597123341211995,0.597123341211995,0.5793952753334596,0.5793952753334596,0.597123341211995,1,1,0,0,0.25,0.55,0.6833333333333333,0.0,0.0,0.0,0.0,0.0,0.0,0.25,0.55,0.6833333333333333,0.25,0.55,0.6833333333333333,0.45,0.5666666666666667,0.7,0.25,0.55,0.6833333333333333,0.0,0.0,0.0
20260702,WFG2,11,406,0.4711459483072533,0.6057014129119997,0.6057014129119997,0.4711459483072533,0.4711459483072533,0.6057014129119997,1,1,0,0,0.0,0.03333333333333333,0.21666666666666667,0.0,0.0,0.0,0.0,0.0,0.0,0.0,0.03333333333333333,0.21666666666666667,0.0,0.03333333333333333,0.21666666666666667,0.5833333333333334,0.9833333333333333,1.0,0.0,0.03333333333333333,0.21666666666666667,0.0,0.0,0.0
20260702,WFG2,3,99,0.10791191426536698,0.10791191426536698,0.10791191426536698,0.10791191426536698,0.10791191426536698,0.10791191426536698,1,1,0,0,0.0,0.0,0.0,0.0,0.0,0.0,0.0,0.0,0.0,0.0,0.0,0.0,0.0,0.0,0.0,0.0,0.25,0.31666666666666665,0.0,0.0,0.0,0.0,0.0,0.0
20260702,WFG2,4,130,0.2644261750963814,0.2644261750963814,0.2644261750963814,0.2644261750963814,0.2644261750963814,0.2644261750963814,1,1,0,0,0.0,0.0,0.0,0.0,0.0,0.0,0.0,0.0,0.0,0.0,0.0,0.0,0.0,0.0,0.0,0.6333333333333333,0.7666666666666667,0.7666666666666667,0.0,0.0,0.0,0.0,0.0,0.0
20260702,WFG2,7,430,0.22548831607497438,0.22548831607497438,0.22548831607497438,0.22548831607497438,0.22548831607497438,0.22548831607497438,1,1,0,0,0.0,0.0,0.0,0.0,0.0,0.0,0.0,0.0,0.0,0.0,0.0,0.0,0.0,0.0,0.0,0.0,0.016666666666666666,0.1,0.0,0.0,0.0,0.0,0.0,0.0
20260702,WFG2,14,399,0.463051643115195,0.463051643115195,0.463051643115195,0.463051643115195,0.463051643115195,0.463051643115195,1,1,0,0,0.0,0.0,0.0,0.0,0.0,0.0,0.0,0.0,0.0,0.0,0.0,0.0,0.0,0.0,0.0,0.4,0.7333333333333333,0.8333333333333334,0.0,0.0,0.0,0.0,0.0,0.0
20260702,WFG2,8,167,0.38212187535104825,0.38212187535104825,0.38212187535104825,0.38212187535104825,0.38212187535104825,0.38212187535104825,1,1,0,0,0.0,0.0,0.0,0.0,0.0,0.0,0.0,0.0,0.0,0.0,0.0,0.0,0.0,0.0,0.0,0.31666666666666665,0.5166666666666667,0.7333333333333333,0.0,0.0,0.0,0.0,0.0,0.0
20260702,WFG2,13,137,0.5205585908514242,0.5205585908514242,0.5205585908514242,0.5205585908514242,0.5205585908514242,0.5205585908514242,1,1,0,0,0.0,0.0,0.0,0.0,0.0,0.0,0.0,0.0,0.0,0.0,0.0,0.0,0.0,0.0,0.0,0.2,0.31666666666666665,0.5333333333333333,0.0,0.0,0.0,0.0,0.0,0.0
20260702,WFG2,15,99,0.5959837228910378,0.5959837228910378,0.5959837228910378,0.5959837228910378,0.5959837228910378,0.5959837228910378,1,1,0,0,0.0,0.0,0.0,0.0,0.0,0.0,0.0,0.0,0.0,0.0,0.0,0.0,0.0,0.0,0.0,0.4166666666666667,0.6166666666666667,0.6666666666666666,0.0,0.0,0.0,0.0,0.0,0.0
20260702,WFG2,6,322,0.3467160784275797,0.5020849951504761,0.5020849951504761,0.3467160784275797,0.3467160784275797,0.5020849951504761,1,1,0,0,0.0,0.0,0.0,0.0,0.0,0.0,0.0,0.0,0.0,0.0,0.0,0.0,0.0,0.0,0.0,0.5333333333333333,0.8,0.9666666666666667,0.0,0.0,0.0,0.0,0.0,0.0
20260702,WFG2,8,324,0.40117527678538717,0.40117527678538717,0.40117527678538717,0.40117527678538717,0.40117527678538717,0.40117527678538717,1,1,0,0,0.0,0.0,0.0,0.0,0.0,0.0,0.0,0.0,0.0,0.0,0.0,0.0,0.0,0.0,0.0,0.43333333333333335,0.6166666666666667,0.6,0.0,0.0,0.0,0.0,0.0,0.0
20260702,WFG2,12,203,0.5343602751128114,0.5343602751128114,0.5343602751128114,0.5343602751128114,0.5343602751128114,0.5343602751128114,1,1,0,0,0.0,0.0,0.016666666666666666,0.0,0.0,0.0,0.0,0.0,0.0,0.0,0.0,0.016666666666666666,0.0,0.0,0.016666666666666666,0.4666666666666667,0.6833333333333333,0.9166666666666666,0.0,0.0,0.016666666666666666,0.0,0.0,0.0
20260702,WFG2,9,437,0.45762469719771104,0.5069806726522046,0.5069806726522046,0.45762469719771104,0.45762469719771104,0.5069806726522046,1,1,0,0,0.0,0.03333333333333333,0.08333333333333333,0.0,0.0,0.0,0.0,0.0,0.0,0.0,0.03333333333333333,0.08333333333333333,0.0,0.03333333333333333,0.08333333333333333,0.5333333333333333,0.8166666666666667,0.95,0.0,0.03333333333333333,0.08333333333333333,0.0,0.0,0.0
20260702,WFG2,6,363,0.28358417274980585,0.28358417274980585,0.28358417274980585,0.28358417274980585,0.28358417274980585,0.28358417274980585,1,1,0,0,0.0,0.0,0.0,0.0,0.0,0.0,0.0,0.0,0.0,0.0,0.0,0.0,0.0,0.0,0.0,0.38333333333333336,0.5666666666666667,0.6333333333333333,0.0,0.0,0.0,0.0,0.0,0.0
20260702,WFG2,3,60,0.12000859492418528,0.12000859492418528,0.12000859492418528,0.12000859492418528,0.12000859492418528,0.12000859492418528,1,1,0,0,0.0,0.0,0.0,0.0,0.0,0.0,0.0,0.0,0.0,0.0,0.0,0.0,0.0,0.0,0.0,0.0,0.0,0.16666666666666666,0.0,0.0,0.0,0.0,0.0,0.0
20260702,DTLZ,8,142,0.7275700137842527,0.7512490894915637,0.7512490894915637,0.7275700137842527,0.7275700137842527,0.7512490894915637,1,1,0,0,0.43333333333333335,0.38333333333333336,0.31666666666666665,0.0,0.0,0.0,0.0,0.0,0.0,0.43333333333333335,0.38333333333333336,0.31666666666666665,0.43333333333333335,0.38333333333333336,0.31666666666666665,0.4,0.75,0.9666666666666667,0.43333333333333335,0.38333333333333336,0.31666666666666665,0.0,0.0,0.0
20260702,DTLZ,10,156,0.7438610027274453,0.7349480684677407,0.7349480684677407,0.7438610027274453,0.7438610027274453,0.7349480684677407,1,1,0,0,0.0,0.15,0.6166666666666667,0.0,0.0,0.0,0.0,0.0,0.0,0.0,0.15,0.6166666666666667,0.0,0.15,0.6166666666666667,0.25,0.55,0.9,0.0,0.15,0.6166666666666667,0.0,0.0,0.0
20260702,DTLZ,10,490,0.7556804157547735,0.7253846033367183,0.7253846033367183,0.7556804157547735,0.7556804157547735,0.7253846033367183,1,1,0,0,0.0,0.05,0.3333333333333333,0.0,0.0,0.0,0.0,0.0,0.0,0.0,0.05,0.3333333333333333,0.0,0.05,0.3333333333333333,0.65,0.85,0.9833333333333333,0.0,0.05,0.3333333333333333,0.0,0.0,0.0
20260702,DTLZ,13,288,0.764122996259222,0.7316492472850176,0.7316492472850176,0.764122996259222,0.764122996259222,0.7316492472850176,1,1,0,0,0.8666666666666667,0.95,1.0,0.0,0.0,0.0,0.0,0.0,0.0,0.8666666666666667,0.95,1.0,0.8666666666666667,0.95,1.0,0.5166666666666667,0.8833333333333333,0.9666666666666667,0.8666666666666667,0.95,1.0,0.0,0.0,0.0
20260702,DTLZ,14,492,0.7458670895952406,0.7351547512529815,0.7351547512529815,0.7458670895952406,0.7458670895952406,0.7351547512529815,1,1,0,0,0.25,0.4,0.5333333333333333,0.0,0.0,0.0,0.0,0.0,0.0,0.25,0.4,0.5333333333333333,0.25,0.4,0.5333333333333333,0.2,0.6166666666666667,1.0,0.25,0.4,0.5333333333333333,0.0,0.0,0.0
20260702,DTLZ,5,377,0.7824508449162753,0.7601257302422159,0.7601257302422159,0.7824508449162753,0.7824508449162753,0.7601257302422159,1,1,0,0,0.03333333333333333,0.15,0.5666666666666667,0.0,0.0,0.0,0.0,0.0,0.0,0.03333333333333333,0.15,0.5666666666666667,0.03333333333333333,0.15,0.5666666666666667,0.7333333333333333,0.8333333333333334,1.0,0.03333333333333333,0.15,0.5666666666666667,0.0,0.0,0.0
20260702,DTLZ,12,230,0.7796104040450141,0.7355420087516412,0.7355420087516412,0.7796104040450141,0.7796104040450141,0.7355420087516412,1,1,0,0,0.05,0.36666666666666664,0.6166666666666667,0.0,0.0,0.0,0.0,0.0,0.0,0.05,0.36666666666666664,0.6166666666666667,0.05,0.36666666666666664,0.6166666666666667,0.23333333333333334,0.5333333333333333,0.8166666666666667,0.05,0.36666666666666664,0.6166666666666667,0.0,0.0,0.0
20260702,DTLZ,13,74,0.9339394932288045,0.7622031389085296,0.7622031389085296,0.9339394932288045,0.9339394932288045,0.7622031389085296,1,1,0,0,0.2833333333333333,0.31666666666666665,0.5666666666666667,0.0,0.0,0.0,0.0,0.0,0.0,0.2833333333333333,0.31666666666666665,0.5666666666666667,0.2833333333333333,0.31666666666666665,0.5666666666666667,0.55,0.85,0.9166666666666666,0.2833333333333333,0.31666666666666665,0.5666666666666667,0.0,0.0,0.0
20260702,DTLZ,5,359,0.8265079051023122,0.7791732166033551,0.7791732166033551,0.8265079051023122,0.8265079051023122,0.7791732166033551,1,1,0,0,0.3333333333333333,0.5,0.6833333333333333,0.0,0.0,0.0,0.0,0.0,0.0,0.3333333333333333,0.5,0.6833333333333333,0.3333333333333333,0.5,0.6833333333333333,0.7166666666666667,0.9333333333333333,0.9666666666666667,0.3333333333333333,0.5,0.6833333333333333,0.0,0.0,0.0
20260702,DTLZ,9,370,0.7146377805896452,0.727570268520458,0.727570268520458,0.7146377805896452,0.7146377805896452,0.727570268520458,1,1,0,0,0.0,0.0,0.03333333333333333,0.0,0.0,0.0,0.0,0.0,0.0,0.0,0.0,0.03333333333333333,0.0,0.0,0.03333333333333333,0.31666666666666665,0.6,0.85,0.0,0.0,0.03333333333333333,0.0,0.0,0.0
20260702,DTLZ,3,405,0.9240286158097223,0.8646013020152414,0.8646013020152414,0.9240286158097223,0.9240286158097223,0.8646013020152414,1,1,0,0,0.21666666666666667,0.31666666666666665,0.6666666666666666,0.0,0.0,0.0,0.0,0.0,0.0,0.21666666666666667,0.31666666666666665,0.6666666666666666,0.21666666666666667,0.31666666666666665,0.6666666666666666,0.75,0.9,0.95,0.21666666666666667,0.31666666666666665,0.6666666666666666,0.0,0.0,0.0
20260702,DTLZ,3,103,0.8989662227464011,0.8173540688366349,0.8173540688366349,0.8989662227464011,0.8989662227464011,0.8173540688366349,1,1,0,0,0.0,0.0,0.2,0.0,0.0,0.0,0.0,0.0,0.0,0.0,0.0,0.2,0.0,0.0,0.2,0.6666666666666666,0.9,0.9833333333333333,0.0,0.0,0.2,0.0,0.0,0.0
20260702,DTLZ,7,239,0.7840285984727932,0.7400343737470814,0.7400343737470814,0.7840285984727932,0.7840285984727932,0.7400343737470814,1,1,0,0,0.7166666666666667,0.8,0.9166666666666666,0.0,0.0,0.0,0.0,0.0,0.0,0.7166666666666667,0.8,0.9166666666666666,0.7166666666666667,0.8,0.9166666666666666,0.25,0.7,0.9833333333333333,0.7166666666666667,0.8,0.9166666666666666,0.0,0.0,0.0
20260702,DTLZ,14,374,0.7873933912947257,0.7479056661162581,0.7479056661162581,0.7873933912947257,0.7873933912947257,0.7479056661162581,1,1,0,0,0.31666666666666665,0.43333333333333335,0.6833333333333333,0.0,0.0,0.0,0.0,0.0,0.0,0.31666666666666665,0.43333333333333335,0.6833333333333333,0.31666666666666665,0.43333333333333335,0.6833333333333333,0.8166666666666667,0.9333333333333333,0.9833333333333333,0.31666666666666665,0.43333333333333335,0.6833333333333333,0.0,0.0,0.0
20260702,DTLZ,11,393,0.7031480167972352,0.7183286341316525,0.7183286341316525,0.7031480167972352,0.7031480167972352,0.7183286341316525,1,1,0,0,0.2,0.48333333333333334,0.65,0.0,0.0,0.0,0.0,0.0,0.0,0.2,0.48333333333333334,0.65,0.2,0.48333333333333334,0.65,0.48333333333333334,0.8,0.9333333333333333,0.2,0.48333333333333334,0.65,0.0,0.0,0.0
20260702,DTLZ,8,257,0.7061309334344347,0.7328422244468924,0.7328422244468924,0.7061309334344347,0.7061309334344347,0.7328422244468924,1,1,0,0,0.45,0.5,0.45,0.0,0.0,0.0,0.0,0.0,0.0,0.45,0.5,0.45,0.45,0.5,0.45,0.85,0.85,0.9833333333333333,0.45,0.5,0.45,0.0,0.0,0.0
20260702,DTLZ,11,199,0.7472622123327519,0.7374478618060908,0.7374478618060908,0.7472622123327519,0.7472622123327519,0.7374478618060908,1,1,0,0,0.36666666666666664,0.48333333333333334,0.5,0.0,0.0,0.0,0.0,0.0,0.0,0.36666666666666664,0.48333333333333334,0.5,0.36666666666666664,0.48333333333333334,0.5,0.45,0.7833333333333333,0.9833333333333333,0.36666666666666664,0.48333333333333334,0.5,0.0,0.0,0.0
20260702,DTLZ,8,259,0.7618505471918854,0.7404786310142107,0.7404786310142107,0.7618505471918854,0.7618505471918854,0.7404786310142107,1,1,0,0,0.06666666666666667,0.38333333333333336,0.7333333333333333,0.0,0.0,0.0,0.0,0.0,0.0,0.06666666666666667,0.38333333333333336,0.7333333333333333,0.06666666666666667,0.38333333333333336,0.7333333333333333,0.6333333333333333,0.8166666666666667,0.9166666666666666,0.06666666666666667,0.38333333333333336,0.7333333333333333,0.0,0.0,0.0
20260702,DTLZ,10,147,0.7364607585362691,0.8094317948038925,0.8094317948038925,0.7364607585362691,0.7364607585362691,0.8094317948038925,1,1,0,0,0.05,0.23333333333333334,0.36666666666666664,0.0,0.0,0.0,0.0,0.0,0.0,0.05,0.23333333333333334,0.36666666666666664,0.05,0.23333333333333334,0.36666666666666664,0.13333333333333333,0.6333333333333333,0.8333333333333334,0.05,0.23333333333333334,0.36666666666666664,0.0,0.0,0.0
20260702,DTLZ,6,350,0.7935599752798098,0.7505643980656056,0.7505643980656056,0.7935599752798098,0.7935599752798098,0.7505643980656056,1,1,0,0,0.0,0.11666666666666667,0.4666666666666667,0.0,0.0,0.0,0.0,0.0,0.0,0.0,0.11666666666666667,0.4666666666666667,0.0,0.11666666666666667,0.4666666666666667,0.8166666666666667,0.9166666666666666,0.9333333333333333,0.0,0.11666666666666667,0.4666666666666667,0.0,0.0,0.0
20260702,DTLZ,9,106,0.7241218485127695,0.7677197437229241,0.7677197437229241,0.7241218485127695,0.7241218485127695,0.7677197437229241,1,1,0,0,0.0,0.0,0.21666666666666667,0.0,0.0,0.0,0.0,0.0,0.0,0.0,0.0,0.21666666666666667,0.0,0.0,0.21666666666666667,0.55,0.7166666666666667,0.9,0.0,0.0,0.21666666666666667,0.0,0.0,0.0
20260702,DTLZ,10,486,0.7424590906703333,0.7242246300836225,0.7242246300836225,0.7424590906703333,0.7424590906703333,0.7242246300836225,1,1,0,0,0.26666666666666666,0.5333333333333333,0.6333333333333333,0.0,0.0,0.0,0.0,0.0,0.0,0.26666666666666666,0.5333333333333333,0.6333333333333333,0.26666666666666666,0.5333333333333333,0.6333333333333333,0.6,0.8666666666666667,0.9666666666666667,0.26666666666666666,0.5333333333333333,0.6333333333333333,0.0,0.0,0.0
20260702,DTLZ,9,251,0.7328507148199334,0.7385162810176802,0.7385162810176802,0.7328507148199334,0.7328507148199334,0.7385162810176802,1,1,0,0,0.45,0.6333333333333333,0.75,0.0,0.0,0.0,0.0,0.0,0.0,0.45,0.6333333333333333,0.75,0.45,0.6333333333333333,0.75,0.6166666666666667,0.7666666666666667,0.9166666666666666,0.45,0.6333333333333333,0.75,0.0,0.0,0.0
20260702,DTLZ,5,420,0.8151237445414713,0.7398227866694481,0.7398227866694481,0.8151237445414713,0.8151237445414713,0.7398227866694481,1,1,0,0,0.11666666666666667,0.3333333333333333,0.4,0.0,0.0,0.0,0.0,0.0,0.0,0.11666666666666667,0.3333333333333333,0.4,0.11666666666666667,0.3333333333333333,0.4,0.8,0.8333333333333334,0.9333333333333333,0.11666666666666667,0.3333333333333333,0.4,0.0,0.0,0.0
20260702,DTLZ,6,131,0.819763367108187,0.7586107298547209,0.7586107298547209,0.819763367108187,0.819763367108187,0.7586107298547209,1,1,0,0,0.6,0.6666666666666666,0.8,0.0,0.0,0.0,0.0,0.0,0.0,0.6,0.6666666666666666,0.8,0.6,0.6666666666666666,0.8,0.2,0.6166666666666667,0.8833333333333333,0.6,0.6666666666666666,0.8,0.0,0.0,0.0
20260702,DTLZ,13,468,0.7192998379346253,0.7371030135604111,0.7371030135604111,0.7192998379346253,0.7192998379346253,0.7371030135604111,1,1,0,0,0.1,0.4166666666666667,0.8,0.0,0.0,0.0,0.0,0.0,0.0,0.1,0.4166666666666667,0.8,0.1,0.4166666666666667,0.8,0.8333333333333334,0.9333333333333333,1.0,0.1,0.4166666666666667,0.8,0.0,0.0,0.0
20260702,DTLZ,7,425,0.7561102174068783,0.7392560843330347,0.7392560843330347,0.7561102174068783,0.7561102174068783,0.7392560843330347,1,1,0,0,0.38333333333333336,0.5833333333333334,0.7833333333333333,0.0,0.0,0.0,0.0,0.0,0.0,0.38333333333333336,0.5833333333333334,0.7833333333333333,0.38333333333333336,0.5833333333333334,0.7833333333333333,0.6166666666666667,0.8166666666666667,0.9666666666666667,0.38333333333333336,0.5833333333333334,0.7833333333333333,0.0,0.0,0.0
20260702,DTLZ,10,379,0.7288411674254502,0.7267788745394935,0.7267788745394935,0.7288411674254502,0.7288411674254502,0.7267788745394935,1,1,0,0,0.05,0.2,0.31666666666666665,0.0,0.0,0.0,0.0,0.0,0.0,0.05,0.2,0.31666666666666665,0.05,0.2,0.31666666666666665,0.5666666666666667,0.7833333333333333,0.9333333333333333,0.05,0.2,0.31666666666666665,0.0,0.0,0.0
20260702,DTLZ,11,183,0.7716683028507617,0.7572679600347132,0.7572679600347132,0.7716683028507617,0.7716683028507617,0.7572679600347132,1,1,0,0,0.1,0.2833333333333333,0.55,0.0,0.0,0.0,0.0,0.0,0.0,0.1,0.2833333333333333,0.55,0.1,0.2833333333333333,0.55,0.43333333333333335,0.6166666666666667,0.9166666666666666,0.1,0.2833333333333333,0.55,0.0,0.0,0.0
20260702,DTLZ,13,421,0.7792136985605077,0.7319893804703068,0.7319893804703068,0.7792136985605077,0.7792136985605077,0.7319893804703068,1,1,0,0,0.05,0.23333333333333334,0.5,0.0,0.0,0.0,0.0,0.0,0.0,0.05,0.23333333333333334,0.5,0.05,0.23333333333333334,0.5,0.48333333333333334,0.6166666666666667,0.8333333333333334,0.05,0.23333333333333334,0.5,0.0,0.0,0.0
20260702,DTLZ,10,484,0.7249320630950767,0.7326099340532114,0.7326099340532114,0.7249320630950767,0.7249320630950767,0.7326099340532114,1,1,0,0,0.38333333333333336,0.5333333333333333,0.7333333333333333,0.0,0.0,0.0,0.0,0.0,0.0,0.38333333333333336,0.5333333333333333,0.7333333333333333,0.38333333333333336,0.5333333333333333,0.7333333333333333,0.6666666666666666,0.7666666666666667,0.9833333333333333,0.38333333333333336,0.5333333333333333,0.7333333333333333,0.0,0.0,0.0
20260702,DTLZ,9,229,0.7981097716628107,0.743830677996138,0.743830677996138,0.7981097716628107,0.7981097716628107,0.743830677996138,1,1,0,0,0.6,0.65,0.6833333333333333,0.0,0.0,0.0,0.0,0.0,0.0,0.6,0.65,0.6833333333333333,0.6,0.65,0.6833333333333333,0.2833333333333333,0.6166666666666667,0.8833333333333333,0.6,0.65,0.6833333333333333,0.0,0.0,0.0
20260702,DTLZ,7,63,0.8077583499500548,0.73868390521436,0.73868390521436,0.8077583499500548,0.8077583499500548,0.73868390521436,1,1,0,0,0.0,0.0,0.0,0.0,0.0,0.0,0.0,0.0,0.0,0.0,0.0,0.0,0.0,0.0,0.0,0.016666666666666666,0.18333333333333332,0.7166666666666667,0.0,0.0,0.0,0.0,0.0,0.0
20260702,DTLZ,9,309,0.7211775546271344,0.7179723588386856,0.7179723588386856,0.7211775546271344,0.7211775546271344,0.7179723588386856,1,1,0,0,0.21666666666666667,0.5833333333333334,0.7833333333333333,0.0,0.0,0.0,0.0,0.0,0.0,0.21666666666666667,0.5833333333333334,0.7833333333333333,0.21666666666666667,0.5833333333333334,0.7833333333333333,0.5833333333333334,0.75,0.9333333333333333,0.21666666666666667,0.5833333333333334,0.7833333333333333,0.0,0.0,0.0
20260702,DTLZ,4,408,0.8594720098336208,0.8009537695982087,0.8009537695982087,0.8594720098336208,0.8594720098336208,0.8009537695982087,1,1,0,0,0.15,0.45,0.7833333333333333,0.0,0.0,0.0,0.0,0.0,0.0,0.15,0.45,0.7833333333333333,0.15,0.45,0.7833333333333333,0.5666666666666667,0.8,0.9333333333333333,0.15,0.45,0.7833333333333333,0.0,0.0,0.0
20260702,DTLZ,4,121,0.828782986672364,0.7804050900947601,0.7804050900947601,0.828782986672364,0.828782986672364,0.7804050900947601,1,1,0,0,0.03333333333333333,0.2833333333333333,0.6666666666666666,0.0,0.0,0.0,0.0,0.0,0.0,0.03333333333333333,0.2833333333333333,0.6666666666666666,0.03333333333333333,0.2833333333333333,0.6666666666666666,0.31666666666666665,0.6833333333333333,0.8833333333333333,0.03333333333333333,0.2833333333333333,0.6666666666666666,0.0,0.0,0.0
20260702,DTLZ,3,381,0.9481255534333529,0.8718094797786214,0.8718094797786214,0.9481255534333529,0.9481255534333529,0.8718094797786214,1,1,0,0,0.23333333333333334,0.5166666666666667,0.7,0.0,0.0,0.0,0.0,0.0,0.0,0.23333333333333334,0.5166666666666667,0.7,0.23333333333333334,0.5166666666666667,0.7,0.9333333333333333,1.0,1.0,0.23333333333333334,0.5166666666666667,0.7,0.0,0.0,0.0
20260702,DTLZ,12,416,0.7437507016537842,0.7462087302790577,0.7462087302790577,0.7437507016537842,0.7437507016537842,0.7462087302790577,1,1,0,0,0.0,0.23333333333333334,0.4,0.0,0.0,0.0,0.0,0.0,0.0,0.0,0.23333333333333334,0.4,0.0,0.23333333333333334,0.4,0.23333333333333334,0.5333333333333333,0.9,0.0,0.23333333333333334,0.4,0.0,0.0,0.0
20260702,DTLZ,10,119,0.7894203363497196,0.7894203363497196,0.7894203363497196,0.7894203363497196,0.7894203363497196,0.7894203363497196,1,1,0,0,0.03333333333333333,0.2,0.23333333333333334,0.0,0.0,0.0,0.0,0.0,0.0,0.03333333333333333,0.2,0.23333333333333334,0.03333333333333333,0.2,0.23333333333333334,0.65,0.9,0.9666666666666667,0.03333333333333333,0.2,0.23333333333333334,0.0,0.0,0.0
20260702,DTLZ,7,341,0.7758178331353255,0.7409858577601679,0.7409858577601679,0.7758178331353255,0.7758178331353255,0.7409858577601679,1,1,0,0,0.0,0.1,0.3333333333333333,0.0,0.0,0.0,0.0,0.0,0.0,0.0,0.1,0.3333333333333333,0.0,0.1,0.3333333333333333,0.4666666666666667,0.75,0.9666666666666667,0.0,0.1,0.3333333333333333,0.0,0.0,0.0
20260702,DTLZ,11,260,0.7427990994229916,0.7677457300201682,0.7677457300201682,0.7427990994229916,0.7427990994229916,0.7677457300201682,1,1,0,0,0.2833333333333333,0.3,0.5166666666666667,0.0,0.0,0.0,0.0,0.0,0.0,0.2833333333333333,0.3,0.5166666666666667,0.2833333333333333,0.3,0.5166666666666667,0.6166666666666667,0.9,0.9833333333333333,0.2833333333333333,0.3,0.5166666666666667,0.0,0.0,0.0
20260702,DTLZ,4,352,0.869317540315934,0.807845932137014,0.807845932137014,0.869317540315934,0.869317540315934,0.807845932137014,1,1,0,0,0.21666666666666667,0.2833333333333333,0.4666666666666667,0.0,0.0,0.0,0.0,0.0,0.0,0.21666666666666667,0.2833333333333333,0.4666666666666667,0.21666666666666667,0.2833333333333333,0.4666666666666667,0.8333333333333334,0.9666666666666667,1.0,0.21666666666666667,0.2833333333333333,0.4666666666666667,0.0,0.0,0.0
20260702,DTLZ,8,127,0.7826743782172801,0.7411638155301755,0.7411638155301755,0.7826743782172801,0.7826743782172801,0.7411638155301755,1,1,0,0,0.0,0.16666666666666666,0.45,0.0,0.0,0.0,0.0,0.0,0.0,0.0,0.16666666666666666,0.45,0.0,0.16666666666666666,0.45,0.4666666666666667,0.7166666666666667,0.9166666666666666,0.0,0.16666666666666666,0.45,0.0,0.0,0.0
20260702,DTLZ,6,235,0.7858760668054282,0.7591557004877304,0.7591557004877304,0.7858760668054282,0.7858760668054282,0.7591557004877304,1,1,0,0,0.55,0.7833333333333333,0.95,0.0,0.0,0.0,0.0,0.0,0.0,0.55,0.7833333333333333,0.95,0.55,0.7833333333333333,0.95,0.18333333333333332,0.5,0.9166666666666666,0.55,0.7833333333333333,0.95,0.0,0.0,0.0
20260702,DTLZ,11,120,0.7941056933602711,0.7588841194456339,0.7588841194456339,0.7941056933602711,0.7941056933602711,0.7588841194456339,1,1,0,0,0.0,0.0,0.0,0.0,0.0,0.0,0.0,0.0,0.0,0.0,0.0,0.0,0.0,0.0,0.0,0.5,0.7666666666666667,0.85,0.0,0.0,0.0,0.0,0.0,0.0
20260702,DTLZ,13,110,0.7478110726835046,0.7478110726835046,0.7478110726835046,0.7478110726835046,0.7478110726835046,0.7478110726835046,1,1,0,0,0.0,0.0,0.03333333333333333,0.0,0.0,0.0,0.0,0.0,0.0,0.0,0.0,0.03333333333333333,0.0,0.0,0.03333333333333333,0.7166666666666667,0.8166666666666667,0.9333333333333333,0.0,0.0,0.03333333333333333,0.0,0.0,0.0
20260702,DTLZ,15,399,0.7655466890641383,0.744802860447573,0.744802860447573,0.7655466890641383,0.7655466890641383,0.744802860447573,1,1,0,0,0.38333333333333336,0.38333333333333336,0.48333333333333334,0.0,0.0,0.0,0.0,0.0,0.0,0.38333333333333336,0.38333333333333336,0.48333333333333334,0.38333333333333336,0.38333333333333336,0.48333333333333334,0.55,0.7166666666666667,0.9166666666666666,0.38333333333333336,0.38333333333333336,0.48333333333333334,0.0,0.0,0.0
20260702,DTLZ,12,351,0.8064432388834489,0.7482493316661848,0.7482493316661848,0.8064432388834489,0.8064432388834489,0.7482493316661848,1,1,0,0,0.36666666666666664,0.6833333333333333,0.85,0.0,0.0,0.0,0.0,0.0,0.0,0.36666666666666664,0.6833333333333333,0.85,0.36666666666666664,0.6833333333333333,0.85,0.6833333333333333,0.85,0.9666666666666667,0.36666666666666664,0.6833333333333333,0.85,0.0,0.0,0.0
20260702,DTLZ,10,128,0.7797422197432,0.7752563424029818,0.7752563424029818,0.7797422197432,0.7797422197432,0.7752563424029818,1,1,0,0,0.016666666666666666,0.21666666666666667,0.2833333333333333,0.0,0.0,0.0,0.0,0.0,0.0,0.016666666666666666,0.21666666666666667,0.2833333333333333,0.016666666666666666,0.21666666666666667,0.2833333333333333,0.38333333333333336,0.6166666666666667,0.9166666666666666,0.016666666666666666,0.21666666666666667,0.2833333333333333,0.0,0.0,0.0
20260702,DTLZ,15,213,0.7612874097135168,0.7568297097324067,0.7568297097324067,0.7612874097135168,0.7612874097135168,0.7568297097324067,1,1,0,0,0.016666666666666666,0.43333333333333335,0.7333333333333333,0.0,0.0,0.0,0.0,0.0,0.0,0.016666666666666666,0.43333333333333335,0.7333333333333333,0.016666666666666666,0.43333333333333335,0.7333333333333333,0.6833333333333333,0.95,0.9833333333333333,0.016666666666666666,0.43333333333333335,0.7333333333333333,0.0,0.0,0.0
20260702,DTLZ,15,270,0.7105277805043684,0.7289219357000659,0.7289219357000659,0.7105277805043684,0.7105277805043684,0.7289219357000659,1,1,0,0,0.0,0.1,0.23333333333333334,0.0,0.0,0.0,0.0,0.0,0.0,0.0,0.1,0.23333333333333334,0.0,0.1,0.23333333333333334,0.36666666666666664,0.7333333333333333,0.9166666666666666,0.0,0.1,0.23333333333333334,0.0,0.0,0.0
20260702,DTLZ,14,267,0.7716017651148767,0.7659540014942482,0.7659540014942482,0.7716017651148767,0.7716017651148767,0.7659540014942482,1,1,0,0,0.31666666666666665,0.6166666666666667,0.6666666666666666,0.0,0.0,0.0,0.0,0.0,0.0,0.31666666666666665,0.6166666666666667,0.6666666666666666,0.31666666666666665,0.6166666666666667,0.6666666666666666,0.06666666666666667,0.21666666666666667,0.8666666666666667,0.31666666666666665,0.6166666666666667,0.6666666666666666,0.0,0.0,0.0
20260702,DTLZ,11,318,0.7761967060278016,0.7439102059254289,0.7439102059254289,0.7761967060278016,0.7761967060278016,0.7439102059254289,1,1,0,0,0.5166666666666667,0.75,0.9,0.0,0.0,0.0,0.0,0.0,0.0,0.5166666666666667,0.7666666666666667,0.9,0.5166666666666667,0.75,0.9,0.11666666666666667,0.5333333333333333,0.9333333333333333,0.5166666666666667,0.75,0.9,0.0,0.0,0.0
20260702,DTLZ,11,459,0.7610206410000734,0.7594206095284819,0.7594206095284819,0.7610206410000734,0.7610206410000734,0.7594206095284819,1,1,0,0,0.03333333333333333,0.16666666666666666,0.4166666666666667,0.0,0.0,0.0,0.0,0.0,0.0,0.03333333333333333,0.16666666666666666,0.4166666666666667,0.03333333333333333,0.16666666666666666,0.4166666666666667,0.6166666666666667,0.8833333333333333,1.0,0.03333333333333333,0.16666666666666666,0.4166666666666667,0.0,0.0,0.0
20260702,DTLZ,3,494,0.9227763842879367,0.874660622633483,0.874660622633483,0.9227763842879367,0.9227763842879367,0.874660622633483,1,1,0,0,0.25,0.65,0.7333333333333333,0.0,0.0,0.0,0.0,0.0,0.0,0.25,0.65,0.7333333333333333,0.25,0.65,0.7333333333333333,0.8,0.9666666666666667,1.0,0.25,0.65,0.7333333333333333,0.0,0.0,0.0
20260702,DTLZ,4,468,0.8689309088976177,0.8029820757113686,0.8029820757113686,0.8689309088976177,0.8689309088976177,0.8029820757113686,1,1,0,0,0.16666666666666666,0.4166666666666667,0.7166666666666667,0.0,0.0,0.0,0.0,0.0,0.0,0.16666666666666666,0.4166666666666667,0.7166666666666667,0.16666666666666666,0.4166666666666667,0.7166666666666667,0.6833333333333333,0.9666666666666667,0.9666666666666667,0.16666666666666666,0.4166666666666667,0.7166666666666667,0.0,0.0,0.0
20260702,DTLZ,6,435,0.7570195749254515,0.7428788453739976,0.7428788453739976,0.7570195749254515,0.7570195749254515,0.7428788453739976,1,1,0,0,0.3333333333333333,0.4666666666666667,0.55,0.0,0.0,0.0,0.0,0.0,0.0,0.3333333333333333,0.4666666666666667,0.55,0.3333333333333333,0.4666666666666667,0.55,0.4166666666666667,0.8,0.8833333333333333,0.3333333333333333,0.4666666666666667,0.55,0.0,0.0,0.0
20260702,DTLZ,3,413,0.9218834578630016,0.8564128137816194,0.8564128137816194,0.9218834578630016,0.9218834578630016,0.8564128137816194,1,1,0,0,0.4,0.48333333333333334,0.65,0.0,0.0,0.0,0.0,0.0,0.0,0.4,0.48333333333333334,0.65,0.4,0.48333333333333334,0.65,0.8666666666666667,0.9166666666666666,0.9833333333333333,0.4,0.48333333333333334,0.65,0.0,0.0,0.0
20260702,DTLZ,4,417,0.8500675155670786,0.7678249143939643,0.7678249143939643,0.8500675155670786,0.8500675155670786,0.7678249143939643,1,1,0,0,0.16666666666666666,0.4166666666666667,0.6666666666666666,0.0,0.0,0.0,0.0,0.0,0.0,0.16666666666666666,0.4166666666666667,0.6666666666666666,0.16666666666666666,0.4166666666666667,0.6666666666666666,0.4,0.7666666666666667,0.8833333333333333,0.16666666666666666,0.4166666666666667,0.6666666666666666,0.0,0.0,0.0
20260702,DTLZ,4,264,0.8644941915552221,0.7549196530796116,0.7549196530796116,0.8644941915552221,0.8644941915552221,0.7549196530796116,1,1,0,0,0.4,0.6166666666666667,0.65,0.0,0.0,0.0,0.0,0.0,0.0,0.4,0.6166666666666667,0.65,0.4,0.6166666666666667,0.65,0.5666666666666667,0.8833333333333333,0.9666666666666667,0.4,0.6166666666666667,0.65,0.0,0.0,0.0
20260702,DTLZ,5,209,0.7879465707265967,0.7594629257552725,0.7594629257552725,0.7879465707265967,0.7879465707265967,0.7594629257552725,1,1,0,0,0.0,0.06666666666666667,0.21666666666666667,0.0,0.0,0.0,0.0,0.0,0.0,0.0,0.06666666666666667,0.21666666666666667,0.0,0.06666666666666667,0.21666666666666667,0.5,0.7333333333333333,0.9333333333333333,0.0,0.06666666666666667,0.21666666666666667,0.0,0.0,0.0
20260702,DTLZ,7,203,0.7299265943049608,0.7383653073663508,0.7383653073663508,0.7299265943049608,0.7299265943049608,0.7383653073663508,1,1,0,0,0.1,0.38333333333333336,0.31666666666666665,0.0,0.0,0.0,0.0,0.0,0.0,0.1,0.38333333333333336,0.31666666666666665,0.1,0.38333333333333336,0.31666666666666665,0.2,0.7833333333333333,0.9166666666666666,0.1,0.38333333333333336,0.31666666666666665,0.0,0.0,0.0
20260702,DTLZ,5,355,0.8126333261585326,0.7464068816493419,0.7464068816493419,0.8126333261585326,0.8126333261585326,0.7464068816493419,1,1,0,0,0.4,0.38333333333333336,0.5333333333333333,0.0,0.0,0.0,0.0,0.0,0.0,0.4,0.38333333333333336,0.5333333333333333,0.4,0.38333333333333336,0.5333333333333333,0.45,0.8,0.9666666666666667,0.4,0.38333333333333336,0.5333333333333333,0.0,0.0,0.0
20260702,DTLZ,10,99,0.7815411862680183,0.7594069255408509,0.7594069255408509,0.7815411862680183,0.7815411862680183,0.7594069255408509,1,1,0,0,0.0,0.18333333333333332,0.31666666666666665,0.0,0.0,0.0,0.0,0.0,0.0,0.0,0.18333333333333332,0.31666666666666665,0.0,0.18333333333333332,0.31666666666666665,0.26666666666666666,0.5333333333333333,0.8166666666666667,0.0,0.18333333333333332,0.31666666666666665,0.0,0.0,0.0
20260702,DTLZ,9,168,0.7951230445428145,0.7375160938310483,0.7375160938310483,0.7951230445428145,0.7951230445428145,0.7375160938310483,1,1,0,0,0.0,0.0,0.13333333333333333,0.0,0.0,0.0,0.0,0.0,0.0,0.0,0.0,0.13333333333333333,0.0,0.0,0.13333333333333333,0.43333333333333335,0.6166666666666667,0.9166666666666666,0.0,0.0,0.13333333333333333,0.0,0.0,0.0
20260702,DTLZ,5,416,0.8049912881394412,0.7657680724804939,0.7657680724804939,0.8049912881394412,0.8049912881394412,0.7657680724804939,1,1,0,0,0.7333333333333333,0.65,0.7166666666666667,0.0,0.0,0.0,0.0,0.0,0.0,0.7333333333333333,0.65,0.7166666666666667,0.7333333333333333,0.65,0.7166666666666667,0.7833333333333333,0.9333333333333333,0.9833333333333333,0.7333333333333333,0.65,0.7166666666666667,0.0,0.0,0.0
20260702,DTLZ,11,196,0.7559479875942842,0.7538322734079805,0.7538322734079805,0.7559479875942842,0.7559479875942842,0.7538322734079805,1,1,0,0,0.0,0.21666666666666667,0.7,0.0,0.0,0.0,0.0,0.0,0.0,0.0,0.21666666666666667,0.7,0.0,0.21666666666666667,0.7,0.48333333333333334,0.5666666666666667,0.95,0.0,0.21666666666666667,0.7,0.0,0.0,0.0
20260702,DTLZ,10,496,0.7310068819581305,0.7322224910987333,0.7322224910987333,0.7310068819581305,0.7310068819581305,0.7322224910987333,1,1,0,0,0.0,0.1,0.5166666666666667,0.0,0.0,0.0,0.0,0.0,0.0,0.0,0.1,0.5166666666666667,0.0,0.1,0.5166666666666667,0.5833333333333334,0.8,0.9166666666666666,0.0,0.1,0.5166666666666667,0.0,0.0,0.0
20260702,DTLZ,5,392,0.8353717908443533,0.7809784424841801,0.7809784424841801,0.8353717908443533,0.8353717908443533,0.7809784424841801,1,1,0,0,0.13333333333333333,0.4,0.5,0.0,0.0,0.0,0.0,0.0,0.0,0.13333333333333333,0.4,0.5,0.13333333333333333,0.4,0.5,0.48333333333333334,0.6166666666666667,0.9666666666666667,0.13333333333333333,0.4,0.5,0.0,0.0,0.0
20260702,DTLZ,7,366,0.754138829044259,0.7298231101146796,0.7298231101146796,0.754138829044259,0.754138829044259,0.7298231101146796,1,1,0,0,0.0,0.16666666666666666,0.5,0.0,0.0,0.0,0.0,0.0,0.0,0.0,0.16666666666666666,0.5,0.0,0.16666666666666666,0.5,0.7,0.8833333333333333,0.9666666666666667,0.0,0.16666666666666666,0.5,0.0,0.0,0.0
20260702,DTLZ,7,486,0.7553795599469226,0.7309050183474421,0.7309050183474421,0.7553795599469226,0.7553795599469226,0.7309050183474421,1,1,0,0,0.3333333333333333,0.25,0.6,0.0,0.0,0.0,0.0,0.0,0.0,0.3333333333333333,0.25,0.6,0.3333333333333333,0.25,0.6,0.38333333333333336,0.6666666666666666,0.9666666666666667,0.3333333333333333,0.25,0.6,0.0,0.0,0.0
20260702,DTLZ,12,461,0.7503275022374993,0.7525492332504979,0.7525492332504979,0.7503275022374993,0.7503275022374993,0.7525492332504979,1,1,0,0,0.4666666666666667,0.7666666666666667,0.8833333333333333,0.0,0.0,0.0,0.0,0.0,0.0,0.4666666666666667,0.7666666666666667,0.8833333333333333,0.4666666666666667,0.7666666666666667,0.8833333333333333,0.4666666666666667,0.8,0.9666666666666667,0.4666666666666667,0.7666666666666667,0.8833333333333333,0.0,0.0,0.0
20260702,DTLZ,9,461,0.7498129854558734,0.7369257181727131,0.7369257181727131,0.7498129854558734,0.7498129854558734,0.7369257181727131,1,1,0,0,0.21666666666666667,0.25,0.4,0.0,0.0,0.0,0.0,0.0,0.0,0.21666666666666667,0.25,0.4,0.21666666666666667,0.25,0.4,0.9166666666666666,0.9833333333333333,0.9833333333333333,0.21666666666666667,0.25,0.4,0.0,0.0,0.0
20260702,DTLZ,15,437,0.7092183835161866,0.7499008351091536,0.7499008351091536,0.7092183835161866,0.7092183835161866,0.7499008351091536,1,1,0,0,0.08333333333333333,0.35,0.5166666666666667,0.0,0.0,0.0,0.0,0.0,0.0,0.08333333333333333,0.35,0.5166666666666667,0.08333333333333333,0.35,0.5166666666666667,0.55,0.6833333333333333,1.0,0.08333333333333333,0.35,0.5166666666666667,0.0,0.0,0.0
20260702,DTLZ,8,153,0.74352433539991,0.7330092361201098,0.7330092361201098,0.74352433539991,0.74352433539991,0.7330092361201098,1,1,0,0,0.0,0.0,0.0,0.0,0.0,0.0,0.0,0.0,0.0,0.0,0.0,0.0,0.0,0.0,0.0,0.55,0.6833333333333333,0.9333333333333333,0.0,0.0,0.0,0.0,0.0,0.0
20260702,DTLZ,7,356,0.7240509130687909,0.7654904981573073,0.7654904981573073,0.7240509130687909,0.7240509130687909,0.7654904981573073,1,1,0,0,0.6,0.8,0.7333333333333333,0.0,0.0,0.0,0.0,0.0,0.0,0.6,0.8,0.7333333333333333,0.6,0.8,0.7333333333333333,0.8666666666666667,0.9666666666666667,0.9833333333333333,0.6,0.8,0.7333333333333333,0.0,0.0,0.0
20260702,DTLZ,8,374,0.7726746798226425,0.7408454977165353,0.7408454977165353,0.7726746798226425,0.7726746798226425,0.7408454977165353,1,1,0,0,0.13333333333333333,0.31666666666666665,0.45,0.0,0.0,0.0,0.0,0.0,0.0,0.13333333333333333,0.31666666666666665,0.45,0.13333333333333333,0.31666666666666665,0.45,0.38333333333333336,0.8,0.95,0.13333333333333333,0.31666666666666665,0.45,0.0,0.0,0.0
20260702,DTLZ,6,187,0.7834599242219187,0.7571724875853127,0.7571724875853127,0.7834599242219187,0.7834599242219187,0.7571724875853127,1,1,0,0,0.016666666666666666,0.18333333333333332,0.36666666666666664,0.0,0.0,0.0,0.0,0.0,0.0,0.016666666666666666,0.18333333333333332,0.36666666666666664,0.016666666666666666,0.18333333333333332,0.36666666666666664,0.5,0.8666666666666667,0.9166666666666666,0.016666666666666666,0.18333333333333332,0.36666666666666664,0.0,0.0,0.0
20260702,DTLZ,6,459,0.7526476626045693,0.7360191526426896,0.7360191526426896,0.7526476626045693,0.7526476626045693,0.7360191526426896,1,1,0,0,0.35,0.5,0.7,0.0,0.0,0.0,0.0,0.0,0.0,0.35,0.5,0.7,0.35,0.5,0.7,0.6166666666666667,0.8666666666666667,0.95,0.35,0.5,0.7,0.0,0.0,0.0
20260702,DTLZ,11,420,0.7591685227313256,0.7295441799570065,0.7295441799570065,0.7591685227313256,0.7591685227313256,0.7295441799570065,1,1,0,0,0.5166666666666667,0.8166666666666667,0.85,0.0,0.0,0.0,0.0,0.0,0.0,0.5166666666666667,0.8166666666666667,0.85,0.5166666666666667,0.8166666666666667,0.85,0.8166666666666667,0.9833333333333333,0.9833333333333333,0.5166666666666667,0.8166666666666667,0.85,0.0,0.0,0.0
20260702,DTLZ,3,500,0.9347278607755596,0.8720344375209518,0.8720344375209518,0.9347278607755596,0.9347278607755596,0.8720344375209518,1,1,0,0,0.1,0.18333333333333332,0.3,0.0,0.0,0.0,0.0,0.0,0.0,0.1,0.18333333333333332,0.3,0.1,0.18333333333333332,0.3,0.8,0.9,1.0,0.1,0.18333333333333332,0.3,0.0,0.0,0.0
20260702,DTLZ,6,120,0.7988874682794508,0.7797361028525998,0.7797361028525998,0.7988874682794508,0.7988874682794508,0.7797361028525998,1,1,0,0,0.03333333333333333,0.23333333333333334,0.5,0.0,0.0,0.0,0.0,0.0,0.0,0.03333333333333333,0.23333333333333334,0.5,0.03333333333333333,0.23333333333333334,0.5,0.3,0.8333333333333334,0.9333333333333333,0.03333333333333333,0.23333333333333334,0.5,0.0,0.0,0.0
20260702,DTLZ,8,385,0.7795956188744767,0.7288251880232998,0.7288251880232998,0.7795956188744767,0.7795956188744767,0.7288251880232998,1,1,0,0,0.21666666666666667,0.5166666666666667,0.65,0.0,0.0,0.0,0.0,0.0,0.0,0.21666666666666667,0.5166666666666667,0.65,0.21666666666666667,0.5166666666666667,0.65,0.06666666666666667,0.5666666666666667,0.9666666666666667,0.21666666666666667,0.5166666666666667,0.65,0.0,0.0,0.0
20260702,DTLZ,10,375,0.7441943575569232,0.7464751666197477,0.7464751666197477,0.7441943575569232,0.7441943575569232,0.7464751666197477,1,1,0,0,0.03333333333333333,0.16666666666666666,0.36666666666666664,0.0,0.0,0.0,0.0,0.0,0.0,0.03333333333333333,0.16666666666666666,0.36666666666666664,0.03333333333333333,0.16666666666666666,0.36666666666666664,0.5,0.8333333333333334,0.95,0.03333333333333333,0.16666666666666666,0.36666666666666664,0.0,0.0,0.0
20260702,DTLZ,9,256,0.7507274079163843,0.7426426430331567,0.7426426430331567,0.7507274079163843,0.7507274079163843,0.7426426430331567,1,1,0,0,0.3,0.5666666666666667,0.7666666666666667,0.0,0.0,0.0,0.0,0.0,0.0,0.3,0.5666666666666667,0.7666666666666667,0.3,0.5666666666666667,0.7666666666666667,0.06666666666666667,0.6666666666666666,0.9833333333333333,0.3,0.5666666666666667,0.7666666666666667,0.0,0.0,0.0
20260702,DTLZ,15,138,0.7682664042068377,0.7635108057362573,0.7635108057362573,0.7682664042068377,0.7682664042068377,0.7635108057362573,1,1,0,0,0.45,0.4,0.43333333333333335,0.0,0.0,0.0,0.0,0.0,0.0,0.45,0.4,0.43333333333333335,0.45,0.4,0.43333333333333335,0.55,0.7666666666666667,0.8833333333333333,0.45,0.4,0.43333333333333335,0.0,0.0,0.0
20260702,DTLZ,9,294,0.7128828544896019,0.7418736031260706,0.7418736031260706,0.7128828544896019,0.7128828544896019,0.7418736031260706,1,1,0,0,0.0,0.06666666666666667,0.26666666666666666,0.0,0.0,0.0,0.0,0.0,0.0,0.0,0.06666666666666667,0.26666666666666666,0.0,0.06666666666666667,0.26666666666666666,0.8666666666666667,0.85,0.9666666666666667,0.0,0.06666666666666667,0.26666666666666666,0.0,0.0,0.0
20260702,DTLZ,10,195,0.7334840187037762,0.763011290570933,0.763011290570933,0.7334840187037762,0.7334840187037762,0.763011290570933,1,1,0,0,0.18333333333333332,0.36666666666666664,0.65,0.0,0.0,0.0,0.0,0.0,0.0,0.18333333333333332,0.36666666666666664,0.65,0.18333333333333332,0.36666666666666664,0.65,0.6666666666666666,0.7666666666666667,0.95,0.18333333333333332,0.36666666666666664,0.65,0.0,0.0,0.0
20260702,DTLZ,4,268,0.8511179632219249,0.8023763689961939,0.8023763689961939,0.8511179632219249,0.8511179632219249,0.8023763689961939,1,1,0,0,0.0,0.03333333333333333,0.3,0.0,0.0,0.0,0.0,0.0,0.0,0.0,0.03333333333333333,0.3,0.0,0.03333333333333333,0.3,0.38333333333333336,0.9,0.9666666666666667,0.0,0.03333333333333333,0.3,0.0,0.0,0.0
20260702,DTLZ,9,418,0.7291824987075951,0.7249327765291087,0.7249327765291087,0.7291824987075951,0.7291824987075951,0.7249327765291087,1,1,0,0,0.05,0.31666666666666665,0.7833333333333333,0.0,0.0,0.0,0.0,0.0,0.0,0.05,0.31666666666666665,0.7833333333333333,0.05,0.31666666666666665,0.7833333333333333,0.016666666666666666,0.21666666666666667,0.7833333333333333,0.05,0.31666666666666665,0.7833333333333333,0.0,0.0,0.0
20260702,DTLZ,15,121,0.7863966470873517,0.7550703817962073,0.7550703817962073,0.7863966470873517,0.7863966470873517,0.7550703817962073,1,1,0,0,0.0,0.18333333333333332,0.7,0.0,0.0,0.0,0.0,0.0,0.0,0.0,0.18333333333333332,0.7,0.0,0.18333333333333332,0.7,0.45,0.8333333333333334,0.9666666666666667,0.0,0.18333333333333332,0.7,0.0,0.0,0.0
20260702,DTLZ,12,120,0.7942759293778133,0.7942759293778133,0.7942759293778133,0.7942759293778133,0.7942759293778133,0.7942759293778133,1,1,0,0,0.016666666666666666,0.16666666666666666,0.3,0.0,0.0,0.0,0.0,0.0,0.0,0.016666666666666666,0.16666666666666666,0.3,0.016666666666666666,0.16666666666666666,0.3,0.6666666666666666,0.9166666666666666,0.9333333333333333,0.016666666666666666,0.16666666666666666,0.3,0.0,0.0,0.0
20260702,DTLZ,6,413,0.7729884114980781,0.7399343032216871,0.7399343032216871,0.7729884114980781,0.7729884114980781,0.7399343032216871,1,1,0,0,0.05,0.2,0.45,0.0,0.0,0.0,0.0,0.0,0.0,0.05,0.2,0.45,0.05,0.2,0.45,0.55,0.8333333333333334,0.95,0.05,0.2,0.45,0.0,0.0,0.0
20260702,DTLZ,12,274,0.7491695361399412,0.7479080144383481,0.7479080144383481,0.7491695361399412,0.7491695361399412,0.7479080144383481,1,1,0,0,0.15,0.38333333333333336,0.5666666666666667,0.0,0.0,0.0,0.0,0.0,0.0,0.15,0.38333333333333336,0.5666666666666667,0.15,0.38333333333333336,0.5666666666666667,0.7333333333333333,0.9166666666666666,0.9666666666666667,0.15,0.38333333333333336,0.5666666666666667,0.0,0.0,0.0
20260702,DTLZ,15,278,0.7749567513155889,0.7558644551783554,0.7558644551783554,0.7749567513155889,0.7749567513155889,0.7558644551783554,1,1,0,0,0.03333333333333333,0.25,0.6833333333333333,0.0,0.0,0.0,0.0,0.0,0.0,0.03333333333333333,0.25,0.6833333333333333,0.03333333333333333,0.25,0.6833333333333333,0.4,0.85,0.9833333333333333,0.03333333333333333,0.25,0.6833333333333333,0.0,0.0,0.0
20260702,DTLZ,12,278,0.7802863281996987,0.7306504359436031,0.7306504359436031,0.7802863281996987,0.7802863281996987,0.7306504359436031,1,1,0,0,0.16666666666666666,0.23333333333333334,0.4,0.0,0.0,0.0,0.0,0.0,0.0,0.16666666666666666,0.23333333333333334,0.4,0.16666666666666666,0.23333333333333334,0.4,0.4666666666666667,0.55,0.85,0.16666666666666666,0.23333333333333334,0.4,0.0,0.0,0.0
20260702,DTLZ,4,455,0.8238119912378156,0.7934391317463036,0.7934391317463036,0.8238119912378156,0.8238119912378156,0.7934391317463036,1,1,0,0,0.08333333333333333,0.23333333333333334,0.36666666666666664,0.0,0.0,0.0,0.0,0.0,0.0,0.08333333333333333,0.23333333333333334,0.36666666666666664,0.08333333333333333,0.23333333333333334,0.36666666666666664,0.5666666666666667,0.85,1.0,0.08333333333333333,0.23333333333333334,0.36666666666666664,0.0,0.0,0.0
20260702,DTLZ,14,263,0.7401012347159408,0.7585994554144432,0.7585994554144432,0.7401012347159408,0.7401012347159408,0.7585994554144432,1,1,0,0,0.0,0.0,0.2,0.0,0.0,0.0,0.0,0.0,0.0,0.0,0.0,0.2,0.0,0.0,0.2,0.6833333333333333,0.7166666666666667,0.9666666666666667,0.0,0.0,0.2,0.0,0.0,0.0
20260702,DTLZ,10,205,0.7759912770824686,0.7753171169134649,0.7753171169134649,0.7759912770824686,0.7759912770824686,0.7753171169134649,1,1,0,0,0.4666666666666667,0.5833333333333334,0.85,0.0,0.0,0.0,0.0,0.0,0.0,0.4666666666666667,0.5833333333333334,0.85,0.4666666666666667,0.5833333333333334,0.85,0.75,0.9,0.9833333333333333,0.4666666666666667,0.5833333333333334,0.85,0.0,0.0,0.0
20260702,DTLZ,6,95,0.7469543176167158,0.7603642931048218,0.7603642931048218,0.7469543176167158,0.7469543176167158,0.7603642931048218,1,1,0,0,0.0,0.0,0.08333333333333333,0.0,0.0,0.0,0.0,0.0,0.0,0.0,0.0,0.08333333333333333,0.0,0.0,0.08333333333333333,0.65,0.7833333333333333,0.9,0.0,0.0,0.08333333333333333,0.0,0.0,0.0
20260702,Energy,8,303,0.44799451037592014,0.4288760025789623,0.4288760025789623,0.44799451037592014,0.44799451037592014,0.4288760025789623,1,1,0,0,0.8833333333333333,0.75,0.7833333333333333,0.0,0.0,0.0,0.0,0.0,0.0,0.8833333333333333,0.75,0.7833333333333333,0.8833333333333333,0.75,0.7833333333333333,0.08333333333333333,0.4666666666666667,0.7833333333333333,0.8833333333333333,0.75,0.7833333333333333,0.0,0.0,0.0
20260702,Energy,4,444,0.4414035048722282,0.46717364693409125,0.46717364693409125,0.4414035048722282,0.4414035048722282,0.46717364693409125,1,1,0,0,0.0,0.0,0.16666666666666666,0.0,0.0,0.0,0.0,0.0,0.0,0.0,0.0,0.16666666666666666,0.0,0.0,0.16666666666666666,0.016666666666666666,0.4,0.7833333333333333,0.0,0.0,0.16666666666666666,0.0,0.0,0.0
20260702,Energy,8,241,0.4452713332159883,0.44962930584860084,0.44962930584860084,0.4452713332159883,0.4452713332159883,0.44962930584860084,1,1,0,0,0.8,0.9166666666666666,0.85,0.0,0.0,0.0,0.0,0.0,0.0,0.8,0.9166666666666666,0.85,0.8,0.9166666666666666,0.85,0.03333333333333333,0.21666666666666667,0.6333333333333333,0.8,0.9166666666666666,0.85,0.0,0.0,0.0
20260702,Energy,6,319,0.4660423139387192,0.47980027865368746,0.47980027865368746,0.4660423139387192,0.4660423139387192,0.47980027865368746,1,1,0,0,0.05,0.18333333333333332,0.21666666666666667,0.0,0.0,0.0,0.0,0.0,0.0,0.05,0.18333333333333332,0.21666666666666667,0.05,0.18333333333333332,0.21666666666666667,0.4666666666666667,0.5,0.7833333333333333,0.05,0.18333333333333332,0.21666666666666667,0.0,0.0,0.0
20260702,Energy,7,363,0.4419655188924543,0.4669277370349076,0.4669277370349076,0.4419655188924543,0.4419655188924543,0.4669277370349076,1,1,0,0,0.4166666666666667,0.48333333333333334,0.7,0.0,0.0,0.0,0.0,0.0,0.0,0.4166666666666667,0.48333333333333334,0.7,0.4166666666666667,0.48333333333333334,0.7,0.4,0.45,0.8333333333333334,0.4166666666666667,0.48333333333333334,0.7,0.0,0.0,0.0
20260702,Energy,5,320,0.44415395398894997,0.44415395398894997,0.44415395398894997,0.44415395398894997,0.44415395398894997,0.44415395398894997,1,1,0,0,0.5333333333333333,0.5833333333333334,0.7333333333333333,0.0,0.0,0.0,0.0,0.0,0.0,0.5333333333333333,0.5833333333333334,0.7333333333333333,0.5333333333333333,0.5833333333333334,0.7333333333333333,0.3333333333333333,0.5333333333333333,0.65,0.5333333333333333,0.5833333333333334,0.7333333333333333,0.0,0.0,0.0
20260702,Energy,4,139,0.4382953656900502,0.44779414222125136,0.44779414222125136,0.4382953656900502,0.4382953656900502,0.44779414222125136,1,1,0,0,0.2,0.18333333333333332,0.4166666666666667,0.0,0.0,0.0,0.0,0.0,0.0,0.2,0.18333333333333332,0.4166666666666667,0.2,0.18333333333333332,0.4166666666666667,0.11666666666666667,0.43333333333333335,0.7166666666666667,0.2,0.18333333333333332,0.4166666666666667,0.0,0.0,0.0
20260702,Energy,5,396,0.4557819443357813,0.47807679709133005,0.47807679709133005,0.4557819443357813,0.4557819443357813,0.47807679709133005,1,1,0,0,0.23333333333333334,0.55,0.6833333333333333,0.0,0.0,0.0,0.0,0.0,0.0,0.23333333333333334,0.55,0.6833333333333333,0.23333333333333334,0.55,0.6833333333333333,0.6,0.9333333333333333,0.95,0.23333333333333334,0.55,0.6833333333333333,0.0,0.0,0.0
20260702,Energy,8,178,0.46499887856949534,0.45813082139153305,0.45813082139153305,0.46499887856949534,0.46499887856949534,0.45813082139153305,1,1,0,0,0.6,0.7166666666666667,0.7666666666666667,0.0,0.0,0.0,0.0,0.0,0.0,0.6,0.7166666666666667,0.7666666666666667,0.6,0.7166666666666667,0.7666666666666667,0.7833333333333333,0.8666666666666667,0.9333333333333333,0.6,0.7166666666666667,0.7666666666666667,0.0,0.0,0.0
20260702,Energy,5,73,0.4659363201066157,0.4659363201066157,0.4659363201066157,0.4659363201066157,0.4659363201066157,0.4659363201066157,1,1,0,0,0.016666666666666666,0.06666666666666667,0.16666666666666666,0.0,0.0,0.0,0.0,0.0,0.0,0.016666666666666666,0.06666666666666667,0.16666666666666666,0.016666666666666666,0.06666666666666667,0.16666666666666666,0.3333333333333333,0.48333333333333334,0.65,0.016666666666666666,0.06666666666666667,0.16666666666666666,0.0,0.0,0.0
20260702,Energy,6,171,0.4782108842383084,0.49165212361353655,0.49165212361353655,0.4782108842383084,0.4782108842383084,0.49165212361353655,1,1,0,0,0.0,0.1,0.31666666666666665,0.0,0.0,0.0,0.0,0.0,0.0,0.0,0.1,0.31666666666666665,0.0,0.1,0.31666666666666665,0.0,0.06666666666666667,0.43333333333333335,0.0,0.1,0.31666666666666665,0.0,0.0,0.0
20260702,Energy,8,124,0.46928534687919554,0.46928534687919554,0.46928534687919554,0.46928534687919554,0.46928534687919554,0.46928534687919554,1,1,0,0,0.23333333333333334,0.45,0.4666666666666667,0.0,0.0,0.0,0.0,0.0,0.0,0.23333333333333334,0.45,0.4666666666666667,0.23333333333333334,0.45,0.4666666666666667,0.2,0.38333333333333336,0.7,0.23333333333333334,0.45,0.4666666666666667,0.0,0.0,0.0
20260702,Energy,7,111,0.47182202224451225,0.47182202224451225,0.47182202224451225,0.47182202224451225,0.47182202224451225,0.47182202224451225,1,1,0,0,0.016666666666666666,0.38333333333333336,0.55,0.0,0.0,0.0,0.0,0.0,0.0,0.016666666666666666,0.38333333333333336,0.55,0.016666666666666666,0.38333333333333336,0.55,0.36666666666666664,0.6333333333333333,0.7,0.016666666666666666,0.38333333333333336,0.55,0.0,0.0,0.0
20260702,Energy,8,395,0.4684398018261927,0.45207774266488054,0.45207774266488054,0.4684398018261927,0.4684398018261927,0.45207774266488054,1,1,0,0,0.0,0.03333333333333333,0.11666666666666667,0.0,0.0,0.0,0.0,0.0,0.0,0.0,0.03333333333333333,0.11666666666666667,0.0,0.03333333333333333,0.11666666666666667,0.05,0.38333333333333336,0.7333333333333333,0.0,0.03333333333333333,0.11666666666666667,0.0,0.0,0.0
20260702,Energy,5,430,0.44970161008324355,0.44970161008324355,0.44970161008324355,0.44970161008324355,0.44970161008324355,0.44970161008324355,1,1,0,0,0.45,0.35,0.5333333333333333,0.0,0.0,0.0,0.0,0.0,0.0,0.45,0.35,0.5333333333333333,0.45,0.35,0.5333333333333333,0.016666666666666666,0.18333333333333332,0.5833333333333334,0.45,0.35,0.5333333333333333,0.0,0.0,0.0
20260702,Energy,7,116,0.4768112519691698,0.4768112519691698,0.4768112519691698,0.4768112519691698,0.4768112519691698,0.4768112519691698,1,1,0,0,0.18333333333333332,0.3,0.6,0.0,0.0,0.0,0.0,0.0,0.0,0.18333333333333332,0.3,0.6,0.18333333333333332,0.3,0.6,0.08333333333333333,0.48333333333333334,0.75,0.18333333333333332,0.3,0.6,0.0,0.0,0.0
20260702,Energy,8,326,0.4173578440086404,0.4571592369691569,0.4571592369691569,0.4173578440086404,0.4173578440086404,0.4571592369691569,1,1,0,0,0.5333333333333333,0.7333333333333333,0.85,0.0,0.0,0.0,0.0,0.0,0.0,0.5333333333333333,0.7333333333333333,0.85,0.5333333333333333,0.7333333333333333,0.85,0.2,0.23333333333333334,0.8,0.5333333333333333,0.7333333333333333,0.85,0.0,0.0,0.0
20260702,Energy,4,99,0.4679757703951167,0.4679757703951167,0.4679757703951167,0.4679757703951167,0.4679757703951167,0.4679757703951167,1,1,0,0,0.0,0.016666666666666666,0.18333333333333332,0.0,0.0,0.0,0.0,0.0,0.0,0.0,0.016666666666666666,0.18333333333333332,0.0,0.016666666666666666,0.18333333333333332,0.6,0.85,0.8333333333333334,0.0,0.016666666666666666,0.18333333333333332,0.0,0.0,0.0
20260702,Energy,8,236,0.43002059980861274,0.43002059980861274,0.43002059980861274,0.43002059980861274,0.43002059980861274,0.43002059980861274,1,1,0,0,0.6333333333333333,0.5833333333333334,0.6,0.0,0.0,0.0,0.0,0.0,0.0,0.6333333333333333,0.5833333333333334,0.6,0.6333333333333333,0.5833333333333334,0.6,0.08333333333333333,0.55,0.6833333333333333,0.6333333333333333,0.5833333333333334,0.6,0.0,0.0,0.0
20260702,Energy,6,83,0.5377650667692893,0.4863022056484244,0.4863022056484244,0.5377650667692893,0.5377650667692893,0.4863022056484244,1,1,0,0,0.6333333333333333,0.7333333333333333,0.8,0.0,0.0,0.0,0.0,0.0,0.0,0.6333333333333333,0.7333333333333333,0.8,0.6333333333333333,0.7333333333333333,0.8,0.0,0.06666666666666667,0.4666666666666667,0.6333333333333333,0.7333333333333333,0.8,0.0,0.0,0.0
20260702,Energy,5,109,0.5006014121388984,0.5700862922717622,0.5700862922717622,0.5006014121388984,0.5006014121388984,0.5700862922717622,1,1,0,0,0.0,0.15,0.2833333333333333,0.0,0.0,0.0,0.0,0.0,0.0,0.0,0.15,0.2833333333333333,0.0,0.15,0.2833333333333333,0.18333333333333332,0.4166666666666667,0.7833333333333333,0.0,0.15,0.2833333333333333,0.0,0.0,0.0
20260702,Energy,5,496,0.44449284530784416,0.4787227789264168,0.4787227789264168,0.44449284530784416,0.44449284530784416,0.4787227789264168,1,1,0,0,0.16666666666666666,0.43333333333333335,0.6166666666666667,0.0,0.0,0.0,0.0,0.0,0.0,0.16666666666666666,0.43333333333333335,0.6166666666666667,0.16666666666666666,0.43333333333333335,0.6166666666666667,0.6333333333333333,0.8,0.9333333333333333,0.16666666666666666,0.43333333333333335,0.6166666666666667,0.0,0.0,0.0
20260702,Energy,7,86,0.4564502968529098,0.4749947096031042,0.4749947096031042,0.4564502968529098,0.4564502968529098,0.4749947096031042,1,1,0,0,0.1,0.25,0.6166666666666667,0.0,0.0,0.0,0.0,0.0,0.0,0.1,0.25,0.6166666666666667,0.1,0.25,0.6166666666666667,0.0,0.15,0.6333333333333333,0.1,0.25,0.6166666666666667,0.0,0.0,0.0
20260702,Energy,4,171,0.4692687400303458,0.4692687400303458,0.4692687400303458,0.4692687400303458,0.4692687400303458,0.4692687400303458,1,1,0,0,0.016666666666666666,0.11666666666666667,0.4,0.0,0.0,0.0,0.0,0.0,0.0,0.016666666666666666,0.11666666666666667,0.4,0.016666666666666666,0.11666666666666667,0.4,0.5666666666666667,0.8,0.8166666666666667,0.016666666666666666,0.11666666666666667,0.4,0.0,0.0,0.0
20260702,Energy,6,403,0.43631321256203764,0.4367089909579759,0.4367089909579759,0.43631321256203764,0.43631321256203764,0.4367089909579759,1,1,0,0,0.03333333333333333,0.25,0.4666666666666667,0.0,0.0,0.0,0.0,0.0,0.0,0.03333333333333333,0.25,0.4666666666666667,0.03333333333333333,0.25,0.4666666666666667,0.0,0.06666666666666667,0.5833333333333334,0.03333333333333333,0.25,0.4666666666666667,0.0,0.0,0.0
20260702,Energy,5,221,0.4623737857769389,0.46760209680652826,0.46760209680652826,0.4623737857769389,0.4623737857769389,0.46760209680652826,1,1,0,0,0.4666666666666667,0.6666666666666666,0.6166666666666667,0.0,0.0,0.0,0.0,0.0,0.0,0.4666666666666667,0.6666666666666666,0.6166666666666667,0.4666666666666667,0.6666666666666666,0.6166666666666667,0.11666666666666667,0.4,0.8,0.4666666666666667,0.6666666666666666,0.6166666666666667,0.0,0.0,0.0
20260702,Energy,7,83,0.4657458801404941,0.4657458801404941,0.4657458801404941,0.4657458801404941,0.4657458801404941,0.4657458801404941,1,1,0,0,0.0,0.016666666666666666,0.11666666666666667,0.0,0.0,0.0,0.0,0.0,0.0,0.0,0.016666666666666666,0.11666666666666667,0.0,0.016666666666666666,0.11666666666666667,0.4,0.7833333333333333,0.9166666666666666,0.0,0.016666666666666666,0.11666666666666667,0.0,0.0,0.0
20260702,Energy,8,452,0.41423932560623306,0.42241105193627215,0.42241105193627215,0.41423932560623306,0.41423932560623306,0.42241105193627215,1,1,0,0,0.38333333333333336,0.7166666666666667,0.95,0.0,0.0,0.0,0.0,0.0,0.0,0.38333333333333336,0.7166666666666667,0.95,0.38333333333333336,0.7166666666666667,0.95,0.4,0.55,0.8666666666666667,0.38333333333333336,0.7166666666666667,0.95,0.0,0.0,0.0
20260702,Energy,4,288,0.44058063126575403,0.4627278636674016,0.4627278636674016,0.44058063126575403,0.44058063126575403,0.4627278636674016,1,1,0,0,0.48333333333333334,0.6666666666666666,0.9,0.0,0.0,0.0,0.0,0.0,0.0,0.48333333333333334,0.6666666666666666,0.9,0.48333333333333334,0.6666666666666666,0.9,0.15,0.45,0.7833333333333333,0.48333333333333334,0.6666666666666666,0.9,0.0,0.0,0.0
20260702,Energy,5,428,0.44612797356277717,0.44612797356277717,0.44612797356277717,0.44612797356277717,0.44612797356277717,0.44612797356277717,1,1,0,0,0.1,0.26666666666666666,0.5666666666666667,0.0,0.0,0.0,0.0,0.0,0.0,0.1,0.26666666666666666,0.5666666666666667,0.1,0.26666666666666666,0.5666666666666667,0.8166666666666667,0.85,0.9666666666666667,0.1,0.26666666666666666,0.5666666666666667,0.0,0.0,0.0
20260702,Energy,4,78,0.430910230290799,0.430910230290799,0.430910230290799,0.430910230290799,0.430910230290799,0.430910230290799,1,1,0,0,0.0,0.0,0.0,0.0,0.0,0.0,0.0,0.0,0.0,0.0,0.0,0.0,0.0,0.0,0.0,0.0,0.06666666666666667,0.36666666666666664,0.0,0.0,0.0,0.0,0.0,0.0
20260702,Energy,8,97,0.4968355848807703,0.4861906211262462,0.4861906211262462,0.4968355848807703,0.4968355848807703,0.4861906211262462,1,1,0,0,0.08333333333333333,0.35,0.35,0.0,0.0,0.0,0.0,0.0,0.0,0.08333333333333333,0.35,0.35,0.08333333333333333,0.35,0.35,0.06666666666666667,0.3333333333333333,0.65,0.08333333333333333,0.35,0.35,0.0,0.0,0.0
20260702,Energy,7,225,0.41971380334366015,0.4464485494140046,0.4464485494140046,0.41971380334366015,0.41971380334366015,0.4464485494140046,1,1,0,0,0.2833333333333333,0.26666666666666666,0.31666666666666665,0.0,0.0,0.0,0.0,0.0,0.0,0.2833333333333333,0.26666666666666666,0.31666666666666665,0.2833333333333333,0.26666666666666666,0.31666666666666665,0.3,0.55,0.7166666666666667,0.2833333333333333,0.26666666666666666,0.31666666666666665,0.0,0.0,0.0
20260702,Energy,6,339,0.4290440805317529,0.46461459042069003,0.46461459042069003,0.4290440805317529,0.4290440805317529,0.46461459042069003,1,1,0,0,0.03333333333333333,0.36666666666666664,0.7,0.0,0.0,0.0,0.0,0.0,0.0,0.03333333333333333,0.36666666666666664,0.7,0.03333333333333333,0.36666666666666664,0.7,0.7166666666666667,0.85,0.9333333333333333,0.03333333333333333,0.36666666666666664,0.7,0.0,0.0,0.0
20260702,Energy,6,395,0.46227054796330597,0.4617697992441046,0.4617697992441046,0.46227054796330597,0.46227054796330597,0.4617697992441046,1,1,0,0,0.5166666666666667,0.7333333333333333,0.8,0.0,0.0,0.0,0.0,0.0,0.0,0.5166666666666667,0.7333333333333333,0.8,0.5166666666666667,0.7333333333333333,0.8,0.0,0.11666666666666667,0.6,0.5166666666666667,0.7333333333333333,0.8,0.0,0.0,0.0
20260702,Energy,6,171,0.45441305870200954,0.4753534635434106,0.4753534635434106,0.45441305870200954,0.45441305870200954,0.4753534635434106,1,1,0,0,0.4666666666666667,0.7,0.8333333333333334,0.0,0.0,0.0,0.0,0.0,0.0,0.4666666666666667,0.7,0.8333333333333334,0.4666666666666667,0.7,0.8333333333333334,0.4166666666666667,0.4166666666666667,0.5333333333333333,0.4666666666666667,0.7,0.8333333333333334,0.0,0.0,0.0
20260702,Energy,5,155,0.458105724212094,0.47382538945082486,0.47382538945082486,0.458105724212094,0.458105724212094,0.47382538945082486,1,1,0,0,0.0,0.2,0.3333333333333333,0.0,0.0,0.0,0.0,0.0,0.0,0.0,0.2,0.3333333333333333,0.0,0.2,0.3333333333333333,0.4166666666666667,0.6666666666666666,0.8666666666666667,0.0,0.2,0.3333333333333333,0.0,0.0,0.0
20260702,Energy,5,235,0.461293871769513,0.461293871769513,0.461293871769513,0.461293871769513,0.461293871769513,0.461293871769513,1,1,0,0,0.5,0.8,0.7833333333333333,0.0,0.0,0.0,0.0,0.0,0.0,0.5,0.8,0.7833333333333333,0.5,0.8,0.7833333333333333,0.5666666666666667,0.4666666666666667,0.7333333333333333,0.5,0.8,0.7833333333333333,0.0,0.0,0.0
20260702,Energy,8,101,0.4905789091369808,0.5684170283794396,0.5684170283794396,0.4905789091369808,0.4905789091369808,0.5684170283794396,1,1,0,0,0.0,0.0,0.08333333333333333,0.0,0.0,0.0,0.0,0.0,0.0,0.0,0.0,0.08333333333333333,0.0,0.0,0.08333333333333333,0.7333333333333333,0.7333333333333333,0.9333333333333333,0.0,0.0,0.08333333333333333,0.0,0.0,0.0
20260702,Energy,4,434,0.4413452340432183,0.4413452340432183,0.4413452340432183,0.4413452340432183,0.4413452340432183,0.4413452340432183,1,1,0,0,0.0,0.05,0.15,0.0,0.0,0.0,0.0,0.0,0.0,0.0,0.05,0.15,0.0,0.05,0.15,0.5333333333333333,0.4666666666666667,0.75,0.0,0.05,0.15,0.0,0.0,0.0
20260702,Energy,6,283,0.4158945470315739,0.4321384727049948,0.4321384727049948,0.4158945470315739,0.4158945470315739,0.4321384727049948,1,1,0,0,0.016666666666666666,0.2833333333333333,0.36666666666666664,0.0,0.0,0.0,0.0,0.0,0.0,0.016666666666666666,0.2833333333333333,0.36666666666666664,0.016666666666666666,0.2833333333333333,0.36666666666666664,0.06666666666666667,0.2833333333333333,0.75,0.016666666666666666,0.2833333333333333,0.36666666666666664,0.0,0.0,0.0
20260702,Energy,7,68,0.46929399386765996,0.46929399386765996,0.46929399386765996,0.46929399386765996,0.46929399386765996,0.46929399386765996,1,1,0,0,0.0,0.0,0.03333333333333333,0.0,0.0,0.0,0.0,0.0,0.0,0.0,0.0,0.03333333333333333,0.0,0.0,0.03333333333333333,0.08333333333333333,0.3,0.6,0.0,0.0,0.03333333333333333,0.0,0.0,0.0
20260702,Energy,4,123,0.46549401146329594,0.46549401146329594,0.46549401146329594,0.46549401146329594,0.46549401146329594,0.46549401146329594,1,1,0,0,0.0,0.03333333333333333,0.08333333333333333,0.0,0.0,0.0,0.0,0.0,0.0,0.0,0.03333333333333333,0.08333333333333333,0.0,0.03333333333333333,0.08333333333333333,0.21666666666666667,0.48333333333333334,0.6333333333333333,0.0,0.03333333333333333,0.08333333333333333,0.0,0.0,0.0
20260702,Energy,8,246,0.4647681517640527,0.4873389713334126,0.4873389713334126,0.4647681517640527,0.4647681517640527,0.4873389713334126,1,1,0,0,0.15,0.3333333333333333,0.75,0.0,0.0,0.0,0.0,0.0,0.0,0.15,0.3333333333333333,0.75,0.15,0.3333333333333333,0.75,0.4666666666666667,0.7166666666666667,0.95,0.15,0.3333333333333333,0.75,0.0,0.0,0.0
20260702,Energy,8,224,0.4329746991584516,0.4415868515639403,0.4415868515639403,0.4329746991584516,0.4329746991584516,0.4415868515639403,1,1,0,0,0.2833333333333333,0.7,0.85,0.0,0.0,0.0,0.0,0.0,0.0,0.2833333333333333,0.7,0.85,0.2833333333333333,0.7,0.85,0.9166666666666666,0.9166666666666666,0.95,0.2833333333333333,0.7,0.85,0.0,0.0,0.0
20260702,Energy,7,360,0.43150171581669994,0.45353344205785884,0.45353344205785884,0.43150171581669994,0.43150171581669994,0.45353344205785884,1,1,0,0,0.0,0.2,0.38333333333333336,0.0,0.0,0.0,0.0,0.0,0.0,0.0,0.2,0.38333333333333336,0.0,0.2,0.38333333333333336,0.35,0.6166666666666667,0.65,0.0,0.2,0.38333333333333336,0.0,0.0,0.0
20260702,Energy,4,468,0.44175249490267426,0.4838619006473684,0.4838619006473684,0.44175249490267426,0.44175249490267426,0.4838619006473684,1,1,0,0,0.0,0.0,0.15,0.0,0.0,0.0,0.0,0.0,0.0,0.0,0.0,0.15,0.0,0.0,0.15,0.45,0.6833333333333333,0.9666666666666667,0.0,0.0,0.15,0.0,0.0,0.0
20260702,Energy,6,76,0.45595507360929444,0.5007421337541056,0.5007421337541056,0.45595507360929444,0.45595507360929444,0.5007421337541056,1,1,0,0,0.0,0.0,0.08333333333333333,0.0,0.0,0.0,0.0,0.0,0.0,0.0,0.0,0.08333333333333333,0.0,0.0,0.08333333333333333,0.2833333333333333,0.5833333333333334,0.7833333333333333,0.0,0.0,0.08333333333333333,0.0,0.0,0.0
20260702,Energy,8,350,0.42391017638222345,0.43112954530219566,0.43112954530219566,0.42391017638222345,0.42391017638222345,0.43112954530219566,1,1,0,0,0.4666666666666667,0.55,0.65,0.0,0.0,0.0,0.0,0.0,0.0,0.4666666666666667,0.55,0.65,0.4666666666666667,0.55,0.65,0.5,0.55,0.7666666666666667,0.4666666666666667,0.55,0.65,0.0,0.0,0.0
20260702,Energy,7,404,0.4305014528216849,0.4305014528216849,0.4305014528216849,0.4305014528216849,0.4305014528216849,0.4305014528216849,1,1,0,0,0.05,0.11666666666666667,0.4,0.0,0.0,0.0,0.0,0.0,0.0,0.05,0.11666666666666667,0.4,0.05,0.11666666666666667,0.4,0.06666666666666667,0.2833333333333333,0.6666666666666666,0.05,0.11666666666666667,0.4,0.0,0.0,0.0
20260702,Concrete,8,84,0.4588591738868331,0.4588591738868331,0.4588591738868331,0.4588591738868331,0.4588591738868331,0.4588591738868331,1,1,0,0,0.0,0.0,0.0,0.0,0.0,0.0,0.0,0.0,0.0,0.0,0.0,0.0,0.0,0.0,0.0,0.3,0.21666666666666667,0.48333333333333334,0.0,0.0,0.0,0.0,0.0,0.0
20260702,Concrete,8,487,0.41950791848408275,0.4217863022318506,0.4217863022318506,0.41950791848408275,0.41950791848408275,0.4217863022318506,1,1,0,0,0.5666666666666667,0.5833333333333334,0.85,0.0,0.0,0.0,0.0,0.0,0.0,0.5666666666666667,0.5833333333333334,0.85,0.5666666666666667,0.5833333333333334,0.85,0.06666666666666667,0.48333333333333334,0.75,0.5666666666666667,0.5833333333333334,0.85,0.0,0.0,0.0
20260702,Concrete,5,321,0.44019291230184143,0.44019291230184143,0.44019291230184143,0.44019291230184143,0.44019291230184143,0.44019291230184143,1,1,0,0,0.1,0.3,0.5,0.0,0.0,0.0,0.0,0.0,0.0,0.1,0.3,0.5,0.1,0.3,0.5,0.4666666666666667,0.6333333333333333,0.85,0.1,0.3,0.5,0.0,0.0,0.0
20260702,Concrete,7,366,0.4482469121928739,0.48440376379435857,0.48440376379435857,0.4482469121928739,0.4482469121928739,0.48440376379435857,1,1,0,0,0.7166666666666667,0.8,0.85,0.0,0.0,0.0,0.0,0.0,0.0,0.7166666666666667,0.8,0.85,0.7166666666666667,0.8,0.85,0.5166666666666667,0.7666666666666667,0.9333333333333333,0.7166666666666667,0.8,0.85,0.0,0.0,0.0
20260702,Concrete,8,378,0.44019754134754513,0.43072762643863755,0.43072762643863755,0.44019754134754513,0.44019754134754513,0.43072762643863755,1,1,0,0,0.85,0.8833333333333333,0.9333333333333333,0.0,0.0,0.0,0.0,0.0,0.0,0.85,0.8833333333333333,0.9333333333333333,0.85,0.8833333333333333,0.9333333333333333,0.0,0.4,0.65,0.85,0.8833333333333333,0.9333333333333333,0.0,0.0,0.0
20260702,Concrete,7,198,0.4172764807294648,0.45762558840786627,0.45762558840786627,0.4172764807294648,0.4172764807294648,0.45762558840786627,1,1,0,0,0.3,0.38333333333333336,0.43333333333333335,0.0,0.0,0.0,0.0,0.0,0.0,0.3,0.38333333333333336,0.43333333333333335,0.3,0.38333333333333336,0.43333333333333335,0.45,0.6,0.8333333333333334,0.3,0.38333333333333336,0.43333333333333335,0.0,0.0,0.0
20260702,Concrete,7,186,0.47087787878440773,0.47087787878440773,0.47087787878440773,0.47087787878440773,0.47087787878440773,0.47087787878440773,1,1,0,0,0.0,0.016666666666666666,0.23333333333333334,0.0,0.0,0.0,0.0,0.0,0.0,0.0,0.016666666666666666,0.23333333333333334,0.0,0.016666666666666666,0.23333333333333334,0.3333333333333333,0.6333333333333333,0.9333333333333333,0.0,0.016666666666666666,0.23333333333333334,0.0,0.0,0.0
20260702,Concrete,5,439,0.4662299474122128,0.4487969497495763,0.4487969497495763,0.4662299474122128,0.4662299474122128,0.4487969497495763,1,1,0,0,0.16666666666666666,0.36666666666666664,0.55,0.0,0.0,0.0,0.0,0.0,0.0,0.16666666666666666,0.36666666666666664,0.55,0.16666666666666666,0.36666666666666664,0.55,0.03333333333333333,0.3333333333333333,0.65,0.16666666666666666,0.36666666666666664,0.55,0.0,0.0,0.0
20260702,Concrete,7,435,0.44285300394953886,0.47766274902750394,0.47766274902750394,0.44285300394953886,0.44285300394953886,0.47766274902750394,1,1,0,0,0.26666666666666666,0.5166666666666667,0.5833333333333334,0.0,0.0,0.0,0.0,0.0,0.0,0.26666666666666666,0.5166666666666667,0.5833333333333334,0.26666666666666666,0.5166666666666667,0.5833333333333334,0.5,0.8333333333333334,0.9833333333333333,0.26666666666666666,0.5166666666666667,0.5833333333333334,0.0,0.0,0.0
20260702,Concrete,7,485,0.43310630388189086,0.46055269271613,0.46055269271613,0.43310630388189086,0.43310630388189086,0.46055269271613,1,1,0,0,0.2,0.48333333333333334,0.6,0.0,0.0,0.0,0.0,0.0,0.0,0.2,0.48333333333333334,0.6,0.2,0.48333333333333334,0.6,0.6166666666666667,0.6,0.85,0.2,0.48333333333333334,0.6,0.0,0.0,0.0
20260702,Concrete,6,107,0.5050772561080594,0.5050772561080594,0.5050772561080594,0.5050772561080594,0.5050772561080594,0.5050772561080594,1,1,0,0,0.4,0.5166666666666667,0.43333333333333335,0.0,0.0,0.0,0.0,0.0,0.0,0.4,0.5166666666666667,0.43333333333333335,0.4,0.5166666666666667,0.43333333333333335,0.8333333333333334,0.9333333333333333,0.95,0.4,0.5166666666666667,0.43333333333333335,0.0,0.0,0.0
20260702,Concrete,6,189,0.4404788448708908,0.4801802396274714,0.4801802396274714,0.4404788448708908,0.4404788448708908,0.4801802396274714,1,1,0,0,0.0,0.08333333333333333,0.25,0.0,0.0,0.0,0.0,0.0,0.0,0.0,0.08333333333333333,0.25,0.0,0.08333333333333333,0.25,0.8,0.8666666666666667,0.9,0.0,0.08333333333333333,0.25,0.0,0.0,0.0
20260702,Concrete,6,241,0.46910733871588906,0.44408237675581647,0.44408237675581647,0.46910733871588906,0.46910733871588906,0.44408237675581647,1,1,0,0,0.35,0.5833333333333334,0.7333333333333333,0.0,0.0,0.0,0.0,0.0,0.0,0.35,0.5833333333333334,0.7333333333333333,0.35,0.5833333333333334,0.7333333333333333,0.3333333333333333,0.5333333333333333,0.7333333333333333,0.35,0.5833333333333334,0.7333333333333333,0.0,0.0,0.0
20260702,Concrete,7,427,0.4367083745824863,0.42918951897004687,0.42918951897004687,0.4367083745824863,0.4367083745824863,0.42918951897004687,1,1,0,0,0.25,0.5333333333333333,0.7333333333333333,0.0,0.0,0.0,0.0,0.0,0.0,0.25,0.5333333333333333,0.7333333333333333,0.25,0.5333333333333333,0.7333333333333333,0.06666666666666667,0.31666666666666665,0.6833333333333333,0.25,0.5333333333333333,0.7333333333333333,0.0,0.0,0.0
20260702,Concrete,6,269,0.42263492442218664,0.4400176821210037,0.4400176821210037,0.42263492442218664,0.42263492442218664,0.4400176821210037,1,1,0,0,0.4166666666666667,0.15,0.3,0.0,0.0,0.0,0.0,0.0,0.0,0.4166666666666667,0.15,0.2833333333333333,0.4166666666666667,0.15,0.3,0.5666666666666667,0.7666666666666667,0.7,0.4166666666666667,0.15,0.3,0.0,0.0,0.0
20260702,Concrete,6,92,0.4133525401742675,0.45419792226000777,0.45419792226000777,0.4133525401742675,0.4133525401742675,0.45419792226000777,1,1,0,0,0.0,0.016666666666666666,0.18333333333333332,0.0,0.0,0.0,0.0,0.0,0.0,0.0,0.016666666666666666,0.18333333333333332,0.0,0.016666666666666666,0.18333333333333332,0.31666666666666665,0.35,0.6166666666666667,0.0,0.016666666666666666,0.18333333333333332,0.0,0.0,0.0
20260702,Concrete,8,203,0.4675487556625255,0.4675487556625255,0.4675487556625255,0.4675487556625255,0.4675487556625255,0.4675487556625255,1,1,0,0,0.3,0.5166666666666667,0.7833333333333333,0.0,0.0,0.0,0.0,0.0,0.0,0.3,0.5166666666666667,0.7833333333333333,0.3,0.5166666666666667,0.7833333333333333,0.1,0.5,0.75,0.3,0.5166666666666667,0.7833333333333333,0.0,0.0,0.0
20260702,Concrete,6,111,0.47006007313054216,0.4576346878044405,0.4576346878044405,0.47006007313054216,0.47006007313054216,0.4576346878044405,1,1,0,0,0.03333333333333333,0.3,0.4,0.0,0.0,0.0,0.0,0.0,0.0,0.03333333333333333,0.3,0.4,0.03333333333333333,0.3,0.4,0.016666666666666666,0.16666666666666666,0.38333333333333336,0.03333333333333333,0.3,0.4,0.0,0.0,0.0
20260702,Concrete,8,130,0.4609083542272801,0.45774947721105314,0.45774947721105314,0.4609083542272801,0.4609083542272801,0.45774947721105314,1,1,0,0,0.35,0.65,0.7666666666666667,0.0,0.0,0.0,0.0,0.0,0.0,0.35,0.65,0.7666666666666667,0.35,0.65,0.7666666666666667,0.0,0.13333333333333333,0.5333333333333333,0.35,0.65,0.7666666666666667,0.0,0.0,0.0
20260702,Concrete,5,435,0.4362948770635405,0.4362948770635405,0.4362948770635405,0.4362948770635405,0.4362948770635405,0.4362948770635405,1,1,0,0,0.06666666666666667,0.21666666666666667,0.5166666666666667,0.0,0.0,0.0,0.0,0.0,0.0,0.06666666666666667,0.21666666666666667,0.5166666666666667,0.06666666666666667,0.21666666666666667,0.5166666666666667,0.11666666666666667,0.2833333333333333,0.85,0.06666666666666667,0.21666666666666667,0.5166666666666667,0.0,0.0,0.0
20260702,Concrete,4,61,0.4809198641756404,0.4809198641756404,0.4809198641756404,0.4809198641756404,0.4809198641756404,0.4809198641756404,1,1,0,0,0.06666666666666667,0.11666666666666667,0.15,0.0,0.0,0.0,0.0,0.0,0.0,0.06666666666666667,0.11666666666666667,0.15,0.06666666666666667,0.11666666666666667,0.15,0.3,0.5166666666666667,0.65,0.06666666666666667,0.11666666666666667,0.15,0.0,0.0,0.0
20260702,Concrete,4,227,0.4787634064609503,0.4787634064609503,0.4787634064609503,0.4787634064609503,0.4787634064609503,0.4787634064609503,1,1,0,0,0.1,0.26666666666666666,0.55,0.0,0.0,0.0,0.0,0.0,0.0,0.1,0.26666666666666666,0.55,0.1,0.26666666666666666,0.55,0.06666666666666667,0.55,0.9,0.1,0.26666666666666666,0.55,0.0,0.0,0.0
20260702,Concrete,8,230,0.4599911355007629,0.4521067338274661,0.4521067338274661,0.4599911355007629,0.4599911355007629,0.4521067338274661,1,1,0,0,0.11666666666666667,0.23333333333333334,0.6833333333333333,0.0,0.0,0.0,0.0,0.0,0.0,0.11666666666666667,0.23333333333333334,0.6833333333333333,0.11666666666666667,0.23333333333333334,0.6833333333333333,0.5,0.7333333333333333,0.8833333333333333,0.11666666666666667,0.23333333333333334,0.6833333333333333,0.0,0.0,0.0
20260702,Concrete,5,109,0.4362134099657858,0.4362134099657858,0.4362134099657858,0.4362134099657858,0.4362134099657858,0.4362134099657858,1,1,0,0,0.08333333333333333,0.26666666666666666,0.4666666666666667,0.0,0.0,0.0,0.0,0.0,0.0,0.08333333333333333,0.26666666666666666,0.4666666666666667,0.08333333333333333,0.26666666666666666,0.4666666666666667,0.0,0.0,0.25,0.08333333333333333,0.26666666666666666,0.4666666666666667,0.0,0.0,0.0
20260702,Concrete,5,64,0.4552541790385751,0.481117394740057,0.481117394740057,0.4552541790385751,0.4552541790385751,0.481117394740057,1,1,0,0,0.0,0.11666666666666667,0.4,0.0,0.0,0.0,0.0,0.0,0.0,0.0,0.11666666666666667,0.4,0.0,0.11666666666666667,0.4,0.0,0.23333333333333334,0.43333333333333335,0.0,0.11666666666666667,0.4,0.0,0.0,0.0
20260702,Concrete,7,478,0.4538417269244956,0.457002991914894,0.457002991914894,0.4538417269244956,0.4538417269244956,0.457002991914894,1,1,0,0,0.21666666666666667,0.4666666666666667,0.7833333333333333,0.0,0.0,0.0,0.0,0.0,0.0,0.21666666666666667,0.4666666666666667,0.7833333333333333,0.21666666666666667,0.4666666666666667,0.7833333333333333,0.1,0.36666666666666664,0.8,0.21666666666666667,0.4666666666666667,0.7833333333333333,0.0,0.0,0.0
20260702,Concrete,7,499,0.4310353661322456,0.44341523915085096,0.44341523915085096,0.4310353661322456,0.4310353661322456,0.44341523915085096,1,1,0,0,0.016666666666666666,0.13333333333333333,0.43333333333333335,0.0,0.0,0.0,0.0,0.0,0.0,0.016666666666666666,0.13333333333333333,0.43333333333333335,0.016666666666666666,0.13333333333333333,0.43333333333333335,0.35,0.48333333333333334,0.8666666666666667,0.016666666666666666,0.13333333333333333,0.43333333333333335,0.0,0.0,0.0
20260702,Concrete,4,200,0.45920115201569367,0.47351779807184435,0.47351779807184435,0.45920115201569367,0.45920115201569367,0.47351779807184435,1,1,0,0,0.21666666666666667,0.3333333333333333,0.55,0.0,0.0,0.0,0.0,0.0,0.0,0.21666666666666667,0.3333333333333333,0.55,0.21666666666666667,0.3333333333333333,0.55,0.15,0.4166666666666667,0.5833333333333334,0.21666666666666667,0.3333333333333333,0.55,0.0,0.0,0.0
20260702,Concrete,5,403,0.4629708132314633,0.45570404751312654,0.45570404751312654,0.4629708132314633,0.4629708132314633,0.45570404751312654,1,1,0,0,0.5833333333333334,0.7666666666666667,0.8333333333333334,0.0,0.0,0.0,0.0,0.0,0.0,0.5833333333333334,0.7666666666666667,0.8333333333333334,0.5833333333333334,0.7666666666666667,0.8333333333333334,0.08333333333333333,0.35,0.7666666666666667,0.5833333333333334,0.7666666666666667,0.8333333333333334,0.0,0.0,0.0
20260702,Concrete,6,235,0.45343801736374173,0.4599573742586944,0.4599573742586944,0.45343801736374173,0.45343801736374173,0.4599573742586944,1,1,0,0,0.0,0.08333333333333333,0.36666666666666664,0.0,0.0,0.0,0.0,0.0,0.0,0.0,0.08333333333333333,0.36666666666666664,0.0,0.08333333333333333,0.36666666666666664,0.3,0.48333333333333334,0.75,0.0,0.08333333333333333,0.36666666666666664,0.0,0.0,0.0
20260702,Concrete,7,141,0.46664575188537805,0.4716895605439256,0.4716895605439256,0.46664575188537805,0.46664575188537805,0.4716895605439256,1,1,0,0,0.21666666666666667,0.31666666666666665,0.2833333333333333,0.0,0.0,0.0,0.0,0.0,0.0,0.21666666666666667,0.31666666666666665,0.2833333333333333,0.21666666666666667,0.31666666666666665,0.2833333333333333,0.08333333333333333,0.26666666666666666,0.8166666666666667,0.21666666666666667,0.31666666666666665,0.2833333333333333,0.0,0.0,0.0
20260702,Concrete,8,396,0.450533263186664,0.4781973557041353,0.4781973557041353,0.450533263186664,0.450533263186664,0.4781973557041353,1,1,0,0,0.1,0.43333333333333335,0.5666666666666667,0.0,0.0,0.0,0.0,0.0,0.0,0.1,0.43333333333333335,0.5666666666666667,0.1,0.43333333333333335,0.5666666666666667,0.6333333333333333,0.8,0.9,0.1,0.43333333333333335,0.5666666666666667,0.0,0.0,0.0
20260702,Concrete,5,180,0.46780630886148794,0.48030832387175004,0.48030832387175004,0.46780630886148794,0.46780630886148794,0.48030832387175004,1,1,0,0,0.016666666666666666,0.16666666666666666,0.4,0.0,0.0,0.0,0.0,0.0,0.0,0.016666666666666666,0.16666666666666666,0.4,0.016666666666666666,0.16666666666666666,0.4,0.5833333333333334,0.6666666666666666,0.7666666666666667,0.016666666666666666,0.16666666666666666,0.4,0.0,0.0,0.0
20260702,Concrete,6,141,0.4321091943655188,0.4321091943655188,0.4321091943655188,0.4321091943655188,0.4321091943655188,0.4321091943655188,1,1,0,0,0.0,0.0,0.05,0.0,0.0,0.0,0.0,0.0,0.0,0.0,0.0,0.05,0.0,0.0,0.05,0.43333333333333335,0.5666666666666667,0.7833333333333333,0.0,0.0,0.05,0.0,0.0,0.0
20260702,Concrete,5,113,0.46430813380088604,0.46430813380088604,0.46430813380088604,0.46430813380088604,0.46430813380088604,0.46430813380088604,1,1,0,0,0.0,0.0,0.0,0.0,0.0,0.0,0.0,0.0,0.0,0.0,0.0,0.0,0.0,0.0,0.0,0.06666666666666667,0.36666666666666664,0.5,0.0,0.0,0.0,0.0,0.0,0.0
20260702,Concrete,7,219,0.47796277148640665,0.46895330232193577,0.46895330232193577,0.47796277148640665,0.47796277148640665,0.46895330232193577,1,1,0,0,0.15,0.36666666666666664,0.5833333333333334,0.0,0.0,0.0,0.0,0.0,0.0,0.15,0.36666666666666664,0.5833333333333334,0.15,0.36666666666666664,0.5833333333333334,0.06666666666666667,0.38333333333333336,0.7,0.15,0.36666666666666664,0.5833333333333334,0.0,0.0,0.0
20260702,Concrete,7,142,0.4664837479840488,0.49461998279432057,0.49461998279432057,0.4664837479840488,0.4664837479840488,0.49461998279432057,1,1,0,0,0.45,0.6666666666666666,0.6666666666666666,0.0,0.0,0.0,0.0,0.0,0.0,0.45,0.6666666666666666,0.6666666666666666,0.45,0.6666666666666666,0.6666666666666666,0.48333333333333334,0.6166666666666667,0.8333333333333334,0.45,0.6666666666666666,0.6666666666666666,0.0,0.0,0.0
20260702,Concrete,7,475,0.4300047011120841,0.4519193861742106,0.4519193861742106,0.4300047011120841,0.4300047011120841,0.4519193861742106,1,1,0,0,0.016666666666666666,0.16666666666666666,0.5833333333333334,0.0,0.0,0.0,0.0,0.0,0.0,0.016666666666666666,0.16666666666666666,0.5833333333333334,0.016666666666666666,0.16666666666666666,0.5833333333333334,0.23333333333333334,0.4,0.8166666666666667,0.016666666666666666,0.16666666666666666,0.5833333333333334,0.0,0.0,0.0
20260702,Concrete,7,155,0.437158300570317,0.437158300570317,0.437158300570317,0.437158300570317,0.437158300570317,0.437158300570317,1,1,0,0,0.0,0.0,0.1,0.0,0.0,0.0,0.0,0.0,0.0,0.0,0.0,0.1,0.0,0.0,0.1,0.2833333333333333,0.43333333333333335,0.5666666666666667,0.0,0.0,0.1,0.0,0.0,0.0
20260702,Concrete,7,80,0.5046507764520585,0.5046507764520585,0.5046507764520585,0.5046507764520585,0.5046507764520585,0.5046507764520585,1,1,0,0,0.05,0.21666666666666667,0.31666666666666665,0.0,0.0,0.0,0.0,0.0,0.0,0.05,0.21666666666666667,0.31666666666666665,0.05,0.21666666666666667,0.31666666666666665,0.1,0.4166666666666667,0.65,0.05,0.21666666666666667,0.31666666666666665,0.0,0.0,0.0
20260702,Concrete,7,492,0.44678250982397305,0.4409306201719246,0.4409306201719246,0.44678250982397305,0.44678250982397305,0.4409306201719246,1,1,0,0,0.5,0.8,0.9166666666666666,0.0,0.0,0.0,0.0,0.0,0.0,0.5,0.8,0.9166666666666666,0.5,0.8,0.9166666666666666,0.15,0.65,0.9,0.5,0.8,0.9166666666666666,0.0,0.0,0.0
20260702,Concrete,5,86,0.4634644603831997,0.48235896067611445,0.48235896067611445,0.4634644603831997,0.4634644603831997,0.48235896067611445,1,1,0,0,0.23333333333333334,0.31666666666666665,0.6,0.0,0.0,0.0,0.0,0.0,0.0,0.23333333333333334,0.31666666666666665,0.6,0.23333333333333334,0.31666666666666665,0.6,0.0,0.13333333333333333,0.5166666666666667,0.23333333333333334,0.31666666666666665,0.6,0.0,0.0,0.0
20260702,Concrete,5,256,0.4314368747634942,0.4314368747634942,0.4314368747634942,0.4314368747634942,0.4314368747634942,0.4314368747634942,1,1,0,0,0.0,0.06666666666666667,0.15,0.0,0.0,0.0,0.0,0.0,0.0,0.0,0.06666666666666667,0.15,0.0,0.06666666666666667,0.15,0.43333333333333335,0.45,0.7,0.0,0.06666666666666667,0.15,0.0,0.0,0.0
20260702,Concrete,4,63,0.46016265903617665,0.46016265903617665,0.46016265903617665,0.46016265903617665,0.46016265903617665,0.46016265903617665,1,1,0,0,0.0,0.0,0.06666666666666667,0.0,0.0,0.0,0.0,0.0,0.0,0.0,0.0,0.06666666666666667,0.0,0.0,0.06666666666666667,0.0,0.016666666666666666,0.6,0.0,0.0,0.06666666666666667,0.0,0.0,0.0
20260702,Concrete,7,210,0.4636495163902106,0.46164345448416844,0.46164345448416844,0.4636495163902106,0.4636495163902106,0.46164345448416844,1,1,0,0,0.5833333333333334,0.75,0.8833333333333333,0.0,0.0,0.0,0.0,0.0,0.0,0.5833333333333334,0.75,0.8833333333333333,0.5833333333333334,0.75,0.8833333333333333,0.23333333333333334,0.48333333333333334,0.7833333333333333,0.5833333333333334,0.75,0.8833333333333333,0.0,0.0,0.0
20260702,Concrete,6,218,0.4676009504823586,0.49117675169797487,0.49117675169797487,0.4676009504823586,0.4676009504823586,0.49117675169797487,1,1,0,0,0.18333333333333332,0.5166666666666667,0.6833333333333333,0.0,0.0,0.0,0.0,0.0,0.0,0.18333333333333332,0.5166666666666667,0.6833333333333333,0.18333333333333332,0.5166666666666667,0.6833333333333333,0.31666666666666665,0.5333333333333333,0.7666666666666667,0.18333333333333332,0.5166666666666667,0.6833333333333333,0.0,0.0,0.0
20260702,Concrete,8,417,0.44333317406565154,0.4761054797725842,0.4761054797725842,0.44333317406565154,0.44333317406565154,0.4761054797725842,1,1,0,0,0.26666666666666666,0.5833333333333334,0.6333333333333333,0.0,0.0,0.0,0.0,0.0,0.0,0.26666666666666666,0.5833333333333334,0.6333333333333333,0.26666666666666666,0.5833333333333334,0.6333333333333333,0.5833333333333334,0.7666666666666667,0.9166666666666666,0.26666666666666666,0.5833333333333334,0.6333333333333333,0.0,0.0,0.0
20260702,Concrete,7,494,0.46099531458142595,0.44399592405795757,0.44399592405795757,0.46099531458142595,0.46099531458142595,0.44399592405795757,1,1,0,0,0.75,0.85,0.85,0.0,0.0,0.0,0.0,0.0,0.0,0.75,0.85,0.85,0.75,0.85,0.85,0.08333333333333333,0.3333333333333333,0.7,0.75,0.85,0.85,0.0,0.0,0.0
20260702,Concrete,6,421,0.41781103329107594,0.42538820541174016,0.42538820541174016,0.41781103329107594,0.41781103329107594,0.42538820541174016,1,1,0,0,0.23333333333333334,0.16666666666666666,0.4166666666666667,0.0,0.0,0.0,0.0,0.0,0.0,0.23333333333333334,0.16666666666666666,0.4166666666666667,0.23333333333333334,0.16666666666666666,0.4166666666666667,0.08333333333333333,0.5666666666666667,0.7833333333333333,0.23333333333333334,0.16666666666666666,0.4166666666666667,0.0,0.0,0.0
20260702,Concrete,4,318,0.4432147394677305,0.47630126477509555,0.47630126477509555,0.4432147394677305,0.4432147394677305,0.47630126477509555,1,1,0,0,0.43333333333333335,0.43333333333333335,0.5,0.0,0.0,0.0,0.0,0.0,0.0,0.43333333333333335,0.43333333333333335,0.5,0.43333333333333335,0.43333333333333335,0.5,0.35,0.5166666666666667,0.7833333333333333,0.43333333333333335,0.43333333333333335,0.5,0.0,0.0,0.0
