seed,family,m,N,tail_lexpr,tail_lexpr1,tail_asf1,tail_asfk,tail_mmrk,tail_raw,agree_lexpr_asfk,agree_lexpr_mmrk,tied_lexpr,tied_lexpr1,flip_lexpr_0.05,flip_lexpr_0.10,flip_lexpr_0.20,flip_lexpr1_0.05,flip_lexpr1_0.10,flip_lexpr1_0.20,flip_asf1_0.05,flip_asf1_0.10,flip_asf1_0.20,flip_asfk_0.05,flip_asfk_0.10,flip_asfk_0.20,flip_mmrk_0.05,flip_mmrk_0.10,flip_mmrk_0.20,flip_raw_0.05,flip_raw_0.10,flip_raw_0.20,classflip_lexpr_0.05,classflip_lexpr_0.10,classflip_lexpr_0.20,classflip_lexpr1_0.05,classflip_lexpr1_0.10,classflip_lexpr1_0.20
20260704,Knapsack,3,225,0.9224308156289739,0.8417431051309872,0.8413044566656391,0.9224308156289739,0.9224308156289739,0.8413044566656391,1,1,0,0,0.016666666666666666,0.13333333333333333,0.3333333333333333,0.0,0.0,0.0,0.0,0.0,0.0,0.016666666666666666,0.13333333333333333,0.3333333333333333,0.016666666666666666,0.13333333333333333,0.3333333333333333,0.8166666666666667,0.95,0.9833333333333333,0.016666666666666666,0.13333333333333333,0.3333333333333333,0.0,0.0,0.0
20260704,Knapsack,3,68,0.8996100482418595,0.8477048071708857,0.8477048071708857,0.8996100482418595,0.8996100482418595,0.8477048071708857,1,1,0,0,0.21666666666666667,0.35,0.5,0.0,0.0,0.0,0.0,0.0,0.0,0.21666666666666667,0.35,0.5,0.21666666666666667,0.35,0.5,0.6,0.7833333333333333,0.9833333333333333,0.21666666666666667,0.35,0.5,0.0,0.0,0.0
20260704,Knapsack,4,252,0.8641273125614907,0.7929182886048783,0.7929182886048783,0.8641273125614907,0.8641273125614907,0.7929182886048783,1,1,0,0,0.1,0.25,0.4,0.0,0.0,0.0,0.0,0.0,0.0,0.1,0.25,0.4,0.1,0.25,0.4,0.7333333333333333,0.85,0.9833333333333333,0.1,0.25,0.4,0.0,0.0,0.0
20260704,Knapsack,3,204,0.9195629951514565,0.8538655469413144,0.8538655469413144,0.9195629951514565,0.9195629951514565,0.8538655469413144,1,1,0,0,0.0,0.2,0.4,0.0,0.0,0.0,0.0,0.0,0.0,0.0,0.2,0.43333333333333335,0.0,0.2,0.4,0.7833333333333333,0.9666666666666667,1.0,0.0,0.2,0.4,0.0,0.0,0.0
20260704,Knapsack,4,212,0.8772345214417406,0.7699762749449518,0.7699762749449518,0.8772345214417406,0.8772345214417406,0.7699762749449518,1,1,0,0,0.08333333333333333,0.6166666666666667,0.8666666666666667,0.0,0.0,0.0,0.0,0.0,0.0,0.08333333333333333,0.6166666666666667,0.8666666666666667,0.08333333333333333,0.6166666666666667,0.8666666666666667,0.5666666666666667,0.8666666666666667,0.9666666666666667,0.08333333333333333,0.6166666666666667,0.8666666666666667,0.0,0.0,0.0
20260704,Knapsack,4,148,0.9007788601348413,0.7652307022964118,0.7652307022964118,0.9007788601348413,0.9007788601348413,0.7652307022964118,1,1,0,0,0.11666666666666667,0.23333333333333334,0.4166666666666667,0.0,0.0,0.0,0.0,0.0,0.0,0.11666666666666667,0.23333333333333334,0.4166666666666667,0.11666666666666667,0.23333333333333334,0.4166666666666667,0.5833333333333334,0.7666666666666667,0.9,0.11666666666666667,0.23333333333333334,0.4166666666666667,0.0,0.0,0.0
20260704,Knapsack,5,228,0.7965238225161964,0.7551171151095737,0.7551171151095737,0.7965238225161964,0.7965238225161964,0.7551171151095737,1,1,0,0,0.15,0.45,0.5833333333333334,0.0,0.0,0.0,0.0,0.0,0.0,0.15,0.45,0.5833333333333334,0.15,0.45,0.5833333333333334,0.65,0.8333333333333334,0.95,0.15,0.45,0.5833333333333334,0.0,0.0,0.0
20260704,Knapsack,5,93,0.8158116329894101,0.7450378073078326,0.7450378073078326,0.8158116329894101,0.8502557753710168,0.7450378073078326,1,0,0,0,0.25,0.4666666666666667,0.5,0.0,0.0,0.0,0.0,0.0,0.0,0.3333333333333333,0.5,0.5666666666666667,0.2,0.31666666666666665,0.45,0.4166666666666667,0.6,0.85,0.25,0.4666666666666667,0.5,0.0,0.0,0.0
20260704,Knapsack,4,228,0.8796238722695858,0.7807151672888953,0.7807151672888953,0.8976321924892512,0.8976321924892512,0.7807151672888953,0,0,0,0,0.016666666666666666,0.05,0.21666666666666667,0.0,0.0,0.0,0.0,0.0,0.0,0.0,0.2,0.3333333333333333,0.0,0.0,0.016666666666666666,0.75,0.9333333333333333,1.0,0.016666666666666666,0.05,0.21666666666666667,0.0,0.0,0.0
20260704,Knapsack,4,213,0.8375373869490554,0.7772829533228538,0.7812983599040327,0.8375373869490554,0.8375373869490554,0.7812983599040327,1,1,0,0,0.0,0.0,0.08333333333333333,0.0,0.0,0.0,0.0,0.0,0.0,0.0,0.0,0.08333333333333333,0.0,0.0,0.08333333333333333,0.7,0.85,0.9166666666666666,0.0,0.0,0.08333333333333333,0.0,0.0,0.0
20260704,Knapsack,4,149,0.8653721846751921,0.7692779457071122,0.7692779457071122,0.8653721846751921,0.8653721846751921,0.7692779457071122,1,1,0,0,0.18333333333333332,0.36666666666666664,0.4666666666666667,0.0,0.0,0.0,0.0,0.0,0.0,0.18333333333333332,0.36666666666666664,0.4666666666666667,0.18333333333333332,0.36666666666666664,0.4666666666666667,0.7333333333333333,0.8833333333333333,0.9833333333333333,0.18333333333333332,0.36666666666666664,0.4666666666666667,0.0,0.0,0.0
20260704,Knapsack,3,186,0.8850589734592302,0.8334031247438672,0.8334031247438672,0.8850589734592302,0.8850589734592302,0.8334031247438672,1,1,0,0,0.15,0.26666666666666666,0.43333333333333335,0.0,0.0,0.0,0.0,0.0,0.0,0.11666666666666667,0.25,0.43333333333333335,0.15,0.26666666666666666,0.43333333333333335,0.8166666666666667,1.0,0.9833333333333333,0.15,0.26666666666666666,0.43333333333333335,0.0,0.0,0.0
20260704,Knapsack,3,297,0.9217508129160993,0.8471855420695621,0.8305042290229754,0.9217508129160993,0.9217508129160993,0.8305042290229754,1,1,0,0,0.016666666666666666,0.13333333333333333,0.4666666666666667,0.0,0.0,0.0,0.0,0.0,0.0,0.016666666666666666,0.11666666666666667,0.4666666666666667,0.016666666666666666,0.13333333333333333,0.4666666666666667,0.7833333333333333,0.8666666666666667,0.9666666666666667,0.016666666666666666,0.13333333333333333,0.4666666666666667,0.0,0.0,0.0
20260704,Knapsack,4,295,0.8954750800984361,0.7919551471518457,0.7919551471518457,0.8954750800984361,0.8954750800984361,0.7919551471518457,1,1,0,0,0.4166666666666667,0.6,0.7166666666666667,0.0,0.0,0.0,0.0,0.0,0.0,0.4166666666666667,0.6,0.7166666666666667,0.4166666666666667,0.6,0.7166666666666667,0.75,0.9833333333333333,0.95,0.4166666666666667,0.6,0.7166666666666667,0.0,0.0,0.0
20260704,Knapsack,5,122,0.7766225901562609,0.7563090491138998,0.7589058188623975,0.7766225901562609,0.7766225901562609,0.7589058188623975,1,1,0,0,0.25,0.6,0.8333333333333334,0.0,0.0,0.0,0.0,0.0,0.0,0.25,0.6,0.8333333333333334,0.25,0.6,0.8333333333333334,0.7833333333333333,0.8666666666666667,0.9833333333333333,0.25,0.6,0.8333333333333334,0.0,0.0,0.0
20260704,Knapsack,4,206,0.8092625584283414,0.7769788157682193,0.7769788157682193,0.8092625584283414,0.8092625584283414,0.7769788157682193,1,1,0,0,0.0,0.016666666666666666,0.25,0.0,0.0,0.0,0.0,0.0,0.0,0.0,0.016666666666666666,0.25,0.0,0.016666666666666666,0.25,0.6166666666666667,0.8333333333333334,0.9666666666666667,0.0,0.016666666666666666,0.25,0.0,0.0,0.0
20260704,Knapsack,3,266,0.8874594280037865,0.828982885660674,0.828982885660674,0.8874594280037865,0.8874594280037865,0.828982885660674,1,1,0,0,0.5333333333333333,0.8333333333333334,0.7666666666666667,0.0,0.0,0.0,0.0,0.0,0.0,0.5333333333333333,0.8333333333333334,0.7666666666666667,0.5333333333333333,0.8333333333333334,0.7666666666666667,0.5666666666666667,0.8666666666666667,0.9166666666666666,0.5333333333333333,0.8333333333333334,0.7666666666666667,0.0,0.0,0.0
20260704,Knapsack,3,104,0.8411996109520185,0.8017421790782954,0.8017421790782954,0.8411996109520185,0.8411996109520185,0.8017421790782954,1,1,0,0,0.16666666666666666,0.35,0.55,0.0,0.0,0.0,0.0,0.0,0.0,0.16666666666666666,0.35,0.5666666666666667,0.21666666666666667,0.4166666666666667,0.6333333333333333,0.6,0.6333333333333333,0.9,0.16666666666666666,0.35,0.55,0.0,0.0,0.0
20260704,Knapsack,5,110,0.776803887131808,0.7317113266549152,0.7317113266549152,0.776803887131808,0.776803887131808,0.7317113266549152,1,1,0,0,0.6333333333333333,0.7,0.7166666666666667,0.0,0.0,0.0,0.0,0.0,0.0,0.5333333333333333,0.5666666666666667,0.7166666666666667,0.6333333333333333,0.7,0.7166666666666667,0.6833333333333333,0.85,0.9166666666666666,0.6333333333333333,0.7,0.7166666666666667,0.0,0.0,0.0
20260704,Knapsack,3,293,0.924022542059968,0.8659021117197516,0.8659021117197516,0.924022542059968,0.924022542059968,0.8659021117197516,1,1,0,0,0.016666666666666666,0.25,0.5166666666666667,0.0,0.0,0.0,0.0,0.0,0.0,0.016666666666666666,0.25,0.5166666666666667,0.016666666666666666,0.25,0.5166666666666667,0.9,0.95,0.95,0.016666666666666666,0.25,0.5166666666666667,0.0,0.0,0.0
20260704,Knapsack,4,286,0.848642197174547,0.7699648154030732,0.7699648154030732,0.848642197174547,0.848642197174547,0.7699648154030732,1,1,0,0,0.0,0.21666666666666667,0.5,0.0,0.0,0.0,0.0,0.0,0.0,0.0,0.21666666666666667,0.5,0.0,0.21666666666666667,0.5,0.7166666666666667,0.85,0.95,0.0,0.21666666666666667,0.5,0.0,0.0,0.0
20260704,Knapsack,4,203,0.810943777437426,0.8068035628558038,0.8068035628558038,0.810943777437426,0.810943777437426,0.8068035628558038,1,1,0,0,0.2833333333333333,0.5333333333333333,0.48333333333333334,0.0,0.0,0.0,0.0,0.0,0.0,0.2833333333333333,0.5333333333333333,0.48333333333333334,0.2833333333333333,0.5333333333333333,0.48333333333333334,0.7833333333333333,0.9333333333333333,0.9833333333333333,0.2833333333333333,0.5333333333333333,0.48333333333333334,0.0,0.0,0.0
20260704,Knapsack,5,255,0.8169627443601836,0.7583535896594308,0.7583535896594308,0.8169627443601836,0.8169627443601836,0.7583535896594308,1,1,0,0,0.0,0.15,0.45,0.0,0.0,0.0,0.0,0.0,0.0,0.0,0.15,0.45,0.0,0.15,0.45,0.5,0.7666666666666667,0.95,0.0,0.15,0.45,0.0,0.0,0.0
20260704,Knapsack,3,176,0.9259708885129387,0.8206961912991451,0.8206961912991451,0.9259708885129387,0.9259708885129387,0.8206961912991451,1,1,0,0,0.23333333333333334,0.5166666666666667,0.5666666666666667,0.0,0.0,0.0,0.0,0.0,0.0,0.23333333333333334,0.5166666666666667,0.5666666666666667,0.23333333333333334,0.5166666666666667,0.5666666666666667,0.65,0.8333333333333334,0.9333333333333333,0.23333333333333334,0.5166666666666667,0.5666666666666667,0.0,0.0,0.0
20260704,Knapsack,4,120,0.782554087709299,0.7913248018762566,0.7913248018762566,0.782554087709299,0.782554087709299,0.7913248018762566,1,1,0,0,0.0,0.016666666666666666,0.3,0.0,0.0,0.0,0.0,0.0,0.0,0.0,0.016666666666666666,0.3,0.0,0.016666666666666666,0.3,0.1,0.55,0.8833333333333333,0.0,0.016666666666666666,0.3,0.0,0.0,0.0
20260704,Knapsack,5,272,0.8408194416548304,0.766206576708423,0.7581886377395378,0.8408194416548304,0.8408194416548304,0.7581886377395378,1,1,0,0,0.11666666666666667,0.36666666666666664,0.8833333333333333,0.0,0.0,0.0,0.0,0.0,0.0,0.11666666666666667,0.36666666666666664,0.8833333333333333,0.11666666666666667,0.36666666666666664,0.8833333333333333,0.5,0.8166666666666667,0.9833333333333333,0.11666666666666667,0.36666666666666664,0.8833333333333333,0.0,0.0,0.0
20260704,Knapsack,5,244,0.7893460960455349,0.7573229398683112,0.7573229398683112,0.8003049590791627,0.8003049590791627,0.7573229398683112,0,0,0,0,0.26666666666666666,0.43333333333333335,0.5,0.0,0.0,0.0,0.0,0.0,0.0,0.0,0.1,0.21666666666666667,0.0,0.0,0.08333333333333333,0.5666666666666667,0.7333333333333333,1.0,0.26666666666666666,0.43333333333333335,0.5,0.0,0.0,0.0
20260704,Knapsack,3,293,0.8944291261200435,0.8548134599927705,0.8548134599927705,0.8944291261200435,0.8944291261200435,0.8548134599927705,1,1,0,1,0.6666666666666666,0.85,0.9,0.0,0.0,0.0,0.0,0.0,0.0,0.5833333333333334,0.7166666666666667,0.8333333333333334,0.5833333333333334,0.7166666666666667,0.8333333333333334,0.7666666666666667,0.9666666666666667,0.95,0.6666666666666666,0.85,0.9,0.0,0.0,0.0
20260704,Knapsack,4,256,0.8559626672116621,0.763445654672042,0.763445654672042,0.8559626672116621,0.8559626672116621,0.763445654672042,1,1,0,0,0.26666666666666666,0.3,0.55,0.0,0.0,0.0,0.0,0.0,0.0,0.26666666666666666,0.3,0.55,0.26666666666666666,0.3,0.55,0.23333333333333334,0.7166666666666667,0.8833333333333333,0.26666666666666666,0.3,0.55,0.0,0.0,0.0
20260704,Knapsack,4,292,0.871062167072342,0.7746344200410886,0.7746344200410886,0.871062167072342,0.871062167072342,0.7746344200410886,1,1,0,0,0.5,0.6,0.6166666666666667,0.0,0.0,0.0,0.0,0.0,0.0,0.5,0.6,0.6166666666666667,0.5,0.6,0.6166666666666667,0.18333333333333332,0.7666666666666667,0.95,0.5,0.6,0.6166666666666667,0.0,0.0,0.0
20260704,Knapsack,5,246,0.7744201497104126,0.752907118706347,0.752907118706347,0.7744201497104126,0.7744201497104126,0.752907118706347,1,1,0,0,0.0,0.1,0.3333333333333333,0.0,0.0,0.0,0.0,0.0,0.0,0.0,0.1,0.35,0.0,0.1,0.35,0.4,0.6,0.8166666666666667,0.0,0.1,0.3333333333333333,0.0,0.0,0.0
20260704,Knapsack,5,207,0.7819200375619161,0.7592255131528074,0.750913922111321,0.7819200375619161,0.7819200375619161,0.750913922111321,1,1,0,0,0.0,0.03333333333333333,0.36666666666666664,0.0,0.0,0.0,0.0,0.0,0.0,0.0,0.03333333333333333,0.36666666666666664,0.0,0.03333333333333333,0.36666666666666664,0.8166666666666667,0.75,0.9833333333333333,0.0,0.03333333333333333,0.36666666666666664,0.0,0.0,0.0
20260704,Knapsack,3,189,0.8704990277580202,0.8470927977672577,0.8470927977672577,0.8704990277580202,0.8704990277580202,0.8470927977672577,1,1,0,0,0.36666666666666664,0.5,0.38333333333333336,0.0,0.0,0.0,0.0,0.0,0.0,0.36666666666666664,0.5,0.38333333333333336,0.36666666666666664,0.5,0.38333333333333336,0.7,0.85,0.9333333333333333,0.36666666666666664,0.5,0.38333333333333336,0.0,0.0,0.0
20260704,Knapsack,4,267,0.9259391300895417,0.7776025277125469,0.7776025277125469,0.9259391300895417,0.9259391300895417,0.7776025277125469,1,1,0,0,0.03333333333333333,0.21666666666666667,0.48333333333333334,0.0,0.0,0.0,0.0,0.0,0.0,0.03333333333333333,0.21666666666666667,0.48333333333333334,0.03333333333333333,0.21666666666666667,0.48333333333333334,0.5833333333333334,0.7166666666666667,0.95,0.03333333333333333,0.21666666666666667,0.48333333333333334,0.0,0.0,0.0
20260704,Knapsack,3,175,0.906551298340186,0.8689205178643384,0.8689205178643384,0.906551298340186,0.906551298340186,0.8689205178643384,1,1,0,0,0.15,0.35,0.8,0.0,0.0,0.0,0.0,0.0,0.0,0.15,0.35,0.8,0.15,0.35,0.8,0.6666666666666666,0.8333333333333334,0.95,0.15,0.35,0.8,0.0,0.0,0.0
20260704,Knapsack,5,293,0.8450840521978963,0.7509427210884169,0.7509427210884169,0.8450840521978963,0.8450840521978963,0.7509427210884169,1,1,0,0,0.0,0.06666666666666667,0.26666666666666666,0.0,0.0,0.0,0.0,0.0,0.0,0.0,0.06666666666666667,0.26666666666666666,0.0,0.21666666666666667,0.5333333333333333,0.5166666666666667,0.7,0.9333333333333333,0.0,0.06666666666666667,0.26666666666666666,0.0,0.0,0.0
20260704,Knapsack,5,293,0.8228953125649191,0.7494801625842569,0.7494801625842569,0.8228953125649191,0.8228953125649191,0.7494801625842569,1,1,0,0,0.0,0.25,0.6,0.0,0.0,0.0,0.0,0.0,0.0,0.0,0.25,0.6,0.0,0.25,0.6,0.7666666666666667,0.7666666666666667,0.9166666666666666,0.0,0.25,0.6,0.0,0.0,0.0
20260704,Knapsack,4,196,0.860089992595141,0.7773447747233234,0.7773447747233234,0.860089992595141,0.860089992595141,0.7773447747233234,1,1,0,0,0.4,0.2833333333333333,0.43333333333333335,0.0,0.0,0.0,0.0,0.0,0.0,0.016666666666666666,0.25,0.38333333333333336,0.4,0.2833333333333333,0.43333333333333335,0.21666666666666667,0.5166666666666667,0.9666666666666667,0.4,0.2833333333333333,0.43333333333333335,0.0,0.0,0.0
20260704,Knapsack,5,300,0.8051830364053951,0.758309947724021,0.758309947724021,0.8051830364053951,0.8051830364053951,0.758309947724021,1,1,0,0,0.0,0.05,0.3333333333333333,0.0,0.0,0.0,0.0,0.0,0.0,0.0,0.05,0.3333333333333333,0.0,0.05,0.3333333333333333,0.2833333333333333,0.6833333333333333,0.9833333333333333,0.0,0.05,0.3333333333333333,0.0,0.0,0.0
20260704,Knapsack,5,277,0.7781551988000024,0.7607070700527847,0.7607070700527847,0.7781551988000024,0.7781551988000024,0.7607070700527847,1,1,0,0,0.2,0.5,0.7666666666666667,0.0,0.0,0.0,0.0,0.0,0.0,0.2,0.5,0.6666666666666666,0.2,0.5666666666666667,0.8333333333333334,0.38333333333333336,0.7666666666666667,0.9166666666666666,0.2,0.5,0.7666666666666667,0.0,0.0,0.0
20260704,Knapsack,4,82,0.8443138057447861,0.7822723401140802,0.7822723401140802,0.8443138057447861,0.8443138057447861,0.7822723401140802,1,1,0,0,0.3,0.4166666666666667,0.4166666666666667,0.0,0.0,0.0,0.0,0.0,0.0,0.3,0.4166666666666667,0.4166666666666667,0.3,0.4166666666666667,0.4166666666666667,0.31666666666666665,0.5333333333333333,0.9,0.3,0.4166666666666667,0.4166666666666667,0.0,0.0,0.0
20260704,Knapsack,3,157,0.9156469396897274,0.8401962440435667,0.8401962440435667,0.9156469396897274,0.9156469396897274,0.8401962440435667,1,1,0,0,0.23333333333333334,0.6,0.7833333333333333,0.0,0.0,0.0,0.0,0.0,0.0,0.3,0.6333333333333333,0.7666666666666667,0.15,0.45,0.7333333333333333,0.4166666666666667,0.7666666666666667,0.9333333333333333,0.23333333333333334,0.6,0.7833333333333333,0.0,0.0,0.0
20260704,Knapsack,4,125,0.8533401725145943,0.7542347638648358,0.7542347638648358,0.8533401725145943,0.8533401725145943,0.7542347638648358,1,1,0,0,0.08333333333333333,0.4166666666666667,0.5666666666666667,0.0,0.0,0.0,0.0,0.0,0.0,0.08333333333333333,0.4166666666666667,0.5666666666666667,0.08333333333333333,0.4166666666666667,0.5666666666666667,0.6166666666666667,0.8,0.8333333333333334,0.08333333333333333,0.4166666666666667,0.5666666666666667,0.0,0.0,0.0
20260704,Knapsack,5,189,0.7989706622535065,0.7554703040685585,0.7554703040685585,0.7989706622535065,0.7989706622535065,0.7554703040685585,1,1,0,0,0.03333333333333333,0.11666666666666667,0.6,0.0,0.0,0.0,0.0,0.0,0.0,0.03333333333333333,0.11666666666666667,0.6,0.03333333333333333,0.11666666666666667,0.6,0.6666666666666666,0.75,0.8666666666666667,0.03333333333333333,0.11666666666666667,0.6,0.0,0.0,0.0
20260704,Knapsack,3,91,0.8137121111673181,0.8006629500986207,0.8006629500986207,0.8137121111673181,0.8137121111673181,0.8006629500986207,1,1,0,0,0.7666666666666667,0.85,0.8666666666666667,0.0,0.0,0.0,0.0,0.0,0.0,0.7666666666666667,0.85,0.8666666666666667,0.7666666666666667,0.85,0.8666666666666667,0.4166666666666667,0.75,0.95,0.7666666666666667,0.85,0.8666666666666667,0.0,0.0,0.0
20260704,Knapsack,3,177,0.8913738902389182,0.8525867260742115,0.8525867260742115,0.8913738902389182,0.8913738902389182,0.8525867260742115,1,1,0,0,0.03333333333333333,0.21666666666666667,0.36666666666666664,0.0,0.0,0.0,0.0,0.0,0.0,0.03333333333333333,0.21666666666666667,0.36666666666666664,0.03333333333333333,0.21666666666666667,0.36666666666666664,0.7166666666666667,0.9,0.9666666666666667,0.03333333333333333,0.21666666666666667,0.36666666666666664,0.0,0.0,0.0
20260704,Knapsack,5,193,0.7842241471555909,0.7586255919620211,0.7586255919620211,0.7842241471555909,0.7842241471555909,0.7586255919620211,1,1,0,0,0.16666666666666666,0.4,0.5,0.0,0.0,0.0,0.0,0.0,0.0,0.16666666666666666,0.4,0.5,0.16666666666666666,0.4,0.5,0.5,0.5666666666666667,0.9333333333333333,0.16666666666666666,0.4,0.5,0.0,0.0,0.0
20260704,Knapsack,4,112,0.8696163118209327,0.7686931083018155,0.7686931083018155,0.8696163118209327,0.8696163118209327,0.7686931083018155,1,1,0,0,0.0,0.06666666666666667,0.23333333333333334,0.0,0.0,0.0,0.0,0.0,0.0,0.0,0.06666666666666667,0.23333333333333334,0.0,0.06666666666666667,0.23333333333333334,0.3,0.5666666666666667,0.8833333333333333,0.0,0.06666666666666667,0.23333333333333334,0.0,0.0,0.0
20260704,Knapsack,4,230,0.8436676307473554,0.7815968909284958,0.7815968909284958,0.8436676307473554,0.8436676307473554,0.7815968909284958,1,1,0,0,0.13333333333333333,0.36666666666666664,0.36666666666666664,0.0,0.0,0.0,0.0,0.0,0.0,0.13333333333333333,0.36666666666666664,0.36666666666666664,0.13333333333333333,0.36666666666666664,0.36666666666666664,0.55,0.7833333333333333,0.9333333333333333,0.13333333333333333,0.36666666666666664,0.36666666666666664,0.0,0.0,0.0
20260704,Knapsack,4,158,0.8129593302314025,0.7970808168372697,0.7970808168372697,0.8129593302314025,0.8129593302314025,0.7970808168372697,1,1,0,0,0.4166666666666667,0.43333333333333335,0.7166666666666667,0.0,0.0,0.0,0.0,0.0,0.0,0.4166666666666667,0.43333333333333335,0.7166666666666667,0.4166666666666667,0.43333333333333335,0.7166666666666667,0.6333333333333333,0.8,0.9333333333333333,0.4166666666666667,0.43333333333333335,0.7166666666666667,0.0,0.0,0.0
20260704,Knapsack,5,224,0.8265498947711547,0.7629882334257009,0.7629882334257009,0.8265498947711547,0.8265498947711547,0.7629882334257009,1,1,0,0,0.0,0.016666666666666666,0.3333333333333333,0.0,0.0,0.0,0.0,0.0,0.0,0.0,0.016666666666666666,0.3333333333333333,0.0,0.016666666666666666,0.3333333333333333,0.38333333333333336,0.85,0.9166666666666666,0.0,0.016666666666666666,0.3333333333333333,0.0,0.0,0.0
20260704,Knapsack,4,211,0.7927334120355636,0.7575140237180659,0.7575140237180659,0.7927334120355636,0.7927334120355636,0.7575140237180659,1,1,0,0,0.016666666666666666,0.1,0.4,0.0,0.0,0.0,0.0,0.0,0.0,0.016666666666666666,0.1,0.4,0.016666666666666666,0.1,0.4,0.75,0.8,1.0,0.016666666666666666,0.1,0.4,0.0,0.0,0.0
20260704,Knapsack,5,173,0.8628866842572355,0.7630106522686088,0.7630106522686088,0.8628866842572355,0.8628866842572355,0.7630106522686088,1,1,0,0,0.75,0.8,0.9166666666666666,0.0,0.0,0.0,0.0,0.0,0.0,0.75,0.8,0.9166666666666666,0.75,0.8,0.9166666666666666,0.65,0.85,0.9666666666666667,0.75,0.8,0.9166666666666666,0.0,0.0,0.0
20260704,Knapsack,4,147,0.841125945339094,0.800211267367895,0.800211267367895,0.841125945339094,0.841125945339094,0.800211267367895,1,1,0,0,0.5166666666666667,0.75,0.7,0.0,0.0,0.0,0.0,0.0,0.0,0.5166666666666667,0.75,0.7,0.5166666666666667,0.75,0.7,0.7,0.85,0.9833333333333333,0.5166666666666667,0.75,0.7,0.0,0.0,0.0
20260704,Knapsack,5,87,0.8034908645730678,0.7759230306475676,0.7759230306475676,0.8434842314604396,0.8034908645730678,0.7759230306475676,0,1,0,0,0.55,0.75,0.9166666666666666,0.0,0.0,0.0,0.0,0.0,0.0,0.4166666666666667,0.65,0.8166666666666667,0.43333333333333335,0.7,0.9,0.6,0.75,0.95,0.55,0.75,0.9166666666666666,0.0,0.0,0.0
20260704,Knapsack,5,225,0.8038745794470028,0.767365822980336,0.767365822980336,0.8038745794470028,0.8038745794470028,0.767365822980336,1,1,0,0,0.0,0.0,0.23333333333333334,0.0,0.0,0.0,0.0,0.0,0.0,0.0,0.0,0.23333333333333334,0.0,0.0,0.23333333333333334,0.45,0.6,0.9166666666666666,0.0,0.0,0.23333333333333334,0.0,0.0,0.0
20260704,Knapsack,3,107,0.8698038847705925,0.8385477406677886,0.8385477406677886,0.8698038847705925,0.8698038847705925,0.8385477406677886,1,1,0,0,0.6,0.4,0.5833333333333334,0.0,0.0,0.0,0.0,0.0,0.0,0.6,0.4,0.5833333333333334,0.6,0.4,0.5666666666666667,0.6666666666666666,0.8833333333333333,0.9833333333333333,0.6,0.4,0.5833333333333334,0.0,0.0,0.0
20260704,Knapsack,3,266,0.9269776396780429,0.838663450176437,0.838663450176437,0.9269776396780429,0.9269776396780429,0.838663450176437,1,1,0,0,0.35,0.48333333333333334,0.5666666666666667,0.0,0.0,0.0,0.0,0.0,0.0,0.35,0.48333333333333334,0.5666666666666667,0.35,0.48333333333333334,0.5666666666666667,0.5333333333333333,0.9166666666666666,0.9666666666666667,0.35,0.48333333333333334,0.5666666666666667,0.0,0.0,0.0
20260704,Knapsack,3,132,0.8869332274660867,0.8314063562818905,0.8314063562818905,0.8869332274660867,0.8869332274660867,0.8314063562818905,1,1,0,0,0.7666666666666667,0.9166666666666666,0.8666666666666667,0.0,0.0,0.0,0.0,0.0,0.0,0.7666666666666667,0.9166666666666666,0.8666666666666667,0.7666666666666667,0.9166666666666666,0.8666666666666667,0.3333333333333333,0.7333333333333333,0.9333333333333333,0.7666666666666667,0.9166666666666666,0.8666666666666667,0.0,0.0,0.0
20260704,Knapsack,5,260,0.8194121715343547,0.7406819099145964,0.7406819099145964,0.8194121715343547,0.8194121715343547,0.7406819099145964,1,1,0,0,0.0,0.0,0.06666666666666667,0.0,0.0,0.0,0.0,0.0,0.0,0.0,0.0,0.06666666666666667,0.0,0.0,0.06666666666666667,0.26666666666666666,0.5666666666666667,0.9666666666666667,0.0,0.0,0.06666666666666667,0.0,0.0,0.0
20260704,Knapsack,4,109,0.890478210372318,0.7826538771682698,0.7826538771682698,0.890478210372318,0.890478210372318,0.7826538771682698,1,1,0,0,0.0,0.0,0.05,0.0,0.0,0.0,0.0,0.0,0.0,0.0,0.0,0.05,0.0,0.0,0.05,0.4166666666666667,0.6833333333333333,0.95,0.0,0.0,0.05,0.0,0.0,0.0
20260704,Knapsack,3,134,0.9097107041832416,0.8530598573274951,0.8530598573274951,0.9097107041832416,0.9097107041832416,0.8530598573274951,1,1,0,0,0.23333333333333334,0.6666666666666666,0.8166666666666667,0.0,0.0,0.0,0.0,0.0,0.0,0.23333333333333334,0.6666666666666666,0.8166666666666667,0.23333333333333334,0.6666666666666666,0.8166666666666667,0.4166666666666667,0.8666666666666667,0.95,0.23333333333333334,0.6666666666666666,0.8166666666666667,0.0,0.0,0.0
20260704,Knapsack,5,192,0.8182355510281716,0.7452583539934553,0.7452583539934553,0.797070947160379,0.797070947160379,0.7452583539934553,0,0,0,0,0.55,0.65,0.6666666666666666,0.0,0.0,0.0,0.0,0.0,0.0,0.23333333333333334,0.45,0.38333333333333336,0.55,0.65,0.6166666666666667,0.4,0.65,0.9666666666666667,0.55,0.65,0.6666666666666666,0.0,0.0,0.0
20260704,Knapsack,5,208,0.7539673658961268,0.7557889187460434,0.7323037147932038,0.8085205907785861,0.7539673658961268,0.7323037147932038,0,1,0,0,0.3333333333333333,0.4666666666666667,0.5666666666666667,0.0,0.0,0.0,0.0,0.0,0.0,0.16666666666666666,0.3333333333333333,0.45,0.08333333333333333,0.31666666666666665,0.55,0.7666666666666667,0.8833333333333333,0.9666666666666667,0.3333333333333333,0.4666666666666667,0.5666666666666667,0.0,0.0,0.0
20260704,Knapsack,5,166,0.7934144332904325,0.7611634208288542,0.7611634208288542,0.7934144332904325,0.7934144332904325,0.7611634208288542,1,1,0,0,0.23333333333333334,0.4,0.43333333333333335,0.0,0.0,0.0,0.0,0.0,0.0,0.23333333333333334,0.4,0.43333333333333335,0.23333333333333334,0.4,0.43333333333333335,0.3333333333333333,0.6166666666666667,0.9166666666666666,0.23333333333333334,0.4,0.43333333333333335,0.0,0.0,0.0
20260704,Knapsack,4,257,0.8503562581525689,0.7795853414930244,0.7795853414930244,0.8503562581525689,0.8503562581525689,0.7795853414930244,1,1,0,0,0.16666666666666666,0.45,0.7166666666666667,0.0,0.0,0.0,0.0,0.0,0.0,0.16666666666666666,0.45,0.7166666666666667,0.16666666666666666,0.45,0.7166666666666667,0.8,0.85,0.95,0.16666666666666666,0.45,0.7166666666666667,0.0,0.0,0.0
20260704,Knapsack,3,115,0.9028290250234453,0.8237716899817735,0.8237716899817735,0.9028290250234453,0.9028290250234453,0.8237716899817735,1,1,0,0,0.03333333333333333,0.25,0.3333333333333333,0.0,0.0,0.0,0.0,0.0,0.0,0.03333333333333333,0.25,0.3333333333333333,0.03333333333333333,0.25,0.3333333333333333,0.13333333333333333,0.8,0.8166666666666667,0.03333333333333333,0.25,0.3333333333333333,0.0,0.0,0.0
20260704,Knapsack,5,257,0.8379441164921843,0.7515844874525187,0.7515844874525187,0.8379441164921843,0.8379441164921843,0.7515844874525187,1,1,0,0,0.3,0.5833333333333334,0.6666666666666666,0.0,0.0,0.0,0.0,0.0,0.0,0.3,0.5666666666666667,0.6333333333333333,0.3,0.5666666666666667,0.6333333333333333,0.6166666666666667,0.7,0.9333333333333333,0.3,0.5833333333333334,0.6666666666666666,0.0,0.0,0.0
20260704,Knapsack,3,95,0.9021029675420781,0.8491873345527466,0.8491873345527466,0.9021029675420781,0.9021029675420781,0.8491873345527466,1,1,0,0,0.0,0.06666666666666667,0.45,0.0,0.0,0.0,0.0,0.0,0.0,0.0,0.06666666666666667,0.45,0.0,0.06666666666666667,0.45,0.4666666666666667,0.7666666666666667,0.9166666666666666,0.0,0.06666666666666667,0.45,0.0,0.0,0.0
20260704,Knapsack,3,226,0.9409561467351579,0.8658152164495605,0.8658152164495605,0.9409561467351579,0.9409561467351579,0.8658152164495605,1,1,0,0,0.0,0.06666666666666667,0.18333333333333332,0.0,0.0,0.0,0.0,0.0,0.0,0.0,0.06666666666666667,0.18333333333333332,0.0,0.06666666666666667,0.18333333333333332,0.45,0.8166666666666667,0.9333333333333333,0.0,0.06666666666666667,0.18333333333333332,0.0,0.0,0.0
20260704,Knapsack,5,92,0.791481246570135,0.7345173081490931,0.7345173081490931,0.791481246570135,0.791481246570135,0.7345173081490931,1,1,0,0,0.5,0.7666666666666667,0.8833333333333333,0.0,0.0,0.0,0.0,0.0,0.0,0.5,0.7666666666666667,0.8833333333333333,0.5,0.7666666666666667,0.8833333333333333,0.38333333333333336,0.7166666666666667,0.9,0.5,0.7666666666666667,0.8833333333333333,0.0,0.0,0.0
20260704,Knapsack,3,84,0.9306716732299569,0.8674846362464653,0.8674846362464653,0.9306716732299569,0.9306716732299569,0.8674846362464653,1,1,0,0,0.03333333333333333,0.11666666666666667,0.31666666666666665,0.0,0.0,0.0,0.0,0.0,0.0,0.03333333333333333,0.11666666666666667,0.31666666666666665,0.03333333333333333,0.11666666666666667,0.31666666666666665,0.8166666666666667,0.9166666666666666,0.9833333333333333,0.03333333333333333,0.11666666666666667,0.31666666666666665,0.0,0.0,0.0
20260704,Knapsack,4,261,0.7940168130324403,0.7622449627035742,0.7622449627035742,0.7940168130324403,0.7940168130324403,0.7622449627035742,1,1,0,0,0.08333333333333333,0.3,0.45,0.0,0.0,0.0,0.0,0.0,0.0,0.08333333333333333,0.3,0.45,0.08333333333333333,0.3,0.45,0.65,0.7666666666666667,0.9666666666666667,0.08333333333333333,0.3,0.45,0.0,0.0,0.0
20260704,Knapsack,3,280,0.9153766220936725,0.85843594504104,0.85843594504104,0.9153766220936725,0.9153766220936725,0.85843594504104,1,1,0,0,0.15,0.6,0.75,0.0,0.0,0.0,0.0,0.0,0.0,0.11666666666666667,0.45,0.48333333333333334,0.15,0.6,0.75,0.8166666666666667,0.9333333333333333,0.9666666666666667,0.15,0.6,0.75,0.0,0.0,0.0
20260704,Knapsack,4,227,0.8763468794894052,0.8040526452383959,0.8040526452383959,0.8763468794894052,0.8763468794894052,0.8040526452383959,1,1,0,0,0.31666666666666665,0.43333333333333335,0.4666666666666667,0.0,0.0,0.0,0.0,0.0,0.0,0.31666666666666665,0.43333333333333335,0.4666666666666667,0.31666666666666665,0.43333333333333335,0.4666666666666667,0.7,0.7833333333333333,0.9333333333333333,0.31666666666666665,0.43333333333333335,0.4666666666666667,0.0,0.0,0.0
20260704,Knapsack,3,162,0.9242626694277405,0.8530914725882478,0.8530914725882478,0.9242626694277405,0.9242626694277405,0.8530914725882478,1,1,0,0,0.11666666666666667,0.2,0.5166666666666667,0.0,0.0,0.0,0.0,0.0,0.0,0.38333333333333336,0.5333333333333333,0.7166666666666667,0.11666666666666667,0.2,0.5166666666666667,0.5333333333333333,0.8,0.95,0.11666666666666667,0.2,0.5166666666666667,0.0,0.0,0.0
20260704,Knapsack,5,79,0.777647843826358,0.7375215134208088,0.7375215134208088,0.777647843826358,0.777647843826358,0.7375215134208088,1,1,0,0,0.0,0.0,0.21666666666666667,0.0,0.0,0.0,0.0,0.0,0.0,0.0,0.0,0.21666666666666667,0.0,0.0,0.21666666666666667,0.5,0.7333333333333333,0.9166666666666666,0.0,0.0,0.21666666666666667,0.0,0.0,0.0
20260704,Knapsack,5,92,0.7993203364397361,0.7719836769694685,0.7719836769694685,0.7993203364397361,0.7993203364397361,0.7719836769694685,1,1,0,0,0.08333333333333333,0.23333333333333334,0.3333333333333333,0.0,0.0,0.0,0.0,0.0,0.0,0.08333333333333333,0.23333333333333334,0.3333333333333333,0.08333333333333333,0.23333333333333334,0.3333333333333333,0.18333333333333332,0.3333333333333333,0.85,0.08333333333333333,0.23333333333333334,0.3333333333333333,0.0,0.0,0.0
20260704,Knapsack,3,157,0.8710597038028499,0.8532402293552811,0.8532402293552811,0.8710597038028499,0.8710597038028499,0.8532402293552811,1,1,0,0,0.2,0.43333333333333335,0.5,0.0,0.0,0.0,0.0,0.0,0.0,0.2,0.43333333333333335,0.5,0.2,0.43333333333333335,0.5,0.6,0.9166666666666666,0.95,0.2,0.43333333333333335,0.5,0.0,0.0,0.0
20260704,Knapsack,3,299,0.9249920039085112,0.8391642126178058,0.8391642126178058,0.9249920039085112,0.9249920039085112,0.8391642126178058,1,1,0,1,0.13333333333333333,0.4666666666666667,0.8,0.0,0.0,0.0,0.0,0.0,0.0,0.08333333333333333,0.3333333333333333,0.7,0.13333333333333333,0.4666666666666667,0.8,0.7333333333333333,0.9333333333333333,1.0,0.13333333333333333,0.4666666666666667,0.8,0.0,0.0,0.0
20260704,Knapsack,4,100,0.937770780198067,0.76685060524671,0.76685060524671,0.937770780198067,0.937770780198067,0.76685060524671,1,1,0,0,0.4,0.6833333333333333,0.8666666666666667,0.0,0.0,0.0,0.0,0.0,0.0,0.4,0.6833333333333333,0.8666666666666667,0.4,0.6833333333333333,0.8666666666666667,0.05,0.5,0.7666666666666667,0.4,0.6833333333333333,0.8666666666666667,0.0,0.0,0.0
20260704,Knapsack,5,235,0.738130900142376,0.7469821228055306,0.7469821228055306,0.738130900142376,0.738130900142376,0.7469821228055306,1,1,0,0,0.016666666666666666,0.1,0.38333333333333336,0.0,0.0,0.0,0.0,0.0,0.0,0.016666666666666666,0.1,0.38333333333333336,0.016666666666666666,0.1,0.38333333333333336,0.7666666666666667,0.8833333333333333,0.9333333333333333,0.016666666666666666,0.1,0.38333333333333336,0.0,0.0,0.0
20260704,Knapsack,5,69,0.7668668945374993,0.7797924954536813,0.7797924954536813,0.7668668945374993,0.7668668945374993,0.7797924954536813,1,1,0,0,0.05,0.18333333333333332,0.25,0.0,0.0,0.0,0.0,0.0,0.0,0.05,0.18333333333333332,0.25,0.05,0.18333333333333332,0.25,0.38333333333333336,0.6,0.85,0.05,0.18333333333333332,0.25,0.0,0.0,0.0
20260704,Knapsack,4,222,0.852566378751362,0.7964388231079084,0.7964388231079084,0.852566378751362,0.852566378751362,0.7964388231079084,1,1,0,0,0.45,0.48333333333333334,0.5833333333333334,0.0,0.0,0.0,0.0,0.0,0.0,0.45,0.48333333333333334,0.5833333333333334,0.45,0.48333333333333334,0.5833333333333334,0.7333333333333333,0.9,0.9333333333333333,0.45,0.48333333333333334,0.5833333333333334,0.0,0.0,0.0
20260704,Knapsack,5,219,0.7703784029944276,0.7584433396849182,0.7466034538661074,0.7703784029944276,0.7703784029944276,0.7466034538661074,1,1,0,0,0.15,0.18333333333333332,0.55,0.0,0.0,0.0,0.0,0.0,0.0,0.45,0.4666666666666667,0.7333333333333333,0.15,0.18333333333333332,0.55,0.7333333333333333,0.8833333333333333,0.9666666666666667,0.15,0.18333333333333332,0.55,0.0,0.0,0.0
20260704,Knapsack,5,93,0.785837590008257,0.7434129614787157,0.7434129614787157,0.785837590008257,0.785837590008257,0.7434129614787157,1,1,0,0,0.0,0.0,0.0,0.0,0.0,0.0,0.0,0.0,0.0,0.0,0.0,0.0,0.0,0.0,0.0,0.38333333333333336,0.8,0.8833333333333333,0.0,0.0,0.0,0.0,0.0,0.0
20260704,Knapsack,5,117,0.816477981097603,0.7576749184760713,0.7576749184760713,0.816477981097603,0.816477981097603,0.7576749184760713,1,1,0,0,0.03333333333333333,0.16666666666666666,0.5333333333333333,0.0,0.0,0.0,0.0,0.0,0.0,0.03333333333333333,0.16666666666666666,0.5333333333333333,0.03333333333333333,0.16666666666666666,0.5333333333333333,0.38333333333333336,0.8333333333333334,0.9333333333333333,0.03333333333333333,0.16666666666666666,0.5333333333333333,0.0,0.0,0.0
20260704,Knapsack,4,92,0.7974336141216385,0.7719781810885488,0.7719781810885488,0.7974336141216385,0.7974336141216385,0.7719781810885488,1,1,0,0,0.2,0.48333333333333334,0.7333333333333333,0.0,0.0,0.0,0.0,0.0,0.0,0.2,0.48333333333333334,0.7333333333333333,0.2,0.48333333333333334,0.7333333333333333,0.16666666666666666,0.5333333333333333,0.7833333333333333,0.2,0.48333333333333334,0.7333333333333333,0.0,0.0,0.0
20260704,Knapsack,5,246,0.7758892386843689,0.7410759643316999,0.7410759643316999,0.7758892386843689,0.7758892386843689,0.7410759643316999,1,1,0,0,0.0,0.1,0.35,0.0,0.0,0.0,0.0,0.0,0.0,0.0,0.1,0.35,0.0,0.1,0.35,0.6666666666666666,0.95,0.9833333333333333,0.0,0.1,0.35,0.0,0.0,0.0
20260704,Knapsack,3,294,0.9337613522123195,0.847277934025697,0.847277934025697,0.9337613522123195,0.9337613522123195,0.847277934025697,1,1,0,0,0.2833333333333333,0.36666666666666664,0.6666666666666666,0.0,0.0,0.0,0.0,0.0,0.0,0.2833333333333333,0.36666666666666664,0.6666666666666666,0.2833333333333333,0.36666666666666664,0.6666666666666666,0.75,0.8833333333333333,0.95,0.2833333333333333,0.36666666666666664,0.6666666666666666,0.0,0.0,0.0
20260704,Knapsack,4,60,0.830487994488476,0.7364990756763897,0.7364990756763897,0.830487994488476,0.830487994488476,0.7364990756763897,1,1,0,0,0.016666666666666666,0.23333333333333334,0.6166666666666667,0.0,0.0,0.0,0.0,0.0,0.0,0.016666666666666666,0.23333333333333334,0.6166666666666667,0.016666666666666666,0.23333333333333334,0.6166666666666667,0.18333333333333332,0.38333333333333336,0.8333333333333334,0.016666666666666666,0.23333333333333334,0.6166666666666667,0.0,0.0,0.0
20260704,Knapsack,3,85,0.8397827533526708,0.8133118559227429,0.8133118559227429,0.8397827533526708,0.8397827533526708,0.8133118559227429,1,1,0,0,0.2,0.38333333333333336,0.5,0.0,0.0,0.0,0.0,0.0,0.0,0.2,0.38333333333333336,0.5,0.2,0.38333333333333336,0.5,0.7,0.7833333333333333,0.95,0.2,0.38333333333333336,0.5,0.0,0.0,0.0
20260704,Knapsack,3,137,0.8764886790778307,0.8433442918169752,0.8457231968064404,0.8764886790778307,0.8764886790778307,0.8457231968064404,1,1,0,0,0.0,0.11666666666666667,0.31666666666666665,0.0,0.0,0.0,0.0,0.0,0.0,0.0,0.11666666666666667,0.31666666666666665,0.0,0.11666666666666667,0.31666666666666665,0.6666666666666666,0.8666666666666667,0.9833333333333333,0.0,0.11666666666666667,0.31666666666666665,0.0,0.0,0.0
20260704,Knapsack,5,142,0.8438746233641177,0.7631988170821145,0.7631988170821145,0.8438746233641177,0.8438746233641177,0.7631988170821145,1,1,0,0,0.0,0.0,0.08333333333333333,0.0,0.0,0.0,0.0,0.0,0.0,0.0,0.0,0.08333333333333333,0.0,0.0,0.1,0.7166666666666667,0.8666666666666667,0.9833333333333333,0.0,0.0,0.08333333333333333,0.0,0.0,0.0
20260704,Knapsack,4,218,0.8389559898554652,0.7850732582361822,0.7850732582361822,0.8389559898554652,0.8389559898554652,0.7850732582361822,1,1,0,0,0.4666666666666667,0.45,0.5833333333333334,0.0,0.0,0.0,0.0,0.0,0.0,0.4666666666666667,0.45,0.5333333333333333,0.4666666666666667,0.45,0.5333333333333333,0.48333333333333334,0.6833333333333333,0.95,0.4666666666666667,0.45,0.5833333333333334,0.0,0.0,0.0
20260704,Knapsack,4,258,0.8675310349321841,0.7906929694383746,0.7906929694383746,0.8675310349321841,0.8675310349321841,0.7906929694383746,1,1,0,0,0.36666666666666664,0.5,0.38333333333333336,0.0,0.0,0.0,0.0,0.0,0.0,0.36666666666666664,0.5,0.4166666666666667,0.36666666666666664,0.48333333333333334,0.36666666666666664,0.7666666666666667,0.85,0.9666666666666667,0.36666666666666664,0.5,0.38333333333333336,0.0,0.0,0.0
20260704,Knapsack,3,62,0.9537478716762353,0.8405028600472783,0.8405028600472783,0.9537478716762353,0.9216328249370535,0.8405028600472783,1,0,0,0,0.43333333333333335,0.43333333333333335,0.4666666666666667,0.0,0.0,0.0,0.0,0.0,0.0,0.0,0.11666666666666667,0.3,0.6,0.6333333333333333,0.7166666666666667,0.4166666666666667,0.7833333333333333,0.9666666666666667,0.43333333333333335,0.43333333333333335,0.4666666666666667,0.0,0.0,0.0
20260704,Knapsack,3,100,0.8653164086877416,0.8381814124748412,0.8381814124748412,0.8653164086877416,0.8653164086877416,0.8381814124748412,1,1,0,0,0.0,0.0,0.3333333333333333,0.0,0.0,0.0,0.0,0.0,0.0,0.0,0.0,0.3333333333333333,0.0,0.0,0.3333333333333333,0.26666666666666666,0.65,0.8666666666666667,0.0,0.0,0.3333333333333333,0.0,0.0,0.0
20260704,Knapsack,5,244,0.8001917511912138,0.7565246119905524,0.7565246119905524,0.8001917511912138,0.8001917511912138,0.7565246119905524,1,1,0,0,0.5666666666666667,0.7166666666666667,0.65,0.0,0.0,0.0,0.0,0.0,0.0,0.5666666666666667,0.7166666666666667,0.65,0.5666666666666667,0.7166666666666667,0.65,0.7,0.7833333333333333,0.9833333333333333,0.5666666666666667,0.7166666666666667,0.65,0.0,0.0,0.0
20260704,Knapsack,4,241,0.856985011178272,0.812692362143134,0.812692362143134,0.856985011178272,0.856985011178272,0.812692362143134,1,1,0,0,0.18333333333333332,0.38333333333333336,0.4166666666666667,0.0,0.0,0.0,0.0,0.0,0.0,0.18333333333333332,0.38333333333333336,0.4166666666666667,0.18333333333333332,0.38333333333333336,0.4166666666666667,0.85,0.95,1.0,0.18333333333333332,0.38333333333333336,0.4166666666666667,0.0,0.0,0.0
20260704,Job-shop,4,133,0.5057856069613947,0.512202590457502,0.512202590457502,0.5057856069613947,0.5057856069613947,0.512202590457502,1,1,0,0,0.2833333333333333,0.35,0.6166666666666667,0.0,0.0,0.0,0.0,0.0,0.0,0.2833333333333333,0.35,0.6166666666666667,0.2833333333333333,0.35,0.6166666666666667,0.23333333333333334,0.45,0.7833333333333333,0.2833333333333333,0.35,0.6166666666666667,0.0,0.0,0.0
20260704,Job-shop,3,294,0.4806749520298778,0.49759224398295615,0.49759224398295615,0.4806749520298778,0.4806749520298778,0.49759224398295615,1,1,0,0,0.016666666666666666,0.08333333333333333,0.3333333333333333,0.0,0.0,0.0,0.0,0.0,0.0,0.016666666666666666,0.08333333333333333,0.3333333333333333,0.016666666666666666,0.08333333333333333,0.3333333333333333,0.36666666666666664,0.6166666666666667,0.8166666666666667,0.016666666666666666,0.08333333333333333,0.3333333333333333,0.0,0.0,0.0
20260704,Job-shop,3,152,0.49876141098699317,0.49682967217671925,0.49682967217671925,0.49876141098699317,0.49876141098699317,0.49682967217671925,1,1,0,0,0.75,0.8333333333333334,0.8333333333333334,0.0,0.0,0.0,0.0,0.0,0.0,0.75,0.8333333333333334,0.8333333333333334,0.75,0.8333333333333334,0.8333333333333334,0.48333333333333334,0.5333333333333333,0.7666666666666667,0.75,0.8333333333333334,0.8333333333333334,0.0,0.0,0.0
20260704,Job-shop,4,121,0.5045229920645866,0.5036873068644423,0.5036873068644423,0.5045229920645866,0.5045229920645866,0.5036873068644423,1,1,0,0,0.45,0.6833333333333333,0.8166666666666667,0.0,0.0,0.0,0.0,0.0,0.0,0.45,0.6833333333333333,0.8166666666666667,0.45,0.6833333333333333,0.8166666666666667,0.23333333333333334,0.4666666666666667,0.7166666666666667,0.45,0.6833333333333333,0.8166666666666667,0.0,0.0,0.0
20260704,Job-shop,4,258,0.4781092814340366,0.5065879081044792,0.5065879081044792,0.4781092814340366,0.4781092814340366,0.5065879081044792,1,1,0,0,0.6166666666666667,0.75,0.7,0.0,0.0,0.0,0.0,0.0,0.0,0.6166666666666667,0.75,0.7,0.6166666666666667,0.75,0.7,0.7,0.7333333333333333,0.8666666666666667,0.6166666666666667,0.75,0.7,0.0,0.0,0.0
20260704,Job-shop,5,205,0.46312837025062376,0.4830292602774021,0.4830292602774021,0.46312837025062376,0.46312837025062376,0.4830292602774021,1,1,0,0,0.4,0.5666666666666667,0.65,0.0,0.0,0.0,0.0,0.0,0.0,0.31666666666666665,0.3333333333333333,0.5,0.36666666666666664,0.6,0.6333333333333333,0.5666666666666667,0.6666666666666666,0.8166666666666667,0.4,0.5666666666666667,0.65,0.0,0.0,0.0
20260704,Job-shop,5,75,0.4690289654954622,0.4721599033680453,0.4721599033680453,0.4690289654954622,0.4690289654954622,0.4721599033680453,1,1,0,0,0.45,0.45,0.7666666666666667,0.0,0.0,0.0,0.0,0.0,0.0,0.45,0.45,0.7666666666666667,0.45,0.45,0.7666666666666667,0.0,0.23333333333333334,0.43333333333333335,0.45,0.45,0.7666666666666667,0.0,0.0,0.0
20260704,Job-shop,4,219,0.5174736866877517,0.4873623372930853,0.4873623372930853,0.5174736866877517,0.5174736866877517,0.4873623372930853,1,1,0,0,0.8333333333333334,0.9,0.8833333333333333,0.0,0.0,0.0,0.0,0.0,0.0,0.8333333333333334,0.95,0.9333333333333333,0.8333333333333334,0.9,0.8833333333333333,0.35,0.6666666666666666,0.8833333333333333,0.8333333333333334,0.9,0.8833333333333333,0.0,0.0,0.0
20260704,Job-shop,5,244,0.4858157723623516,0.48625946244229834,0.48625946244229834,0.4896848607212502,0.4896848607212502,0.48625946244229834,0,0,0,0,0.75,0.9166666666666666,0.8166666666666667,0.0,0.0,0.0,0.0,0.0,0.0,0.4666666666666667,0.5833333333333334,0.7333333333333333,0.4,0.5666666666666667,0.7166666666666667,0.38333333333333336,0.4166666666666667,0.6333333333333333,0.75,0.9166666666666666,0.8166666666666667,0.0,0.0,0.0
20260704,Job-shop,5,96,0.47204143732448506,0.4970238146359641,0.4970238146359641,0.47204143732448506,0.47204143732448506,0.4970238146359641,1,1,0,0,0.0,0.0,0.08333333333333333,0.0,0.0,0.0,0.0,0.0,0.0,0.0,0.0,0.08333333333333333,0.08333333333333333,0.06666666666666667,0.2833333333333333,0.0,0.15,0.5,0.0,0.0,0.08333333333333333,0.0,0.0,0.0
20260704,Job-shop,4,69,0.46705363425974344,0.46705363425974344,0.46705363425974344,0.46705363425974344,0.46705363425974344,0.46705363425974344,1,1,0,0,0.0,0.0,0.08333333333333333,0.0,0.0,0.0,0.0,0.0,0.0,0.0,0.0,0.08333333333333333,0.0,0.0,0.08333333333333333,0.13333333333333333,0.4,0.6166666666666667,0.0,0.0,0.08333333333333333,0.0,0.0,0.0
20260704,Job-shop,5,197,0.49994608772394467,0.49994608772394467,0.49994608772394467,0.49994608772394467,0.49994608772394467,0.49994608772394467,1,1,0,0,0.0,0.03333333333333333,0.25,0.0,0.0,0.0,0.0,0.0,0.0,0.0,0.03333333333333333,0.25,0.0,0.03333333333333333,0.25,0.15,0.4166666666666667,0.8666666666666667,0.0,0.03333333333333333,0.25,0.0,0.0,0.0
20260704,Job-shop,3,145,0.4998941636419264,0.4998941636419264,0.4998941636419264,0.4998941636419264,0.4998941636419264,0.4998941636419264,1,1,0,0,0.0,0.15,0.35,0.0,0.0,0.0,0.0,0.0,0.0,0.0,0.15,0.3333333333333333,0.0,0.15,0.35,0.4166666666666667,0.35,0.6833333333333333,0.0,0.15,0.35,0.0,0.0,0.0
20260704,Job-shop,3,238,0.4994499514308386,0.4994499514308386,0.4994499514308386,0.4994499514308386,0.4994499514308386,0.4994499514308386,1,1,0,0,0.016666666666666666,0.1,0.21666666666666667,0.0,0.0,0.0,0.0,0.0,0.0,0.016666666666666666,0.1,0.21666666666666667,0.016666666666666666,0.1,0.21666666666666667,0.18333333333333332,0.4166666666666667,0.7333333333333333,0.016666666666666666,0.1,0.21666666666666667,0.0,0.0,0.0
20260704,Job-shop,3,82,0.5334096895280837,0.5304067653345572,0.5304067653345572,0.5334096895280837,0.5334096895280837,0.5304067653345572,1,1,0,0,0.4666666666666667,0.65,0.75,0.0,0.0,0.0,0.0,0.0,0.0,0.4666666666666667,0.65,0.75,0.4666666666666667,0.65,0.75,0.26666666666666666,0.43333333333333335,0.8,0.4666666666666667,0.65,0.75,0.0,0.0,0.0
20260704,Job-shop,5,99,0.4677177844743034,0.4855439628790219,0.4855439628790219,0.4677177844743034,0.4677177844743034,0.4855439628790219,1,1,0,0,0.08333333333333333,0.38333333333333336,0.5666666666666667,0.0,0.0,0.0,0.0,0.0,0.0,0.08333333333333333,0.38333333333333336,0.5666666666666667,0.08333333333333333,0.38333333333333336,0.55,0.0,0.1,0.5,0.08333333333333333,0.38333333333333336,0.5666666666666667,0.0,0.0,0.0
20260704,Job-shop,3,108,0.5235742406881841,0.528145379424101,0.528145379424101,0.5235742406881841,0.5235742406881841,0.528145379424101,1,1,0,1,0.3333333333333333,0.4,0.6666666666666666,0.0,0.0,0.0,0.0,0.0,0.0,0.3333333333333333,0.4,0.6666666666666666,0.3333333333333333,0.4,0.6666666666666666,0.43333333333333335,0.5666666666666667,0.7333333333333333,0.3333333333333333,0.4,0.6666666666666666,0.0,0.0,0.0
20260704,Job-shop,5,284,0.476916219933455,0.476916219933455,0.476916219933455,0.476916219933455,0.476916219933455,0.476916219933455,1,1,0,0,0.5833333333333334,0.7166666666666667,0.8,0.0,0.0,0.0,0.0,0.0,0.0,0.5833333333333334,0.7166666666666667,0.8,0.5833333333333334,0.7166666666666667,0.8,0.5333333333333333,0.6666666666666666,0.8166666666666667,0.5833333333333334,0.7166666666666667,0.8,0.0,0.0,0.0
20260704,Job-shop,5,183,0.48544186949677826,0.48544186949677826,0.48544186949677826,0.48544186949677826,0.48544186949677826,0.48544186949677826,1,1,0,0,0.31666666666666665,0.3333333333333333,0.75,0.0,0.0,0.0,0.0,0.0,0.0,0.31666666666666665,0.3333333333333333,0.75,0.31666666666666665,0.3333333333333333,0.75,0.0,0.03333333333333333,0.43333333333333335,0.31666666666666665,0.3333333333333333,0.75,0.0,0.0,0.0
20260704,Job-shop,5,220,0.47505145583777403,0.486905139511302,0.48635358173753335,0.47505145583777403,0.47505145583777403,0.48635358173753335,1,1,0,0,0.35,0.4666666666666667,0.5666666666666667,0.0,0.0,0.0,0.0,0.0,0.0,0.35,0.4666666666666667,0.5666666666666667,0.35,0.4666666666666667,0.5666666666666667,0.7166666666666667,0.85,0.9,0.35,0.4666666666666667,0.5666666666666667,0.0,0.0,0.0
20260704,Job-shop,4,205,0.49490978507949634,0.4966233892990781,0.4966233892990781,0.49490978507949634,0.49490978507949634,0.4966233892990781,1,1,0,0,0.18333333333333332,0.38333333333333336,0.4,0.0,0.0,0.0,0.0,0.0,0.0,0.18333333333333332,0.38333333333333336,0.4,0.18333333333333332,0.38333333333333336,0.4,0.13333333333333333,0.25,0.65,0.18333333333333332,0.38333333333333336,0.4,0.0,0.0,0.0
20260704,Job-shop,5,155,0.4742825075664677,0.48553430882743975,0.5234464987184635,0.4742825075664677,0.4742825075664677,0.5234464987184635,1,1,0,0,0.16666666666666666,0.48333333333333334,0.7,0.0,0.0,0.0,0.0,0.0,0.0,0.16666666666666666,0.48333333333333334,0.7,0.16666666666666666,0.48333333333333334,0.7,0.9166666666666666,0.9833333333333333,0.9833333333333333,0.16666666666666666,0.48333333333333334,0.7,0.0,0.0,0.0
20260704,Job-shop,4,251,0.4895257458152411,0.49736251219985655,0.49736251219985655,0.4895257458152411,0.4895257458152411,0.49736251219985655,1,1,0,0,0.08333333333333333,0.18333333333333332,0.5,0.0,0.0,0.0,0.0,0.0,0.0,0.08333333333333333,0.25,0.4666666666666667,0.25,0.4166666666666667,0.5833333333333334,0.3,0.6166666666666667,0.7833333333333333,0.08333333333333333,0.18333333333333332,0.5,0.0,0.0,0.0
20260704,Job-shop,4,274,0.5118771308427736,0.4891800530142478,0.4891800530142478,0.5118771308427736,0.5118771308427736,0.4891800530142478,1,1,0,0,0.9,0.9166666666666666,0.9333333333333333,0.0,0.0,0.0,0.0,0.0,0.0,0.9,0.9166666666666666,0.9333333333333333,0.9,0.9166666666666666,0.9333333333333333,0.6166666666666667,0.7166666666666667,0.7666666666666667,0.9,0.9166666666666666,0.9333333333333333,0.0,0.0,0.0
20260704,Job-shop,3,95,0.5159127162387966,0.5153211051370481,0.5153211051370481,0.5159127162387966,0.5159127162387966,0.5153211051370481,1,1,0,0,0.6166666666666667,0.6666666666666666,0.6833333333333333,0.0,0.0,0.0,0.0,0.0,0.0,0.6166666666666667,0.6666666666666666,0.6833333333333333,0.6166666666666667,0.6666666666666666,0.6833333333333333,0.2833333333333333,0.7,0.7666666666666667,0.6166666666666667,0.6666666666666666,0.6833333333333333,0.0,0.0,0.0
20260704,Job-shop,3,151,0.5123232530214886,0.5065244183529639,0.5065244183529639,0.5123232530214886,0.5123232530214886,0.5065244183529639,1,1,0,0,0.16666666666666666,0.43333333333333335,0.65,0.0,0.0,0.0,0.0,0.0,0.0,0.16666666666666666,0.43333333333333335,0.6333333333333333,0.16666666666666666,0.43333333333333335,0.65,0.23333333333333334,0.48333333333333334,0.7333333333333333,0.16666666666666666,0.43333333333333335,0.65,0.0,0.0,0.0
20260704,Job-shop,3,300,0.48867793256777164,0.48867793256777164,0.48867793256777164,0.48867793256777164,0.48867793256777164,0.48867793256777164,1,1,0,0,0.0,0.06666666666666667,0.2833333333333333,0.0,0.0,0.0,0.0,0.0,0.0,0.0,0.06666666666666667,0.2833333333333333,0.0,0.06666666666666667,0.2833333333333333,0.08333333333333333,0.31666666666666665,0.7666666666666667,0.0,0.06666666666666667,0.2833333333333333,0.0,0.0,0.0
20260704,Job-shop,3,77,0.5219572234869755,0.5219572234869755,0.5219572234869755,0.5219572234869755,0.5219572234869755,0.5219572234869755,1,1,0,0,0.4666666666666667,0.5,0.6166666666666667,0.0,0.0,0.0,0.0,0.0,0.0,0.4666666666666667,0.5,0.6166666666666667,0.4666666666666667,0.5,0.6166666666666667,0.6,0.6833333333333333,0.7,0.4666666666666667,0.5,0.6166666666666667,0.0,0.0,0.0
20260704,Job-shop,3,293,0.5108999217420757,0.5328393393889929,0.5328393393889929,0.5108999217420757,0.5108999217420757,0.5328393393889929,1,1,0,0,0.06666666666666667,0.2833333333333333,0.6833333333333333,0.0,0.0,0.0,0.0,0.0,0.0,0.4166666666666667,0.4166666666666667,0.7666666666666667,0.06666666666666667,0.2833333333333333,0.6833333333333333,0.18333333333333332,0.5833333333333334,0.8,0.06666666666666667,0.2833333333333333,0.6833333333333333,0.0,0.0,0.0
20260704,Job-shop,4,74,0.4932569121969865,0.5013333086846108,0.5013333086846108,0.4932569121969865,0.4932569121969865,0.5013333086846108,1,1,0,0,0.36666666666666664,0.5666666666666667,0.6,0.0,0.0,0.0,0.0,0.0,0.0,0.36666666666666664,0.5666666666666667,0.6,0.36666666666666664,0.5666666666666667,0.6,0.05,0.31666666666666665,0.6333333333333333,0.36666666666666664,0.5666666666666667,0.6,0.0,0.0,0.0
20260704,Job-shop,4,189,0.47076993280258356,0.47609646673408684,0.47609646673408684,0.47076993280258356,0.47076993280258356,0.47609646673408684,1,1,0,0,0.23333333333333334,0.48333333333333334,0.7166666666666667,0.0,0.0,0.0,0.0,0.0,0.0,0.23333333333333334,0.48333333333333334,0.7166666666666667,0.23333333333333334,0.48333333333333334,0.7166666666666667,0.2833333333333333,0.35,0.8333333333333334,0.23333333333333334,0.48333333333333334,0.7166666666666667,0.0,0.0,0.0
20260704,Job-shop,4,184,0.506757842203712,0.4837178150777597,0.4837178150777597,0.506757842203712,0.506757842203712,0.4837178150777597,1,1,0,0,0.7666666666666667,0.6833333333333333,0.85,0.0,0.0,0.0,0.0,0.0,0.0,0.7666666666666667,0.6833333333333333,0.85,0.7666666666666667,0.6833333333333333,0.85,0.3333333333333333,0.6166666666666667,0.8666666666666667,0.7666666666666667,0.6833333333333333,0.85,0.0,0.0,0.0
20260704,Job-shop,5,167,0.4997298325092711,0.4717383259952414,0.4717383259952414,0.4997298325092711,0.4997298325092711,0.4717383259952414,1,1,0,0,0.4166666666666667,0.7,0.9,0.0,0.0,0.0,0.0,0.0,0.0,0.4166666666666667,0.7,0.9,0.4166666666666667,0.7,0.9,0.5666666666666667,0.55,0.5666666666666667,0.4166666666666667,0.7,0.9,0.0,0.0,0.0
20260704,Job-shop,3,245,0.5268143309225798,0.5203246760421255,0.5203246760421255,0.5268143309225798,0.5268143309225798,0.5203246760421255,1,1,0,0,0.3,0.3333333333333333,0.7333333333333333,0.0,0.0,0.0,0.0,0.0,0.0,0.25,0.26666666666666666,0.7,0.3,0.3333333333333333,0.7333333333333333,0.26666666666666666,0.4666666666666667,0.8,0.3,0.3333333333333333,0.7333333333333333,0.0,0.0,0.0
20260704,Job-shop,5,135,0.49765115325225595,0.4996195490599584,0.4996195490599584,0.49765115325225595,0.49765115325225595,0.4996195490599584,1,1,0,0,0.5166666666666667,0.8,0.85,0.0,0.0,0.0,0.0,0.0,0.0,0.25,0.6833333333333333,0.7666666666666667,0.65,0.8833333333333333,0.8833333333333333,0.5166666666666667,0.5166666666666667,0.85,0.5166666666666667,0.8,0.85,0.0,0.0,0.0
20260704,Job-shop,4,228,0.5251558576480729,0.5163170248228635,0.5163170248228635,0.5251558576480729,0.5251558576480729,0.5163170248228635,1,1,0,0,0.43333333333333335,0.4166666666666667,0.6166666666666667,0.0,0.0,0.0,0.0,0.0,0.0,0.38333333333333336,0.31666666666666665,0.5333333333333333,0.4666666666666667,0.45,0.6166666666666667,0.6166666666666667,0.8166666666666667,0.8833333333333333,0.43333333333333335,0.4166666666666667,0.6166666666666667,0.0,0.0,0.0
20260704,Job-shop,4,268,0.4950389679282343,0.4903358012163307,0.4903358012163307,0.4950389679282343,0.4950389679282343,0.4903358012163307,1,1,0,0,0.8166666666666667,0.8166666666666667,0.9166666666666666,0.0,0.0,0.0,0.0,0.0,0.0,0.8166666666666667,0.8166666666666667,0.9333333333333333,0.8666666666666667,0.8666666666666667,1.0,0.13333333333333333,0.36666666666666664,0.8333333333333334,0.8166666666666667,0.8166666666666667,0.9166666666666666,0.0,0.0,0.0
20260704,Job-shop,4,196,0.4724527926719349,0.49474478840060043,0.49474478840060043,0.4724527926719349,0.4724527926719349,0.49474478840060043,1,1,0,0,0.0,0.03333333333333333,0.25,0.0,0.0,0.0,0.0,0.0,0.0,0.0,0.03333333333333333,0.25,0.0,0.03333333333333333,0.25,0.4,0.5833333333333334,0.7333333333333333,0.0,0.03333333333333333,0.25,0.0,0.0,0.0
20260704,Job-shop,3,76,0.49622676491794215,0.5086988431615752,0.5086988431615752,0.49622676491794215,0.49622676491794215,0.5086988431615752,1,1,0,0,0.25,0.21666666666666667,0.3333333333333333,0.0,0.0,0.0,0.0,0.0,0.0,0.25,0.21666666666666667,0.3333333333333333,0.25,0.21666666666666667,0.3333333333333333,0.2833333333333333,0.2833333333333333,0.7166666666666667,0.25,0.21666666666666667,0.3333333333333333,0.0,0.0,0.0
20260704,Job-shop,5,202,0.4811800695972674,0.4811800695972674,0.4811800695972674,0.4811800695972674,0.4811800695972674,0.4811800695972674,1,1,0,0,0.16666666666666666,0.48333333333333334,0.5166666666666667,0.0,0.0,0.0,0.0,0.0,0.0,0.16666666666666666,0.48333333333333334,0.5166666666666667,0.16666666666666666,0.48333333333333334,0.5166666666666667,0.38333333333333336,0.5666666666666667,0.8833333333333333,0.16666666666666666,0.48333333333333334,0.5166666666666667,0.0,0.0,0.0
20260704,Job-shop,3,191,0.48693759184275304,0.5124570967849436,0.5124570967849436,0.48693759184275304,0.5085938425607659,0.5124570967849436,1,0,0,0,0.5166666666666667,0.26666666666666666,0.4166666666666667,0.0,0.0,0.0,0.0,0.0,0.0,0.16666666666666666,0.11666666666666667,0.3,0.65,0.85,0.8833333333333333,0.31666666666666665,0.55,0.95,0.5166666666666667,0.26666666666666666,0.4166666666666667,0.0,0.0,0.0
20260704,Job-shop,3,170,0.5125478358939363,0.5218893862263951,0.5218893862263951,0.5125478358939363,0.5125478358939363,0.5218893862263951,1,1,0,0,0.06666666666666667,0.21666666666666667,0.5166666666666667,0.0,0.0,0.0,0.0,0.0,0.0,0.06666666666666667,0.23333333333333334,0.55,0.06666666666666667,0.21666666666666667,0.5166666666666667,0.11666666666666667,0.4,0.7166666666666667,0.06666666666666667,0.21666666666666667,0.5166666666666667,0.0,0.0,0.0
20260704,Job-shop,4,293,0.49103744449021686,0.48597046957913065,0.48597046957913065,0.49103744449021686,0.49103744449021686,0.48597046957913065,1,1,0,0,0.4666666666666667,0.5666666666666667,0.65,0.0,0.0,0.0,0.0,0.0,0.0,0.4666666666666667,0.5666666666666667,0.65,0.4666666666666667,0.5666666666666667,0.65,0.06666666666666667,0.3,0.7666666666666667,0.4666666666666667,0.5666666666666667,0.65,0.0,0.0,0.0
20260704,Job-shop,3,60,0.5285624023959586,0.5369130297845182,0.5369130297845182,0.5285624023959586,0.5285624023959586,0.5369130297845182,1,1,1,0,0.18333333333333332,0.38333333333333336,0.45,0.0,0.0,0.0,0.0,0.0,0.0,0.18333333333333332,0.38333333333333336,0.45,0.18333333333333332,0.38333333333333336,0.45,0.08333333333333333,0.31666666666666665,0.5,0.18333333333333332,0.38333333333333336,0.45,0.0,0.0,0.0
20260704,Job-shop,3,162,0.522927590303704,0.5310090492628138,0.5310090492628138,0.522927590303704,0.522927590303704,0.5310090492628138,1,1,0,0,0.06666666666666667,0.15,0.5166666666666667,0.0,0.0,0.0,0.0,0.0,0.0,0.05,0.13333333333333333,0.48333333333333334,0.1,0.16666666666666666,0.55,0.7833333333333333,0.8,0.8333333333333334,0.06666666666666667,0.15,0.5166666666666667,0.0,0.0,0.0
20260704,Job-shop,3,108,0.4823806246796927,0.4823806246796927,0.4823806246796927,0.4823806246796927,0.4823806246796927,0.4823806246796927,1,1,0,0,0.0,0.0,0.08333333333333333,0.0,0.0,0.0,0.0,0.0,0.0,0.0,0.0,0.08333333333333333,0.0,0.0,0.08333333333333333,0.2,0.2833333333333333,0.55,0.0,0.0,0.08333333333333333,0.0,0.0,0.0
20260704,Job-shop,3,69,0.5101112641641586,0.5101112641641586,0.5101112641641586,0.5101112641641586,0.5101112641641586,0.5101112641641586,1,1,0,0,0.0,0.016666666666666666,0.23333333333333334,0.0,0.0,0.0,0.0,0.0,0.0,0.0,0.016666666666666666,0.23333333333333334,0.0,0.016666666666666666,0.23333333333333334,0.016666666666666666,0.1,0.4666666666666667,0.0,0.016666666666666666,0.23333333333333334,0.0,0.0,0.0
20260704,Job-shop,5,70,0.4755306226175969,0.4755306226175969,0.4755306226175969,0.4755306226175969,0.4755306226175969,0.4755306226175969,1,1,0,0,0.38333333333333336,0.5666666666666667,0.5166666666666667,0.0,0.0,0.0,0.0,0.0,0.0,0.38333333333333336,0.5666666666666667,0.5166666666666667,0.38333333333333336,0.5666666666666667,0.5166666666666667,0.48333333333333334,0.6666666666666666,0.6,0.38333333333333336,0.5666666666666667,0.5166666666666667,0.0,0.0,0.0
20260704,Job-shop,4,128,0.48156732593767376,0.49349754291003023,0.49349754291003023,0.48156732593767376,0.48156732593767376,0.49349754291003023,1,1,0,0,0.016666666666666666,0.2,0.3333333333333333,0.0,0.0,0.0,0.0,0.0,0.0,0.016666666666666666,0.2,0.3333333333333333,0.016666666666666666,0.2,0.3333333333333333,0.06666666666666667,0.3,0.65,0.016666666666666666,0.2,0.3333333333333333,0.0,0.0,0.0
20260704,Job-shop,3,71,0.5245061035978782,0.5312839578211523,0.5312839578211523,0.5245061035978782,0.5245061035978782,0.5312839578211523,1,1,0,0,0.5166666666666667,0.43333333333333335,0.7333333333333333,0.0,0.0,0.0,0.0,0.0,0.0,0.5166666666666667,0.43333333333333335,0.7333333333333333,0.5166666666666667,0.43333333333333335,0.7333333333333333,0.0,0.23333333333333334,0.7333333333333333,0.5166666666666667,0.43333333333333335,0.7333333333333333,0.0,0.0,0.0
20260704,Job-shop,4,94,0.554637583267036,0.486640463758465,0.486640463758465,0.554637583267036,0.554637583267036,0.486640463758465,1,1,0,0,0.6666666666666666,0.9,0.7833333333333333,0.0,0.0,0.0,0.0,0.0,0.0,0.6666666666666666,0.9,0.8,0.6666666666666666,0.9,0.85,0.0,0.08333333333333333,0.4166666666666667,0.6666666666666666,0.9,0.7833333333333333,0.0,0.0,0.0
20260704,Job-shop,5,207,0.5084797882459703,0.4838559603714591,0.4838559603714591,0.5084797882459703,0.5084797882459703,0.4838559603714591,1,1,0,0,0.5,0.6666666666666666,0.7833333333333333,0.0,0.0,0.0,0.0,0.0,0.0,0.48333333333333334,0.6666666666666666,0.7666666666666667,0.55,0.6666666666666666,0.7833333333333333,0.5166666666666667,0.6166666666666667,0.8,0.5,0.6666666666666666,0.7833333333333333,0.0,0.0,0.0
20260704,Job-shop,5,151,0.4664155778513147,0.477026919654721,0.477026919654721,0.4664155778513147,0.4664155778513147,0.477026919654721,1,1,0,0,0.016666666666666666,0.11666666666666667,0.26666666666666666,0.0,0.0,0.0,0.0,0.0,0.0,0.016666666666666666,0.11666666666666667,0.26666666666666666,0.016666666666666666,0.11666666666666667,0.26666666666666666,0.38333333333333336,0.36666666666666664,0.5666666666666667,0.016666666666666666,0.11666666666666667,0.26666666666666666,0.0,0.0,0.0
20260704,Job-shop,3,75,0.5254105380903241,0.5073358155226517,0.5073358155226517,0.5254105380903241,0.5254105380903241,0.5073358155226517,1,1,0,0,0.65,0.9166666666666666,0.9666666666666667,0.0,0.0,0.0,0.0,0.0,0.0,0.65,0.9166666666666666,0.9666666666666667,0.65,0.9166666666666666,0.9666666666666667,0.21666666666666667,0.5333333333333333,0.8166666666666667,0.65,0.9166666666666666,0.9666666666666667,0.0,0.0,0.0
20260704,Job-shop,4,294,0.49011524705174536,0.4962424520527144,0.4962424520527144,0.49011524705174536,0.49011524705174536,0.4962424520527144,1,1,0,0,0.5333333333333333,0.65,0.85,0.0,0.0,0.0,0.0,0.0,0.0,0.5166666666666667,0.6,0.8166666666666667,0.5333333333333333,0.6666666666666666,0.85,0.11666666666666667,0.6833333333333333,0.8,0.5333333333333333,0.65,0.85,0.0,0.0,0.0
20260704,Job-shop,3,72,0.4863859981342498,0.4863859981342498,0.4863859981342498,0.4863859981342498,0.4863859981342498,0.4863859981342498,1,1,0,0,0.016666666666666666,0.08333333333333333,0.1,0.0,0.0,0.0,0.0,0.0,0.0,0.016666666666666666,0.08333333333333333,0.1,0.016666666666666666,0.08333333333333333,0.1,0.0,0.2,0.5333333333333333,0.016666666666666666,0.08333333333333333,0.1,0.0,0.0,0.0
20260704,Job-shop,3,74,0.5448927448164754,0.5339157258869383,0.5339157258869383,0.5448927448164754,0.5448927448164754,0.5339157258869383,1,1,0,0,0.43333333333333335,0.65,0.7,0.0,0.0,0.0,0.0,0.0,0.0,0.43333333333333335,0.65,0.7,0.43333333333333335,0.65,0.7,0.016666666666666666,0.2833333333333333,0.5666666666666667,0.43333333333333335,0.65,0.7,0.0,0.0,0.0
20260704,Job-shop,4,177,0.493028415218113,0.4884645366648382,0.4884645366648382,0.4899380599559462,0.4899380599559462,0.4884645366648382,0,0,0,0,0.5333333333333333,0.8166666666666667,0.85,0.0,0.0,0.0,0.0,0.0,0.0,0.16666666666666666,0.38333333333333336,0.6166666666666667,0.4666666666666667,0.5666666666666667,0.6833333333333333,0.48333333333333334,0.6,0.8166666666666667,0.5333333333333333,0.8166666666666667,0.85,0.0,0.0,0.0
20260704,Job-shop,5,295,0.47540658455048757,0.47871731083733665,0.47871731083733665,0.47540658455048757,0.47540658455048757,0.47871731083733665,1,1,0,0,0.18333333333333332,0.5,0.7666666666666667,0.0,0.0,0.0,0.0,0.0,0.0,0.18333333333333332,0.5,0.7666666666666667,0.18333333333333332,0.5,0.7666666666666667,0.03333333333333333,0.2,0.6,0.18333333333333332,0.5,0.7666666666666667,0.0,0.0,0.0
20260704,Job-shop,4,146,0.49290363079372274,0.503152679601372,0.503152679601372,0.49290363079372274,0.49290363079372274,0.503152679601372,1,1,0,0,0.0,0.1,0.5,0.0,0.0,0.0,0.0,0.0,0.0,0.0,0.1,0.5,0.0,0.1,0.5,0.06666666666666667,0.21666666666666667,0.65,0.0,0.1,0.5,0.0,0.0,0.0
20260704,Job-shop,5,281,0.4630830174588284,0.48028415344563324,0.48028415344563324,0.4630830174588284,0.4630830174588284,0.48028415344563324,1,1,0,0,0.6,0.6833333333333333,0.85,0.0,0.0,0.0,0.0,0.0,0.0,0.6,0.6833333333333333,0.85,0.6,0.6833333333333333,0.85,0.21666666666666667,0.3333333333333333,0.75,0.6,0.6833333333333333,0.85,0.0,0.0,0.0
20260704,Job-shop,4,276,0.5015392527551453,0.5166187411054155,0.5166187411054155,0.5015392527551453,0.5015392527551453,0.5166187411054155,1,1,0,0,0.05,0.38333333333333336,0.65,0.0,0.0,0.0,0.0,0.0,0.0,0.06666666666666667,0.45,0.6666666666666666,0.05,0.36666666666666664,0.6333333333333333,0.55,0.7833333333333333,0.8333333333333334,0.05,0.38333333333333336,0.65,0.0,0.0,0.0
20260704,Job-shop,3,85,0.5275516325334716,0.5275516325334716,0.5275516325334716,0.5275516325334716,0.5275516325334716,0.5275516325334716,1,1,0,0,0.0,0.016666666666666666,0.2,0.0,0.0,0.0,0.0,0.0,0.0,0.0,0.016666666666666666,0.2,0.0,0.016666666666666666,0.2,0.43333333333333335,0.5,0.6666666666666666,0.0,0.016666666666666666,0.2,0.0,0.0,0.0
20260704,Job-shop,4,60,0.5328193383522435,0.5007259411005172,0.5328193383522435,0.5328193383522435,0.5328193383522435,0.5328193383522435,1,1,0,0,0.48333333333333334,0.5166666666666667,0.65,0.0,0.0,0.0,0.0,0.0,0.0,0.0,0.0,0.31666666666666665,0.0,0.0,0.21666666666666667,0.26666666666666666,0.7333333333333333,0.8666666666666667,0.48333333333333334,0.5166666666666667,0.65,0.0,0.0,0.0
20260704,Job-shop,5,137,0.5112275975737988,0.4878169965244484,0.4878169965244484,0.5112275975737988,0.5112275975737988,0.4878169965244484,1,1,0,0,0.03333333333333333,0.08333333333333333,0.23333333333333334,0.0,0.0,0.0,0.0,0.0,0.0,0.03333333333333333,0.08333333333333333,0.23333333333333334,0.03333333333333333,0.08333333333333333,0.23333333333333334,0.0,0.016666666666666666,0.55,0.03333333333333333,0.08333333333333333,0.23333333333333334,0.0,0.0,0.0
20260704,Job-shop,3,107,0.498844124069456,0.498844124069456,0.498844124069456,0.498844124069456,0.498844124069456,0.498844124069456,1,1,0,0,0.0,0.0,0.11666666666666667,0.0,0.0,0.0,0.0,0.0,0.0,0.0,0.0,0.11666666666666667,0.0,0.0,0.11666666666666667,0.23333333333333334,0.36666666666666664,0.7,0.0,0.0,0.11666666666666667,0.0,0.0,0.0
20260704,Job-shop,5,63,0.48931326382741047,0.49630394898866503,0.49630394898866503,0.48931326382741047,0.48931326382741047,0.49630394898866503,1,1,0,0,0.016666666666666666,0.2833333333333333,0.5333333333333333,0.0,0.0,0.0,0.0,0.0,0.0,0.016666666666666666,0.2833333333333333,0.5333333333333333,0.016666666666666666,0.2833333333333333,0.5333333333333333,0.0,0.15,0.4666666666666667,0.016666666666666666,0.2833333333333333,0.5333333333333333,0.0,0.0,0.0
20260704,Job-shop,5,125,0.47516193716352656,0.4693951620433409,0.4693951620433409,0.47516193716352656,0.47516193716352656,0.4693951620433409,1,1,0,0,0.7333333333333333,0.8166666666666667,0.9,0.0,0.0,0.0,0.0,0.0,0.0,0.7333333333333333,0.8166666666666667,0.9,0.7333333333333333,0.8166666666666667,0.9166666666666666,0.2,0.31666666666666665,0.65,0.7333333333333333,0.8166666666666667,0.9,0.0,0.0,0.0
20260704,Job-shop,3,174,0.5116103219821605,0.4970747703676885,0.4970747703676885,0.5116103219821605,0.5116103219821605,0.4970747703676885,1,1,0,0,0.7166666666666667,0.7333333333333333,0.8333333333333334,0.0,0.0,0.0,0.0,0.0,0.0,0.7166666666666667,0.7333333333333333,0.8333333333333334,0.7166666666666667,0.7333333333333333,0.8333333333333334,0.4666666666666667,0.7833333333333333,0.9166666666666666,0.7166666666666667,0.7333333333333333,0.8333333333333334,0.0,0.0,0.0
20260704,Job-shop,3,88,0.5186509352058539,0.5216075767317161,0.5216075767317161,0.5186509352058539,0.5186509352058539,0.5216075767317161,1,1,0,0,0.08333333333333333,0.3333333333333333,0.5333333333333333,0.0,0.0,0.0,0.0,0.0,0.0,0.05,0.23333333333333334,0.35,0.05,0.23333333333333334,0.3333333333333333,0.0,0.05,0.65,0.08333333333333333,0.3333333333333333,0.5333333333333333,0.0,0.0,0.0
20260704,Job-shop,5,263,0.4924493645614057,0.5134120504065282,0.5134120504065282,0.4924493645614057,0.4924493645614057,0.5134120504065282,1,1,0,0,0.45,0.6166666666666667,0.7333333333333333,0.0,0.0,0.0,0.0,0.0,0.0,0.45,0.6166666666666667,0.7333333333333333,0.45,0.6166666666666667,0.7666666666666667,0.6,0.7166666666666667,0.9166666666666666,0.45,0.6166666666666667,0.7333333333333333,0.0,0.0,0.0
20260704,Job-shop,5,156,0.4777029134169843,0.499448804191136,0.499448804191136,0.4777029134169843,0.4777029134169843,0.499448804191136,1,1,0,0,0.016666666666666666,0.13333333333333333,0.35,0.0,0.0,0.0,0.0,0.0,0.0,0.016666666666666666,0.13333333333333333,0.36666666666666664,0.16666666666666666,0.3333333333333333,0.5,0.65,0.7166666666666667,0.7833333333333333,0.016666666666666666,0.13333333333333333,0.35,0.0,0.0,0.0
20260704,Job-shop,5,80,0.5112206954657271,0.5112206954657271,0.5112206954657271,0.5112206954657271,0.5112206954657271,0.5112206954657271,1,1,0,0,0.5166666666666667,0.65,0.65,0.0,0.0,0.0,0.0,0.0,0.0,0.5166666666666667,0.65,0.65,0.5166666666666667,0.65,0.65,0.0,0.18333333333333332,0.6166666666666667,0.5166666666666667,0.65,0.65,0.0,0.0,0.0
20260704,Job-shop,5,189,0.47748739877138835,0.47796670035983235,0.47796670035983235,0.47748739877138835,0.47748739877138835,0.47796670035983235,1,1,0,0,0.3333333333333333,0.6,0.7833333333333333,0.0,0.0,0.0,0.0,0.0,0.0,0.26666666666666666,0.6,0.7666666666666667,0.3333333333333333,0.6,0.7833333333333333,0.03333333333333333,0.13333333333333333,0.6666666666666666,0.3333333333333333,0.6,0.7833333333333333,0.0,0.0,0.0
20260704,Job-shop,3,161,0.5230976991666234,0.5154820743258226,0.5154820743258226,0.5230976991666234,0.5230976991666234,0.5154820743258226,1,1,0,0,0.7166666666666667,0.8833333333333333,0.8833333333333333,0.0,0.0,0.0,0.0,0.0,0.0,0.7166666666666667,0.8833333333333333,0.8833333333333333,0.7166666666666667,0.8833333333333333,0.8833333333333333,0.3,0.4,0.75,0.7166666666666667,0.8833333333333333,0.8833333333333333,0.0,0.0,0.0
20260704,Job-shop,3,74,0.5149274778410904,0.5149274778410904,0.5149274778410904,0.5149274778410904,0.5149274778410904,0.5149274778410904,1,1,0,0,0.0,0.03333333333333333,0.13333333333333333,0.0,0.0,0.0,0.0,0.0,0.0,0.0,0.03333333333333333,0.13333333333333333,0.0,0.03333333333333333,0.13333333333333333,0.1,0.5333333333333333,0.8,0.0,0.03333333333333333,0.13333333333333333,0.0,0.0,0.0
20260704,Job-shop,4,99,0.5353058202852712,0.5125878491270158,0.5125878491270158,0.5353058202852712,0.5353058202852712,0.5125878491270158,1,1,0,0,0.35,0.5833333333333334,0.7666666666666667,0.0,0.0,0.0,0.0,0.0,0.0,0.35,0.5833333333333334,0.7666666666666667,0.35,0.5833333333333334,0.7666666666666667,0.21666666666666667,0.38333333333333336,0.5166666666666667,0.35,0.5833333333333334,0.7666666666666667,0.0,0.0,0.0
20260704,Job-shop,5,172,0.4636643222880446,0.4636643222880446,0.4636643222880446,0.4636643222880446,0.4636643222880446,0.4636643222880446,1,1,0,0,0.4166666666666667,0.45,0.5666666666666667,0.0,0.0,0.0,0.0,0.0,0.0,0.4166666666666667,0.45,0.5666666666666667,0.4166666666666667,0.45,0.5666666666666667,0.38333333333333336,0.6833333333333333,0.85,0.4166666666666667,0.45,0.5666666666666667,0.0,0.0,0.0
20260704,Job-shop,3,83,0.5139383036618623,0.5139383036618623,0.5139383036618623,0.5139383036618623,0.5139383036618623,0.5139383036618623,1,1,0,0,0.3,0.26666666666666666,0.4,0.0,0.0,0.0,0.0,0.0,0.0,0.3,0.26666666666666666,0.4,0.3,0.26666666666666666,0.4,0.2833333333333333,0.3333333333333333,0.36666666666666664,0.3,0.26666666666666666,0.4,0.0,0.0,0.0
20260704,Job-shop,4,238,0.48430445427568664,0.47724222920323683,0.47724222920323683,0.48430445427568664,0.48430445427568664,0.47724222920323683,1,1,0,0,0.21666666666666667,0.3,0.43333333333333335,0.0,0.0,0.0,0.0,0.0,0.0,0.21666666666666667,0.3,0.43333333333333335,0.21666666666666667,0.3,0.43333333333333335,0.0,0.25,0.55,0.21666666666666667,0.3,0.43333333333333335,0.0,0.0,0.0
20260704,Job-shop,3,210,0.4998142730827582,0.4998142730827582,0.4998142730827582,0.4998142730827582,0.4998142730827582,0.4998142730827582,1,1,0,0,0.0,0.016666666666666666,0.08333333333333333,0.0,0.0,0.0,0.0,0.0,0.0,0.0,0.016666666666666666,0.08333333333333333,0.0,0.016666666666666666,0.08333333333333333,0.2833333333333333,0.6,0.8333333333333334,0.0,0.016666666666666666,0.08333333333333333,0.0,0.0,0.0
20260704,Job-shop,5,149,0.5059150781585621,0.5059150781585621,0.5059150781585621,0.5059150781585621,0.5059150781585621,0.5059150781585621,1,1,0,0,0.25,0.5333333333333333,0.5333333333333333,0.0,0.0,0.0,0.0,0.0,0.0,0.25,0.5333333333333333,0.5333333333333333,0.25,0.5333333333333333,0.5333333333333333,0.5666666666666667,0.7333333333333333,0.9333333333333333,0.25,0.5333333333333333,0.5333333333333333,0.0,0.0,0.0
20260704,Job-shop,5,148,0.4579299443526834,0.4585367897828847,0.4585367897828847,0.4579299443526834,0.4579299443526834,0.4585367897828847,1,1,0,0,0.3,0.5833333333333334,0.6666666666666666,0.0,0.0,0.0,0.0,0.0,0.0,0.3,0.5833333333333334,0.6666666666666666,0.3,0.5833333333333334,0.6666666666666666,0.31666666666666665,0.43333333333333335,0.7833333333333333,0.3,0.5833333333333334,0.6666666666666666,0.0,0.0,0.0
20260704,Job-shop,3,105,0.5114203311528471,0.509794845166202,0.509794845166202,0.5114203311528471,0.5114203311528471,0.509794845166202,1,1,0,0,0.75,0.75,0.8166666666666667,0.0,0.0,0.0,0.0,0.0,0.0,0.75,0.75,0.8333333333333334,0.75,0.75,0.8166666666666667,0.016666666666666666,0.35,0.8,0.75,0.75,0.8166666666666667,0.0,0.0,0.0
20260704,Job-shop,4,246,0.5191630302855735,0.5040333754080665,0.5040333754080665,0.5191630302855735,0.5191630302855735,0.5040333754080665,1,1,0,0,0.5333333333333333,0.8,0.9,0.0,0.0,0.0,0.0,0.0,0.0,0.5333333333333333,0.8,0.9,0.5333333333333333,0.8,0.9,0.16666666666666666,0.5,0.6333333333333333,0.5333333333333333,0.8,0.9,0.0,0.0,0.0
20260704,Job-shop,5,63,0.48452482215761083,0.48452482215761083,0.48452482215761083,0.48452482215761083,0.48452482215761083,0.48452482215761083,1,1,0,0,0.0,0.0,0.13333333333333333,0.0,0.0,0.0,0.0,0.0,0.0,0.0,0.0,0.13333333333333333,0.0,0.0,0.13333333333333333,0.05,0.23333333333333334,0.38333333333333336,0.0,0.0,0.13333333333333333,0.0,0.0,0.0
20260704,Job-shop,4,237,0.5077283553793166,0.5045387734352522,0.5045387734352522,0.5077283553793166,0.5077283553793166,0.5045387734352522,1,1,0,0,0.36666666666666664,0.6166666666666667,0.8,0.0,0.0,0.0,0.0,0.0,0.0,0.36666666666666664,0.6166666666666667,0.8,0.36666666666666664,0.6166666666666667,0.8,0.35,0.6666666666666666,0.75,0.36666666666666664,0.6166666666666667,0.8,0.0,0.0,0.0
20260704,Job-shop,3,93,0.4945972356800966,0.5148148424906484,0.5148148424906484,0.4945972356800966,0.4945972356800966,0.5148148424906484,1,1,0,0,0.1,0.2,0.23333333333333334,0.0,0.0,0.0,0.0,0.0,0.0,0.1,0.2,0.23333333333333334,0.1,0.2,0.23333333333333334,0.45,0.6333333333333333,0.75,0.1,0.2,0.23333333333333334,0.0,0.0,0.0
20260704,Job-shop,3,274,0.5048515845090199,0.5230378212809682,0.5230378212809682,0.5048515845090199,0.5048515845090199,0.5230378212809682,1,1,0,0,0.0,0.1,0.3333333333333333,0.0,0.0,0.0,0.0,0.0,0.0,0.0,0.1,0.3333333333333333,0.0,0.1,0.3333333333333333,0.31666666666666665,0.6333333333333333,0.8333333333333334,0.0,0.1,0.3333333333333333,0.0,0.0,0.0
20260704,Job-shop,5,166,0.48905413694727945,0.49896963075345524,0.49896963075345524,0.48905413694727945,0.48905413694727945,0.49896963075345524,1,1,0,0,0.4,0.38333333333333336,0.5666666666666667,0.0,0.0,0.0,0.0,0.0,0.0,0.4,0.38333333333333336,0.55,0.4,0.38333333333333336,0.55,0.08333333333333333,0.4666666666666667,0.8333333333333334,0.4,0.38333333333333336,0.5666666666666667,0.0,0.0,0.0
20260704,Job-shop,3,198,0.4934691429377576,0.5155295350765142,0.5155295350765142,0.4916830501215461,0.4934691429377576,0.5155295350765142,0,1,0,0,0.16666666666666666,0.35,0.4666666666666667,0.0,0.0,0.0,0.0,0.0,0.0,0.16666666666666666,0.38333333333333336,0.6,0.05,0.25,0.43333333333333335,0.2833333333333333,0.5833333333333334,0.9,0.16666666666666666,0.35,0.4666666666666667,0.0,0.0,0.0
20260704,Job-shop,3,128,0.5211721162349953,0.5169720270915946,0.5169720270915946,0.5211721162349953,0.5211721162349953,0.5169720270915946,1,1,0,0,0.4666666666666667,0.5333333333333333,0.75,0.0,0.0,0.0,0.0,0.0,0.0,0.45,0.5,0.7,0.4666666666666667,0.5333333333333333,0.7333333333333333,0.25,0.43333333333333335,0.8833333333333333,0.4666666666666667,0.5333333333333333,0.75,0.0,0.0,0.0
20260704,Job-shop,3,130,0.5173876568024353,0.5321234170091382,0.5321234170091382,0.5173876568024353,0.5173876568024353,0.5321234170091382,1,1,0,0,0.0,0.06666666666666667,0.4166666666666667,0.0,0.0,0.0,0.0,0.0,0.0,0.0,0.06666666666666667,0.4166666666666667,0.0,0.06666666666666667,0.4166666666666667,0.31666666666666665,0.45,0.75,0.0,0.06666666666666667,0.4166666666666667,0.0,0.0,0.0
20260704,Job-shop,5,154,0.5116846309180034,0.510735981183968,0.5167729036036771,0.5116846309180034,0.5116846309180034,0.5167729036036771,1,1,0,0,0.9166666666666666,0.9333333333333333,0.9833333333333333,0.0,0.0,0.0,0.0,0.0,0.0,0.9166666666666666,0.9333333333333333,0.9833333333333333,0.9166666666666666,0.9333333333333333,0.95,0.55,0.7166666666666667,0.8166666666666667,0.9166666666666666,0.9333333333333333,0.9833333333333333,0.0,0.0,0.0
20260704,Job-shop,4,264,0.4763219279496081,0.5016085797961504,0.5016085797961504,0.4763219279496081,0.4763219279496081,0.5016085797961504,1,1,0,0,0.016666666666666666,0.25,0.5166666666666667,0.0,0.0,0.0,0.0,0.0,0.0,0.016666666666666666,0.21666666666666667,0.5,0.016666666666666666,0.21666666666666667,0.5,0.06666666666666667,0.4166666666666667,0.8833333333333333,0.016666666666666666,0.25,0.5166666666666667,0.0,0.0,0.0
20260704,Job-shop,5,293,0.47982022582483286,0.4753112864499343,0.4753112864499343,0.47982022582483286,0.47982022582483286,0.4753112864499343,1,1,0,0,0.6,0.8,0.9166666666666666,0.0,0.0,0.0,0.0,0.0,0.0,0.75,0.9,0.9666666666666667,0.5166666666666667,0.7,0.8833333333333333,0.3333333333333333,0.4,0.6333333333333333,0.6,0.8,0.9166666666666666,0.0,0.0,0.0
20260704,Job-shop,3,228,0.5109257604028832,0.5123963541210373,0.5109257604028832,0.5109257604028832,0.5109257604028832,0.5109257604028832,1,1,0,0,0.7833333333333333,0.9166666666666666,0.9,0.0,0.0,0.0,0.0,0.0,0.0,0.7833333333333333,0.9166666666666666,0.9,0.7833333333333333,0.9166666666666666,0.9,0.6833333333333333,0.8666666666666667,0.9,0.7833333333333333,0.9166666666666666,0.9,0.0,0.0,0.0
20260704,Job-shop,4,270,0.49460225347376974,0.4991102592162736,0.4991102592162736,0.49460225347376974,0.49460225347376974,0.4991102592162736,1,1,0,0,0.5,0.5833333333333334,0.48333333333333334,0.0,0.0,0.0,0.0,0.0,0.0,0.5,0.5833333333333334,0.48333333333333334,0.5,0.5833333333333334,0.48333333333333334,0.2,0.4166666666666667,0.75,0.5,0.5833333333333334,0.48333333333333334,0.0,0.0,0.0
20260704,Job-shop,3,205,0.5115327699314691,0.5133318501050056,0.5133318501050056,0.5115327699314691,0.5115327699314691,0.5133318501050056,1,1,0,0,0.6,0.7,0.9166666666666666,0.0,0.0,0.0,0.0,0.0,0.0,0.6,0.7,0.9166666666666666,0.6166666666666667,0.7,0.9333333333333333,0.25,0.5,0.7833333333333333,0.6,0.7,0.9166666666666666,0.0,0.0,0.0
20260704,Job-shop,5,103,0.5094870452696719,0.4863409022338034,0.4863409022338034,0.5094870452696719,0.5094870452696719,0.4863409022338034,1,1,0,0,0.6666666666666666,0.6666666666666666,0.6666666666666666,0.0,0.0,0.0,0.0,0.0,0.0,0.6666666666666666,0.6666666666666666,0.6666666666666666,0.6666666666666666,0.6666666666666666,0.6666666666666666,0.0,0.03333333333333333,0.5333333333333333,0.6666666666666666,0.6666666666666666,0.6666666666666666,0.0,0.0,0.0
20260704,WFG2,13,101,0.5366511151159398,0.5366511151159398,0.5366511151159398,0.5366511151159398,0.5366511151159398,0.5366511151159398,1,1,0,0,0.0,0.0,0.0,0.0,0.0,0.0,0.0,0.0,0.0,0.0,0.0,0.0,0.0,0.0,0.0,0.06666666666666667,0.43333333333333335,0.7666666666666667,0.0,0.0,0.0,0.0,0.0,0.0
20260704,WFG2,7,481,0.3232687621647326,0.3232687621647326,0.3232687621647326,0.3232687621647326,0.3232687621647326,0.3232687621647326,1,1,0,0,0.0,0.0,0.0,0.0,0.0,0.0,0.0,0.0,0.0,0.0,0.0,0.0,0.0,0.0,0.0,0.06666666666666667,0.36666666666666664,0.7,0.0,0.0,0.0,0.0,0.0,0.0
20260704,WFG2,10,430,0.41750728796272724,0.41750728796272724,0.41750728796272724,0.41750728796272724,0.41750728796272724,0.41750728796272724,1,1,0,0,0.0,0.0,0.0,0.0,0.0,0.0,0.0,0.0,0.0,0.0,0.0,0.0,0.0,0.0,0.0,0.0,0.18333333333333332,0.7166666666666667,0.0,0.0,0.0,0.0,0.0,0.0
20260704,WFG2,12,307,0.5632425325297107,0.6301119822512302,0.6301119822512302,0.5632425325297107,0.5632425325297107,0.6301119822512302,1,1,0,0,0.05,0.11666666666666667,0.31666666666666665,0.0,0.0,0.0,0.0,0.0,0.0,0.05,0.11666666666666667,0.31666666666666665,0.05,0.11666666666666667,0.31666666666666665,0.4,0.6,0.9666666666666667,0.05,0.11666666666666667,0.31666666666666665,0.0,0.0,0.0
20260704,WFG2,5,305,0.24464152586088564,0.24464152586088564,0.24464152586088564,0.24464152586088564,0.24464152586088564,0.24464152586088564,1,1,0,0,0.0,0.0,0.0,0.0,0.0,0.0,0.0,0.0,0.0,0.0,0.0,0.0,0.0,0.0,0.0,0.016666666666666666,0.23333333333333334,0.38333333333333336,0.0,0.0,0.0,0.0,0.0,0.0
20260704,WFG2,5,365,0.16202557918298055,0.16202557918298055,0.16202557918298055,0.16202557918298055,0.16202557918298055,0.16202557918298055,1,1,0,0,0.0,0.0,0.0,0.0,0.0,0.0,0.0,0.0,0.0,0.0,0.0,0.0,0.0,0.0,0.0,0.0,0.21666666666666667,0.35,0.0,0.0,0.0,0.0,0.0,0.0
20260704,WFG2,4,131,0.2001514981658741,0.2001514981658741,0.2001514981658741,0.2001514981658741,0.2001514981658741,0.2001514981658741,1,1,0,0,0.0,0.0,0.0,0.0,0.0,0.0,0.0,0.0,0.0,0.0,0.0,0.0,0.0,0.0,0.0,0.0,0.26666666666666666,0.35,0.0,0.0,0.0,0.0,0.0,0.0
20260704,WFG2,13,450,0.4469057708192762,0.4469057708192762,0.4469057708192762,0.4469057708192762,0.4469057708192762,0.4469057708192762,1,1,0,0,0.0,0.0,0.0,0.0,0.0,0.0,0.0,0.0,0.0,0.0,0.0,0.0,0.0,0.0,0.0,0.5166666666666667,0.75,0.85,0.0,0.0,0.0,0.0,0.0,0.0
20260704,WFG2,5,206,0.34970928228922477,0.34970928228922477,0.34970928228922477,0.34970928228922477,0.34970928228922477,0.34970928228922477,1,1,0,0,0.0,0.0,0.0,0.0,0.0,0.0,0.0,0.0,0.0,0.0,0.0,0.0,0.0,0.0,0.0,0.03333333333333333,0.2833333333333333,0.8333333333333334,0.0,0.0,0.0,0.0,0.0,0.0
20260704,WFG2,7,101,0.4411031821119336,0.4411031821119336,0.4411031821119336,0.4411031821119336,0.4411031821119336,0.4411031821119336,1,1,0,0,0.0,0.0,0.0,0.0,0.0,0.0,0.0,0.0,0.0,0.0,0.0,0.0,0.0,0.0,0.0,0.45,0.5666666666666667,0.6833333333333333,0.0,0.0,0.0,0.0,0.0,0.0
20260704,WFG2,9,225,0.4206006415007008,0.4206006415007008,0.4206006415007008,0.4206006415007008,0.4206006415007008,0.4206006415007008,1,1,0,0,0.0,0.0,0.0,0.0,0.0,0.0,0.0,0.0,0.0,0.0,0.0,0.0,0.0,0.0,0.0,0.0,0.05,0.5166666666666667,0.0,0.0,0.0,0.0,0.0,0.0
20260704,WFG2,11,367,0.45115028439304333,0.45115028439304333,0.45115028439304333,0.45115028439304333,0.45115028439304333,0.45115028439304333,1,1,0,0,0.0,0.0,0.0,0.0,0.0,0.0,0.0,0.0,0.0,0.0,0.0,0.0,0.0,0.0,0.0,0.2833333333333333,0.5,0.9,0.0,0.0,0.0,0.0,0.0,0.0
20260704,WFG2,3,141,0.13688461017891604,0.13688461017891604,0.13688461017891604,0.13688461017891604,0.13688461017891604,0.13688461017891604,1,1,0,0,0.0,0.0,0.0,0.0,0.0,0.0,0.0,0.0,0.0,0.0,0.0,0.0,0.0,0.0,0.0,0.31666666666666665,0.4666666666666667,0.5,0.0,0.0,0.0,0.0,0.0,0.0
20260704,WFG2,5,289,0.23055395031565198,0.23055395031565198,0.23055395031565198,0.23055395031565198,0.23055395031565198,0.23055395031565198,1,1,0,0,0.0,0.0,0.0,0.0,0.0,0.0,0.0,0.0,0.0,0.0,0.0,0.0,0.0,0.0,0.0,0.0,0.0,0.18333333333333332,0.0,0.0,0.0,0.0,0.0,0.0
20260704,WFG2,5,310,0.19501243324616607,0.19501243324616607,0.19501243324616607,0.19501243324616607,0.19501243324616607,0.19501243324616607,1,1,0,0,0.0,0.0,0.0,0.0,0.0,0.0,0.0,0.0,0.0,0.0,0.0,0.0,0.0,0.0,0.0,0.0,0.016666666666666666,0.2,0.0,0.0,0.0,0.0,0.0,0.0
20260704,WFG2,15,114,0.5610452201678077,0.5610452201678077,0.5610452201678077,0.5610452201678077,0.5610452201678077,0.5610452201678077,1,1,0,0,0.0,0.0,0.0,0.0,0.0,0.0,0.0,0.0,0.0,0.0,0.0,0.0,0.0,0.0,0.0,0.03333333333333333,0.21666666666666667,0.5,0.0,0.0,0.0,0.0,0.0,0.0
20260704,WFG2,14,310,0.4662158441426899,0.4662158441426899,0.4662158441426899,0.4662158441426899,0.4662158441426899,0.4662158441426899,1,1,0,0,0.0,0.0,0.0,0.0,0.0,0.0,0.0,0.0,0.0,0.0,0.0,0.0,0.0,0.0,0.0,0.4666666666666667,0.6833333333333333,0.9333333333333333,0.0,0.0,0.0,0.0,0.0,0.0
20260704,WFG2,9,291,0.46886574395636366,0.46886574395636366,0.46886574395636366,0.46886574395636366,0.46886574395636366,0.46886574395636366,1,1,0,0,0.0,0.0,0.0,0.0,0.0,0.0,0.0,0.0,0.0,0.0,0.0,0.0,0.0,0.0,0.0,0.16666666666666666,0.36666666666666664,0.8166666666666667,0.0,0.0,0.0,0.0,0.0,0.0
20260704,WFG2,6,119,0.39169615592099344,0.39169615592099344,0.39169615592099344,0.39169615592099344,0.39169615592099344,0.39169615592099344,1,1,0,0,0.0,0.0,0.0,0.0,0.0,0.0,0.0,0.0,0.0,0.0,0.0,0.0,0.0,0.0,0.0,0.016666666666666666,0.15,0.48333333333333334,0.0,0.0,0.0,0.0,0.0,0.0
20260704,WFG2,9,403,0.4435964228544777,0.4435964228544777,0.4435964228544777,0.4435964228544777,0.4435964228544777,0.4435964228544777,1,1,0,0,0.1,0.31666666666666665,0.2833333333333333,0.0,0.0,0.0,0.0,0.0,0.0,0.1,0.31666666666666665,0.2833333333333333,0.1,0.31666666666666665,0.2833333333333333,0.05,0.26666666666666666,0.6,0.1,0.31666666666666665,0.2833333333333333,0.0,0.0,0.0
20260704,WFG2,12,116,0.481933178677926,0.481933178677926,0.481933178677926,0.481933178677926,0.481933178677926,0.481933178677926,1,1,0,0,0.0,0.0,0.0,0.0,0.0,0.0,0.0,0.0,0.0,0.0,0.0,0.0,0.0,0.0,0.0,0.016666666666666666,0.26666666666666666,0.7,0.0,0.0,0.0,0.0,0.0,0.0
20260704,WFG2,8,166,0.3952736740591309,0.3952736740591309,0.3952736740591309,0.3952736740591309,0.3952736740591309,0.3952736740591309,1,1,0,0,0.0,0.0,0.0,0.0,0.0,0.0,0.0,0.0,0.0,0.0,0.0,0.0,0.0,0.0,0.0,0.18333333333333332,0.26666666666666666,0.48333333333333334,0.0,0.0,0.0,0.0,0.0,0.0
20260704,WFG2,13,264,0.5033198711643645,0.5033198711643645,0.5033198711643645,0.5033198711643645,0.5033198711643645,0.5033198711643645,1,1,0,0,0.0,0.0,0.0,0.0,0.0,0.0,0.0,0.0,0.0,0.0,0.0,0.0,0.0,0.0,0.0,0.5166666666666667,0.6666666666666666,0.9,0.0,0.0,0.0,0.0,0.0,0.0
20260704,WFG2,9,494,0.4198050394217256,0.4198050394217256,0.4198050394217256,0.4198050394217256,0.4198050394217256,0.4198050394217256,1,1,0,0,0.0,0.0,0.0,0.0,0.0,0.0,0.0,0.0,0.0,0.0,0.0,0.0,0.0,0.0,0.0,0.0,0.13333333333333333,0.5166666666666667,0.0,0.0,0.0,0.0,0.0,0.0
20260704,WFG2,6,105,0.38837665191090237,0.38837665191090237,0.38837665191090237,0.38837665191090237,0.38837665191090237,0.38837665191090237,1,1,0,0,0.0,0.0,0.0,0.0,0.0,0.0,0.0,0.0,0.0,0.0,0.0,0.0,0.0,0.0,0.0,0.4166666666666667,0.5666666666666667,0.8833333333333333,0.0,0.0,0.0,0.0,0.0,0.0
20260704,WFG2,8,491,0.32853969639061437,0.32853969639061437,0.32853969639061437,0.32853969639061437,0.32853969639061437,0.32853969639061437,1,1,0,0,0.0,0.0,0.0,0.0,0.0,0.0,0.0,0.0,0.0,0.0,0.0,0.0,0.0,0.0,0.0,0.05,0.55,0.75,0.0,0.0,0.0,0.0,0.0,0.0
20260704,WFG2,15,303,0.545082807961515,0.545082807961515,0.545082807961515,0.545082807961515,0.545082807961515,0.545082807961515,1,1,0,0,0.0,0.0,0.0,0.0,0.0,0.0,0.0,0.0,0.0,0.0,0.0,0.0,0.0,0.0,0.0,0.7666666666666667,0.9166666666666666,0.9666666666666667,0.0,0.0,0.0,0.0,0.0,0.0
20260704,WFG2,9,230,0.46685936497770986,0.46685936497770986,0.46685936497770986,0.46685936497770986,0.46685936497770986,0.46685936497770986,1,1,0,0,0.0,0.0,0.0,0.0,0.0,0.0,0.0,0.0,0.0,0.0,0.0,0.0,0.0,0.0,0.0,0.35,0.6166666666666667,0.8333333333333334,0.0,0.0,0.0,0.0,0.0,0.0
20260704,WFG2,4,61,0.21311899231975964,0.21311899231975964,0.21311899231975964,0.21311899231975964,0.21311899231975964,0.21311899231975964,1,1,0,0,0.0,0.0,0.0,0.0,0.0,0.0,0.0,0.0,0.0,0.0,0.0,0.0,0.0,0.0,0.0,0.0,0.0,0.05,0.0,0.0,0.0,0.0,0.0,0.0
20260704,WFG2,14,450,0.4977244061591176,0.4977244061591176,0.4977244061591176,0.4977244061591176,0.4977244061591176,0.4977244061591176,1,1,0,0,0.0,0.0,0.0,0.0,0.0,0.0,0.0,0.0,0.0,0.0,0.0,0.0,0.0,0.0,0.0,0.8833333333333333,0.8166666666666667,0.9166666666666666,0.0,0.0,0.0,0.0,0.0,0.0
20260704,WFG2,10,486,0.3855634684817493,0.3855634684817493,0.3855634684817493,0.3855634684817493,0.3855634684817493,0.3855634684817493,1,1,0,0,0.0,0.0,0.0,0.0,0.0,0.0,0.0,0.0,0.0,0.0,0.0,0.0,0.0,0.0,0.0,0.18333333333333332,0.36666666666666664,0.5666666666666667,0.0,0.0,0.0,0.0,0.0,0.0
20260704,WFG2,8,69,0.3923152455782637,0.3923152455782637,0.3923152455782637,0.3923152455782637,0.3923152455782637,0.3923152455782637,1,1,0,0,0.0,0.0,0.0,0.0,0.0,0.0,0.0,0.0,0.0,0.0,0.0,0.0,0.0,0.0,0.0,0.1,0.2833333333333333,0.43333333333333335,0.0,0.0,0.0,0.0,0.0,0.0
20260704,WFG2,3,160,0.13206665145960947,0.13206665145960947,0.13206665145960947,0.13206665145960947,0.13206665145960947,0.13206665145960947,1,1,0,0,0.0,0.0,0.0,0.0,0.0,0.0,0.0,0.0,0.0,0.0,0.0,0.0,0.0,0.0,0.0,0.26666666666666666,0.35,0.45,0.0,0.0,0.0,0.0,0.0,0.0
20260704,WFG2,12,191,0.44798960298659696,0.44798960298659696,0.44798960298659696,0.44798960298659696,0.44798960298659696,0.44798960298659696,1,1,0,0,0.0,0.0,0.0,0.0,0.0,0.0,0.0,0.0,0.0,0.0,0.0,0.0,0.0,0.0,0.0,0.0,0.23333333333333334,0.6833333333333333,0.0,0.0,0.0,0.0,0.0,0.0
20260704,WFG2,14,418,0.48944019951751033,0.48944019951751033,0.48944019951751033,0.48944019951751033,0.48944019951751033,0.48944019951751033,1,1,0,0,0.0,0.0,0.0,0.0,0.0,0.0,0.0,0.0,0.0,0.0,0.0,0.0,0.0,0.0,0.0,0.15,0.5666666666666667,0.7666666666666667,0.0,0.0,0.0,0.0,0.0,0.0
20260704,WFG2,8,163,0.4761134383915554,0.4761134383915554,0.4761134383915554,0.4761134383915554,0.4761134383915554,0.4761134383915554,1,1,0,0,0.0,0.0,0.0,0.0,0.0,0.0,0.0,0.0,0.0,0.0,0.0,0.0,0.0,0.0,0.0,0.45,0.6666666666666666,0.8666666666666667,0.0,0.0,0.0,0.0,0.0,0.0
20260704,WFG2,8,307,0.4571178458743867,0.4571178458743867,0.4571178458743867,0.4571178458743867,0.4571178458743867,0.4571178458743867,1,1,0,0,0.0,0.0,0.0,0.0,0.0,0.0,0.0,0.0,0.0,0.0,0.0,0.0,0.0,0.0,0.0,0.4166666666666667,0.75,0.8833333333333333,0.0,0.0,0.0,0.0,0.0,0.0
20260704,WFG2,13,236,0.4120475955347037,0.4120475955347037,0.4120475955347037,0.4120475955347037,0.4120475955347037,0.4120475955347037,1,1,0,0,0.0,0.0,0.0,0.0,0.0,0.0,0.0,0.0,0.0,0.0,0.0,0.0,0.0,0.0,0.0,0.23333333333333334,0.4166666666666667,0.6333333333333333,0.0,0.0,0.0,0.0,0.0,0.0
20260704,WFG2,13,293,0.4730737495581315,0.4730737495581315,0.4730737495581315,0.4730737495581315,0.4730737495581315,0.4730737495581315,1,1,0,0,0.0,0.0,0.0,0.0,0.0,0.0,0.0,0.0,0.0,0.0,0.0,0.0,0.0,0.0,0.0,0.45,0.75,0.9333333333333333,0.0,0.0,0.0,0.0,0.0,0.0
20260704,WFG2,7,427,0.40448962411783,0.4338219826180457,0.4338219826180457,0.40448962411783,0.40448962411783,0.4338219826180457,1,1,0,0,0.25,0.18333333333333332,0.26666666666666666,0.0,0.0,0.0,0.0,0.0,0.0,0.25,0.18333333333333332,0.26666666666666666,0.25,0.18333333333333332,0.26666666666666666,0.6333333333333333,0.75,0.9,0.25,0.18333333333333332,0.26666666666666666,0.0,0.0,0.0
20260704,WFG2,13,489,0.4749095101668717,0.5311831639532745,0.5311831639532745,0.4749095101668717,0.4749095101668717,0.5311831639532745,1,1,0,0,0.5,0.5,0.5666666666666667,0.0,0.0,0.0,0.0,0.0,0.0,0.5,0.5,0.5666666666666667,0.5,0.5,0.5666666666666667,0.48333333333333334,0.55,0.9,0.5,0.5,0.5666666666666667,0.0,0.0,0.0
20260704,WFG2,15,302,0.5226305927479159,0.5226305927479159,0.5226305927479159,0.5226305927479159,0.5226305927479159,0.5226305927479159,1,1,0,0,0.0,0.0,0.0,0.0,0.0,0.0,0.0,0.0,0.0,0.0,0.0,0.0,0.0,0.0,0.0,0.48333333333333334,0.5666666666666667,0.8666666666666667,0.0,0.0,0.0,0.0,0.0,0.0
20260704,WFG2,9,168,0.41010056765006275,0.41010056765006275,0.41010056765006275,0.41010056765006275,0.41010056765006275,0.41010056765006275,1,1,0,0,0.0,0.0,0.0,0.0,0.0,0.0,0.0,0.0,0.0,0.0,0.0,0.0,0.0,0.0,0.0,0.08333333333333333,0.13333333333333333,0.55,0.0,0.0,0.0,0.0,0.0,0.0
20260704,WFG2,11,477,0.4857371452171989,0.4857371452171989,0.4857371452171989,0.4857371452171989,0.4857371452171989,0.4857371452171989,1,1,0,0,0.0,0.0,0.016666666666666666,0.0,0.0,0.0,0.0,0.0,0.0,0.0,0.0,0.016666666666666666,0.0,0.0,0.016666666666666666,0.7833333333333333,0.8666666666666667,1.0,0.0,0.0,0.016666666666666666,0.0,0.0,0.0
20260704,WFG2,12,154,0.5057030186903408,0.5057030186903408,0.5057030186903408,0.5057030186903408,0.5057030186903408,0.5057030186903408,1,1,0,0,0.0,0.0,0.0,0.0,0.0,0.0,0.0,0.0,0.0,0.0,0.0,0.0,0.0,0.0,0.0,0.18333333333333332,0.5,0.7333333333333333,0.0,0.0,0.0,0.0,0.0,0.0
20260704,WFG2,8,392,0.3314185431352668,0.3314185431352668,0.3314185431352668,0.3314185431352668,0.3314185431352668,0.3314185431352668,1,1,0,0,0.0,0.0,0.0,0.0,0.0,0.0,0.0,0.0,0.0,0.0,0.0,0.0,0.0,0.0,0.0,0.4,0.5333333333333333,0.55,0.0,0.0,0.0,0.0,0.0,0.0
20260704,WFG2,12,269,0.46049757441313566,0.46049757441313566,0.46049757441313566,0.46049757441313566,0.46049757441313566,0.46049757441313566,1,1,0,0,0.0,0.0,0.0,0.0,0.0,0.0,0.0,0.0,0.0,0.0,0.0,0.0,0.0,0.0,0.0,0.03333333333333333,0.38333333333333336,0.7666666666666667,0.0,0.0,0.0,0.0,0.0,0.0
20260704,WFG2,13,342,0.4818223173962668,0.4818223173962668,0.4818223173962668,0.4818223173962668,0.4818223173962668,0.4818223173962668,1,1,0,0,0.0,0.0,0.0,0.0,0.0,0.0,0.0,0.0,0.0,0.0,0.0,0.0,0.0,0.0,0.0,0.5,0.7,0.8333333333333334,0.0,0.0,0.0,0.0,0.0,0.0
20260704,WFG2,9,200,0.4359793157539442,0.4359793157539442,0.4359793157539442,0.4359793157539442,0.4359793157539442,0.4359793157539442,1,1,0,0,0.0,0.0,0.0,0.0,0.0,0.0,0.0,0.0,0.0,0.0,0.0,0.0,0.0,0.0,0.0,0.0,0.16666666666666666,0.5166666666666667,0.0,0.0,0.0,0.0,0.0,0.0
20260704,WFG2,3,74,0.2495546149529435,0.2495546149529435,0.2495546149529435,0.2495546149529435,0.2495546149529435,0.2495546149529435,1,1,0,0,0.0,0.0,0.0,0.0,0.0,0.0,0.0,0.0,0.0,0.0,0.0,0.0,0.0,0.0,0.0,0.05,0.35,0.65,0.0,0.0,0.0,0.0,0.0,0.0
20260704,WFG2,14,231,0.5456509411968575,0.5456509411968575,0.5456509411968575,0.5456509411968575,0.5456509411968575,0.5456509411968575,1,1,0,0,0.21666666666666667,0.21666666666666667,0.21666666666666667,0.0,0.0,0.0,0.0,0.0,0.0,0.21666666666666667,0.21666666666666667,0.21666666666666667,0.21666666666666667,0.21666666666666667,0.21666666666666667,0.4166666666666667,0.6333333333333333,0.9166666666666666,0.21666666666666667,0.21666666666666667,0.21666666666666667,0.0,0.0,0.0
20260704,WFG2,7,180,0.3731435803039543,0.3731435803039543,0.3731435803039543,0.3731435803039543,0.3731435803039543,0.3731435803039543,1,1,0,0,0.0,0.0,0.0,0.0,0.0,0.0,0.0,0.0,0.0,0.0,0.0,0.0,0.0,0.0,0.0,0.2,0.35,0.7166666666666667,0.0,0.0,0.0,0.0,0.0,0.0
20260704,WFG2,6,460,0.238151212651963,0.238151212651963,0.238151212651963,0.238151212651963,0.238151212651963,0.238151212651963,1,1,0,0,0.0,0.0,0.0,0.0,0.0,0.0,0.0,0.0,0.0,0.0,0.0,0.0,0.0,0.0,0.0,0.06666666666666667,0.26666666666666666,0.5166666666666667,0.0,0.0,0.0,0.0,0.0,0.0
20260704,WFG2,8,107,0.3984392363263422,0.3984392363263422,0.3984392363263422,0.3984392363263422,0.3984392363263422,0.3984392363263422,1,1,0,0,0.0,0.0,0.0,0.0,0.0,0.0,0.0,0.0,0.0,0.0,0.0,0.0,0.0,0.0,0.0,0.0,0.11666666666666667,0.5166666666666667,0.0,0.0,0.0,0.0,0.0,0.0
20260704,WFG2,5,176,0.2463430145945501,0.2463430145945501,0.2463430145945501,0.2463430145945501,0.2463430145945501,0.2463430145945501,1,1,0,0,0.0,0.0,0.0,0.0,0.0,0.0,0.0,0.0,0.0,0.0,0.0,0.0,0.0,0.0,0.0,0.2,0.38333333333333336,0.4666666666666667,0.0,0.0,0.0,0.0,0.0,0.0
20260704,WFG2,14,192,0.5583007528579821,0.5583007528579821,0.5583007528579821,0.5583007528579821,0.5583007528579821,0.5583007528579821,1,1,0,0,0.0,0.03333333333333333,0.1,0.0,0.0,0.0,0.0,0.0,0.0,0.0,0.03333333333333333,0.1,0.0,0.03333333333333333,0.1,0.5,0.5333333333333333,0.7833333333333333,0.0,0.03333333333333333,0.1,0.0,0.0,0.0
20260704,WFG2,15,86,0.5744549929071762,0.5744549929071762,0.5744549929071762,0.5744549929071762,0.5744549929071762,0.5744549929071762,1,1,0,0,0.0,0.016666666666666666,0.05,0.0,0.0,0.0,0.0,0.0,0.0,0.0,0.016666666666666666,0.05,0.0,0.016666666666666666,0.05,0.2,0.16666666666666666,0.7,0.0,0.016666666666666666,0.05,0.0,0.0,0.0
20260704,WFG2,7,451,0.3988337891013686,0.3988337891013686,0.3988337891013686,0.3988337891013686,0.3988337891013686,0.3988337891013686,1,1,0,0,0.0,0.0,0.0,0.0,0.0,0.0,0.0,0.0,0.0,0.0,0.0,0.0,0.0,0.0,0.0,0.38333333333333336,0.55,0.9,0.0,0.0,0.0,0.0,0.0,0.0
20260704,WFG2,9,448,0.45978952021084113,0.45978952021084113,0.45978952021084113,0.45978952021084113,0.45978952021084113,0.45978952021084113,1,1,0,0,0.0,0.0,0.0,0.0,0.0,0.0,0.0,0.0,0.0,0.0,0.0,0.0,0.0,0.0,0.0,0.7333333333333333,0.9166666666666666,0.9,0.0,0.0,0.0,0.0,0.0,0.0
20260704,WFG2,7,442,0.35962870673457903,0.4306925410778039,0.4306925410778039,0.35962870673457903,0.35962870673457903,0.4306925410778039,1,1,0,0,0.6,0.6,0.7,0.0,0.0,0.0,0.0,0.0,0.0,0.6,0.6,0.7,0.6,0.6,0.7,0.48333333333333334,0.5833333333333334,0.8333333333333334,0.6,0.6,0.7,0.0,0.0,0.0
20260704,WFG2,10,325,0.47294909574745037,0.47294909574745037,0.47294909574745037,0.47294909574745037,0.47294909574745037,0.47294909574745037,1,1,0,0,0.0,0.0,0.0,0.0,0.0,0.0,0.0,0.0,0.0,0.0,0.0,0.0,0.0,0.0,0.0,0.0,0.21666666666666667,0.7,0.0,0.0,0.0,0.0,0.0,0.0
20260704,WFG2,12,323,0.4884736948770771,0.4884736948770771,0.4884736948770771,0.4884736948770771,0.4884736948770771,0.4884736948770771,1,1,0,0,0.0,0.0,0.0,0.0,0.0,0.0,0.0,0.0,0.0,0.0,0.0,0.0,0.0,0.0,0.0,0.0,0.1,0.65,0.0,0.0,0.0,0.0,0.0,0.0
20260704,WFG2,10,422,0.4433950772513062,0.4433950772513062,0.4433950772513062,0.4433950772513062,0.4433950772513062,0.4433950772513062,1,1,0,0,0.0,0.0,0.0,0.0,0.0,0.0,0.0,0.0,0.0,0.0,0.0,0.0,0.0,0.0,0.0,0.3,0.4666666666666667,0.8333333333333334,0.0,0.0,0.0,0.0,0.0,0.0
20260704,WFG2,15,74,0.5158543124773741,0.5158543124773741,0.5158543124773741,0.5158543124773741,0.5158543124773741,0.5158543124773741,1,1,0,0,0.0,0.0,0.0,0.0,0.0,0.0,0.0,0.0,0.0,0.0,0.0,0.0,0.0,0.0,0.0,0.0,0.08333333333333333,0.43333333333333335,0.0,0.0,0.0,0.0,0.0,0.0
20260704,WFG2,8,227,0.40324038834857345,0.40324038834857345,0.40324038834857345,0.40324038834857345,0.40324038834857345,0.40324038834857345,1,1,0,0,0.0,0.0,0.0,0.0,0.0,0.0,0.0,0.0,0.0,0.0,0.0,0.0,0.0,0.0,0.0,0.48333333333333334,0.4666666666666667,0.7666666666666667,0.0,0.0,0.0,0.0,0.0,0.0
20260704,WFG2,11,352,0.42321990036435153,0.42321990036435153,0.42321990036435153,0.42321990036435153,0.42321990036435153,0.42321990036435153,1,1,0,0,0.0,0.0,0.0,0.0,0.0,0.0,0.0,0.0,0.0,0.0,0.0,0.0,0.0,0.0,0.0,0.3,0.5666666666666667,0.6166666666666667,0.0,0.0,0.0,0.0,0.0,0.0
20260704,WFG2,9,258,0.45845532669995503,0.45845532669995503,0.45845532669995503,0.45845532669995503,0.45845532669995503,0.45845532669995503,1,1,0,0,0.0,0.0,0.0,0.0,0.0,0.0,0.0,0.0,0.0,0.0,0.0,0.0,0.0,0.0,0.0,0.48333333333333334,0.5,0.65,0.0,0.0,0.0,0.0,0.0,0.0
20260704,WFG2,14,76,0.5384002405925088,0.5384002405925088,0.5384002405925088,0.5384002405925088,0.5384002405925088,0.5384002405925088,1,1,0,0,0.0,0.0,0.0,0.0,0.0,0.0,0.0,0.0,0.0,0.0,0.0,0.0,0.0,0.0,0.0,0.2833333333333333,0.48333333333333334,0.8333333333333334,0.0,0.0,0.0,0.0,0.0,0.0
20260704,WFG2,11,237,0.46390602757135385,0.46390602757135385,0.46390602757135385,0.46390602757135385,0.46390602757135385,0.46390602757135385,1,1,0,0,0.0,0.0,0.0,0.0,0.0,0.0,0.0,0.0,0.0,0.0,0.0,0.0,0.0,0.0,0.0,0.0,0.15,0.5666666666666667,0.0,0.0,0.0,0.0,0.0,0.0
20260704,WFG2,12,71,0.5458301274575009,0.5458301274575009,0.5458301274575009,0.5458301274575009,0.5458301274575009,0.5458301274575009,1,1,0,0,0.0,0.0,0.0,0.0,0.0,0.0,0.0,0.0,0.0,0.0,0.0,0.0,0.0,0.0,0.0,0.13333333333333333,0.3,0.6833333333333333,0.0,0.0,0.0,0.0,0.0,0.0
20260704,WFG2,13,422,0.483039541820332,0.483039541820332,0.483039541820332,0.483039541820332,0.483039541820332,0.483039541820332,1,1,0,0,0.0,0.0,0.0,0.0,0.0,0.0,0.0,0.0,0.0,0.0,0.0,0.0,0.0,0.0,0.0,0.3,0.7,0.8,0.0,0.0,0.0,0.0,0.0,0.0
20260704,WFG2,9,283,0.41668022071180816,0.41668022071180816,0.41668022071180816,0.41668022071180816,0.41668022071180816,0.41668022071180816,1,1,0,0,0.0,0.0,0.0,0.0,0.0,0.0,0.0,0.0,0.0,0.0,0.0,0.0,0.0,0.0,0.0,0.2833333333333333,0.7166666666666667,0.7333333333333333,0.0,0.0,0.0,0.0,0.0,0.0
20260704,WFG2,8,294,0.4920883424004979,0.4920883424004979,0.4920883424004979,0.4920883424004979,0.4920883424004979,0.4920883424004979,1,1,0,0,0.0,0.016666666666666666,0.13333333333333333,0.0,0.0,0.0,0.0,0.0,0.0,0.0,0.016666666666666666,0.13333333333333333,0.0,0.016666666666666666,0.13333333333333333,0.5333333333333333,0.6166666666666667,0.8166666666666667,0.0,0.016666666666666666,0.13333333333333333,0.0,0.0,0.0
20260704,WFG2,9,169,0.37652780433922495,0.37652780433922495,0.37652780433922495,0.37652780433922495,0.37652780433922495,0.37652780433922495,1,1,0,0,0.0,0.0,0.0,0.0,0.0,0.0,0.0,0.0,0.0,0.0,0.0,0.0,0.0,0.0,0.0,0.0,0.016666666666666666,0.3,0.0,0.0,0.0,0.0,0.0,0.0
20260704,WFG2,7,378,0.4451625132638066,0.4696041405196726,0.4696041405196726,0.4451625132638066,0.4451625132638066,0.4696041405196726,1,1,0,0,0.0,0.0,0.18333333333333332,0.0,0.0,0.0,0.0,0.0,0.0,0.0,0.0,0.18333333333333332,0.0,0.0,0.18333333333333332,0.23333333333333334,0.6166666666666667,0.7833333333333333,0.0,0.0,0.18333333333333332,0.0,0.0,0.0
20260704,WFG2,15,427,0.5619842345289606,0.5619842345289606,0.5619842345289606,0.5619842345289606,0.5619842345289606,0.5619842345289606,1,1,0,0,0.0,0.0,0.05,0.0,0.0,0.0,0.0,0.0,0.0,0.0,0.0,0.05,0.0,0.0,0.05,0.7166666666666667,0.8666666666666667,0.9666666666666667,0.0,0.0,0.05,0.0,0.0,0.0
20260704,WFG2,3,68,0.06298494162354452,0.06298494162354452,0.06298494162354452,0.06298494162354452,0.06298494162354452,0.06298494162354452,1,1,0,0,0.0,0.0,0.0,0.0,0.0,0.0,0.0,0.0,0.0,0.0,0.0,0.0,0.0,0.0,0.0,0.0,0.0,0.06666666666666667,0.0,0.0,0.0,0.0,0.0,0.0
20260704,WFG2,5,428,0.3092489398431161,0.3092489398431161,0.3092489398431161,0.3092489398431161,0.3092489398431161,0.3092489398431161,1,1,0,0,0.0,0.0,0.0,0.0,0.0,0.0,0.0,0.0,0.0,0.0,0.0,0.0,0.0,0.0,0.0,0.7333333333333333,0.9,0.9833333333333333,0.0,0.0,0.0,0.0,0.0,0.0
20260704,WFG2,7,95,0.46468650281450685,0.46468650281450685,0.46468650281450685,0.46468650281450685,0.46468650281450685,0.46468650281450685,1,1,0,0,0.0,0.0,0.03333333333333333,0.0,0.0,0.0,0.0,0.0,0.0,0.0,0.0,0.03333333333333333,0.0,0.0,0.03333333333333333,0.03333333333333333,0.21666666666666667,0.55,0.0,0.0,0.03333333333333333,0.0,0.0,0.0
20260704,WFG2,5,406,0.24942883200476243,0.24942883200476243,0.24942883200476243,0.24942883200476243,0.24942883200476243,0.24942883200476243,1,1,0,0,0.0,0.0,0.0,0.0,0.0,0.0,0.0,0.0,0.0,0.0,0.0,0.0,0.0,0.0,0.0,0.016666666666666666,0.15,0.43333333333333335,0.0,0.0,0.0,0.0,0.0,0.0
20260704,WFG2,6,334,0.338443609667235,0.338443609667235,0.338443609667235,0.338443609667235,0.338443609667235,0.338443609667235,1,1,0,0,0.0,0.0,0.0,0.0,0.0,0.0,0.0,0.0,0.0,0.0,0.0,0.0,0.0,0.0,0.0,0.4166666666666667,0.5666666666666667,0.6666666666666666,0.0,0.0,0.0,0.0,0.0,0.0
20260704,WFG2,8,349,0.4115162984057857,0.4115162984057857,0.4115162984057857,0.4115162984057857,0.4115162984057857,0.4115162984057857,1,1,0,0,0.0,0.0,0.0,0.0,0.0,0.0,0.0,0.0,0.0,0.0,0.0,0.0,0.0,0.0,0.0,0.1,0.26666666666666666,0.7333333333333333,0.0,0.0,0.0,0.0,0.0,0.0
20260704,WFG2,15,151,0.4785134427817731,0.4785134427817731,0.4785134427817731,0.4785134427817731,0.4785134427817731,0.4785134427817731,1,1,0,0,0.0,0.0,0.0,0.0,0.0,0.0,0.0,0.0,0.0,0.0,0.0,0.0,0.0,0.0,0.0,0.0,0.1,0.5333333333333333,0.0,0.0,0.0,0.0,0.0,0.0
20260704,WFG2,6,88,0.4676081772101432,0.4676081772101432,0.4676081772101432,0.4676081772101432,0.4676081772101432,0.4676081772101432,1,1,0,0,0.0,0.0,0.0,0.0,0.0,0.0,0.0,0.0,0.0,0.0,0.0,0.0,0.0,0.0,0.0,0.38333333333333336,0.55,0.7166666666666667,0.0,0.0,0.0,0.0,0.0,0.0
20260704,WFG2,15,199,0.5052434115776272,0.5052434115776272,0.5052434115776272,0.5052434115776272,0.5052434115776272,0.5052434115776272,1,1,0,0,0.0,0.0,0.0,0.0,0.0,0.0,0.0,0.0,0.0,0.0,0.0,0.0,0.0,0.0,0.0,0.0,0.11666666666666667,0.75,0.0,0.0,0.0,0.0,0.0,0.0
20260704,WFG2,6,114,0.39366860734500403,0.39366860734500403,0.39366860734500403,0.39366860734500403,0.39366860734500403,0.39366860734500403,1,1,0,0,0.0,0.0,0.0,0.0,0.0,0.0,0.0,0.0,0.0,0.0,0.0,0.0,0.0,0.0,0.0,0.38333333333333336,0.6833333333333333,0.8333333333333334,0.0,0.0,0.0,0.0,0.0,0.0
20260704,WFG2,9,110,0.3449643638369102,0.3449643638369102,0.3449643638369102,0.3449643638369102,0.3449643638369102,0.3449643638369102,1,1,0,0,0.0,0.0,0.0,0.0,0.0,0.0,0.0,0.0,0.0,0.0,0.0,0.0,0.0,0.0,0.0,0.0,0.1,0.6666666666666666,0.0,0.0,0.0,0.0,0.0,0.0
20260704,WFG2,3,43,0.22942460445852278,0.22942460445852278,0.22942460445852278,0.22942460445852278,0.22942460445852278,0.22942460445852278,1,1,0,0,0.0,0.0,0.0,0.0,0.0,0.0,0.0,0.0,0.0,0.0,0.0,0.0,0.0,0.0,0.0,0.13333333333333333,0.36666666666666664,0.4166666666666667,0.0,0.0,0.0,0.0,0.0,0.0
20260704,WFG2,14,198,0.56672682394155,0.56672682394155,0.56672682394155,0.56672682394155,0.56672682394155,0.56672682394155,1,1,0,0,0.2833333333333333,0.4,0.5,0.0,0.0,0.0,0.0,0.0,0.0,0.2833333333333333,0.4,0.5,0.2833333333333333,0.4,0.5,0.05,0.3,0.7666666666666667,0.2833333333333333,0.4,0.5,0.0,0.0,0.0
20260704,WFG2,11,361,0.42780554660213094,0.42780554660213094,0.42780554660213094,0.42780554660213094,0.42780554660213094,0.42780554660213094,1,1,0,0,0.0,0.0,0.0,0.0,0.0,0.0,0.0,0.0,0.0,0.0,0.0,0.0,0.0,0.0,0.0,0.13333333333333333,0.4166666666666667,0.8,0.0,0.0,0.0,0.0,0.0,0.0
20260704,WFG2,10,439,0.4281785040571267,0.4281785040571267,0.4281785040571267,0.4281785040571267,0.4281785040571267,0.4281785040571267,1,1,0,0,0.0,0.0,0.0,0.0,0.0,0.0,0.0,0.0,0.0,0.0,0.0,0.0,0.0,0.0,0.0,0.45,0.8666666666666667,0.9666666666666667,0.0,0.0,0.0,0.0,0.0,0.0
20260704,WFG2,15,384,0.44885699861796546,0.44885699861796546,0.44885699861796546,0.44885699861796546,0.44885699861796546,0.44885699861796546,1,1,0,0,0.0,0.0,0.0,0.0,0.0,0.0,0.0,0.0,0.0,0.0,0.0,0.0,0.0,0.0,0.0,0.016666666666666666,0.31666666666666665,0.65,0.0,0.0,0.0,0.0,0.0,0.0
20260704,WFG2,5,204,0.2840228463583801,0.2840228463583801,0.2840228463583801,0.2840228463583801,0.2840228463583801,0.2840228463583801,1,1,0,0,0.0,0.0,0.0,0.0,0.0,0.0,0.0,0.0,0.0,0.0,0.0,0.0,0.0,0.0,0.0,0.03333333333333333,0.26666666666666666,0.55,0.0,0.0,0.0,0.0,0.0,0.0
20260704,WFG2,7,117,0.4110174675787823,0.4110174675787823,0.4110174675787823,0.4110174675787823,0.4110174675787823,0.4110174675787823,1,1,0,0,0.0,0.0,0.0,0.0,0.0,0.0,0.0,0.0,0.0,0.0,0.0,0.0,0.0,0.0,0.0,0.0,0.1,0.55,0.0,0.0,0.0,0.0,0.0,0.0
20260704,WFG2,6,141,0.42883098482157855,0.42883098482157855,0.42883098482157855,0.42883098482157855,0.42883098482157855,0.42883098482157855,1,1,0,0,0.0,0.0,0.0,0.0,0.0,0.0,0.0,0.0,0.0,0.0,0.0,0.0,0.0,0.0,0.0,0.38333333333333336,0.6166666666666667,0.55,0.0,0.0,0.0,0.0,0.0,0.0
20260704,WFG2,10,322,0.4506855814058717,0.4506855814058717,0.4506855814058717,0.4506855814058717,0.4506855814058717,0.4506855814058717,1,1,0,0,0.0,0.0,0.0,0.0,0.0,0.0,0.0,0.0,0.0,0.0,0.0,0.0,0.0,0.0,0.0,0.05,0.3333333333333333,0.65,0.0,0.0,0.0,0.0,0.0,0.0
20260704,WFG2,9,94,0.5048337558208353,0.5048337558208353,0.5048337558208353,0.5048337558208353,0.5048337558208353,0.5048337558208353,1,1,0,0,0.0,0.0,0.0,0.0,0.0,0.0,0.0,0.0,0.0,0.0,0.0,0.0,0.0,0.0,0.0,0.6,0.7833333333333333,0.8333333333333334,0.0,0.0,0.0,0.0,0.0,0.0
20260704,WFG2,4,119,0.2126429785818675,0.2126429785818675,0.2126429785818675,0.2126429785818675,0.2126429785818675,0.2126429785818675,1,1,0,0,0.0,0.0,0.0,0.0,0.0,0.0,0.0,0.0,0.0,0.0,0.0,0.0,0.0,0.0,0.0,0.0,0.0,0.3,0.0,0.0,0.0,0.0,0.0,0.0
20260704,WFG2,9,290,0.5378690462655756,0.5378690462655756,0.5378690462655756,0.5378690462655756,0.5378690462655756,0.5378690462655756,1,1,0,0,0.0,0.016666666666666666,0.15,0.0,0.0,0.0,0.0,0.0,0.0,0.0,0.016666666666666666,0.15,0.0,0.016666666666666666,0.15,0.45,0.7666666666666667,0.9333333333333333,0.0,0.016666666666666666,0.15,0.0,0.0,0.0
20260704,WFG2,7,96,0.4885589929633086,0.4885589929633086,0.4885589929633086,0.4885589929633086,0.4885589929633086,0.4885589929633086,1,1,0,0,0.0,0.0,0.0,0.0,0.0,0.0,0.0,0.0,0.0,0.0,0.0,0.0,0.0,0.0,0.0,0.13333333333333333,0.48333333333333334,0.6166666666666667,0.0,0.0,0.0,0.0,0.0,0.0
20260704,DTLZ,12,421,0.7531570152210598,0.7314698935387072,0.7314698935387072,0.7531570152210598,0.7531570152210598,0.7314698935387072,1,1,0,0,0.45,0.6833333333333333,0.8,0.0,0.0,0.0,0.0,0.0,0.0,0.45,0.6833333333333333,0.8,0.45,0.6833333333333333,0.8,0.18333333333333332,0.4166666666666667,0.8833333333333333,0.45,0.6833333333333333,0.8,0.0,0.0,0.0
20260704,DTLZ,11,77,0.7398345016359488,0.7520382181868903,0.7520382181868903,0.7398345016359488,0.7398345016359488,0.7520382181868903,1,1,0,0,0.016666666666666666,0.06666666666666667,0.25,0.0,0.0,0.0,0.0,0.0,0.0,0.016666666666666666,0.06666666666666667,0.25,0.016666666666666666,0.06666666666666667,0.25,0.0,0.13333333333333333,0.6166666666666667,0.016666666666666666,0.06666666666666667,0.25,0.0,0.0,0.0
20260704,DTLZ,11,68,0.747721185251436,0.7640780463339453,0.7640780463339453,0.747721185251436,0.747721185251436,0.7640780463339453,1,1,0,0,0.3,0.45,0.6333333333333333,0.0,0.0,0.0,0.0,0.0,0.0,0.3,0.45,0.6333333333333333,0.3,0.45,0.6333333333333333,0.7166666666666667,0.7333333333333333,0.85,0.3,0.45,0.6333333333333333,0.0,0.0,0.0
20260704,DTLZ,9,451,0.739518139973144,0.7338313459947746,0.7338313459947746,0.739518139973144,0.739518139973144,0.7338313459947746,1,1,0,0,0.016666666666666666,0.23333333333333334,0.4666666666666667,0.0,0.0,0.0,0.0,0.0,0.0,0.016666666666666666,0.23333333333333334,0.4666666666666667,0.016666666666666666,0.23333333333333334,0.4666666666666667,0.6333333333333333,0.8,0.95,0.016666666666666666,0.23333333333333334,0.4666666666666667,0.0,0.0,0.0
20260704,DTLZ,11,130,0.755952107259667,0.755952107259667,0.755952107259667,0.755952107259667,0.755952107259667,0.755952107259667,1,1,0,0,0.0,0.0,0.03333333333333333,0.0,0.0,0.0,0.0,0.0,0.0,0.0,0.0,0.03333333333333333,0.0,0.0,0.03333333333333333,0.6833333333333333,0.9166666666666666,1.0,0.0,0.0,0.03333333333333333,0.0,0.0,0.0
20260704,DTLZ,14,154,0.7936995620008206,0.7788428958051244,0.7788428958051244,0.7936995620008206,0.7936995620008206,0.7788428958051244,1,1,0,0,0.4666666666666667,0.7333333333333333,0.9333333333333333,0.0,0.0,0.0,0.0,0.0,0.0,0.4666666666666667,0.7333333333333333,0.9333333333333333,0.4666666666666667,0.7333333333333333,0.9333333333333333,0.3,0.4166666666666667,0.9166666666666666,0.4666666666666667,0.7333333333333333,0.9333333333333333,0.0,0.0,0.0
20260704,DTLZ,14,347,0.735770537398074,0.7510107089711561,0.7510107089711561,0.735770537398074,0.735770537398074,0.7510107089711561,1,1,0,0,0.3333333333333333,0.9,0.8,0.0,0.0,0.0,0.0,0.0,0.0,0.3333333333333333,0.9,0.8,0.3333333333333333,0.9,0.8,0.75,0.9666666666666667,0.9666666666666667,0.3333333333333333,0.9,0.8,0.0,0.0,0.0
20260704,DTLZ,8,466,0.7140038389539765,0.7241294658468405,0.7241294658468405,0.7140038389539765,0.7140038389539765,0.7241294658468405,1,1,0,0,0.35,0.7166666666666667,0.8,0.0,0.0,0.0,0.0,0.0,0.0,0.35,0.7166666666666667,0.8,0.35,0.7166666666666667,0.8,0.65,0.6333333333333333,0.9333333333333333,0.35,0.7166666666666667,0.8,0.0,0.0,0.0
20260704,DTLZ,6,265,0.7974330554000559,0.7649537624991217,0.7649537624991217,0.7974330554000559,0.7974330554000559,0.7649537624991217,1,1,0,0,0.0,0.08333333333333333,0.31666666666666665,0.0,0.0,0.0,0.0,0.0,0.0,0.0,0.08333333333333333,0.31666666666666665,0.0,0.08333333333333333,0.31666666666666665,0.26666666666666666,0.6833333333333333,0.9166666666666666,0.0,0.08333333333333333,0.31666666666666665,0.0,0.0,0.0
20260704,DTLZ,9,337,0.7399788083939122,0.7469007169818912,0.7469007169818912,0.7399788083939122,0.7399788083939122,0.7469007169818912,1,1,0,0,0.0,0.0,0.03333333333333333,0.0,0.0,0.0,0.0,0.0,0.0,0.0,0.0,0.03333333333333333,0.0,0.0,0.03333333333333333,0.5666666666666667,0.7666666666666667,0.9,0.0,0.0,0.03333333333333333,0.0,0.0,0.0
20260704,DTLZ,13,73,0.7608526591840045,0.7749001996823688,0.7749001996823688,0.7608526591840045,0.7608526591840045,0.7749001996823688,1,1,0,0,0.0,0.08333333333333333,0.3,0.0,0.0,0.0,0.0,0.0,0.0,0.0,0.08333333333333333,0.3,0.0,0.08333333333333333,0.3,0.6,0.9333333333333333,0.9833333333333333,0.0,0.08333333333333333,0.3,0.0,0.0,0.0
20260704,DTLZ,6,214,0.7748491215536997,0.7465572520780019,0.7465572520780019,0.7748491215536997,0.7748491215536997,0.7465572520780019,1,1,0,0,0.6,0.5833333333333334,0.6333333333333333,0.0,0.0,0.0,0.0,0.0,0.0,0.6,0.5833333333333334,0.6333333333333333,0.6,0.5833333333333334,0.6333333333333333,0.4,0.5833333333333334,0.85,0.6,0.5833333333333334,0.6333333333333333,0.0,0.0,0.0
20260704,DTLZ,3,225,0.8681858495639797,0.8521564194271185,0.8521564194271185,0.8681858495639797,0.8681858495639797,0.8521564194271185,1,1,0,0,0.3333333333333333,0.48333333333333334,0.5,0.0,0.0,0.0,0.0,0.0,0.0,0.3333333333333333,0.48333333333333334,0.5,0.3333333333333333,0.48333333333333334,0.5,0.6833333333333333,0.9166666666666666,0.9666666666666667,0.3333333333333333,0.48333333333333334,0.5,0.0,0.0,0.0
20260704,DTLZ,5,212,0.7661091871946534,0.7567572602061889,0.7567572602061889,0.7661091871946534,0.7661091871946534,0.7567572602061889,1,1,0,0,0.03333333333333333,0.18333333333333332,0.2833333333333333,0.0,0.0,0.0,0.0,0.0,0.0,0.03333333333333333,0.18333333333333332,0.2833333333333333,0.03333333333333333,0.18333333333333332,0.2833333333333333,0.05,0.5666666666666667,0.95,0.03333333333333333,0.18333333333333332,0.2833333333333333,0.0,0.0,0.0
20260704,DTLZ,15,496,0.729768722473995,0.7445994365538611,0.7445994365538611,0.729768722473995,0.729768722473995,0.7445994365538611,1,1,0,0,0.21666666666666667,0.5333333333333333,0.5333333333333333,0.0,0.0,0.0,0.0,0.0,0.0,0.21666666666666667,0.5333333333333333,0.5333333333333333,0.21666666666666667,0.5333333333333333,0.5333333333333333,0.5833333333333334,0.8666666666666667,1.0,0.21666666666666667,0.5333333333333333,0.5333333333333333,0.0,0.0,0.0
20260704,DTLZ,6,415,0.7818262827361065,0.7502433083637214,0.7502433083637214,0.7818262827361065,0.7818262827361065,0.7502433083637214,1,1,0,0,0.35,0.5,0.55,0.0,0.0,0.0,0.0,0.0,0.0,0.35,0.5,0.55,0.35,0.5,0.55,0.2833333333333333,0.8166666666666667,0.9833333333333333,0.35,0.5,0.55,0.0,0.0,0.0
20260704,DTLZ,5,180,0.7958990941450678,0.7470813868859132,0.7470813868859132,0.7958990941450678,0.7958990941450678,0.7470813868859132,1,1,0,0,0.0,0.0,0.0,0.0,0.0,0.0,0.0,0.0,0.0,0.0,0.0,0.0,0.0,0.0,0.0,0.7,0.9,0.9666666666666667,0.0,0.0,0.0,0.0,0.0,0.0
20260704,DTLZ,13,258,0.7293274178947622,0.736640835652715,0.736640835652715,0.7293274178947622,0.7293274178947622,0.736640835652715,1,1,0,0,0.0,0.0,0.18333333333333332,0.0,0.0,0.0,0.0,0.0,0.0,0.0,0.0,0.18333333333333332,0.0,0.0,0.18333333333333332,0.2833333333333333,0.7166666666666667,0.95,0.0,0.0,0.18333333333333332,0.0,0.0,0.0
20260704,DTLZ,8,155,0.7791302511814444,0.7432513665378699,0.7432513665378699,0.7791302511814444,0.7791302511814444,0.7432513665378699,1,1,0,0,0.4,0.3,0.48333333333333334,0.0,0.0,0.0,0.0,0.0,0.0,0.4,0.3,0.48333333333333334,0.4,0.3,0.48333333333333334,0.7666666666666667,0.9,0.9666666666666667,0.4,0.3,0.48333333333333334,0.0,0.0,0.0
20260704,DTLZ,8,250,0.7798999249169428,0.7380232657723593,0.7380232657723593,0.7798999249169428,0.7798999249169428,0.7380232657723593,1,1,0,0,0.0,0.05,0.2833333333333333,0.0,0.0,0.0,0.0,0.0,0.0,0.0,0.05,0.2833333333333333,0.0,0.05,0.2833333333333333,0.25,0.7,0.9333333333333333,0.0,0.05,0.2833333333333333,0.0,0.0,0.0
20260704,DTLZ,10,213,0.7718708707485982,0.742251278373861,0.742251278373861,0.7718708707485982,0.7718708707485982,0.742251278373861,1,1,0,0,0.016666666666666666,0.2,0.43333333333333335,0.0,0.0,0.0,0.0,0.0,0.0,0.016666666666666666,0.2,0.43333333333333335,0.016666666666666666,0.2,0.43333333333333335,0.5166666666666667,0.8333333333333334,0.8833333333333333,0.016666666666666666,0.2,0.43333333333333335,0.0,0.0,0.0
20260704,DTLZ,3,313,0.9205326822753084,0.8579503529774608,0.8579503529774608,0.9205326822753084,0.9205326822753084,0.8579503529774608,1,1,0,0,0.5,0.5333333333333333,0.5,0.0,0.0,0.0,0.0,0.0,0.0,0.5,0.5333333333333333,0.5,0.5,0.5333333333333333,0.5,0.85,0.9333333333333333,0.95,0.5,0.5333333333333333,0.5,0.0,0.0,0.0
20260704,DTLZ,5,354,0.8184899689692574,0.7631841147023908,0.7631841147023908,0.8184899689692574,0.8184899689692574,0.7631841147023908,1,1,0,0,0.0,0.0,0.13333333333333333,0.0,0.0,0.0,0.0,0.0,0.0,0.0,0.0,0.13333333333333333,0.0,0.0,0.13333333333333333,0.85,0.95,0.9666666666666667,0.0,0.0,0.13333333333333333,0.0,0.0,0.0
20260704,DTLZ,13,208,0.7634239443502506,0.7634239443502506,0.7634239443502506,0.7634239443502506,0.7634239443502506,0.7634239443502506,1,1,0,0,0.4,0.5166666666666667,0.6666666666666666,0.0,0.0,0.0,0.0,0.0,0.0,0.4,0.5166666666666667,0.6666666666666666,0.4,0.5166666666666667,0.6666666666666666,0.6833333333333333,0.8833333333333333,0.9333333333333333,0.4,0.5166666666666667,0.6666666666666666,0.0,0.0,0.0
20260704,DTLZ,10,334,0.7517753738174319,0.7419298775425125,0.7419298775425125,0.7517753738174319,0.7517753738174319,0.7419298775425125,1,1,0,0,0.6166666666666667,0.6,0.7333333333333333,0.0,0.0,0.0,0.0,0.0,0.0,0.6166666666666667,0.6,0.7333333333333333,0.6166666666666667,0.6,0.7333333333333333,0.45,0.6833333333333333,0.8833333333333333,0.6166666666666667,0.6,0.7333333333333333,0.0,0.0,0.0
20260704,DTLZ,9,253,0.7534402922728833,0.7371988756415193,0.7371988756415193,0.7534402922728833,0.7534402922728833,0.7371988756415193,1,1,0,0,0.13333333333333333,0.2833333333333333,0.31666666666666665,0.0,0.0,0.0,0.0,0.0,0.0,0.13333333333333333,0.2833333333333333,0.31666666666666665,0.13333333333333333,0.2833333333333333,0.31666666666666665,0.6666666666666666,0.9,0.9333333333333333,0.13333333333333333,0.2833333333333333,0.31666666666666665,0.0,0.0,0.0
20260704,DTLZ,10,449,0.7406114071059524,0.7312335110943898,0.7312335110943898,0.7406114071059524,0.7406114071059524,0.7312335110943898,1,1,0,0,0.25,0.35,0.5333333333333333,0.0,0.0,0.0,0.0,0.0,0.0,0.25,0.35,0.5333333333333333,0.25,0.35,0.5333333333333333,0.75,0.9,0.9333333333333333,0.25,0.35,0.5333333333333333,0.0,0.0,0.0
20260704,DTLZ,13,425,0.7432184650472408,0.7397166145307835,0.7397166145307835,0.7432184650472408,0.7432184650472408,0.7397166145307835,1,1,0,0,0.05,0.16666666666666666,0.2833333333333333,0.0,0.0,0.0,0.0,0.0,0.0,0.05,0.16666666666666666,0.2833333333333333,0.05,0.16666666666666666,0.2833333333333333,0.31666666666666665,0.5666666666666667,0.8666666666666667,0.05,0.16666666666666666,0.2833333333333333,0.0,0.0,0.0
20260704,DTLZ,10,234,0.7245045477957224,0.7381227605321954,0.7381227605321954,0.7245045477957224,0.7245045477957224,0.7381227605321954,1,1,0,0,0.0,0.06666666666666667,0.45,0.0,0.0,0.0,0.0,0.0,0.0,0.0,0.06666666666666667,0.45,0.0,0.06666666666666667,0.45,0.6666666666666666,0.8333333333333334,0.9666666666666667,0.0,0.06666666666666667,0.45,0.0,0.0,0.0
20260704,DTLZ,11,241,0.7441250190033344,0.7471761529377936,0.7471761529377936,0.7441250190033344,0.7441250190033344,0.7471761529377936,1,1,0,0,0.06666666666666667,0.3333333333333333,0.5333333333333333,0.0,0.0,0.0,0.0,0.0,0.0,0.06666666666666667,0.3333333333333333,0.55,0.06666666666666667,0.3333333333333333,0.5333333333333333,0.5333333333333333,0.5833333333333334,0.8666666666666667,0.06666666666666667,0.3333333333333333,0.5333333333333333,0.0,0.0,0.0
20260704,DTLZ,12,78,0.7560730998197115,0.7560730998197115,0.7560730998197115,0.7560730998197115,0.7560730998197115,0.7560730998197115,1,1,0,0,0.0,0.0,0.08333333333333333,0.0,0.0,0.0,0.0,0.0,0.0,0.0,0.0,0.08333333333333333,0.0,0.0,0.08333333333333333,0.75,0.8666666666666667,0.9333333333333333,0.0,0.0,0.08333333333333333,0.0,0.0,0.0
20260704,DTLZ,14,449,0.7543598123444549,0.7456761389322681,0.7456761389322681,0.7543598123444549,0.7543598123444549,0.7456761389322681,1,1,0,0,0.4666666666666667,0.45,0.43333333333333335,0.0,0.0,0.0,0.0,0.0,0.0,0.4666666666666667,0.45,0.43333333333333335,0.4666666666666667,0.45,0.43333333333333335,0.6,0.7666666666666667,0.95,0.4666666666666667,0.45,0.43333333333333335,0.0,0.0,0.0
20260704,DTLZ,12,210,0.7669339854143519,0.7406162074185668,0.7406162074185668,0.7669339854143519,0.7669339854143519,0.7406162074185668,1,1,0,0,0.0,0.0,0.03333333333333333,0.0,0.0,0.0,0.0,0.0,0.0,0.0,0.0,0.03333333333333333,0.0,0.0,0.03333333333333333,0.4,0.55,0.8166666666666667,0.0,0.0,0.03333333333333333,0.0,0.0,0.0
20260704,DTLZ,12,345,0.710267716537512,0.7358870061677104,0.7358870061677104,0.710267716537512,0.710267716537512,0.7358870061677104,1,1,0,0,0.31666666666666665,0.6166666666666667,0.8333333333333334,0.0,0.0,0.0,0.0,0.0,0.0,0.31666666666666665,0.6166666666666667,0.8333333333333334,0.31666666666666665,0.6166666666666667,0.8333333333333334,0.8333333333333334,0.9833333333333333,1.0,0.31666666666666665,0.6166666666666667,0.8333333333333334,0.0,0.0,0.0
20260704,DTLZ,5,394,0.7668128353559822,0.7557258442061572,0.7557258442061572,0.7668128353559822,0.7668128353559822,0.7557258442061572,1,1,0,0,0.0,0.11666666666666667,0.43333333333333335,0.0,0.0,0.0,0.0,0.0,0.0,0.0,0.11666666666666667,0.4166666666666667,0.0,0.11666666666666667,0.43333333333333335,0.95,0.9166666666666666,0.95,0.0,0.11666666666666667,0.43333333333333335,0.0,0.0,0.0
20260704,DTLZ,13,126,0.8512361495189856,0.7474641543608916,0.7474641543608916,0.8512361495189856,0.8512361495189856,0.7474641543608916,1,1,0,0,0.03333333333333333,0.2833333333333333,0.7166666666666667,0.0,0.0,0.0,0.0,0.0,0.0,0.03333333333333333,0.2833333333333333,0.7166666666666667,0.03333333333333333,0.2833333333333333,0.7166666666666667,0.43333333333333335,0.7833333333333333,0.8833333333333333,0.03333333333333333,0.2833333333333333,0.7166666666666667,0.0,0.0,0.0
20260704,DTLZ,3,344,0.910611979531632,0.8480309009280993,0.8480309009280993,0.910611979531632,0.910611979531632,0.8480309009280993,1,1,0,0,0.35,0.45,0.6166666666666667,0.0,0.0,0.0,0.0,0.0,0.0,0.35,0.45,0.6166666666666667,0.35,0.45,0.6166666666666667,0.85,0.9833333333333333,1.0,0.35,0.45,0.6166666666666667,0.0,0.0,0.0
20260704,DTLZ,7,337,0.7512451083126803,0.737753957683574,0.737753957683574,0.7512451083126803,0.7512451083126803,0.737753957683574,1,1,0,0,0.6833333333333333,0.7,0.8333333333333334,0.0,0.0,0.0,0.0,0.0,0.0,0.6833333333333333,0.7,0.8333333333333334,0.6833333333333333,0.7,0.8333333333333334,0.7666666666666667,0.85,0.95,0.6833333333333333,0.7,0.8333333333333334,0.0,0.0,0.0
20260704,DTLZ,10,328,0.7349189170367826,0.7394652392004313,0.7394652392004313,0.7349189170367826,0.7349189170367826,0.7394652392004313,1,1,0,0,0.36666666666666664,0.4666666666666667,0.5833333333333334,0.0,0.0,0.0,0.0,0.0,0.0,0.36666666666666664,0.4666666666666667,0.5833333333333334,0.36666666666666664,0.4666666666666667,0.5833333333333334,0.5333333333333333,0.7333333333333333,0.9833333333333333,0.36666666666666664,0.4666666666666667,0.5833333333333334,0.0,0.0,0.0
20260704,DTLZ,11,341,0.7915123004074344,0.7345861666302288,0.7345861666302288,0.7915123004074344,0.7915123004074344,0.7345861666302288,1,1,0,0,0.45,0.8666666666666667,0.9833333333333333,0.0,0.0,0.0,0.0,0.0,0.0,0.45,0.8666666666666667,0.9833333333333333,0.45,0.8666666666666667,0.9833333333333333,0.2833333333333333,0.6,0.9,0.45,0.8666666666666667,0.9833333333333333,0.0,0.0,0.0
20260704,DTLZ,5,259,0.8093079501802923,0.7542490207890968,0.7542490207890968,0.8093079501802923,0.8093079501802923,0.7542490207890968,1,1,0,0,0.13333333333333333,0.26666666666666666,0.38333333333333336,0.0,0.0,0.0,0.0,0.0,0.0,0.13333333333333333,0.26666666666666666,0.38333333333333336,0.13333333333333333,0.26666666666666666,0.38333333333333336,0.5,0.8166666666666667,0.9666666666666667,0.13333333333333333,0.26666666666666666,0.38333333333333336,0.0,0.0,0.0
20260704,DTLZ,14,185,0.8022122888280059,0.7529344264061412,0.7529344264061412,0.8022122888280059,0.8022122888280059,0.7529344264061412,1,1,0,0,0.06666666666666667,0.23333333333333334,0.6,0.0,0.0,0.0,0.0,0.0,0.0,0.06666666666666667,0.21666666666666667,0.6,0.06666666666666667,0.23333333333333334,0.6,0.5666666666666667,0.8833333333333333,1.0,0.06666666666666667,0.23333333333333334,0.6,0.0,0.0,0.0
20260704,DTLZ,11,100,0.7532741722760357,0.7509245400450176,0.7509245400450176,0.7532741722760357,0.7532741722760357,0.7509245400450176,1,1,0,0,0.4666666666666667,0.36666666666666664,0.2833333333333333,0.0,0.0,0.0,0.0,0.0,0.0,0.4666666666666667,0.36666666666666664,0.2833333333333333,0.4666666666666667,0.36666666666666664,0.2833333333333333,0.6833333333333333,0.8666666666666667,0.9333333333333333,0.4666666666666667,0.36666666666666664,0.2833333333333333,0.0,0.0,0.0
20260704,DTLZ,15,346,0.7328144028067075,0.7340055404594263,0.7340055404594263,0.7328144028067075,0.7328144028067075,0.7340055404594263,1,1,0,0,0.0,0.11666666666666667,0.2833333333333333,0.0,0.0,0.0,0.0,0.0,0.0,0.0,0.11666666666666667,0.2833333333333333,0.0,0.11666666666666667,0.2833333333333333,0.5166666666666667,0.95,0.9833333333333333,0.0,0.11666666666666667,0.2833333333333333,0.0,0.0,0.0
20260704,DTLZ,3,198,0.9398120760603276,0.823506430879183,0.823506430879183,0.9398120760603276,0.9398120760603276,0.823506430879183,1,1,0,0,0.21666666666666667,0.4666666666666667,0.55,0.0,0.0,0.0,0.0,0.0,0.0,0.21666666666666667,0.4666666666666667,0.55,0.21666666666666667,0.4666666666666667,0.55,0.75,0.9166666666666666,0.9833333333333333,0.21666666666666667,0.4666666666666667,0.55,0.0,0.0,0.0
20260704,DTLZ,8,271,0.7612722041401311,0.7616376981934488,0.7616376981934488,0.7612722041401311,0.7612722041401311,0.7616376981934488,1,1,0,0,0.13333333333333333,0.3333333333333333,0.5166666666666667,0.0,0.0,0.0,0.0,0.0,0.0,0.13333333333333333,0.3333333333333333,0.5166666666666667,0.13333333333333333,0.3333333333333333,0.5166666666666667,0.7,0.9166666666666666,0.9666666666666667,0.13333333333333333,0.3333333333333333,0.5166666666666667,0.0,0.0,0.0
20260704,DTLZ,5,93,0.7638254645552051,0.7381780662045152,0.7381780662045152,0.7638254645552051,0.7638254645552051,0.7381780662045152,1,1,0,0,0.43333333333333335,0.4666666666666667,0.6,0.0,0.0,0.0,0.0,0.0,0.0,0.43333333333333335,0.4666666666666667,0.6,0.43333333333333335,0.4666666666666667,0.6,0.4166666666666667,0.8666666666666667,0.9166666666666666,0.43333333333333335,0.4666666666666667,0.6,0.0,0.0,0.0
20260704,DTLZ,10,235,0.7437213569523656,0.7186603737471929,0.7186603737471929,0.7437213569523656,0.7437213569523656,0.7186603737471929,1,1,0,0,0.43333333333333335,0.7,0.7333333333333333,0.0,0.0,0.0,0.0,0.0,0.0,0.43333333333333335,0.7,0.7333333333333333,0.43333333333333335,0.7,0.7333333333333333,0.95,0.9666666666666667,0.9833333333333333,0.43333333333333335,0.7,0.7333333333333333,0.0,0.0,0.0
20260704,DTLZ,10,448,0.7238988652205152,0.7238988652205152,0.7238988652205152,0.7238988652205152,0.7238988652205152,0.7238988652205152,1,1,0,0,0.0,0.13333333333333333,0.3,0.0,0.0,0.0,0.0,0.0,0.0,0.0,0.13333333333333333,0.3,0.0,0.13333333333333333,0.3,0.6666666666666666,0.8166666666666667,1.0,0.0,0.13333333333333333,0.3,0.0,0.0,0.0
20260704,DTLZ,12,426,0.7508700956387753,0.7394974463633897,0.7394974463633897,0.7508700956387753,0.7508700956387753,0.7394974463633897,1,1,0,0,0.16666666666666666,0.23333333333333334,0.6833333333333333,0.0,0.0,0.0,0.0,0.0,0.0,0.16666666666666666,0.23333333333333334,0.6833333333333333,0.16666666666666666,0.23333333333333334,0.6833333333333333,0.38333333333333336,0.55,0.9,0.16666666666666666,0.23333333333333334,0.6833333333333333,0.0,0.0,0.0
20260704,DTLZ,4,219,0.9014068120014613,0.7797093788051489,0.7797093788051489,0.9014068120014613,0.9014068120014613,0.7797093788051489,1,1,0,0,0.43333333333333335,0.48333333333333334,0.5,0.0,0.0,0.0,0.0,0.0,0.0,0.43333333333333335,0.48333333333333334,0.5,0.43333333333333335,0.48333333333333334,0.5,0.8,0.9166666666666666,0.9666666666666667,0.43333333333333335,0.48333333333333334,0.5,0.0,0.0,0.0
20260704,DTLZ,4,79,0.879910885101831,0.7978828840296531,0.7978828840296531,0.879910885101831,0.879910885101831,0.7978828840296531,1,1,0,0,0.0,0.25,0.36666666666666664,0.0,0.0,0.0,0.0,0.0,0.0,0.0,0.25,0.36666666666666664,0.0,0.25,0.36666666666666664,0.7333333333333333,0.8333333333333334,0.9333333333333333,0.0,0.25,0.36666666666666664,0.0,0.0,0.0
20260704,DTLZ,15,150,0.7949158877562963,0.7485069952654962,0.7485069952654962,0.7949158877562963,0.7949158877562963,0.7485069952654962,1,1,0,0,0.35,0.5666666666666667,0.7333333333333333,0.0,0.0,0.0,0.0,0.0,0.0,0.35,0.5666666666666667,0.7333333333333333,0.35,0.5666666666666667,0.7333333333333333,0.3333333333333333,0.5833333333333334,0.85,0.35,0.5666666666666667,0.7333333333333333,0.0,0.0,0.0
20260704,DTLZ,4,394,0.8447394497990982,0.770065607914277,0.770065607914277,0.8447394497990982,0.8447394497990982,0.770065607914277,1,1,0,0,0.18333333333333332,0.48333333333333334,0.6833333333333333,0.0,0.0,0.0,0.0,0.0,0.0,0.18333333333333332,0.48333333333333334,0.6833333333333333,0.18333333333333332,0.48333333333333334,0.6833333333333333,0.7,0.8666666666666667,0.9833333333333333,0.18333333333333332,0.48333333333333334,0.6833333333333333,0.0,0.0,0.0
20260704,DTLZ,5,164,0.8164859347880888,0.758474719071647,0.758474719071647,0.8164859347880888,0.8164859347880888,0.758474719071647,1,1,0,0,0.0,0.06666666666666667,0.36666666666666664,0.0,0.0,0.0,0.0,0.0,0.0,0.0,0.06666666666666667,0.36666666666666664,0.0,0.06666666666666667,0.36666666666666664,0.5,0.7833333333333333,0.95,0.0,0.06666666666666667,0.36666666666666664,0.0,0.0,0.0
20260704,DTLZ,10,172,0.737314560988434,0.7354251798371522,0.7354251798371522,0.737314560988434,0.737314560988434,0.7354251798371522,1,1,0,0,0.38333333333333336,0.48333333333333334,0.4666666666666667,0.0,0.0,0.0,0.0,0.0,0.0,0.38333333333333336,0.48333333333333334,0.4666666666666667,0.38333333333333336,0.48333333333333334,0.4666666666666667,0.8166666666666667,0.9333333333333333,0.9666666666666667,0.38333333333333336,0.48333333333333334,0.4666666666666667,0.0,0.0,0.0
20260704,DTLZ,14,397,0.7286535420701471,0.7370565488550177,0.7370565488550177,0.7286535420701471,0.7286535420701471,0.7370565488550177,1,1,0,0,0.016666666666666666,0.3,0.5,0.0,0.0,0.0,0.0,0.0,0.0,0.016666666666666666,0.3,0.5,0.016666666666666666,0.3,0.5,0.55,0.5666666666666667,0.95,0.016666666666666666,0.3,0.5,0.0,0.0,0.0
20260704,DTLZ,11,72,0.7914453143931369,0.7833149222920144,0.7833149222920144,0.7914453143931369,0.7914453143931369,0.7833149222920144,1,1,0,0,0.38333333333333336,0.7166666666666667,0.8,0.0,0.0,0.0,0.0,0.0,0.0,0.38333333333333336,0.7166666666666667,0.8,0.38333333333333336,0.7166666666666667,0.8,0.4666666666666667,0.8666666666666667,0.9666666666666667,0.38333333333333336,0.7166666666666667,0.8,0.0,0.0,0.0
20260704,DTLZ,11,493,0.703752334205583,0.7133025495716872,0.7133025495716872,0.703752334205583,0.703752334205583,0.7133025495716872,1,1,0,0,0.36666666666666664,0.5333333333333333,0.8166666666666667,0.0,0.0,0.0,0.0,0.0,0.0,0.36666666666666664,0.5333333333333333,0.8166666666666667,0.36666666666666664,0.5333333333333333,0.8166666666666667,0.7833333333333333,0.7666666666666667,0.9166666666666666,0.36666666666666664,0.5333333333333333,0.8166666666666667,0.0,0.0,0.0
20260704,DTLZ,14,70,0.8708481421397721,0.7731164370537321,0.7731164370537321,0.8708481421397721,0.8708481421397721,0.7731164370537321,1,1,0,0,0.2,0.26666666666666666,0.7333333333333333,0.0,0.0,0.0,0.0,0.0,0.0,0.2,0.26666666666666666,0.7333333333333333,0.2,0.26666666666666666,0.7333333333333333,0.05,0.4666666666666667,0.7833333333333333,0.2,0.26666666666666666,0.7333333333333333,0.0,0.0,0.0
20260704,DTLZ,13,480,0.7656449082848464,0.7422868650923936,0.7422868650923936,0.7656449082848464,0.7656449082848464,0.7422868650923936,1,1,0,0,0.0,0.16666666666666666,0.5166666666666667,0.0,0.0,0.0,0.0,0.0,0.0,0.0,0.16666666666666666,0.5166666666666667,0.0,0.16666666666666666,0.5166666666666667,0.6833333333333333,0.8833333333333333,0.9666666666666667,0.0,0.16666666666666666,0.5166666666666667,0.0,0.0,0.0
20260704,DTLZ,13,115,0.8142560729102537,0.7400614090252601,0.7400614090252601,0.8142560729102537,0.8142560729102537,0.7400614090252601,1,1,0,0,0.0,0.016666666666666666,0.08333333333333333,0.0,0.0,0.0,0.0,0.0,0.0,0.0,0.016666666666666666,0.08333333333333333,0.0,0.016666666666666666,0.08333333333333333,0.3333333333333333,0.6833333333333333,0.8666666666666667,0.0,0.016666666666666666,0.08333333333333333,0.0,0.0,0.0
20260704,DTLZ,9,265,0.7566812307125893,0.7439478007817332,0.7439478007817332,0.7566812307125893,0.7566812307125893,0.7439478007817332,1,1,0,0,0.2,0.4166666666666667,0.5166666666666667,0.0,0.0,0.0,0.0,0.0,0.0,0.2,0.4166666666666667,0.5166666666666667,0.2,0.4166666666666667,0.5166666666666667,0.4666666666666667,0.65,0.9333333333333333,0.2,0.4166666666666667,0.5166666666666667,0.0,0.0,0.0
20260704,DTLZ,8,118,0.8036246426721128,0.7622700114823071,0.7622700114823071,0.8036246426721128,0.8036246426721128,0.7622700114823071,1,1,0,0,0.21666666666666667,0.4166666666666667,0.8166666666666667,0.0,0.0,0.0,0.0,0.0,0.0,0.21666666666666667,0.4166666666666667,0.8166666666666667,0.21666666666666667,0.4166666666666667,0.8166666666666667,0.48333333333333334,0.6666666666666666,0.85,0.21666666666666667,0.4166666666666667,0.8166666666666667,0.0,0.0,0.0
20260704,DTLZ,15,111,0.763358383697957,0.7681074543598694,0.7681074543598694,0.763358383697957,0.763358383697957,0.7681074543598694,1,1,0,0,0.0,0.0,0.06666666666666667,0.0,0.0,0.0,0.0,0.0,0.0,0.0,0.0,0.06666666666666667,0.0,0.0,0.06666666666666667,0.18333333333333332,0.6666666666666666,0.8833333333333333,0.0,0.0,0.06666666666666667,0.0,0.0,0.0
20260704,DTLZ,5,127,0.8251869081020955,0.7660011724822553,0.7660011724822553,0.8251869081020955,0.8251869081020955,0.7660011724822553,1,1,0,0,0.016666666666666666,0.1,0.4,0.0,0.0,0.0,0.0,0.0,0.0,0.016666666666666666,0.1,0.4,0.016666666666666666,0.1,0.4,0.5333333333333333,0.65,0.8833333333333333,0.016666666666666666,0.1,0.4,0.0,0.0,0.0
20260704,DTLZ,13,368,0.7535062024566461,0.7376218383145754,0.7376218383145754,0.7535062024566461,0.7535062024566461,0.7376218383145754,1,1,0,0,0.65,0.8166666666666667,0.9666666666666667,0.0,0.0,0.0,0.0,0.0,0.0,0.65,0.8166666666666667,0.9666666666666667,0.65,0.8166666666666667,0.9666666666666667,0.75,0.9166666666666666,0.9333333333333333,0.65,0.8166666666666667,0.9666666666666667,0.0,0.0,0.0
20260704,DTLZ,13,470,0.757143493352446,0.7421413009534331,0.7421413009534331,0.757143493352446,0.757143493352446,0.7421413009534331,1,1,0,0,0.13333333333333333,0.45,0.85,0.0,0.0,0.0,0.0,0.0,0.0,0.11666666666666667,0.45,0.85,0.13333333333333333,0.45,0.85,0.8,0.7,0.9833333333333333,0.13333333333333333,0.45,0.85,0.0,0.0,0.0
20260704,DTLZ,6,282,0.7732247873756369,0.7436016469934564,0.7436016469934564,0.7732247873756369,0.7732247873756369,0.7436016469934564,1,1,0,0,0.11666666666666667,0.35,0.7166666666666667,0.0,0.0,0.0,0.0,0.0,0.0,0.11666666666666667,0.35,0.7166666666666667,0.11666666666666667,0.35,0.7166666666666667,0.5166666666666667,0.95,0.9666666666666667,0.11666666666666667,0.35,0.7166666666666667,0.0,0.0,0.0
20260704,DTLZ,4,202,0.8637423625895467,0.7890901872415171,0.7890901872415171,0.8637423625895467,0.8637423625895467,0.7890901872415171,1,1,0,0,0.08333333333333333,0.31666666666666665,0.65,0.0,0.0,0.0,0.0,0.0,0.0,0.08333333333333333,0.31666666666666665,0.65,0.08333333333333333,0.31666666666666665,0.65,0.6833333333333333,0.8833333333333333,0.9166666666666666,0.08333333333333333,0.31666666666666665,0.65,0.0,0.0,0.0
20260704,DTLZ,11,252,0.7359944735220167,0.7210307432976661,0.7210307432976661,0.7359944735220167,0.7359944735220167,0.7210307432976661,1,1,0,0,0.4,0.55,0.8666666666666667,0.0,0.0,0.0,0.0,0.0,0.0,0.4,0.55,0.8666666666666667,0.4,0.55,0.8666666666666667,0.5166666666666667,0.7333333333333333,0.9333333333333333,0.4,0.55,0.8666666666666667,0.0,0.0,0.0
20260704,DTLZ,13,439,0.7313446451331201,0.7409875792515579,0.7409875792515579,0.7313446451331201,0.7313446451331201,0.7409875792515579,1,1,0,0,0.7333333333333333,0.9,0.95,0.0,0.0,0.0,0.0,0.0,0.0,0.7333333333333333,0.9,0.95,0.7333333333333333,0.9,0.95,0.25,0.7166666666666667,0.95,0.7333333333333333,0.9,0.95,0.0,0.0,0.0
20260704,DTLZ,14,343,0.7969695014273993,0.7353903989049733,0.7353903989049733,0.7969695014273993,0.7969695014273993,0.7353903989049733,1,1,0,0,0.0,0.0,0.016666666666666666,0.0,0.0,0.0,0.0,0.0,0.0,0.0,0.0,0.016666666666666666,0.0,0.0,0.016666666666666666,0.26666666666666666,0.7166666666666667,0.9666666666666667,0.0,0.0,0.016666666666666666,0.0,0.0,0.0
20260704,DTLZ,14,235,0.7653703039557713,0.7544456687417724,0.7544456687417724,0.7653703039557713,0.7653703039557713,0.7544456687417724,1,1,0,0,0.35,0.5166666666666667,0.75,0.0,0.0,0.0,0.0,0.0,0.0,0.35,0.5166666666666667,0.75,0.35,0.5166666666666667,0.75,0.4,0.7666666666666667,0.9333333333333333,0.35,0.5166666666666667,0.75,0.0,0.0,0.0
20260704,DTLZ,8,97,0.7809588241585433,0.7632137662218265,0.7632137662218265,0.7809588241585433,0.7809588241585433,0.7632137662218265,1,1,0,0,0.11666666666666667,0.26666666666666666,0.4666666666666667,0.0,0.0,0.0,0.0,0.0,0.0,0.11666666666666667,0.26666666666666666,0.4666666666666667,0.11666666666666667,0.26666666666666666,0.4666666666666667,0.6333333333333333,0.6166666666666667,0.8166666666666667,0.11666666666666667,0.26666666666666666,0.4666666666666667,0.0,0.0,0.0
20260704,DTLZ,3,425,0.9376364069253148,0.8474606687410594,0.8474606687410594,0.9376364069253148,0.9376364069253148,0.8474606687410594,1,1,0,0,0.3,0.65,0.8166666666666667,0.0,0.0,0.0,0.0,0.0,0.0,0.3,0.65,0.8166666666666667,0.3,0.65,0.8166666666666667,0.9,0.95,0.9833333333333333,0.3,0.65,0.8166666666666667,0.0,0.0,0.0
20260704,DTLZ,10,69,0.7522100763146717,0.7500152150315206,0.7500152150315206,0.7522100763146717,0.7522100763146717,0.7500152150315206,1,1,0,0,0.0,0.16666666666666666,0.26666666666666666,0.0,0.0,0.0,0.0,0.0,0.0,0.0,0.16666666666666666,0.26666666666666666,0.0,0.16666666666666666,0.26666666666666666,0.2833333333333333,0.48333333333333334,0.8833333333333333,0.0,0.16666666666666666,0.26666666666666666,0.0,0.0,0.0
20260704,DTLZ,5,389,0.765904090069423,0.7448225508710242,0.7448225508710242,0.765904090069423,0.765904090069423,0.7448225508710242,1,1,0,0,0.06666666666666667,0.3333333333333333,0.7166666666666667,0.0,0.0,0.0,0.0,0.0,0.0,0.06666666666666667,0.3333333333333333,0.7166666666666667,0.06666666666666667,0.3333333333333333,0.7166666666666667,0.8166666666666667,0.9666666666666667,0.9333333333333333,0.06666666666666667,0.3333333333333333,0.7166666666666667,0.0,0.0,0.0
20260704,DTLZ,6,285,0.7828874842145178,0.7407246882748283,0.7407246882748283,0.7828874842145178,0.7828874842145178,0.7407246882748283,1,1,0,0,0.0,0.0,0.0,0.0,0.0,0.0,0.0,0.0,0.0,0.0,0.0,0.0,0.0,0.0,0.0,0.6333333333333333,0.8333333333333334,0.9333333333333333,0.0,0.0,0.0,0.0,0.0,0.0
20260704,DTLZ,8,406,0.72879858669877,0.7284376396360979,0.7284376396360979,0.72879858669877,0.72879858669877,0.7284376396360979,1,1,0,0,0.3333333333333333,0.4666666666666667,0.7333333333333333,0.0,0.0,0.0,0.0,0.0,0.0,0.3333333333333333,0.4666666666666667,0.7333333333333333,0.3333333333333333,0.4666666666666667,0.7333333333333333,0.1,0.6166666666666667,0.85,0.3333333333333333,0.4666666666666667,0.7333333333333333,0.0,0.0,0.0
20260704,DTLZ,3,229,0.8790213898232523,0.8325618464448408,0.8325618464448408,0.8790213898232523,0.8790213898232523,0.8325618464448408,1,1,0,0,0.06666666666666667,0.26666666666666666,0.5333333333333333,0.0,0.0,0.0,0.0,0.0,0.0,0.06666666666666667,0.26666666666666666,0.5333333333333333,0.06666666666666667,0.26666666666666666,0.5333333333333333,0.65,0.9166666666666666,0.9666666666666667,0.06666666666666667,0.26666666666666666,0.5333333333333333,0.0,0.0,0.0
20260704,DTLZ,4,491,0.8561932989508032,0.7897578902907979,0.7897578902907979,0.8561932989508032,0.8561932989508032,0.7897578902907979,1,1,0,0,0.0,0.16666666666666666,0.4166666666666667,0.0,0.0,0.0,0.0,0.0,0.0,0.0,0.16666666666666666,0.4166666666666667,0.0,0.16666666666666666,0.4166666666666667,0.6,0.9333333333333333,1.0,0.0,0.16666666666666666,0.4166666666666667,0.0,0.0,0.0
20260704,DTLZ,7,153,0.759218922471171,0.7478846707871083,0.7478846707871083,0.759218922471171,0.759218922471171,0.7478846707871083,1,1,0,0,0.0,0.13333333333333333,0.31666666666666665,0.0,0.0,0.0,0.0,0.0,0.0,0.0,0.13333333333333333,0.31666666666666665,0.0,0.13333333333333333,0.31666666666666665,0.45,0.8166666666666667,0.9666666666666667,0.0,0.13333333333333333,0.31666666666666665,0.0,0.0,0.0
20260704,DTLZ,12,165,0.7693966762260547,0.7832350928032181,0.7832350928032181,0.7693966762260547,0.7693966762260547,0.7832350928032181,1,1,0,0,0.55,0.6833333333333333,0.9,0.0,0.0,0.0,0.0,0.0,0.0,0.55,0.6833333333333333,0.9,0.55,0.6833333333333333,0.9,0.3333333333333333,0.6166666666666667,0.7666666666666667,0.55,0.6833333333333333,0.9,0.0,0.0,0.0
20260704,DTLZ,5,350,0.8102784092969642,0.7610615718149298,0.7610615718149298,0.8102784092969642,0.8102784092969642,0.7610615718149298,1,1,0,0,0.7666666666666667,0.9333333333333333,1.0,0.0,0.0,0.0,0.0,0.0,0.0,0.7666666666666667,0.9333333333333333,1.0,0.7666666666666667,0.9333333333333333,1.0,0.6833333333333333,0.9166666666666666,0.9333333333333333,0.7666666666666667,0.9333333333333333,1.0,0.0,0.0,0.0
20260704,DTLZ,7,179,0.7410468059985866,0.7295508273991326,0.7295508273991326,0.7410468059985866,0.7410468059985866,0.7295508273991326,1,1,0,0,0.0,0.0,0.26666666666666666,0.0,0.0,0.0,0.0,0.0,0.0,0.0,0.0,0.26666666666666666,0.0,0.0,0.26666666666666666,0.55,0.7666666666666667,0.9333333333333333,0.0,0.0,0.26666666666666666,0.0,0.0,0.0
20260704,DTLZ,15,161,0.7693815721858486,0.7561145819030864,0.7561145819030864,0.7693815721858486,0.7693815721858486,0.7561145819030864,1,1,0,0,0.0,0.0,0.06666666666666667,0.0,0.0,0.0,0.0,0.0,0.0,0.0,0.0,0.06666666666666667,0.0,0.0,0.06666666666666667,0.7,0.9333333333333333,0.9166666666666666,0.0,0.0,0.06666666666666667,0.0,0.0,0.0
20260704,DTLZ,8,63,0.7903752210677292,0.7641598821564303,0.7641598821564303,0.7903752210677292,0.7903752210677292,0.7641598821564303,1,1,0,0,0.0,0.16666666666666666,0.3333333333333333,0.0,0.0,0.0,0.0,0.0,0.0,0.0,0.16666666666666666,0.3333333333333333,0.0,0.16666666666666666,0.3333333333333333,0.45,0.7,0.8833333333333333,0.0,0.16666666666666666,0.3333333333333333,0.0,0.0,0.0
20260704,DTLZ,11,341,0.7258694160726314,0.7525828442735402,0.7525828442735402,0.7258694160726314,0.7258694160726314,0.7525828442735402,1,1,0,0,0.016666666666666666,0.13333333333333333,0.35,0.0,0.0,0.0,0.0,0.0,0.0,0.016666666666666666,0.13333333333333333,0.35,0.016666666666666666,0.13333333333333333,0.35,0.5833333333333334,0.8833333333333333,0.95,0.016666666666666666,0.13333333333333333,0.35,0.0,0.0,0.0
20260704,DTLZ,10,336,0.7264612189633877,0.7239437057001347,0.7239437057001347,0.7264612189633877,0.7264612189633877,0.7239437057001347,1,1,0,0,0.0,0.13333333333333333,0.5,0.0,0.0,0.0,0.0,0.0,0.0,0.0,0.13333333333333333,0.5,0.0,0.13333333333333333,0.5,0.7833333333333333,0.9333333333333333,0.9833333333333333,0.0,0.13333333333333333,0.5,0.0,0.0,0.0
20260704,DTLZ,7,211,0.7583763340044918,0.7418338290120914,0.7418338290120914,0.7583763340044918,0.7583763340044918,0.7418338290120914,1,1,0,0,0.45,0.6166666666666667,0.65,0.0,0.0,0.0,0.0,0.0,0.0,0.45,0.6166666666666667,0.65,0.45,0.6166666666666667,0.65,0.6166666666666667,0.7333333333333333,0.9333333333333333,0.45,0.6166666666666667,0.65,0.0,0.0,0.0
20260704,DTLZ,14,129,0.7737540685189516,0.7737540685189516,0.7737540685189516,0.7737540685189516,0.7737540685189516,0.7737540685189516,1,1,0,0,0.26666666666666666,0.45,0.43333333333333335,0.0,0.0,0.0,0.0,0.0,0.0,0.26666666666666666,0.45,0.43333333333333335,0.26666666666666666,0.45,0.43333333333333335,0.9833333333333333,0.95,0.9666666666666667,0.26666666666666666,0.45,0.43333333333333335,0.0,0.0,0.0
20260704,DTLZ,9,278,0.7327869927127629,0.7285789764942965,0.7285789764942965,0.7327869927127629,0.7327869927127629,0.7285789764942965,1,1,0,0,0.0,0.08333333333333333,0.18333333333333332,0.0,0.0,0.0,0.0,0.0,0.0,0.0,0.08333333333333333,0.18333333333333332,0.0,0.08333333333333333,0.18333333333333332,0.75,0.9333333333333333,0.9666666666666667,0.0,0.08333333333333333,0.18333333333333332,0.0,0.0,0.0
20260704,DTLZ,12,112,0.7535091947219942,0.7535091947219942,0.7535091947219942,0.7535091947219942,0.7535091947219942,0.7535091947219942,1,1,0,0,0.4,0.4,0.48333333333333334,0.0,0.0,0.0,0.0,0.0,0.0,0.4,0.4,0.48333333333333334,0.4,0.4,0.48333333333333334,0.55,0.8833333333333333,0.95,0.4,0.4,0.48333333333333334,0.0,0.0,0.0
20260704,DTLZ,8,294,0.7404871584489928,0.7245020977039919,0.7245020977039919,0.7404871584489928,0.7404871584489928,0.7245020977039919,1,1,0,0,0.016666666666666666,0.21666666666666667,0.5,0.0,0.0,0.0,0.0,0.0,0.0,0.016666666666666666,0.21666666666666667,0.5,0.016666666666666666,0.21666666666666667,0.5,0.3333333333333333,0.6666666666666666,0.95,0.016666666666666666,0.21666666666666667,0.5,0.0,0.0,0.0
20260704,DTLZ,3,176,0.9033749482705904,0.8467354511233328,0.8467354511233328,0.9033749482705904,0.9033749482705904,0.8467354511233328,1,1,0,0,0.23333333333333334,0.5166666666666667,0.75,0.0,0.0,0.0,0.0,0.0,0.0,0.23333333333333334,0.5166666666666667,0.75,0.23333333333333334,0.5166666666666667,0.75,0.4,0.8333333333333334,0.9666666666666667,0.23333333333333334,0.5166666666666667,0.75,0.0,0.0,0.0
20260704,DTLZ,6,84,0.7568132231318712,0.7432865218147355,0.7432865218147355,0.7568132231318712,0.7568132231318712,0.7432865218147355,1,1,0,0,0.0,0.016666666666666666,0.38333333333333336,0.0,0.0,0.0,0.0,0.0,0.0,0.0,0.016666666666666666,0.38333333333333336,0.0,0.016666666666666666,0.38333333333333336,0.08333333333333333,0.48333333333333334,0.8,0.0,0.016666666666666666,0.38333333333333336,0.0,0.0,0.0
20260704,DTLZ,13,301,0.783293564037885,0.7570502322477992,0.7570502322477992,0.783293564037885,0.783293564037885,0.7570502322477992,1,1,0,0,0.0,0.06666666666666667,0.36666666666666664,0.0,0.0,0.0,0.0,0.0,0.0,0.0,0.06666666666666667,0.36666666666666664,0.0,0.06666666666666667,0.36666666666666664,0.8833333333333333,0.8666666666666667,1.0,0.0,0.06666666666666667,0.36666666666666664,0.0,0.0,0.0
20260704,DTLZ,3,222,0.9415641511318328,0.8577678784293927,0.8577678784293927,0.9415641511318328,0.9415641511318328,0.8577678784293927,1,1,0,0,0.05,0.35,0.5833333333333334,0.0,0.0,0.0,0.0,0.0,0.0,0.05,0.35,0.5833333333333334,0.05,0.35,0.5833333333333334,0.85,0.9166666666666666,1.0,0.05,0.35,0.5833333333333334,0.0,0.0,0.0
20260704,DTLZ,4,400,0.8416650780822658,0.7975063408712074,0.7975063408712074,0.8416650780822658,0.8416650780822658,0.7975063408712074,1,1,0,0,0.0,0.06666666666666667,0.4166666666666667,0.0,0.0,0.0,0.0,0.0,0.0,0.0,0.06666666666666667,0.4166666666666667,0.0,0.06666666666666667,0.4166666666666667,0.8,0.8166666666666667,0.9666666666666667,0.0,0.06666666666666667,0.4166666666666667,0.0,0.0,0.0
20260704,Energy,6,141,0.4640074669166433,0.4790114666079789,0.4790114666079789,0.4640074669166433,0.4640074669166433,0.4790114666079789,1,1,0,0,0.2,0.31666666666666665,0.45,0.0,0.0,0.0,0.0,0.0,0.0,0.2,0.31666666666666665,0.45,0.2,0.31666666666666665,0.45,0.16666666666666666,0.45,0.6166666666666667,0.2,0.31666666666666665,0.45,0.0,0.0,0.0
20260704,Energy,8,311,0.450594849201075,0.44699730529358556,0.44699730529358556,0.450594849201075,0.450594849201075,0.44699730529358556,1,1,0,0,0.16666666666666666,0.38333333333333336,0.48333333333333334,0.0,0.0,0.0,0.0,0.0,0.0,0.16666666666666666,0.38333333333333336,0.48333333333333334,0.16666666666666666,0.38333333333333336,0.48333333333333334,0.08333333333333333,0.43333333333333335,0.7833333333333333,0.16666666666666666,0.38333333333333336,0.48333333333333334,0.0,0.0,0.0
20260704,Energy,8,132,0.4444758273062055,0.4444758273062055,0.4444758273062055,0.4444758273062055,0.4444758273062055,0.4444758273062055,1,1,0,0,0.016666666666666666,0.1,0.13333333333333333,0.0,0.0,0.0,0.0,0.0,0.0,0.016666666666666666,0.1,0.13333333333333333,0.016666666666666666,0.1,0.13333333333333333,0.26666666666666666,0.6666666666666666,0.7,0.016666666666666666,0.1,0.13333333333333333,0.0,0.0,0.0
20260704,Energy,5,165,0.4503916081822092,0.4503916081822092,0.4503916081822092,0.4503916081822092,0.4503916081822092,0.4503916081822092,1,1,0,0,0.4,0.4,0.5,0.0,0.0,0.0,0.0,0.0,0.0,0.4,0.4,0.5,0.4,0.4,0.5,0.31666666666666665,0.6166666666666667,0.7833333333333333,0.4,0.4,0.5,0.0,0.0,0.0
20260704,Energy,4,400,0.4695718995277602,0.47311739556447485,0.47311739556447485,0.4695718995277602,0.4695718995277602,0.47311739556447485,1,1,0,0,0.18333333333333332,0.48333333333333334,0.6666666666666666,0.0,0.0,0.0,0.0,0.0,0.0,0.18333333333333332,0.48333333333333334,0.6666666666666666,0.18333333333333332,0.48333333333333334,0.6666666666666666,0.15,0.38333333333333336,0.75,0.18333333333333332,0.48333333333333334,0.6666666666666666,0.0,0.0,0.0
20260704,Energy,4,146,0.4880483760264366,0.528745856180928,0.528745856180928,0.4880483760264366,0.4880483760264366,0.528745856180928,1,1,0,0,0.016666666666666666,0.21666666666666667,0.5166666666666667,0.0,0.0,0.0,0.0,0.0,0.0,0.016666666666666666,0.21666666666666667,0.5166666666666667,0.016666666666666666,0.21666666666666667,0.5166666666666667,0.4166666666666667,0.6333333333333333,0.9666666666666667,0.016666666666666666,0.21666666666666667,0.5166666666666667,0.0,0.0,0.0
20260704,Energy,6,316,0.4709566587960394,0.45659213659514297,0.45659213659514297,0.4709566587960394,0.4709566587960394,0.45659213659514297,1,1,0,0,0.8166666666666667,0.85,0.95,0.0,0.0,0.0,0.0,0.0,0.0,0.8166666666666667,0.85,0.95,0.8166666666666667,0.85,0.95,0.0,0.21666666666666667,0.6666666666666666,0.8166666666666667,0.85,0.95,0.0,0.0,0.0
20260704,Energy,4,321,0.4580196145441075,0.4836613361687024,0.4836613361687024,0.4580196145441075,0.4580196145441075,0.4836613361687024,1,1,0,0,0.016666666666666666,0.13333333333333333,0.5833333333333334,0.0,0.0,0.0,0.0,0.0,0.0,0.016666666666666666,0.13333333333333333,0.5833333333333334,0.016666666666666666,0.13333333333333333,0.5833333333333334,0.3,0.5833333333333334,0.9,0.016666666666666666,0.13333333333333333,0.5833333333333334,0.0,0.0,0.0
20260704,Energy,4,416,0.46575927105550907,0.46575927105550907,0.46575927105550907,0.46575927105550907,0.46575927105550907,0.46575927105550907,1,1,0,0,0.25,0.6166666666666667,0.7,0.0,0.0,0.0,0.0,0.0,0.0,0.25,0.6166666666666667,0.7,0.25,0.6166666666666667,0.7,0.7166666666666667,0.7833333333333333,0.9,0.25,0.6166666666666667,0.7,0.0,0.0,0.0
20260704,Energy,4,175,0.41428958367858454,0.41428958367858454,0.41428958367858454,0.41428958367858454,0.41428958367858454,0.41428958367858454,1,1,0,0,0.0,0.0,0.016666666666666666,0.0,0.0,0.0,0.0,0.0,0.0,0.0,0.0,0.016666666666666666,0.0,0.0,0.016666666666666666,0.45,0.6333333333333333,0.8166666666666667,0.0,0.0,0.016666666666666666,0.0,0.0,0.0
20260704,Energy,4,256,0.45508688617783133,0.4775953313917757,0.4775953313917757,0.45508688617783133,0.45508688617783133,0.4775953313917757,1,1,0,0,0.13333333333333333,0.36666666666666664,0.5333333333333333,0.0,0.0,0.0,0.0,0.0,0.0,0.13333333333333333,0.36666666666666664,0.5333333333333333,0.13333333333333333,0.36666666666666664,0.5333333333333333,0.23333333333333334,0.5333333333333333,0.8166666666666667,0.13333333333333333,0.36666666666666664,0.5333333333333333,0.0,0.0,0.0
20260704,Energy,8,488,0.44516340929444703,0.4254980942026341,0.4254980942026341,0.44516340929444703,0.44516340929444703,0.4254980942026341,1,1,0,0,0.38333333333333336,0.5666666666666667,0.7166666666666667,0.0,0.0,0.0,0.0,0.0,0.0,0.38333333333333336,0.5666666666666667,0.7166666666666667,0.38333333333333336,0.5666666666666667,0.7166666666666667,0.4666666666666667,0.6833333333333333,0.7833333333333333,0.38333333333333336,0.5666666666666667,0.7166666666666667,0.0,0.0,0.0
20260704,Energy,7,265,0.4218246286311336,0.4663383307074441,0.4663383307074441,0.4218246286311336,0.4218246286311336,0.4663383307074441,1,1,0,0,0.2,0.38333333333333336,0.45,0.0,0.0,0.0,0.0,0.0,0.0,0.2,0.38333333333333336,0.45,0.2,0.38333333333333336,0.45,0.016666666666666666,0.18333333333333332,0.6833333333333333,0.2,0.38333333333333336,0.45,0.0,0.0,0.0
20260704,Energy,4,67,0.43446935354811783,0.43446935354811783,0.43446935354811783,0.43446935354811783,0.43446935354811783,0.43446935354811783,1,1,0,0,0.0,0.03333333333333333,0.08333333333333333,0.0,0.0,0.0,0.0,0.0,0.0,0.0,0.03333333333333333,0.08333333333333333,0.0,0.03333333333333333,0.08333333333333333,0.05,0.2833333333333333,0.4666666666666667,0.0,0.03333333333333333,0.08333333333333333,0.0,0.0,0.0
20260704,Energy,4,401,0.45657709301666094,0.49296197088988514,0.49296197088988514,0.45657709301666094,0.45657709301666094,0.49296197088988514,1,1,0,0,0.15,0.4,0.6333333333333333,0.0,0.0,0.0,0.0,0.0,0.0,0.15,0.4,0.6333333333333333,0.15,0.4,0.6333333333333333,0.6666666666666666,0.8666666666666667,0.9666666666666667,0.15,0.4,0.6333333333333333,0.0,0.0,0.0
20260704,Energy,6,94,0.5257967296598642,0.4630281050724181,0.4630281050724181,0.5257967296598642,0.5257967296598642,0.4630281050724181,1,1,0,0,0.1,0.31666666666666665,0.55,0.0,0.0,0.0,0.0,0.0,0.0,0.1,0.31666666666666665,0.55,0.1,0.31666666666666665,0.55,0.0,0.05,0.4666666666666667,0.1,0.31666666666666665,0.55,0.0,0.0,0.0
20260704,Energy,5,137,0.4845385230938842,0.503310055220244,0.503310055220244,0.4845385230938842,0.4845385230938842,0.503310055220244,1,1,0,0,0.0,0.1,0.3333333333333333,0.0,0.0,0.0,0.0,0.0,0.0,0.0,0.1,0.3333333333333333,0.0,0.1,0.3333333333333333,0.25,0.48333333333333334,0.75,0.0,0.1,0.3333333333333333,0.0,0.0,0.0
20260704,Energy,7,192,0.46614977340428404,0.5067413971581253,0.5067413971581253,0.46614977340428404,0.46614977340428404,0.5067413971581253,1,1,0,0,0.21666666666666667,0.4166666666666667,0.7333333333333333,0.0,0.0,0.0,0.0,0.0,0.0,0.21666666666666667,0.4166666666666667,0.7333333333333333,0.21666666666666667,0.4166666666666667,0.7333333333333333,0.45,0.9,1.0,0.21666666666666667,0.4166666666666667,0.7333333333333333,0.0,0.0,0.0
20260704,Energy,5,404,0.4599711883200867,0.46382366822831095,0.46382366822831095,0.4599711883200867,0.4599711883200867,0.46382366822831095,1,1,0,0,0.35,0.4666666666666667,0.6333333333333333,0.0,0.0,0.0,0.0,0.0,0.0,0.35,0.4666666666666667,0.6333333333333333,0.35,0.4666666666666667,0.6333333333333333,0.4666666666666667,0.6666666666666666,0.8333333333333334,0.35,0.4666666666666667,0.6333333333333333,0.0,0.0,0.0
20260704,Energy,8,458,0.43840561307118153,0.4487801299240613,0.4487801299240613,0.43840561307118153,0.43840561307118153,0.4487801299240613,1,1,0,0,0.38333333333333336,0.48333333333333334,0.7833333333333333,0.0,0.0,0.0,0.0,0.0,0.0,0.38333333333333336,0.48333333333333334,0.7833333333333333,0.38333333333333336,0.48333333333333334,0.7833333333333333,0.55,0.65,0.85,0.38333333333333336,0.48333333333333334,0.7833333333333333,0.0,0.0,0.0
20260704,Energy,6,474,0.4733627331170161,0.45629823839688477,0.45629823839688477,0.4733627331170161,0.4733627331170161,0.45629823839688477,1,1,0,0,0.35,0.5333333333333333,0.6833333333333333,0.0,0.0,0.0,0.0,0.0,0.0,0.35,0.5333333333333333,0.6833333333333333,0.35,0.5333333333333333,0.6833333333333333,0.0,0.15,0.7,0.35,0.5333333333333333,0.6833333333333333,0.0,0.0,0.0
20260704,Energy,7,126,0.45086343356607267,0.47148240705321126,0.47148240705321126,0.45086343356607267,0.45086343356607267,0.47148240705321126,1,1,0,0,0.03333333333333333,0.45,0.5166666666666667,0.0,0.0,0.0,0.0,0.0,0.0,0.03333333333333333,0.45,0.5166666666666667,0.03333333333333333,0.45,0.5166666666666667,0.7166666666666667,0.7333333333333333,0.9,0.03333333333333333,0.45,0.5166666666666667,0.0,0.0,0.0
20260704,Energy,8,207,0.43203589787963975,0.44770505201718713,0.44770505201718713,0.43203589787963975,0.43203589787963975,0.44770505201718713,1,1,0,0,0.0,0.05,0.25,0.0,0.0,0.0,0.0,0.0,0.0,0.0,0.05,0.25,0.0,0.05,0.25,0.2,0.4166666666666667,0.8333333333333334,0.0,0.05,0.25,0.0,0.0,0.0
20260704,Energy,5,474,0.434578250681992,0.4557917431196339,0.4557917431196339,0.434578250681992,0.434578250681992,0.4557917431196339,1,1,0,0,0.0,0.016666666666666666,0.16666666666666666,0.0,0.0,0.0,0.0,0.0,0.0,0.0,0.016666666666666666,0.16666666666666666,0.0,0.016666666666666666,0.16666666666666666,0.05,0.5,0.8833333333333333,0.0,0.016666666666666666,0.16666666666666666,0.0,0.0,0.0
20260704,Energy,6,269,0.4236258590252259,0.4236258590252259,0.4236258590252259,0.4236258590252259,0.4236258590252259,0.4236258590252259,1,1,0,0,0.36666666666666664,0.48333333333333334,0.43333333333333335,0.0,0.0,0.0,0.0,0.0,0.0,0.36666666666666664,0.48333333333333334,0.43333333333333335,0.36666666666666664,0.48333333333333334,0.43333333333333335,0.4166666666666667,0.65,0.8833333333333333,0.36666666666666664,0.48333333333333334,0.43333333333333335,0.0,0.0,0.0
20260704,Energy,4,222,0.46798830921090334,0.47776132806267113,0.47776132806267113,0.46798830921090334,0.46798830921090334,0.47776132806267113,1,1,0,0,0.11666666666666667,0.38333333333333336,0.48333333333333334,0.0,0.0,0.0,0.0,0.0,0.0,0.11666666666666667,0.38333333333333336,0.48333333333333334,0.11666666666666667,0.38333333333333336,0.48333333333333334,0.13333333333333333,0.45,0.7166666666666667,0.11666666666666667,0.38333333333333336,0.48333333333333334,0.0,0.0,0.0
20260704,Energy,4,231,0.49239093193697187,0.5127257321154601,0.5127257321154601,0.49239093193697187,0.49239093193697187,0.5127257321154601,1,1,0,0,0.11666666666666667,0.45,0.7,0.0,0.0,0.0,0.0,0.0,0.0,0.11666666666666667,0.45,0.7,0.11666666666666667,0.45,0.7,0.43333333333333335,0.6666666666666666,0.7333333333333333,0.11666666666666667,0.45,0.7,0.0,0.0,0.0
20260704,Energy,8,312,0.43488399718233084,0.43488399718233084,0.43488399718233084,0.43488399718233084,0.43488399718233084,0.43488399718233084,1,1,0,0,0.11666666666666667,0.31666666666666665,0.35,0.0,0.0,0.0,0.0,0.0,0.0,0.11666666666666667,0.31666666666666665,0.35,0.11666666666666667,0.31666666666666665,0.35,0.2833333333333333,0.7,0.7666666666666667,0.11666666666666667,0.31666666666666665,0.35,0.0,0.0,0.0
20260704,Energy,4,301,0.48529273732651235,0.489601045234342,0.489601045234342,0.48529273732651235,0.48529273732651235,0.489601045234342,1,1,0,0,0.55,0.75,0.8,0.0,0.0,0.0,0.0,0.0,0.0,0.55,0.75,0.8,0.55,0.75,0.8,0.08333333333333333,0.35,0.7166666666666667,0.55,0.75,0.8,0.0,0.0,0.0
20260704,Energy,5,266,0.43654755293031033,0.4630096700490881,0.4630096700490881,0.43654755293031033,0.43654755293031033,0.4630096700490881,1,1,0,0,0.03333333333333333,0.13333333333333333,0.36666666666666664,0.0,0.0,0.0,0.0,0.0,0.0,0.03333333333333333,0.13333333333333333,0.36666666666666664,0.03333333333333333,0.13333333333333333,0.36666666666666664,0.26666666666666666,0.6333333333333333,0.7833333333333333,0.03333333333333333,0.13333333333333333,0.36666666666666664,0.0,0.0,0.0
20260704,Energy,6,288,0.46396598178871146,0.4577868951109435,0.4577868951109435,0.46396598178871146,0.46396598178871146,0.4577868951109435,1,1,0,0,0.0,0.1,0.4166666666666667,0.0,0.0,0.0,0.0,0.0,0.0,0.0,0.1,0.4166666666666667,0.0,0.1,0.4166666666666667,0.1,0.43333333333333335,0.75,0.0,0.1,0.4166666666666667,0.0,0.0,0.0
20260704,Energy,6,127,0.4800334982747934,0.4860491755965078,0.4860491755965078,0.4800334982747934,0.4800334982747934,0.4860491755965078,1,1,0,0,0.05,0.16666666666666666,0.36666666666666664,0.0,0.0,0.0,0.0,0.0,0.0,0.05,0.16666666666666666,0.36666666666666664,0.05,0.16666666666666666,0.36666666666666664,0.38333333333333336,0.5833333333333334,0.7833333333333333,0.05,0.16666666666666666,0.36666666666666664,0.0,0.0,0.0
20260704,Energy,5,94,0.4787025460394021,0.4787025460394021,0.4787025460394021,0.4787025460394021,0.4787025460394021,0.4787025460394021,1,1,0,0,0.0,0.0,0.03333333333333333,0.0,0.0,0.0,0.0,0.0,0.0,0.0,0.0,0.03333333333333333,0.0,0.0,0.03333333333333333,0.0,0.08333333333333333,0.4666666666666667,0.0,0.0,0.03333333333333333,0.0,0.0,0.0
20260704,Energy,5,211,0.42260210924456837,0.48323690971884664,0.48323690971884664,0.42260210924456837,0.42260210924456837,0.48323690971884664,1,1,0,0,0.0,0.0,0.11666666666666667,0.0,0.0,0.0,0.0,0.0,0.0,0.0,0.0,0.11666666666666667,0.0,0.0,0.11666666666666667,0.26666666666666666,0.5166666666666667,0.75,0.0,0.0,0.11666666666666667,0.0,0.0,0.0
20260704,Energy,8,240,0.45616003644930897,0.4735413550527209,0.4735413550527209,0.45616003644930897,0.45616003644930897,0.4735413550527209,1,1,0,0,0.05,0.26666666666666666,0.5,0.0,0.0,0.0,0.0,0.0,0.0,0.05,0.26666666666666666,0.5,0.05,0.26666666666666666,0.5,0.21666666666666667,0.3333333333333333,0.6666666666666666,0.05,0.26666666666666666,0.5,0.0,0.0,0.0
20260704,Energy,8,487,0.43069936917946344,0.4523882016223321,0.4523882016223321,0.43069936917946344,0.43069936917946344,0.4523882016223321,1,1,0,0,0.5166666666666667,0.85,1.0,0.0,0.0,0.0,0.0,0.0,0.0,0.5166666666666667,0.85,1.0,0.5166666666666667,0.85,1.0,0.6333333333333333,0.75,0.9166666666666666,0.5166666666666667,0.85,1.0,0.0,0.0,0.0
20260704,Energy,5,69,0.478986913105505,0.478986913105505,0.478986913105505,0.478986913105505,0.478986913105505,0.478986913105505,1,1,0,0,0.3,0.3,0.4166666666666667,0.0,0.0,0.0,0.0,0.0,0.0,0.3,0.3,0.4166666666666667,0.3,0.3,0.4166666666666667,0.16666666666666666,0.26666666666666666,0.5833333333333334,0.3,0.3,0.4166666666666667,0.0,0.0,0.0
20260704,Energy,5,185,0.48156168935368693,0.48702037349606003,0.48702037349606003,0.48156168935368693,0.48156168935368693,0.48702037349606003,1,1,0,0,0.5,0.6333333333333333,0.95,0.0,0.0,0.0,0.0,0.0,0.0,0.5,0.6333333333333333,0.95,0.5,0.6333333333333333,0.95,0.5666666666666667,0.8666666666666667,0.8833333333333333,0.5,0.6333333333333333,0.95,0.0,0.0,0.0
20260704,Energy,7,484,0.423425543002125,0.4243401307262449,0.4243401307262449,0.423425543002125,0.423425543002125,0.4243401307262449,1,1,0,0,0.6833333333333333,0.8,0.7166666666666667,0.0,0.0,0.0,0.0,0.0,0.0,0.6833333333333333,0.8,0.7166666666666667,0.6833333333333333,0.8,0.7166666666666667,0.03333333333333333,0.45,0.5833333333333334,0.6833333333333333,0.8,0.7166666666666667,0.0,0.0,0.0
20260704,Energy,7,63,0.5460649337610373,0.6064382213038771,0.6064382213038771,0.5460649337610373,0.5460649337610373,0.6064382213038771,1,1,0,0,0.2833333333333333,0.4166666666666667,0.6833333333333333,0.0,0.0,0.0,0.0,0.0,0.0,0.2833333333333333,0.4166666666666667,0.6833333333333333,0.2833333333333333,0.4166666666666667,0.6833333333333333,0.4,0.6,0.8,0.2833333333333333,0.4166666666666667,0.6833333333333333,0.0,0.0,0.0
20260704,Energy,8,130,0.44933863467848817,0.44933863467848817,0.44933863467848817,0.44933863467848817,0.44933863467848817,0.44933863467848817,1,1,0,0,0.0,0.0,0.1,0.0,0.0,0.0,0.0,0.0,0.0,0.0,0.0,0.1,0.0,0.0,0.1,0.26666666666666666,0.6833333333333333,0.8333333333333334,0.0,0.0,0.1,0.0,0.0,0.0
20260704,Energy,5,65,0.4680680591822087,0.4680680591822087,0.4680680591822087,0.4680680591822087,0.4680680591822087,0.4680680591822087,1,1,0,0,0.0,0.03333333333333333,0.16666666666666666,0.0,0.0,0.0,0.0,0.0,0.0,0.0,0.03333333333333333,0.16666666666666666,0.0,0.03333333333333333,0.16666666666666666,0.13333333333333333,0.26666666666666666,0.5,0.0,0.03333333333333333,0.16666666666666666,0.0,0.0,0.0
20260704,Energy,7,75,0.4776581970772343,0.4776581970772343,0.4776581970772343,0.4776581970772343,0.4776581970772343,0.4776581970772343,1,1,0,0,0.0,0.0,0.0,0.0,0.0,0.0,0.0,0.0,0.0,0.0,0.0,0.0,0.0,0.0,0.0,0.13333333333333333,0.43333333333333335,0.7333333333333333,0.0,0.0,0.0,0.0,0.0,0.0
20260704,Energy,6,305,0.44206376504489975,0.4555173546551623,0.4555173546551623,0.44206376504489975,0.44206376504489975,0.4555173546551623,1,1,0,0,0.43333333333333335,0.6166666666666667,0.85,0.0,0.0,0.0,0.0,0.0,0.0,0.43333333333333335,0.6166666666666667,0.85,0.43333333333333335,0.6166666666666667,0.85,0.45,0.5666666666666667,0.8333333333333334,0.43333333333333335,0.6166666666666667,0.85,0.0,0.0,0.0
20260704,Energy,8,167,0.4160977240381686,0.4160977240381686,0.4160977240381686,0.4160977240381686,0.4160977240381686,0.4160977240381686,1,1,0,0,0.0,0.0,0.016666666666666666,0.0,0.0,0.0,0.0,0.0,0.0,0.0,0.0,0.016666666666666666,0.0,0.0,0.016666666666666666,0.7333333333333333,0.8833333333333333,0.7,0.0,0.0,0.016666666666666666,0.0,0.0,0.0
20260704,Energy,6,286,0.43334404770830454,0.4383202830587848,0.4383202830587848,0.43334404770830454,0.43334404770830454,0.4383202830587848,1,1,0,0,0.016666666666666666,0.18333333333333332,0.4,0.0,0.0,0.0,0.0,0.0,0.0,0.016666666666666666,0.18333333333333332,0.4,0.016666666666666666,0.18333333333333332,0.4,0.05,0.38333333333333336,0.8166666666666667,0.016666666666666666,0.18333333333333332,0.4,0.0,0.0,0.0
20260704,Energy,4,467,0.48189387609627216,0.5073328295187939,0.5073328295187939,0.48189387609627216,0.48189387609627216,0.5073328295187939,1,1,0,0,0.3333333333333333,0.4666666666666667,0.75,0.0,0.0,0.0,0.0,0.0,0.0,0.3333333333333333,0.4666666666666667,0.75,0.3333333333333333,0.4666666666666667,0.75,0.9,0.95,0.9833333333333333,0.3333333333333333,0.4666666666666667,0.75,0.0,0.0,0.0
20260704,Energy,8,366,0.4081290551258955,0.4212513518618092,0.4212513518618092,0.4081290551258955,0.4081290551258955,0.4212513518618092,1,1,0,0,0.03333333333333333,0.2833333333333333,0.48333333333333334,0.0,0.0,0.0,0.0,0.0,0.0,0.03333333333333333,0.2833333333333333,0.48333333333333334,0.03333333333333333,0.2833333333333333,0.48333333333333334,0.6166666666666667,0.48333333333333334,0.7,0.03333333333333333,0.2833333333333333,0.48333333333333334,0.0,0.0,0.0
20260704,Energy,8,268,0.46340218619463264,0.4448706997742385,0.4448706997742385,0.46340218619463264,0.46340218619463264,0.4448706997742385,1,1,0,0,0.31666666666666665,0.6,0.8666666666666667,0.0,0.0,0.0,0.0,0.0,0.0,0.31666666666666665,0.6,0.8666666666666667,0.31666666666666665,0.6,0.8666666666666667,0.4666666666666667,0.43333333333333335,0.6666666666666666,0.31666666666666665,0.6,0.8666666666666667,0.0,0.0,0.0
20260704,Energy,8,368,0.42962602989267257,0.42180413053470733,0.42180413053470733,0.42962602989267257,0.42962602989267257,0.42180413053470733,1,1,0,0,0.2,0.48333333333333334,0.6333333333333333,0.0,0.0,0.0,0.0,0.0,0.0,0.2,0.48333333333333334,0.6333333333333333,0.2,0.48333333333333334,0.6333333333333333,0.08333333333333333,0.35,0.6833333333333333,0.2,0.48333333333333334,0.6333333333333333,0.0,0.0,0.0
20260704,Concrete,8,137,0.4662599737209201,0.4864957570533737,0.4864957570533737,0.4662599737209201,0.4662599737209201,0.4864957570533737,1,1,0,0,0.5166666666666667,0.5166666666666667,0.4,0.0,0.0,0.0,0.0,0.0,0.0,0.5166666666666667,0.5166666666666667,0.4,0.5166666666666667,0.5166666666666667,0.4,0.6833333333333333,0.7,0.7666666666666667,0.5166666666666667,0.5166666666666667,0.4,0.0,0.0,0.0
20260704,Concrete,5,401,0.4605116955698253,0.484065428960545,0.484065428960545,0.4605116955698253,0.4605116955698253,0.484065428960545,1,1,0,0,0.3,0.36666666666666664,0.5666666666666667,0.0,0.0,0.0,0.0,0.0,0.0,0.3,0.36666666666666664,0.5666666666666667,0.3,0.36666666666666664,0.5666666666666667,0.2833333333333333,0.65,0.8833333333333333,0.3,0.36666666666666664,0.5666666666666667,0.0,0.0,0.0
20260704,Concrete,5,204,0.4594489577570542,0.4594489577570542,0.4594489577570542,0.4594489577570542,0.4594489577570542,0.4594489577570542,1,1,0,0,0.26666666666666666,0.4666666666666667,0.4166666666666667,0.0,0.0,0.0,0.0,0.0,0.0,0.26666666666666666,0.4666666666666667,0.4166666666666667,0.26666666666666666,0.4666666666666667,0.4166666666666667,0.0,0.13333333333333333,0.38333333333333336,0.26666666666666666,0.4666666666666667,0.4166666666666667,0.0,0.0,0.0
20260704,Concrete,6,73,0.5625652135197332,0.5074074195880183,0.5074074195880183,0.5625652135197332,0.5625652135197332,0.5074074195880183,1,1,0,0,0.03333333333333333,0.36666666666666664,0.75,0.0,0.0,0.0,0.0,0.0,0.0,0.03333333333333333,0.36666666666666664,0.75,0.03333333333333333,0.36666666666666664,0.75,0.0,0.13333333333333333,0.48333333333333334,0.03333333333333333,0.36666666666666664,0.75,0.0,0.0,0.0
20260704,Concrete,6,344,0.420013965840738,0.420013965840738,0.420013965840738,0.420013965840738,0.420013965840738,0.420013965840738,1,1,0,0,0.0,0.13333333333333333,0.45,0.0,0.0,0.0,0.0,0.0,0.0,0.0,0.13333333333333333,0.45,0.0,0.13333333333333333,0.45,0.03333333333333333,0.2833333333333333,0.45,0.0,0.13333333333333333,0.45,0.0,0.0,0.0
20260704,Concrete,5,66,0.473398802802024,0.4955017112964759,0.4955017112964759,0.473398802802024,0.473398802802024,0.4955017112964759,1,1,0,0,0.36666666666666664,0.5166666666666667,0.6666666666666666,0.0,0.0,0.0,0.0,0.0,0.0,0.36666666666666664,0.5166666666666667,0.6666666666666666,0.36666666666666664,0.5166666666666667,0.6666666666666666,0.5,0.75,0.8666666666666667,0.36666666666666664,0.5166666666666667,0.6666666666666666,0.0,0.0,0.0
20260704,Concrete,4,165,0.46390763798857176,0.47793290758223184,0.47793290758223184,0.46390763798857176,0.46390763798857176,0.47793290758223184,1,1,0,0,0.3,0.25,0.5,0.0,0.0,0.0,0.0,0.0,0.0,0.3,0.25,0.5,0.3,0.25,0.5,0.0,0.23333333333333334,0.6666666666666666,0.3,0.25,0.5,0.0,0.0,0.0
20260704,Concrete,8,76,0.47139236222265957,0.4770601586738489,0.4770601586738489,0.47139236222265957,0.47139236222265957,0.4770601586738489,1,1,0,0,0.2,0.45,0.6166666666666667,0.0,0.0,0.0,0.0,0.0,0.0,0.2,0.45,0.6166666666666667,0.2,0.45,0.6166666666666667,0.016666666666666666,0.26666666666666666,0.7,0.2,0.45,0.6166666666666667,0.0,0.0,0.0
20260704,Concrete,5,149,0.4616036444611817,0.4616036444611817,0.4616036444611817,0.4616036444611817,0.4616036444611817,0.4616036444611817,1,1,0,0,0.0,0.0,0.0,0.0,0.0,0.0,0.0,0.0,0.0,0.0,0.0,0.0,0.0,0.0,0.0,0.5166666666666667,0.7,0.8833333333333333,0.0,0.0,0.0,0.0,0.0,0.0
20260704,Concrete,4,375,0.4230090458927015,0.4230090458927015,0.4230090458927015,0.4230090458927015,0.4230090458927015,0.4230090458927015,1,1,0,0,0.0,0.0,0.016666666666666666,0.0,0.0,0.0,0.0,0.0,0.0,0.0,0.0,0.016666666666666666,0.0,0.0,0.016666666666666666,0.3,0.45,0.5666666666666667,0.0,0.0,0.016666666666666666,0.0,0.0,0.0
20260704,Concrete,4,468,0.4648896587640358,0.43583330331547987,0.43583330331547987,0.4648896587640358,0.4648896587640358,0.43583330331547987,1,1,0,0,0.45,0.7,0.7666666666666667,0.0,0.0,0.0,0.0,0.0,0.0,0.45,0.7,0.7666666666666667,0.45,0.7,0.7666666666666667,0.016666666666666666,0.18333333333333332,0.6166666666666667,0.45,0.7,0.7666666666666667,0.0,0.0,0.0
20260704,Concrete,6,426,0.42530383889910595,0.42530383889910595,0.42530383889910595,0.42530383889910595,0.42530383889910595,0.42530383889910595,1,1,0,0,0.0,0.0,0.13333333333333333,0.0,0.0,0.0,0.0,0.0,0.0,0.0,0.0,0.13333333333333333,0.0,0.0,0.13333333333333333,0.26666666666666666,0.5333333333333333,0.8666666666666667,0.0,0.0,0.13333333333333333,0.0,0.0,0.0
20260704,Concrete,4,257,0.4330697148853109,0.4330697148853109,0.4330697148853109,0.4330697148853109,0.4330697148853109,0.4330697148853109,1,1,0,0,0.0,0.0,0.05,0.0,0.0,0.0,0.0,0.0,0.0,0.0,0.0,0.05,0.0,0.0,0.05,0.0,0.35,0.7,0.0,0.0,0.05,0.0,0.0,0.0
20260704,Concrete,5,160,0.46090603089209536,0.5142579991516547,0.5142579991516547,0.46090603089209536,0.46090603089209536,0.5142579991516547,1,1,0,0,0.0,0.0,0.2,0.0,0.0,0.0,0.0,0.0,0.0,0.0,0.0,0.2,0.0,0.0,0.2,0.7,0.8166666666666667,0.9166666666666666,0.0,0.0,0.2,0.0,0.0,0.0
20260704,Concrete,8,258,0.4167215661208424,0.4167215661208424,0.4167215661208424,0.4167215661208424,0.4167215661208424,0.4167215661208424,1,1,0,0,0.06666666666666667,0.26666666666666666,0.5166666666666667,0.0,0.0,0.0,0.0,0.0,0.0,0.06666666666666667,0.26666666666666666,0.5166666666666667,0.06666666666666667,0.26666666666666666,0.5166666666666667,0.13333333333333333,0.48333333333333334,0.9166666666666666,0.06666666666666667,0.26666666666666666,0.5166666666666667,0.0,0.0,0.0
20260704,Concrete,8,288,0.46320319094073364,0.47206667555235526,0.47206667555235526,0.46320319094073364,0.46320319094073364,0.47206667555235526,1,1,0,0,0.38333333333333336,0.7333333333333333,0.7333333333333333,0.0,0.0,0.0,0.0,0.0,0.0,0.38333333333333336,0.7333333333333333,0.7333333333333333,0.38333333333333336,0.7333333333333333,0.7333333333333333,0.36666666666666664,0.7333333333333333,0.9,0.38333333333333336,0.7333333333333333,0.7333333333333333,0.0,0.0,0.0
20260704,Concrete,6,112,0.4839357466992373,0.4839357466992373,0.4839357466992373,0.4839357466992373,0.4839357466992373,0.4839357466992373,1,1,0,0,0.2833333333333333,0.2,0.4166666666666667,0.0,0.0,0.0,0.0,0.0,0.0,0.2833333333333333,0.2,0.4166666666666667,0.2833333333333333,0.2,0.4166666666666667,0.06666666666666667,0.16666666666666666,0.5,0.2833333333333333,0.2,0.4166666666666667,0.0,0.0,0.0
20260704,Concrete,8,175,0.4351840175222796,0.4330881509497567,0.4330881509497567,0.4351840175222796,0.4351840175222796,0.4330881509497567,1,1,0,0,0.016666666666666666,0.13333333333333333,0.38333333333333336,0.0,0.0,0.0,0.0,0.0,0.0,0.016666666666666666,0.13333333333333333,0.38333333333333336,0.016666666666666666,0.13333333333333333,0.38333333333333336,0.13333333333333333,0.5,0.6166666666666667,0.016666666666666666,0.13333333333333333,0.38333333333333336,0.0,0.0,0.0
20260704,Concrete,5,113,0.4662266047071702,0.4662266047071702,0.4662266047071702,0.4662266047071702,0.4662266047071702,0.4662266047071702,1,1,0,0,0.016666666666666666,0.15,0.3333333333333333,0.0,0.0,0.0,0.0,0.0,0.0,0.016666666666666666,0.15,0.3333333333333333,0.016666666666666666,0.15,0.3333333333333333,0.3333333333333333,0.48333333333333334,0.6,0.016666666666666666,0.15,0.3333333333333333,0.0,0.0,0.0
20260704,Concrete,4,124,0.4594381777482372,0.480559852894394,0.480559852894394,0.4594381777482372,0.4594381777482372,0.480559852894394,1,1,0,0,0.0,0.0,0.11666666666666667,0.0,0.0,0.0,0.0,0.0,0.0,0.0,0.0,0.11666666666666667,0.0,0.0,0.11666666666666667,0.3333333333333333,0.43333333333333335,0.7166666666666667,0.0,0.0,0.11666666666666667,0.0,0.0,0.0
20260704,Concrete,8,82,0.4978300566695246,0.46600450713516256,0.46600450713516256,0.4978300566695246,0.4978300566695246,0.46600450713516256,1,1,0,0,0.38333333333333336,0.5333333333333333,0.7833333333333333,0.0,0.0,0.0,0.0,0.0,0.0,0.38333333333333336,0.5333333333333333,0.7833333333333333,0.38333333333333336,0.5333333333333333,0.7833333333333333,0.0,0.0,0.45,0.38333333333333336,0.5333333333333333,0.7833333333333333,0.0,0.0,0.0
20260704,Concrete,7,356,0.4369801018269862,0.44287481415915336,0.44287481415915336,0.4369801018269862,0.4369801018269862,0.44287481415915336,1,1,0,0,0.5833333333333334,0.7666666666666667,0.75,0.0,0.0,0.0,0.0,0.0,0.0,0.5833333333333334,0.7666666666666667,0.75,0.5833333333333334,0.7666666666666667,0.75,0.45,0.7,0.9333333333333333,0.5833333333333334,0.7666666666666667,0.75,0.0,0.0,0.0
20260704,Concrete,6,422,0.5160462391758077,0.4667617191548184,0.4667617191548184,0.5160462391758077,0.5160462391758077,0.4667617191548184,1,1,0,0,0.5666666666666667,0.8333333333333334,0.95,0.0,0.0,0.0,0.0,0.0,0.0,0.5666666666666667,0.8333333333333334,0.95,0.5666666666666667,0.8333333333333334,0.95,0.21666666666666667,0.48333333333333334,0.6833333333333333,0.5666666666666667,0.8333333333333334,0.95,0.0,0.0,0.0
20260704,Concrete,6,382,0.43623281303054784,0.4388419862815541,0.4388419862815541,0.43623281303054784,0.43623281303054784,0.4388419862815541,1,1,0,0,0.45,0.5,0.7166666666666667,0.0,0.0,0.0,0.0,0.0,0.0,0.45,0.5,0.7166666666666667,0.45,0.5,0.7166666666666667,0.38333333333333336,0.6666666666666666,0.8333333333333334,0.45,0.5,0.7166666666666667,0.0,0.0,0.0
20260704,Concrete,6,469,0.495611953600736,0.4745087940992215,0.4745087940992215,0.495611953600736,0.495611953600736,0.4745087940992215,1,1,0,0,0.05,0.3333333333333333,0.4166666666666667,0.0,0.0,0.0,0.0,0.0,0.0,0.05,0.3333333333333333,0.4166666666666667,0.05,0.3333333333333333,0.4166666666666667,0.15,0.6,0.7333333333333333,0.05,0.3333333333333333,0.4166666666666667,0.0,0.0,0.0
20260704,Concrete,7,134,0.4455237652035212,0.4455237652035212,0.4455237652035212,0.4455237652035212,0.4455237652035212,0.4455237652035212,1,1,0,0,0.0,0.03333333333333333,0.25,0.0,0.0,0.0,0.0,0.0,0.0,0.0,0.03333333333333333,0.25,0.0,0.03333333333333333,0.25,0.23333333333333334,0.43333333333333335,0.6333333333333333,0.0,0.03333333333333333,0.25,0.0,0.0,0.0
20260704,Concrete,4,460,0.45941821475086014,0.45941821475086014,0.45941821475086014,0.45941821475086014,0.45941821475086014,0.45941821475086014,1,1,0,0,0.31666666666666665,0.48333333333333334,0.5833333333333334,0.0,0.0,0.0,0.0,0.0,0.0,0.31666666666666665,0.48333333333333334,0.5833333333333334,0.31666666666666665,0.48333333333333334,0.5833333333333334,0.8833333333333333,0.9833333333333333,0.9666666666666667,0.31666666666666665,0.48333333333333334,0.5833333333333334,0.0,0.0,0.0
20260704,Concrete,5,362,0.45089545003316617,0.45089545003316617,0.45089545003316617,0.45089545003316617,0.45089545003316617,0.45089545003316617,1,1,0,0,0.3333333333333333,0.65,0.7833333333333333,0.0,0.0,0.0,0.0,0.0,0.0,0.3333333333333333,0.65,0.7833333333333333,0.3333333333333333,0.65,0.7833333333333333,0.36666666666666664,0.6833333333333333,0.8833333333333333,0.3333333333333333,0.65,0.7833333333333333,0.0,0.0,0.0
20260704,Concrete,6,160,0.45590216934138944,0.45590216934138944,0.45590216934138944,0.45590216934138944,0.45590216934138944,0.45590216934138944,1,1,0,0,0.03333333333333333,0.25,0.48333333333333334,0.0,0.0,0.0,0.0,0.0,0.0,0.03333333333333333,0.25,0.48333333333333334,0.03333333333333333,0.25,0.48333333333333334,0.15,0.5333333333333333,0.6,0.03333333333333333,0.25,0.48333333333333334,0.0,0.0,0.0
20260704,Concrete,4,162,0.4797589233038212,0.4909859980424419,0.4909859980424419,0.4797589233038212,0.4797589233038212,0.4909859980424419,1,1,0,0,0.08333333333333333,0.3333333333333333,0.6,0.0,0.0,0.0,0.0,0.0,0.0,0.08333333333333333,0.3333333333333333,0.6,0.08333333333333333,0.3333333333333333,0.6,0.3333333333333333,0.4166666666666667,0.7166666666666667,0.08333333333333333,0.3333333333333333,0.6,0.0,0.0,0.0
20260704,Concrete,5,106,0.4998299180416293,0.4763698953003825,0.4763698953003825,0.4998299180416293,0.4998299180416293,0.4763698953003825,1,1,0,0,0.3333333333333333,0.38333333333333336,0.5166666666666667,0.0,0.0,0.0,0.0,0.0,0.0,0.3333333333333333,0.38333333333333336,0.5166666666666667,0.3333333333333333,0.38333333333333336,0.5166666666666667,0.11666666666666667,0.45,0.7166666666666667,0.3333333333333333,0.38333333333333336,0.5166666666666667,0.0,0.0,0.0
20260704,Concrete,4,219,0.4824111235689533,0.47534600293922913,0.47534600293922913,0.4824111235689533,0.4824111235689533,0.47534600293922913,1,1,0,0,0.5833333333333334,0.6333333333333333,0.8833333333333333,0.0,0.0,0.0,0.0,0.0,0.0,0.5833333333333334,0.6333333333333333,0.8833333333333333,0.5833333333333334,0.6333333333333333,0.8833333333333333,0.45,0.65,0.7833333333333333,0.5833333333333334,0.6333333333333333,0.8833333333333333,0.0,0.0,0.0
20260704,Concrete,6,410,0.43022673753903895,0.47750283167517954,0.47750283167517954,0.43022673753903895,0.43022673753903895,0.47750283167517954,1,1,0,0,0.13333333333333333,0.45,0.6333333333333333,0.0,0.0,0.0,0.0,0.0,0.0,0.13333333333333333,0.45,0.6333333333333333,0.13333333333333333,0.45,0.6333333333333333,0.55,0.8166666666666667,0.95,0.13333333333333333,0.45,0.6333333333333333,0.0,0.0,0.0
20260704,Concrete,8,71,0.45109394350295723,0.45109394350295723,0.45109394350295723,0.45109394350295723,0.45109394350295723,0.45109394350295723,1,1,0,0,0.0,0.0,0.016666666666666666,0.0,0.0,0.0,0.0,0.0,0.0,0.0,0.0,0.016666666666666666,0.0,0.0,0.016666666666666666,0.21666666666666667,0.38333333333333336,0.6333333333333333,0.0,0.0,0.016666666666666666,0.0,0.0,0.0
20260704,Concrete,4,293,0.45180279298327086,0.458036881307243,0.458036881307243,0.45180279298327086,0.45180279298327086,0.458036881307243,1,1,0,0,0.016666666666666666,0.08333333333333333,0.16666666666666666,0.0,0.0,0.0,0.0,0.0,0.0,0.016666666666666666,0.08333333333333333,0.16666666666666666,0.016666666666666666,0.08333333333333333,0.16666666666666666,0.0,0.16666666666666666,0.65,0.016666666666666666,0.08333333333333333,0.16666666666666666,0.0,0.0,0.0
20260704,Concrete,4,262,0.4630602313748489,0.48472950348366883,0.48472950348366883,0.4630602313748489,0.4630602313748489,0.48472950348366883,1,1,0,0,0.3333333333333333,0.55,0.8,0.0,0.0,0.0,0.0,0.0,0.0,0.3333333333333333,0.55,0.8,0.3333333333333333,0.55,0.8,0.5166666666666667,0.6333333333333333,0.8333333333333334,0.3333333333333333,0.55,0.8,0.0,0.0,0.0
20260704,Concrete,4,262,0.4973390013876146,0.5105930641912656,0.5105930641912656,0.4973390013876146,0.4973390013876146,0.5105930641912656,1,1,0,0,0.8666666666666667,0.9166666666666666,0.9666666666666667,0.0,0.0,0.0,0.0,0.0,0.0,0.8666666666666667,0.9166666666666666,0.9666666666666667,0.8666666666666667,0.9166666666666666,0.9666666666666667,0.8333333333333334,0.85,0.9,0.8666666666666667,0.9166666666666666,0.9666666666666667,0.0,0.0,0.0
20260704,Concrete,5,233,0.44799605920996133,0.44799605920996133,0.44799605920996133,0.44799605920996133,0.44799605920996133,0.44799605920996133,1,1,0,0,0.15,0.16666666666666666,0.18333333333333332,0.0,0.0,0.0,0.0,0.0,0.0,0.15,0.16666666666666666,0.18333333333333332,0.15,0.16666666666666666,0.18333333333333332,0.6833333333333333,0.6666666666666666,0.6666666666666666,0.15,0.16666666666666666,0.18333333333333332,0.0,0.0,0.0
20260704,Concrete,8,335,0.4461280831622901,0.4861195318681915,0.4861195318681915,0.4461280831622901,0.4461280831622901,0.4861195318681915,1,1,0,0,0.13333333333333333,0.38333333333333336,0.5,0.0,0.0,0.0,0.0,0.0,0.0,0.13333333333333333,0.38333333333333336,0.5,0.13333333333333333,0.38333333333333336,0.5,0.4666666666666667,0.7,0.7666666666666667,0.13333333333333333,0.38333333333333336,0.5,0.0,0.0,0.0
20260704,Concrete,7,497,0.4295108168611434,0.48076783655852123,0.48076783655852123,0.4295108168611434,0.4295108168611434,0.48076783655852123,1,1,0,0,0.06666666666666667,0.36666666666666664,0.5333333333333333,0.0,0.0,0.0,0.0,0.0,0.0,0.06666666666666667,0.36666666666666664,0.5333333333333333,0.06666666666666667,0.36666666666666664,0.5333333333333333,0.7833333333333333,0.9166666666666666,0.95,0.06666666666666667,0.36666666666666664,0.5333333333333333,0.0,0.0,0.0
20260704,Concrete,4,127,0.45105402422621904,0.47067582745947545,0.47067582745947545,0.45105402422621904,0.45105402422621904,0.47067582745947545,1,1,0,0,0.016666666666666666,0.016666666666666666,0.25,0.0,0.0,0.0,0.0,0.0,0.0,0.016666666666666666,0.016666666666666666,0.25,0.016666666666666666,0.016666666666666666,0.25,0.36666666666666664,0.55,0.6833333333333333,0.016666666666666666,0.016666666666666666,0.25,0.0,0.0,0.0
20260704,Concrete,6,163,0.4591174967898946,0.4764148187569201,0.4764148187569201,0.4591174967898946,0.4591174967898946,0.4764148187569201,1,1,0,0,0.0,0.05,0.23333333333333334,0.0,0.0,0.0,0.0,0.0,0.0,0.0,0.05,0.23333333333333334,0.0,0.05,0.23333333333333334,0.4,0.48333333333333334,0.7666666666666667,0.0,0.05,0.23333333333333334,0.0,0.0,0.0
20260704,Concrete,6,399,0.43973651804092256,0.43910267172905887,0.43910267172905887,0.43973651804092256,0.43973651804092256,0.43910267172905887,1,1,0,0,0.4666666666666667,0.7333333333333333,0.9166666666666666,0.0,0.0,0.0,0.0,0.0,0.0,0.4666666666666667,0.7333333333333333,0.9166666666666666,0.4666666666666667,0.7333333333333333,0.9166666666666666,0.35,0.48333333333333334,0.85,0.4666666666666667,0.7333333333333333,0.9166666666666666,0.0,0.0,0.0
20260704,Concrete,5,216,0.46707021492117484,0.4788120008033944,0.4788120008033944,0.46707021492117484,0.46707021492117484,0.4788120008033944,1,1,0,0,0.0,0.13333333333333333,0.21666666666666667,0.0,0.0,0.0,0.0,0.0,0.0,0.0,0.13333333333333333,0.21666666666666667,0.0,0.13333333333333333,0.21666666666666667,0.21666666666666667,0.5333333333333333,0.7666666666666667,0.0,0.13333333333333333,0.21666666666666667,0.0,0.0,0.0
20260704,Concrete,5,460,0.4515602392160539,0.4724928054088694,0.4724928054088694,0.4515602392160539,0.4515602392160539,0.4724928054088694,1,1,0,0,0.4166666666666667,0.5666666666666667,0.6166666666666667,0.0,0.0,0.0,0.0,0.0,0.0,0.4166666666666667,0.5666666666666667,0.6166666666666667,0.4166666666666667,0.5666666666666667,0.6166666666666667,0.2,0.5,0.75,0.4166666666666667,0.5666666666666667,0.6166666666666667,0.0,0.0,0.0
20260704,Concrete,7,416,0.4511347653097687,0.4359286906636321,0.4359286906636321,0.4511347653097687,0.4511347653097687,0.4359286906636321,1,1,0,0,0.18333333333333332,0.2833333333333333,0.5,0.0,0.0,0.0,0.0,0.0,0.0,0.18333333333333332,0.2833333333333333,0.5,0.18333333333333332,0.2833333333333333,0.5,0.11666666666666667,0.45,0.7666666666666667,0.18333333333333332,0.2833333333333333,0.5,0.0,0.0,0.0
20260704,Concrete,6,114,0.46451661383521015,0.4648253851860138,0.4648253851860138,0.46451661383521015,0.46451661383521015,0.4648253851860138,1,1,0,0,0.2,0.6166666666666667,0.6833333333333333,0.0,0.0,0.0,0.0,0.0,0.0,0.2,0.6166666666666667,0.6833333333333333,0.2,0.6166666666666667,0.6833333333333333,0.05,0.35,0.6333333333333333,0.2,0.6166666666666667,0.6833333333333333,0.0,0.0,0.0
20260704,Concrete,8,498,0.44407264097623955,0.44407264097623955,0.44407264097623955,0.44407264097623955,0.44407264097623955,0.44407264097623955,1,1,0,0,0.016666666666666666,0.18333333333333332,0.5666666666666667,0.0,0.0,0.0,0.0,0.0,0.0,0.016666666666666666,0.18333333333333332,0.5666666666666667,0.016666666666666666,0.18333333333333332,0.5666666666666667,0.05,0.35,0.85,0.016666666666666666,0.18333333333333332,0.5666666666666667,0.0,0.0,0.0
20260704,Concrete,7,200,0.4347479433562693,0.43798903309843984,0.43798903309843984,0.4347479433562693,0.4347479433562693,0.43798903309843984,1,1,0,0,0.0,0.08333333333333333,0.5,0.0,0.0,0.0,0.0,0.0,0.0,0.0,0.08333333333333333,0.5,0.0,0.08333333333333333,0.5,0.0,0.13333333333333333,0.5,0.0,0.08333333333333333,0.5,0.0,0.0,0.0
20260704,Concrete,4,477,0.42436508584775406,0.457460661910386,0.457460661910386,0.42436508584775406,0.42436508584775406,0.457460661910386,1,1,0,0,0.0,0.15,0.36666666666666664,0.0,0.0,0.0,0.0,0.0,0.0,0.0,0.15,0.36666666666666664,0.0,0.15,0.36666666666666664,0.5666666666666667,0.8666666666666667,0.8833333333333333,0.0,0.15,0.36666666666666664,0.0,0.0,0.0
