config,geometry,replication,method,grouped_loss,tail_loss
"R1 (5 groups, m=10)",linear,0,TOPSIS,0.38636074632514,0.49251227325951324
"R1 (5 groups, m=10)",linear,1,TOPSIS,0.3462665337887976,0.3951187015646931
"R1 (5 groups, m=10)",linear,2,TOPSIS,0.33467625690519925,0.35193283850077833
"R1 (5 groups, m=10)",linear,3,TOPSIS,0.37335453360460663,0.2529037050096203
"R1 (5 groups, m=10)",linear,4,TOPSIS,0.2877583614088892,0.3050822084428168
"R1 (5 groups, m=10)",linear,5,TOPSIS,0.4110866565428592,0.43894442086388086
"R1 (5 groups, m=10)",linear,6,TOPSIS,0.31035180727976347,0.2899815411070202
"R1 (5 groups, m=10)",linear,7,TOPSIS,0.42876223033810373,0.3808148061282532
"R1 (5 groups, m=10)",linear,8,TOPSIS,0.32072970329036893,0.3516991317226976
"R1 (5 groups, m=10)",linear,9,TOPSIS,0.4419218569090335,0.5448464578190589
"R1 (5 groups, m=10)",linear,10,TOPSIS,0.40282569488428943,0.3890014398800424
"R1 (5 groups, m=10)",linear,11,TOPSIS,0.3950287348573598,0.5196930293286465
"R1 (5 groups, m=10)",linear,12,TOPSIS,0.17941690338880642,0.349624955464499
"R1 (5 groups, m=10)",linear,13,TOPSIS,0.3534369073224722,0.41942668830782903
"R1 (5 groups, m=10)",linear,14,TOPSIS,0.38473330267115374,0.41508188631617726
"R1 (5 groups, m=10)",linear,15,TOPSIS,0.2701586975884653,0.3509470621988078
"R1 (5 groups, m=10)",linear,16,TOPSIS,0.25021945664236794,0.35701480099840166
"R1 (5 groups, m=10)",linear,17,TOPSIS,0.3746087700819369,0.47013501542845354
"R1 (5 groups, m=10)",linear,18,TOPSIS,0.25314726160974105,0.34236734680287023
"R1 (5 groups, m=10)",linear,19,TOPSIS,0.38569658526190476,0.5960366278249445
"R1 (5 groups, m=10)",linear,20,TOPSIS,0.3154415160821735,0.38567358249726863
"R1 (5 groups, m=10)",linear,21,TOPSIS,0.40530705218038005,0.45379726269665965
"R1 (5 groups, m=10)",linear,22,TOPSIS,0.4754125239392557,0.37896010429692184
"R1 (5 groups, m=10)",linear,23,TOPSIS,0.27463223321203795,0.4388723077943525
"R1 (5 groups, m=10)",linear,24,TOPSIS,0.3624599410707669,0.4730456705161525
"R1 (5 groups, m=10)",linear,25,TOPSIS,0.30849103931988126,0.4584851870061568
"R1 (5 groups, m=10)",linear,26,TOPSIS,0.45436206364486437,0.4892362395328102
"R1 (5 groups, m=10)",linear,27,TOPSIS,0.34552261539636403,0.3022687306984106
"R1 (5 groups, m=10)",linear,28,TOPSIS,0.46850571709291183,0.46705719479240265
"R1 (5 groups, m=10)",linear,29,TOPSIS,0.3731982117181143,0.5959310157588612
"R1 (5 groups, m=10)",linear,0,CP,0.38636074632514,0.49251227325951324
"R1 (5 groups, m=10)",linear,1,CP,0.3462665337887976,0.3951187015646931
"R1 (5 groups, m=10)",linear,2,CP,0.33467625690519925,0.35193283850077833
"R1 (5 groups, m=10)",linear,3,CP,0.37335453360460663,0.2529037050096203
"R1 (5 groups, m=10)",linear,4,CP,0.2877583614088892,0.3050822084428168
"R1 (5 groups, m=10)",linear,5,CP,0.4110866565428592,0.43894442086388086
"R1 (5 groups, m=10)",linear,6,CP,0.31035180727976347,0.2899815411070202
"R1 (5 groups, m=10)",linear,7,CP,0.42876223033810373,0.3808148061282532
"R1 (5 groups, m=10)",linear,8,CP,0.32072970329036893,0.3516991317226976
"R1 (5 groups, m=10)",linear,9,CP,0.4457136842452523,0.42691949102154436
"R1 (5 groups, m=10)",linear,10,CP,0.40282569488428943,0.3890014398800424
"R1 (5 groups, m=10)",linear,11,CP,0.3950287348573598,0.5196930293286465
"R1 (5 groups, m=10)",linear,12,CP,0.17941690338880642,0.349624955464499
"R1 (5 groups, m=10)",linear,13,CP,0.3534369073224722,0.41942668830782903
"R1 (5 groups, m=10)",linear,14,CP,0.21736686163899052,0.2777374254740066
"R1 (5 groups, m=10)",linear,15,CP,0.2701586975884653,0.3509470621988078
"R1 (5 groups, m=10)",linear,16,CP,0.22879399297047096,0.3276022371311332
"R1 (5 groups, m=10)",linear,17,CP,0.38509758180331116,0.36276579220057953
"R1 (5 groups, m=10)",linear,18,CP,0.25314726160974105,0.34236734680287023
"R1 (5 groups, m=10)",linear,19,CP,0.23226865209416744,0.3180901944555539
"R1 (5 groups, m=10)",linear,20,CP,0.3154415160821735,0.38567358249726863
"R1 (5 groups, m=10)",linear,21,CP,0.40530705218038005,0.45379726269665965
"R1 (5 groups, m=10)",linear,22,CP,0.4754125239392557,0.37896010429692184
"R1 (5 groups, m=10)",linear,23,CP,0.27463223321203795,0.4388723077943525
"R1 (5 groups, m=10)",linear,24,CP,0.3624599410707669,0.4730456705161525
"R1 (5 groups, m=10)",linear,25,CP,0.2895749498134849,0.33371360059669875
"R1 (5 groups, m=10)",linear,26,CP,0.26618245990148603,0.4311147640026615
"R1 (5 groups, m=10)",linear,27,CP,0.34552261539636403,0.3022687306984106
"R1 (5 groups, m=10)",linear,28,CP,0.3023320465244857,0.31623494271765273
"R1 (5 groups, m=10)",linear,29,CP,0.24405700284362197,0.34398739899211833
"R1 (5 groups, m=10)",linear,0,Knee,0.35758384047649155,0.6417050075054648
"R1 (5 groups, m=10)",linear,1,Knee,0.2855264875693135,0.7049443201260145
"R1 (5 groups, m=10)",linear,2,Knee,0.22507341566289732,0.5823843712252008
"R1 (5 groups, m=10)",linear,3,Knee,0.5574764522926937,0.834787513406332
"R1 (5 groups, m=10)",linear,4,Knee,0.2877583614088892,0.3050822084428168
"R1 (5 groups, m=10)",linear,5,Knee,0.5088947454401832,0.8042209069399904
"R1 (5 groups, m=10)",linear,6,Knee,0.2789576980746674,0.5430416961298739
"R1 (5 groups, m=10)",linear,7,Knee,0.42876223033810373,0.3808148061282532
"R1 (5 groups, m=10)",linear,8,Knee,0.30227577113248305,0.48089922284919656
"R1 (5 groups, m=10)",linear,9,Knee,0.4457136842452523,0.42691949102154436
"R1 (5 groups, m=10)",linear,10,Knee,0.40282569488428943,0.3890014398800424
"R1 (5 groups, m=10)",linear,11,Knee,0.3175105590498602,0.8389574473773617
"R1 (5 groups, m=10)",linear,12,Knee,0.17941690338880642,0.349624955464499
"R1 (5 groups, m=10)",linear,13,Knee,0.5472115742977951,0.6841877148490912
"R1 (5 groups, m=10)",linear,14,Knee,0.5799756409384089,0.727107671045196
"R1 (5 groups, m=10)",linear,15,Knee,0.342958743560811,0.7048563822564581
"R1 (5 groups, m=10)",linear,16,Knee,0.1989731264682044,0.5075545285770957
"R1 (5 groups, m=10)",linear,17,Knee,0.38509758180331116,0.36276579220057953
"R1 (5 groups, m=10)",linear,18,Knee,0.27588825865223726,0.3557442981268895
"R1 (5 groups, m=10)",linear,19,Knee,0.23226865209416744,0.3180901944555539
"R1 (5 groups, m=10)",linear,20,Knee,0.3154415160821735,0.38567358249726863
"R1 (5 groups, m=10)",linear,21,Knee,0.40530705218038005,0.45379726269665965
"R1 (5 groups, m=10)",linear,22,Knee,0.3978090556966141,0.7838103513533253
"R1 (5 groups, m=10)",linear,23,Knee,0.34544682439694957,0.8796467520871725
"R1 (5 groups, m=10)",linear,24,Knee,0.3624599410707669,0.4730456705161525
"R1 (5 groups, m=10)",linear,25,Knee,0.2415941536682841,0.48600543061598056
"R1 (5 groups, m=10)",linear,26,Knee,0.26618245990148603,0.4311147640026615
"R1 (5 groups, m=10)",linear,27,Knee,0.5682020078867428,0.7659250054068931
"R1 (5 groups, m=10)",linear,28,Knee,0.2790674958923082,0.4237083473731603
"R1 (5 groups, m=10)",linear,29,Knee,0.24405700284362197,0.34398739899211833
"R1 (5 groups, m=10)",linear,0,WS,0.38636074632514,0.49251227325951324
"R1 (5 groups, m=10)",linear,1,WS,0.3462665337887976,0.3951187015646931
"R1 (5 groups, m=10)",linear,2,WS,0.33467625690519925,0.35193283850077833
"R1 (5 groups, m=10)",linear,3,WS,0.37335453360460663,0.2529037050096203
"R1 (5 groups, m=10)",linear,4,WS,0.2877583614088892,0.3050822084428168
"R1 (5 groups, m=10)",linear,5,WS,0.5088947454401832,0.8042209069399904
"R1 (5 groups, m=10)",linear,6,WS,0.31035180727976347,0.2899815411070202
"R1 (5 groups, m=10)",linear,7,WS,0.3597644424835332,0.4826433548665987
"R1 (5 groups, m=10)",linear,8,WS,0.43028272725527206,0.48628086550755895
"R1 (5 groups, m=10)",linear,9,WS,0.4419218569090335,0.5448464578190589
"R1 (5 groups, m=10)",linear,10,WS,0.40568658032509103,0.5854725611297554
"R1 (5 groups, m=10)",linear,11,WS,0.3950287348573598,0.5196930293286465
"R1 (5 groups, m=10)",linear,12,WS,0.39935506244114927,0.7304388653498949
"R1 (5 groups, m=10)",linear,13,WS,0.42168980504086173,0.7192461835344192
"R1 (5 groups, m=10)",linear,14,WS,0.38473330267115374,0.41508188631617726
"R1 (5 groups, m=10)",linear,15,WS,0.3827820714622086,0.531531430611288
"R1 (5 groups, m=10)",linear,16,WS,0.4290429313671858,0.5379468493468762
"R1 (5 groups, m=10)",linear,17,WS,0.3746087700819369,0.47013501542845354
"R1 (5 groups, m=10)",linear,18,WS,0.4009482171206827,0.4591106220757801
"R1 (5 groups, m=10)",linear,19,WS,0.38569658526190476,0.5960366278249445
"R1 (5 groups, m=10)",linear,20,WS,0.5403252465880413,0.9306875789687836
"R1 (5 groups, m=10)",linear,21,WS,0.40530705218038005,0.45379726269665965
"R1 (5 groups, m=10)",linear,22,WS,0.4754125239392557,0.37896010429692184
"R1 (5 groups, m=10)",linear,23,WS,0.5273018645862503,0.6552379881637116
"R1 (5 groups, m=10)",linear,24,WS,0.47723347693850277,0.4701787938486962
"R1 (5 groups, m=10)",linear,25,WS,0.495914227237255,0.8950092788613997
"R1 (5 groups, m=10)",linear,26,WS,0.4173893715205092,0.5747805460465153
"R1 (5 groups, m=10)",linear,27,WS,0.34552261539636403,0.3022687306984106
"R1 (5 groups, m=10)",linear,28,WS,0.5404649767569251,0.5851897649854366
"R1 (5 groups, m=10)",linear,29,WS,0.3731982117181143,0.5959310157588612
"R1 (5 groups, m=10)",linear,0,Leximax,0.21682161964503543,0.3488476101240181
"R1 (5 groups, m=10)",linear,1,Leximax,0.19504365546924315,0.42349931252985645
"R1 (5 groups, m=10)",linear,2,Leximax,0.2922717515277851,0.44476386791912387
"R1 (5 groups, m=10)",linear,3,Leximax,0.37335453360460663,0.2529037050096203
"R1 (5 groups, m=10)",linear,4,Leximax,0.1968681327603716,0.3826491353508784
"R1 (5 groups, m=10)",linear,5,Leximax,0.22780056272209004,0.5179599417639034
"R1 (5 groups, m=10)",linear,6,Leximax,0.2348385377304374,0.40063745082034335
"R1 (5 groups, m=10)",linear,7,Leximax,0.21332999150871548,0.3396626492902467
"R1 (5 groups, m=10)",linear,8,Leximax,0.2845155117185952,0.451810713007419
"R1 (5 groups, m=10)",linear,9,Leximax,0.2420609339213646,0.38698997127943374
"R1 (5 groups, m=10)",linear,10,Leximax,0.23489802771725735,0.5682354860394812
"R1 (5 groups, m=10)",linear,11,Leximax,0.22188689875090215,0.46654408860045987
"R1 (5 groups, m=10)",linear,12,Leximax,0.22757280546929615,0.42268333589371326
"R1 (5 groups, m=10)",linear,13,Leximax,0.22661771694950483,0.43948968408650585
"R1 (5 groups, m=10)",linear,14,Leximax,0.21736686163899052,0.2777374254740066
"R1 (5 groups, m=10)",linear,15,Leximax,0.3731622500966492,0.40508679739844794
"R1 (5 groups, m=10)",linear,16,Leximax,0.22879399297047096,0.3276022371311332
"R1 (5 groups, m=10)",linear,17,Leximax,0.2614324117986602,0.39819211241482916
"R1 (5 groups, m=10)",linear,18,Leximax,0.2594380066144885,0.340770012580594
"R1 (5 groups, m=10)",linear,19,Leximax,0.23226865209416744,0.3180901944555539
"R1 (5 groups, m=10)",linear,20,Leximax,0.2890038643151088,0.2710219905493221
"R1 (5 groups, m=10)",linear,21,Leximax,0.3295065710508941,0.35867491320803485
"R1 (5 groups, m=10)",linear,22,Leximax,0.23966711071817728,0.37594888207027327
"R1 (5 groups, m=10)",linear,23,Leximax,0.19739648792118938,0.44843985443993417
"R1 (5 groups, m=10)",linear,24,Leximax,0.22809647565330474,0.38622979059505363
"R1 (5 groups, m=10)",linear,25,Leximax,0.1823649279689636,0.39292030398826494
"R1 (5 groups, m=10)",linear,26,Leximax,0.2280776465287082,0.4408697847386722
"R1 (5 groups, m=10)",linear,27,Leximax,0.17610967096593474,0.35815894889862077
"R1 (5 groups, m=10)",linear,28,Leximax,0.31980836379626776,0.3891924211920226
"R1 (5 groups, m=10)",linear,29,Leximax,0.20734885532864747,0.3995458879753623
"R1 (5 groups, m=10)",linear,0,RW,0.38636074632514,0.49251227325951324
"R1 (5 groups, m=10)",linear,1,RW,0.4412983629379121,0.8006756794271401
"R1 (5 groups, m=10)",linear,2,RW,0.33467625690519925,0.35193283850077833
"R1 (5 groups, m=10)",linear,3,RW,0.37335453360460663,0.2529037050096203
"R1 (5 groups, m=10)",linear,4,RW,0.2877583614088892,0.3050822084428168
"R1 (5 groups, m=10)",linear,5,RW,0.4335387451371313,0.7924479565158319
"R1 (5 groups, m=10)",linear,6,RW,0.2973558523623408,0.3950318356654628
"R1 (5 groups, m=10)",linear,7,RW,0.436728951911502,0.9011735727012071
"R1 (5 groups, m=10)",linear,8,RW,0.43028272725527206,0.48628086550755895
"R1 (5 groups, m=10)",linear,9,RW,0.4419218569090335,0.5448464578190589
"R1 (5 groups, m=10)",linear,10,RW,0.40282569488428943,0.3890014398800424
"R1 (5 groups, m=10)",linear,11,RW,0.3950287348573598,0.5196930293286465
"R1 (5 groups, m=10)",linear,12,RW,0.39935506244114927,0.7304388653498949
"R1 (5 groups, m=10)",linear,13,RW,0.42168980504086173,0.7192461835344192
"R1 (5 groups, m=10)",linear,14,RW,0.38473330267115374,0.41508188631617726
"R1 (5 groups, m=10)",linear,15,RW,0.3827820714622086,0.531531430611288
"R1 (5 groups, m=10)",linear,16,RW,0.5227465406972329,0.5630623892094502
"R1 (5 groups, m=10)",linear,17,RW,0.3746087700819369,0.47013501542845354
"R1 (5 groups, m=10)",linear,18,RW,0.4009482171206827,0.4591106220757801
"R1 (5 groups, m=10)",linear,19,RW,0.38569658526190476,0.5960366278249445
"R1 (5 groups, m=10)",linear,20,RW,0.5403252465880413,0.9306875789687836
"R1 (5 groups, m=10)",linear,21,RW,0.5383208391861999,0.8627096829577201
"R1 (5 groups, m=10)",linear,22,RW,0.5043608625549151,0.840742585761058
"R1 (5 groups, m=10)",linear,23,RW,0.5273018645862503,0.6552379881637116
"R1 (5 groups, m=10)",linear,24,RW,0.47723347693850277,0.4701787938486962
"R1 (5 groups, m=10)",linear,25,RW,0.495914227237255,0.8950092788613997
"R1 (5 groups, m=10)",linear,26,RW,0.5156334341317184,0.998859652338987
"R1 (5 groups, m=10)",linear,27,RW,0.49430107352341524,0.9046478864820027
"R1 (5 groups, m=10)",linear,28,RW,0.4264672029660322,0.5943513932979642
"R1 (5 groups, m=10)",linear,29,RW,0.5216168065940444,0.813637109136711
"R1 (5 groups, m=10)",linear,0,ASF,0.25389860843724105,0.35064711494616013
"R1 (5 groups, m=10)",linear,1,ASF,0.2899579158858297,0.3293233367254675
"R1 (5 groups, m=10)",linear,2,ASF,0.30073764423422505,0.3878914279692674
"R1 (5 groups, m=10)",linear,3,ASF,0.2189054667944789,0.3049076158349845
"R1 (5 groups, m=10)",linear,4,ASF,0.22075402454331972,0.517841550600977
"R1 (5 groups, m=10)",linear,5,ASF,0.22265830679121904,0.37742309684296
"R1 (5 groups, m=10)",linear,6,ASF,0.2348385377304374,0.40063745082034335
"R1 (5 groups, m=10)",linear,7,ASF,0.21332999150871548,0.3396626492902467
"R1 (5 groups, m=10)",linear,8,ASF,0.2474185376475441,0.3800930330636621
"R1 (5 groups, m=10)",linear,9,ASF,0.19866115952395982,0.3952061979140123
"R1 (5 groups, m=10)",linear,10,ASF,0.21914495295511946,0.32020727224766876
"R1 (5 groups, m=10)",linear,11,ASF,0.25468225094796154,0.42375884747583525
"R1 (5 groups, m=10)",linear,12,ASF,0.22757280546929615,0.42268333589371326
"R1 (5 groups, m=10)",linear,13,ASF,0.22661771694950483,0.43948968408650585
"R1 (5 groups, m=10)",linear,14,ASF,0.21736686163899052,0.2777374254740066
"R1 (5 groups, m=10)",linear,15,ASF,0.22015326038880567,0.351360098399762
"R1 (5 groups, m=10)",linear,16,ASF,0.21781342330664635,0.4061153515450015
"R1 (5 groups, m=10)",linear,17,ASF,0.2862569912123437,0.431531359117497
"R1 (5 groups, m=10)",linear,18,ASF,0.2594380066144885,0.340770012580594
"R1 (5 groups, m=10)",linear,19,ASF,0.1987950957071184,0.4500871921649135
"R1 (5 groups, m=10)",linear,20,ASF,0.2890038643151088,0.2710219905493221
"R1 (5 groups, m=10)",linear,21,ASF,0.19537319294048014,0.48444515797879667
"R1 (5 groups, m=10)",linear,22,ASF,0.21251868725930292,0.38667609825198734
"R1 (5 groups, m=10)",linear,23,ASF,0.19855585275887946,0.3928873764884383
"R1 (5 groups, m=10)",linear,24,ASF,0.22809647565330474,0.38622979059505363
"R1 (5 groups, m=10)",linear,25,ASF,0.21568011258690845,0.40444679772454584
"R1 (5 groups, m=10)",linear,26,ASF,0.1998816395977929,0.3705013870906039
"R1 (5 groups, m=10)",linear,27,ASF,0.22814000563414583,0.3248397839808183
"R1 (5 groups, m=10)",linear,28,ASF,0.3023320465244857,0.31623494271765273
"R1 (5 groups, m=10)",linear,29,ASF,0.24405700284362197,0.34398739899211833
"R1 (5 groups, m=10)",linear,0,SMAA,0.38636074632514,0.49251227325951324
"R1 (5 groups, m=10)",linear,1,SMAA,0.44637856804413484,0.6723408932512291
"R1 (5 groups, m=10)",linear,2,SMAA,0.33467625690519925,0.35193283850077833
"R1 (5 groups, m=10)",linear,3,SMAA,0.37335453360460663,0.2529037050096203
"R1 (5 groups, m=10)",linear,4,SMAA,0.2877583614088892,0.3050822084428168
"R1 (5 groups, m=10)",linear,5,SMAA,0.5088947454401832,0.8042209069399904
"R1 (5 groups, m=10)",linear,6,SMAA,0.2973558523623408,0.3950318356654628
"R1 (5 groups, m=10)",linear,7,SMAA,0.436728951911502,0.9011735727012071
"R1 (5 groups, m=10)",linear,8,SMAA,0.5540208901324714,0.7707326422785573
"R1 (5 groups, m=10)",linear,9,SMAA,0.4419218569090335,0.5448464578190589
"R1 (5 groups, m=10)",linear,10,SMAA,0.40568658032509103,0.5854725611297554
"R1 (5 groups, m=10)",linear,11,SMAA,0.3950287348573598,0.5196930293286465
"R1 (5 groups, m=10)",linear,12,SMAA,0.39935506244114927,0.7304388653498949
"R1 (5 groups, m=10)",linear,13,SMAA,0.42168980504086173,0.7192461835344192
"R1 (5 groups, m=10)",linear,14,SMAA,0.38473330267115374,0.41508188631617726
"R1 (5 groups, m=10)",linear,15,SMAA,0.3827820714622086,0.531531430611288
"R1 (5 groups, m=10)",linear,16,SMAA,0.5227465406972329,0.5630623892094502
"R1 (5 groups, m=10)",linear,17,SMAA,0.3746087700819369,0.47013501542845354
"R1 (5 groups, m=10)",linear,18,SMAA,0.35825674382367206,0.4621845282660986
"R1 (5 groups, m=10)",linear,19,SMAA,0.38569658526190476,0.5960366278249445
"R1 (5 groups, m=10)",linear,20,SMAA,0.5403252465880413,0.9306875789687836
"R1 (5 groups, m=10)",linear,21,SMAA,0.5383208391861999,0.8627096829577201
"R1 (5 groups, m=10)",linear,22,SMAA,0.5043608625549151,0.840742585761058
"R1 (5 groups, m=10)",linear,23,SMAA,0.5273018645862503,0.6552379881637116
"R1 (5 groups, m=10)",linear,24,SMAA,0.47723347693850277,0.4701787938486962
"R1 (5 groups, m=10)",linear,25,SMAA,0.495914227237255,0.8950092788613997
"R1 (5 groups, m=10)",linear,26,SMAA,0.5156334341317184,0.998859652338987
"R1 (5 groups, m=10)",linear,27,SMAA,0.49430107352341524,0.9046478864820027
"R1 (5 groups, m=10)",linear,28,SMAA,0.4524217980216086,0.8943266676966254
"R1 (5 groups, m=10)",linear,29,SMAA,0.5216168065940444,0.813637109136711
"R1 (5 groups, m=10)",linear,0,MMR,0.2656508806140589,0.39223999348444827
"R1 (5 groups, m=10)",linear,1,MMR,0.2899579158858297,0.3293233367254675
"R1 (5 groups, m=10)",linear,2,MMR,0.33467625690519925,0.35193283850077833
"R1 (5 groups, m=10)",linear,3,MMR,0.37335453360460663,0.2529037050096203
"R1 (5 groups, m=10)",linear,4,MMR,0.2792153414852112,0.388644809700917
"R1 (5 groups, m=10)",linear,5,MMR,0.22265830679121904,0.37742309684296
"R1 (5 groups, m=10)",linear,6,MMR,0.31035180727976347,0.2899815411070202
"R1 (5 groups, m=10)",linear,7,MMR,0.28535115241072156,0.4748594262763194
"R1 (5 groups, m=10)",linear,8,MMR,0.22047057295118566,0.4224001641869426
"R1 (5 groups, m=10)",linear,9,MMR,0.3010691014012285,0.38941479897245
"R1 (5 groups, m=10)",linear,10,MMR,0.21914495295511946,0.32020727224766876
"R1 (5 groups, m=10)",linear,11,MMR,0.3306728666050796,0.39052277047783873
"R1 (5 groups, m=10)",linear,12,MMR,0.2843018396188718,0.3732033277809598
"R1 (5 groups, m=10)",linear,13,MMR,0.25114365054387805,0.438581757423294
"R1 (5 groups, m=10)",linear,14,MMR,0.21736686163899052,0.2777374254740066
"R1 (5 groups, m=10)",linear,15,MMR,0.32247592424801047,0.43726941195242774
"R1 (5 groups, m=10)",linear,16,MMR,0.22879399297047096,0.3276022371311332
"R1 (5 groups, m=10)",linear,17,MMR,0.38509758180331116,0.36276579220057953
"R1 (5 groups, m=10)",linear,18,MMR,0.27588825865223726,0.3557442981268895
"R1 (5 groups, m=10)",linear,19,MMR,0.23226865209416744,0.3180901944555539
"R1 (5 groups, m=10)",linear,20,MMR,0.2890038643151088,0.2710219905493221
"R1 (5 groups, m=10)",linear,21,MMR,0.29133986332156175,0.3885117184735637
"R1 (5 groups, m=10)",linear,22,MMR,0.25810497255761217,0.40184302321137294
"R1 (5 groups, m=10)",linear,23,MMR,0.2902724167273772,0.35477545077649986
"R1 (5 groups, m=10)",linear,24,MMR,0.24170693619429037,0.3929206165888185
"R1 (5 groups, m=10)",linear,25,MMR,0.1811151459009829,0.36595698038969343
"R1 (5 groups, m=10)",linear,26,MMR,0.2191473507580369,0.42415031290769795
"R1 (5 groups, m=10)",linear,27,MMR,0.31305128810234467,0.35940818685164033
"R1 (5 groups, m=10)",linear,28,MMR,0.3023320465244857,0.31623494271765273
"R1 (5 groups, m=10)",linear,29,MMR,0.24405700284362197,0.34398739899211833
"R1 (5 groups, m=10)",linear,0,LexPR,0.25389860843724105,0.35064711494616013
"R1 (5 groups, m=10)",linear,1,LexPR,0.2899579158858297,0.3293233367254675
"R1 (5 groups, m=10)",linear,2,LexPR,0.30073764423422505,0.3878914279692674
"R1 (5 groups, m=10)",linear,3,LexPR,0.2189054667944789,0.3049076158349845
"R1 (5 groups, m=10)",linear,4,LexPR,0.2792153414852112,0.388644809700917
"R1 (5 groups, m=10)",linear,5,LexPR,0.22265830679121904,0.37742309684296
"R1 (5 groups, m=10)",linear,6,LexPR,0.2348385377304374,0.40063745082034335
"R1 (5 groups, m=10)",linear,7,LexPR,0.21332999150871548,0.3396626492902467
"R1 (5 groups, m=10)",linear,8,LexPR,0.2474185376475441,0.3800930330636621
"R1 (5 groups, m=10)",linear,9,LexPR,0.19866115952395982,0.3952061979140123
"R1 (5 groups, m=10)",linear,10,LexPR,0.21914495295511946,0.32020727224766876
"R1 (5 groups, m=10)",linear,11,LexPR,0.25468225094796154,0.42375884747583525
"R1 (5 groups, m=10)",linear,12,LexPR,0.22757280546929615,0.42268333589371326
"R1 (5 groups, m=10)",linear,13,LexPR,0.22661771694950483,0.43948968408650585
"R1 (5 groups, m=10)",linear,14,LexPR,0.21736686163899052,0.2777374254740066
"R1 (5 groups, m=10)",linear,15,LexPR,0.22015326038880567,0.351360098399762
"R1 (5 groups, m=10)",linear,16,LexPR,0.21781342330664635,0.4061153515450015
"R1 (5 groups, m=10)",linear,17,LexPR,0.2862569912123437,0.431531359117497
"R1 (5 groups, m=10)",linear,18,LexPR,0.2594380066144885,0.340770012580594
"R1 (5 groups, m=10)",linear,19,LexPR,0.23226865209416744,0.3180901944555539
"R1 (5 groups, m=10)",linear,20,LexPR,0.2890038643151088,0.2710219905493221
"R1 (5 groups, m=10)",linear,21,LexPR,0.28333538667776775,0.43071364677130897
"R1 (5 groups, m=10)",linear,22,LexPR,0.21251868725930292,0.38667609825198734
"R1 (5 groups, m=10)",linear,23,LexPR,0.19855585275887946,0.3928873764884383
"R1 (5 groups, m=10)",linear,24,LexPR,0.22809647565330474,0.38622979059505363
"R1 (5 groups, m=10)",linear,25,LexPR,0.21568011258690845,0.40444679772454584
"R1 (5 groups, m=10)",linear,26,LexPR,0.1998816395977929,0.3705013870906039
"R1 (5 groups, m=10)",linear,27,LexPR,0.22814000563414583,0.3248397839808183
"R1 (5 groups, m=10)",linear,28,LexPR,0.3023320465244857,0.31623494271765273
"R1 (5 groups, m=10)",linear,29,LexPR,0.24405700284362197,0.34398739899211833
"R1 (5 groups, m=10)",linear,0,ReLexTail_0.02,0.25389860843724105,0.35064711494616013
"R1 (5 groups, m=10)",linear,1,ReLexTail_0.02,0.2899579158858297,0.3293233367254675
"R1 (5 groups, m=10)",linear,2,ReLexTail_0.02,0.30073764423422505,0.3878914279692674
"R1 (5 groups, m=10)",linear,3,ReLexTail_0.02,0.37335453360460663,0.2529037050096203
"R1 (5 groups, m=10)",linear,4,ReLexTail_0.02,0.2792153414852112,0.388644809700917
"R1 (5 groups, m=10)",linear,5,ReLexTail_0.02,0.22265830679121904,0.37742309684296
"R1 (5 groups, m=10)",linear,6,ReLexTail_0.02,0.31035180727976347,0.2899815411070202
"R1 (5 groups, m=10)",linear,7,ReLexTail_0.02,0.21332999150871548,0.3396626492902467
"R1 (5 groups, m=10)",linear,8,ReLexTail_0.02,0.2474185376475441,0.3800930330636621
"R1 (5 groups, m=10)",linear,9,ReLexTail_0.02,0.2420609339213646,0.38698997127943374
"R1 (5 groups, m=10)",linear,10,ReLexTail_0.02,0.21914495295511946,0.32020727224766876
"R1 (5 groups, m=10)",linear,11,ReLexTail_0.02,0.25468225094796154,0.42375884747583525
"R1 (5 groups, m=10)",linear,12,ReLexTail_0.02,0.22757280546929615,0.42268333589371326
"R1 (5 groups, m=10)",linear,13,ReLexTail_0.02,0.22661771694950483,0.43948968408650585
"R1 (5 groups, m=10)",linear,14,ReLexTail_0.02,0.21736686163899052,0.2777374254740066
"R1 (5 groups, m=10)",linear,15,ReLexTail_0.02,0.22015326038880567,0.351360098399762
"R1 (5 groups, m=10)",linear,16,ReLexTail_0.02,0.22879399297047096,0.3276022371311332
"R1 (5 groups, m=10)",linear,17,ReLexTail_0.02,0.2862569912123437,0.431531359117497
"R1 (5 groups, m=10)",linear,18,ReLexTail_0.02,0.2594380066144885,0.340770012580594
"R1 (5 groups, m=10)",linear,19,ReLexTail_0.02,0.23226865209416744,0.3180901944555539
"R1 (5 groups, m=10)",linear,20,ReLexTail_0.02,0.2890038643151088,0.2710219905493221
"R1 (5 groups, m=10)",linear,21,ReLexTail_0.02,0.28333538667776775,0.43071364677130897
"R1 (5 groups, m=10)",linear,22,ReLexTail_0.02,0.23966711071817728,0.37594888207027327
"R1 (5 groups, m=10)",linear,23,ReLexTail_0.02,0.19855585275887946,0.3928873764884383
"R1 (5 groups, m=10)",linear,24,ReLexTail_0.02,0.22809647565330474,0.38622979059505363
"R1 (5 groups, m=10)",linear,25,ReLexTail_0.02,0.2895749498134849,0.33371360059669875
"R1 (5 groups, m=10)",linear,26,ReLexTail_0.02,0.1998816395977929,0.3705013870906039
"R1 (5 groups, m=10)",linear,27,ReLexTail_0.02,0.22814000563414583,0.3248397839808183
"R1 (5 groups, m=10)",linear,28,ReLexTail_0.02,0.3023320465244857,0.31623494271765273
"R1 (5 groups, m=10)",linear,29,ReLexTail_0.02,0.24405700284362197,0.34398739899211833
"R1 (5 groups, m=10)",linear,0,ReLexTail_0.01,0.25389860843724105,0.35064711494616013
"R1 (5 groups, m=10)",linear,1,ReLexTail_0.01,0.2899579158858297,0.3293233367254675
"R1 (5 groups, m=10)",linear,2,ReLexTail_0.01,0.30073764423422505,0.3878914279692674
"R1 (5 groups, m=10)",linear,3,ReLexTail_0.01,0.2189054667944789,0.3049076158349845
"R1 (5 groups, m=10)",linear,4,ReLexTail_0.01,0.2792153414852112,0.388644809700917
"R1 (5 groups, m=10)",linear,5,ReLexTail_0.01,0.22265830679121904,0.37742309684296
"R1 (5 groups, m=10)",linear,6,ReLexTail_0.01,0.31035180727976347,0.2899815411070202
"R1 (5 groups, m=10)",linear,7,ReLexTail_0.01,0.21332999150871548,0.3396626492902467
"R1 (5 groups, m=10)",linear,8,ReLexTail_0.01,0.2474185376475441,0.3800930330636621
"R1 (5 groups, m=10)",linear,9,ReLexTail_0.01,0.2420609339213646,0.38698997127943374
"R1 (5 groups, m=10)",linear,10,ReLexTail_0.01,0.21914495295511946,0.32020727224766876
"R1 (5 groups, m=10)",linear,11,ReLexTail_0.01,0.25468225094796154,0.42375884747583525
"R1 (5 groups, m=10)",linear,12,ReLexTail_0.01,0.22757280546929615,0.42268333589371326
"R1 (5 groups, m=10)",linear,13,ReLexTail_0.01,0.22661771694950483,0.43948968408650585
"R1 (5 groups, m=10)",linear,14,ReLexTail_0.01,0.21736686163899052,0.2777374254740066
"R1 (5 groups, m=10)",linear,15,ReLexTail_0.01,0.22015326038880567,0.351360098399762
"R1 (5 groups, m=10)",linear,16,ReLexTail_0.01,0.22879399297047096,0.3276022371311332
"R1 (5 groups, m=10)",linear,17,ReLexTail_0.01,0.2862569912123437,0.431531359117497
"R1 (5 groups, m=10)",linear,18,ReLexTail_0.01,0.2594380066144885,0.340770012580594
"R1 (5 groups, m=10)",linear,19,ReLexTail_0.01,0.23226865209416744,0.3180901944555539
"R1 (5 groups, m=10)",linear,20,ReLexTail_0.01,0.2890038643151088,0.2710219905493221
"R1 (5 groups, m=10)",linear,21,ReLexTail_0.01,0.28333538667776775,0.43071364677130897
"R1 (5 groups, m=10)",linear,22,ReLexTail_0.01,0.21251868725930292,0.38667609825198734
"R1 (5 groups, m=10)",linear,23,ReLexTail_0.01,0.19855585275887946,0.3928873764884383
"R1 (5 groups, m=10)",linear,24,ReLexTail_0.01,0.22809647565330474,0.38622979059505363
"R1 (5 groups, m=10)",linear,25,ReLexTail_0.01,0.2895749498134849,0.33371360059669875
"R1 (5 groups, m=10)",linear,26,ReLexTail_0.01,0.1998816395977929,0.3705013870906039
"R1 (5 groups, m=10)",linear,27,ReLexTail_0.01,0.22814000563414583,0.3248397839808183
"R1 (5 groups, m=10)",linear,28,ReLexTail_0.01,0.3023320465244857,0.31623494271765273
"R1 (5 groups, m=10)",linear,29,ReLexTail_0.01,0.24405700284362197,0.34398739899211833
"R1 (5 groups, m=10)",linear,0,ReLexTail_0.005,0.25389860843724105,0.35064711494616013
"R1 (5 groups, m=10)",linear,1,ReLexTail_0.005,0.2899579158858297,0.3293233367254675
"R1 (5 groups, m=10)",linear,2,ReLexTail_0.005,0.30073764423422505,0.3878914279692674
"R1 (5 groups, m=10)",linear,3,ReLexTail_0.005,0.2189054667944789,0.3049076158349845
"R1 (5 groups, m=10)",linear,4,ReLexTail_0.005,0.2792153414852112,0.388644809700917
"R1 (5 groups, m=10)",linear,5,ReLexTail_0.005,0.22265830679121904,0.37742309684296
"R1 (5 groups, m=10)",linear,6,ReLexTail_0.005,0.31035180727976347,0.2899815411070202
"R1 (5 groups, m=10)",linear,7,ReLexTail_0.005,0.21332999150871548,0.3396626492902467
"R1 (5 groups, m=10)",linear,8,ReLexTail_0.005,0.2474185376475441,0.3800930330636621
"R1 (5 groups, m=10)",linear,9,ReLexTail_0.005,0.2420609339213646,0.38698997127943374
"R1 (5 groups, m=10)",linear,10,ReLexTail_0.005,0.21914495295511946,0.32020727224766876
"R1 (5 groups, m=10)",linear,11,ReLexTail_0.005,0.25468225094796154,0.42375884747583525
"R1 (5 groups, m=10)",linear,12,ReLexTail_0.005,0.22757280546929615,0.42268333589371326
"R1 (5 groups, m=10)",linear,13,ReLexTail_0.005,0.22661771694950483,0.43948968408650585
"R1 (5 groups, m=10)",linear,14,ReLexTail_0.005,0.21736686163899052,0.2777374254740066
"R1 (5 groups, m=10)",linear,15,ReLexTail_0.005,0.22015326038880567,0.351360098399762
"R1 (5 groups, m=10)",linear,16,ReLexTail_0.005,0.22879399297047096,0.3276022371311332
"R1 (5 groups, m=10)",linear,17,ReLexTail_0.005,0.2862569912123437,0.431531359117497
"R1 (5 groups, m=10)",linear,18,ReLexTail_0.005,0.2594380066144885,0.340770012580594
"R1 (5 groups, m=10)",linear,19,ReLexTail_0.005,0.23226865209416744,0.3180901944555539
"R1 (5 groups, m=10)",linear,20,ReLexTail_0.005,0.2890038643151088,0.2710219905493221
"R1 (5 groups, m=10)",linear,21,ReLexTail_0.005,0.28333538667776775,0.43071364677130897
"R1 (5 groups, m=10)",linear,22,ReLexTail_0.005,0.21251868725930292,0.38667609825198734
"R1 (5 groups, m=10)",linear,23,ReLexTail_0.005,0.19855585275887946,0.3928873764884383
"R1 (5 groups, m=10)",linear,24,ReLexTail_0.005,0.22809647565330474,0.38622979059505363
"R1 (5 groups, m=10)",linear,25,ReLexTail_0.005,0.2895749498134849,0.33371360059669875
"R1 (5 groups, m=10)",linear,26,ReLexTail_0.005,0.1998816395977929,0.3705013870906039
"R1 (5 groups, m=10)",linear,27,ReLexTail_0.005,0.22814000563414583,0.3248397839808183
"R1 (5 groups, m=10)",linear,28,ReLexTail_0.005,0.3023320465244857,0.31623494271765273
"R1 (5 groups, m=10)",linear,29,ReLexTail_0.005,0.24405700284362197,0.34398739899211833
"R1 (5 groups, m=10)",concave,0,TOPSIS,0.47894872355160834,0.6764094392381561
"R1 (5 groups, m=10)",concave,1,TOPSIS,0.47284351749656706,0.7517236872204067
"R1 (5 groups, m=10)",concave,2,TOPSIS,0.47198635247196324,0.6790357164021541
"R1 (5 groups, m=10)",concave,3,TOPSIS,0.441055202855234,0.722609399570839
"R1 (5 groups, m=10)",concave,4,TOPSIS,0.5564572843112906,0.6511076743552817
"R1 (5 groups, m=10)",concave,5,TOPSIS,0.4927809812379848,0.7408650080323633
"R1 (5 groups, m=10)",concave,6,TOPSIS,0.53077305885473,0.7558370744112368
"R1 (5 groups, m=10)",concave,7,TOPSIS,0.5378891066239726,0.6326326249627886
"R1 (5 groups, m=10)",concave,8,TOPSIS,0.49109625818505553,0.6742046900051428
"R1 (5 groups, m=10)",concave,9,TOPSIS,0.5479449548398546,0.6405414513722378
"R1 (5 groups, m=10)",concave,10,TOPSIS,0.580044616060757,0.711941550144984
"R1 (5 groups, m=10)",concave,11,TOPSIS,0.49214056919658494,0.6426311619115891
"R1 (5 groups, m=10)",concave,12,TOPSIS,0.431112832202095,0.8130136017663315
"R1 (5 groups, m=10)",concave,13,TOPSIS,0.4886805597361874,0.7415956775877255
"R1 (5 groups, m=10)",concave,14,TOPSIS,0.48491506187606054,0.7360898535073779
"R1 (5 groups, m=10)",concave,15,TOPSIS,0.5570743102357102,0.605560699072994
"R1 (5 groups, m=10)",concave,16,TOPSIS,0.5219576129031754,0.704640666985877
"R1 (5 groups, m=10)",concave,17,TOPSIS,0.488023266994922,0.649510719299786
"R1 (5 groups, m=10)",concave,18,TOPSIS,0.5236103045916262,0.615966962087524
"R1 (5 groups, m=10)",concave,19,TOPSIS,0.46355327006287467,0.6372647457674243
"R1 (5 groups, m=10)",concave,20,TOPSIS,0.5093519772090987,0.9628123012349508
"R1 (5 groups, m=10)",concave,21,TOPSIS,0.4833341090354049,0.5591675420228367
"R1 (5 groups, m=10)",concave,22,TOPSIS,0.549783314388427,0.6721099647974478
"R1 (5 groups, m=10)",concave,23,TOPSIS,0.47423463140319894,0.6166445799992623
"R1 (5 groups, m=10)",concave,24,TOPSIS,0.5571770187379012,0.7816788555574931
"R1 (5 groups, m=10)",concave,25,TOPSIS,0.49196769429722426,0.5217100656557675
"R1 (5 groups, m=10)",concave,26,TOPSIS,0.45930769685359324,0.5764895668818435
"R1 (5 groups, m=10)",concave,27,TOPSIS,0.43329980673110985,0.6806916008570687
"R1 (5 groups, m=10)",concave,28,TOPSIS,0.43386727348644416,0.7178999226297429
"R1 (5 groups, m=10)",concave,29,TOPSIS,0.4537615395024006,0.8506786477443208
"R1 (5 groups, m=10)",concave,0,CP,0.47894872355160834,0.6764094392381561
"R1 (5 groups, m=10)",concave,1,CP,0.47284351749656706,0.7517236872204067
"R1 (5 groups, m=10)",concave,2,CP,0.47198635247196324,0.6790357164021541
"R1 (5 groups, m=10)",concave,3,CP,0.441055202855234,0.722609399570839
"R1 (5 groups, m=10)",concave,4,CP,0.5564572843112906,0.6511076743552817
"R1 (5 groups, m=10)",concave,5,CP,0.4927809812379848,0.7408650080323633
"R1 (5 groups, m=10)",concave,6,CP,0.4913334929056901,0.7756435162127382
"R1 (5 groups, m=10)",concave,7,CP,0.5198507190583394,0.4991072267389029
"R1 (5 groups, m=10)",concave,8,CP,0.49109625818505553,0.6742046900051428
"R1 (5 groups, m=10)",concave,9,CP,0.5479449548398546,0.6405414513722378
"R1 (5 groups, m=10)",concave,10,CP,0.580044616060757,0.711941550144984
"R1 (5 groups, m=10)",concave,11,CP,0.49214056919658494,0.6426311619115891
"R1 (5 groups, m=10)",concave,12,CP,0.4828603793718005,0.7151331891515499
"R1 (5 groups, m=10)",concave,13,CP,0.4911290977009341,0.6167705694391684
"R1 (5 groups, m=10)",concave,14,CP,0.48491506187606054,0.7360898535073779
"R1 (5 groups, m=10)",concave,15,CP,0.5570743102357102,0.605560699072994
"R1 (5 groups, m=10)",concave,16,CP,0.47236246189985903,0.6715864962695451
"R1 (5 groups, m=10)",concave,17,CP,0.488023266994922,0.649510719299786
"R1 (5 groups, m=10)",concave,18,CP,0.5627948626103066,0.5954504704098581
"R1 (5 groups, m=10)",concave,19,CP,0.46355327006287467,0.6372647457674243
"R1 (5 groups, m=10)",concave,20,CP,0.5748330062378221,0.5969605311050169
"R1 (5 groups, m=10)",concave,21,CP,0.4833341090354049,0.5591675420228367
"R1 (5 groups, m=10)",concave,22,CP,0.549783314388427,0.6721099647974478
"R1 (5 groups, m=10)",concave,23,CP,0.47423463140319894,0.6166445799992623
"R1 (5 groups, m=10)",concave,24,CP,0.5571770187379012,0.7816788555574931
"R1 (5 groups, m=10)",concave,25,CP,0.49196769429722426,0.5217100656557675
"R1 (5 groups, m=10)",concave,26,CP,0.45930769685359324,0.5764895668818435
"R1 (5 groups, m=10)",concave,27,CP,0.42286853429429794,0.6792907941387956
"R1 (5 groups, m=10)",concave,28,CP,0.43386727348644416,0.7178999226297429
"R1 (5 groups, m=10)",concave,29,CP,0.4537615395024006,0.8506786477443208
"R1 (5 groups, m=10)",concave,0,Knee,0.47894872355160834,0.6764094392381561
"R1 (5 groups, m=10)",concave,1,Knee,0.47284351749656706,0.7517236872204067
"R1 (5 groups, m=10)",concave,2,Knee,0.5670401693803142,0.8318027222907647
"R1 (5 groups, m=10)",concave,3,Knee,0.4584454625073406,0.6714623704410172
"R1 (5 groups, m=10)",concave,4,Knee,0.5564572843112906,0.6511076743552817
"R1 (5 groups, m=10)",concave,5,Knee,0.4927809812379848,0.7408650080323633
"R1 (5 groups, m=10)",concave,6,Knee,0.5251095885386291,0.8572733468006261
"R1 (5 groups, m=10)",concave,7,Knee,0.5198507190583394,0.4991072267389029
"R1 (5 groups, m=10)",concave,8,Knee,0.4931262613176513,0.5614513480846783
"R1 (5 groups, m=10)",concave,9,Knee,0.5479449548398546,0.6405414513722378
"R1 (5 groups, m=10)",concave,10,Knee,0.580044616060757,0.711941550144984
"R1 (5 groups, m=10)",concave,11,Knee,0.5079753511266387,0.9260480327677298
"R1 (5 groups, m=10)",concave,12,Knee,0.5123566452490508,0.6290453288781636
"R1 (5 groups, m=10)",concave,13,Knee,0.4911290977009341,0.6167705694391684
"R1 (5 groups, m=10)",concave,14,Knee,0.48491506187606054,0.7360898535073779
"R1 (5 groups, m=10)",concave,15,Knee,0.5226112108683524,0.7355871770766131
"R1 (5 groups, m=10)",concave,16,Knee,0.47236246189985903,0.6715864962695451
"R1 (5 groups, m=10)",concave,17,Knee,0.488023266994922,0.649510719299786
"R1 (5 groups, m=10)",concave,18,Knee,0.480779385993805,0.804015666483299
"R1 (5 groups, m=10)",concave,19,Knee,0.45298430153825575,0.7563070223917241
"R1 (5 groups, m=10)",concave,20,Knee,0.49784666037334585,0.7503833211600649
"R1 (5 groups, m=10)",concave,21,Knee,0.4726304856587393,0.8244303079764305
"R1 (5 groups, m=10)",concave,22,Knee,0.45370407623759373,0.6010234300039953
"R1 (5 groups, m=10)",concave,23,Knee,0.48659642315277823,0.8202149967850707
"R1 (5 groups, m=10)",concave,24,Knee,0.48641689435695756,0.8767318036395089
"R1 (5 groups, m=10)",concave,25,Knee,0.49196769429722426,0.5217100656557675
"R1 (5 groups, m=10)",concave,26,Knee,0.5239572838433578,0.9209296512106249
"R1 (5 groups, m=10)",concave,27,Knee,0.42286853429429794,0.6792907941387956
"R1 (5 groups, m=10)",concave,28,Knee,0.43386727348644416,0.7178999226297429
"R1 (5 groups, m=10)",concave,29,Knee,0.4537615395024006,0.8506786477443208
"R1 (5 groups, m=10)",concave,0,WS,0.47894872355160834,0.6764094392381561
"R1 (5 groups, m=10)",concave,1,WS,0.47284351749656706,0.7517236872204067
"R1 (5 groups, m=10)",concave,2,WS,0.4730097104239171,0.6681299640340994
"R1 (5 groups, m=10)",concave,3,WS,0.46542105698260566,0.7411100128909279
"R1 (5 groups, m=10)",concave,4,WS,0.5359932690980458,0.8093687711541558
"R1 (5 groups, m=10)",concave,5,WS,0.4927809812379848,0.7408650080323633
"R1 (5 groups, m=10)",concave,6,WS,0.53077305885473,0.7558370744112368
"R1 (5 groups, m=10)",concave,7,WS,0.5378891066239726,0.6326326249627886
"R1 (5 groups, m=10)",concave,8,WS,0.49109625818505553,0.6742046900051428
"R1 (5 groups, m=10)",concave,9,WS,0.5479449548398546,0.6405414513722378
"R1 (5 groups, m=10)",concave,10,WS,0.5716372630440189,0.8078891766441197
"R1 (5 groups, m=10)",concave,11,WS,0.49214056919658494,0.6426311619115891
"R1 (5 groups, m=10)",concave,12,WS,0.431112832202095,0.8130136017663315
"R1 (5 groups, m=10)",concave,13,WS,0.4886805597361874,0.7415956775877255
"R1 (5 groups, m=10)",concave,14,WS,0.48491506187606054,0.7360898535073779
"R1 (5 groups, m=10)",concave,15,WS,0.5570743102357102,0.605560699072994
"R1 (5 groups, m=10)",concave,16,WS,0.5219576129031754,0.704640666985877
"R1 (5 groups, m=10)",concave,17,WS,0.488023266994922,0.649510719299786
"R1 (5 groups, m=10)",concave,18,WS,0.5236103045916262,0.615966962087524
"R1 (5 groups, m=10)",concave,19,WS,0.5124425034533516,0.6757633948700724
"R1 (5 groups, m=10)",concave,20,WS,0.5093519772090987,0.9628123012349508
"R1 (5 groups, m=10)",concave,21,WS,0.4833341090354049,0.5591675420228367
"R1 (5 groups, m=10)",concave,22,WS,0.41547076651533366,0.8696298903761048
"R1 (5 groups, m=10)",concave,23,WS,0.4830750670097031,0.6898009678294672
"R1 (5 groups, m=10)",concave,24,WS,0.5571770187379012,0.7816788555574931
"R1 (5 groups, m=10)",concave,25,WS,0.49196769429722426,0.5217100656557675
"R1 (5 groups, m=10)",concave,26,WS,0.45930769685359324,0.5764895668818435
"R1 (5 groups, m=10)",concave,27,WS,0.43329980673110985,0.6806916008570687
"R1 (5 groups, m=10)",concave,28,WS,0.46124249635007136,0.6789489872677176
"R1 (5 groups, m=10)",concave,29,WS,0.4537615395024006,0.8506786477443208
"R1 (5 groups, m=10)",concave,0,Leximax,0.4572505282717801,0.5588053956189477
"R1 (5 groups, m=10)",concave,1,Leximax,0.48303268963982315,0.6225036304705546
"R1 (5 groups, m=10)",concave,2,Leximax,0.47779950105710584,0.6547255219394927
"R1 (5 groups, m=10)",concave,3,Leximax,0.4826578362046024,0.6084211271577068
"R1 (5 groups, m=10)",concave,4,Leximax,0.4954957388639858,0.6452052457180656
"R1 (5 groups, m=10)",concave,5,Leximax,0.4966636916625587,0.5755685636100373
"R1 (5 groups, m=10)",concave,6,Leximax,0.468362713233162,0.6259214514434663
"R1 (5 groups, m=10)",concave,7,Leximax,0.5244203726032645,0.48959839449533576
"R1 (5 groups, m=10)",concave,8,Leximax,0.4640178254328629,0.7130501202000608
"R1 (5 groups, m=10)",concave,9,Leximax,0.44296024455232397,0.6342059918671537
"R1 (5 groups, m=10)",concave,10,Leximax,0.49779162011855815,0.6718926714753573
"R1 (5 groups, m=10)",concave,11,Leximax,0.4573073127177149,0.5357592836081606
"R1 (5 groups, m=10)",concave,12,Leximax,0.4852771349514771,0.6398652129842368
"R1 (5 groups, m=10)",concave,13,Leximax,0.47289713880953815,0.5247987803081096
"R1 (5 groups, m=10)",concave,14,Leximax,0.5102541651871753,0.60866683190882
"R1 (5 groups, m=10)",concave,15,Leximax,0.49812445090012686,0.6493361595525946
"R1 (5 groups, m=10)",concave,16,Leximax,0.45709048871726327,0.6341981404384469
"R1 (5 groups, m=10)",concave,17,Leximax,0.45591754958426334,0.5950856135759746
"R1 (5 groups, m=10)",concave,18,Leximax,0.4776401192804229,0.6358658300897098
"R1 (5 groups, m=10)",concave,19,Leximax,0.42344770039413254,0.5806783533242457
"R1 (5 groups, m=10)",concave,20,Leximax,0.4862388359904883,0.6838554910042046
"R1 (5 groups, m=10)",concave,21,Leximax,0.45205341182827424,0.6041107916349344
"R1 (5 groups, m=10)",concave,22,Leximax,0.45464705304274416,0.5780134055918762
"R1 (5 groups, m=10)",concave,23,Leximax,0.4779781607291988,0.68077144258749
"R1 (5 groups, m=10)",concave,24,Leximax,0.444019611173752,0.6047375268283677
"R1 (5 groups, m=10)",concave,25,Leximax,0.4930103277759728,0.6147390377901831
"R1 (5 groups, m=10)",concave,26,Leximax,0.4532513115752482,0.6515966977667983
"R1 (5 groups, m=10)",concave,27,Leximax,0.4791476392375607,0.7073140911675249
"R1 (5 groups, m=10)",concave,28,Leximax,0.47421954482452494,0.7299310060128357
"R1 (5 groups, m=10)",concave,29,Leximax,0.4948507382900436,0.5450765145862451
"R1 (5 groups, m=10)",concave,0,RW,0.5312862367498913,0.6740159084956164
"R1 (5 groups, m=10)",concave,1,RW,0.5087100918582653,0.8432420322298071
"R1 (5 groups, m=10)",concave,2,RW,0.4730097104239171,0.6681299640340994
"R1 (5 groups, m=10)",concave,3,RW,0.46542105698260566,0.7411100128909279
"R1 (5 groups, m=10)",concave,4,RW,0.5359932690980458,0.8093687711541558
"R1 (5 groups, m=10)",concave,5,RW,0.4927809812379848,0.7408650080323633
"R1 (5 groups, m=10)",concave,6,RW,0.53077305885473,0.7558370744112368
"R1 (5 groups, m=10)",concave,7,RW,0.5198507190583394,0.4991072267389029
"R1 (5 groups, m=10)",concave,8,RW,0.49130872550624966,0.7402524995923573
"R1 (5 groups, m=10)",concave,9,RW,0.5479449548398546,0.6405414513722378
"R1 (5 groups, m=10)",concave,10,RW,0.5716372630440189,0.8078891766441197
"R1 (5 groups, m=10)",concave,11,RW,0.4819271171927994,0.8509736548184653
"R1 (5 groups, m=10)",concave,12,RW,0.431112832202095,0.8130136017663315
"R1 (5 groups, m=10)",concave,13,RW,0.4371898187412709,0.8064725543771788
"R1 (5 groups, m=10)",concave,14,RW,0.48491506187606054,0.7360898535073779
"R1 (5 groups, m=10)",concave,15,RW,0.5570743102357102,0.605560699072994
"R1 (5 groups, m=10)",concave,16,RW,0.5307937386425513,0.7445027024044854
"R1 (5 groups, m=10)",concave,17,RW,0.488023266994922,0.649510719299786
"R1 (5 groups, m=10)",concave,18,RW,0.5535590815781379,0.7841001379610812
"R1 (5 groups, m=10)",concave,19,RW,0.5124425034533516,0.6757633948700724
"R1 (5 groups, m=10)",concave,20,RW,0.5093519772090987,0.9628123012349508
"R1 (5 groups, m=10)",concave,21,RW,0.4833341090354049,0.5591675420228367
"R1 (5 groups, m=10)",concave,22,RW,0.41547076651533366,0.8696298903761048
"R1 (5 groups, m=10)",concave,23,RW,0.4830750670097031,0.6898009678294672
"R1 (5 groups, m=10)",concave,24,RW,0.5571770187379012,0.7816788555574931
"R1 (5 groups, m=10)",concave,25,RW,0.49196769429722426,0.5217100656557675
"R1 (5 groups, m=10)",concave,26,RW,0.45930769685359324,0.5764895668818435
"R1 (5 groups, m=10)",concave,27,RW,0.43329980673110985,0.6806916008570687
"R1 (5 groups, m=10)",concave,28,RW,0.46124249635007136,0.6789489872677176
"R1 (5 groups, m=10)",concave,29,RW,0.4537615395024006,0.8506786477443208
"R1 (5 groups, m=10)",concave,0,ASF,0.4572505282717801,0.5588053956189477
"R1 (5 groups, m=10)",concave,1,ASF,0.4344714267006827,0.5978550453648465
"R1 (5 groups, m=10)",concave,2,ASF,0.4860343634554177,0.6218449223010615
"R1 (5 groups, m=10)",concave,3,ASF,0.4601784597703582,0.5428665143936892
"R1 (5 groups, m=10)",concave,4,ASF,0.47093146539002867,0.6835435585674913
"R1 (5 groups, m=10)",concave,5,ASF,0.49927808312071065,0.5708175921118417
"R1 (5 groups, m=10)",concave,6,ASF,0.46020516853707716,0.6356239026934422
"R1 (5 groups, m=10)",concave,7,ASF,0.509055845164185,0.5202463023470737
"R1 (5 groups, m=10)",concave,8,ASF,0.45247990112373254,0.5769421404058008
"R1 (5 groups, m=10)",concave,9,ASF,0.49685642594107854,0.6174519894057404
"R1 (5 groups, m=10)",concave,10,ASF,0.4613294585822101,0.7000519597758802
"R1 (5 groups, m=10)",concave,11,ASF,0.4573073127177149,0.5357592836081606
"R1 (5 groups, m=10)",concave,12,ASF,0.4852771349514771,0.6398652129842368
"R1 (5 groups, m=10)",concave,13,ASF,0.47289713880953815,0.5247987803081096
"R1 (5 groups, m=10)",concave,14,ASF,0.45541482041009984,0.634115151214697
"R1 (5 groups, m=10)",concave,15,ASF,0.49209608854729225,0.5745489964021725
"R1 (5 groups, m=10)",concave,16,ASF,0.45709048871726327,0.6341981404384469
"R1 (5 groups, m=10)",concave,17,ASF,0.45591754958426334,0.5950856135759746
"R1 (5 groups, m=10)",concave,18,ASF,0.4381912201486564,0.6262568580839376
"R1 (5 groups, m=10)",concave,19,ASF,0.44592507564074263,0.5862855360870971
"R1 (5 groups, m=10)",concave,20,ASF,0.4720973644565864,0.7137247193348104
"R1 (5 groups, m=10)",concave,21,ASF,0.47928822155521184,0.699302956675178
"R1 (5 groups, m=10)",concave,22,ASF,0.42631393095897185,0.5590522159542348
"R1 (5 groups, m=10)",concave,23,ASF,0.44762065072710744,0.6577662486915072
"R1 (5 groups, m=10)",concave,24,ASF,0.4295794827046611,0.6485165525844532
"R1 (5 groups, m=10)",concave,25,ASF,0.48579801250517524,0.5279758741936373
"R1 (5 groups, m=10)",concave,26,ASF,0.4508472738617169,0.6090737779758842
"R1 (5 groups, m=10)",concave,27,ASF,0.4507267444101184,0.6666462132911474
"R1 (5 groups, m=10)",concave,28,ASF,0.4738572396938701,0.6099723861065418
"R1 (5 groups, m=10)",concave,29,ASF,0.4598478312155527,0.679156454709431
"R1 (5 groups, m=10)",concave,0,SMAA,0.5312862367498913,0.6740159084956164
"R1 (5 groups, m=10)",concave,1,SMAA,0.5087100918582653,0.8432420322298071
"R1 (5 groups, m=10)",concave,2,SMAA,0.4730097104239171,0.6681299640340994
"R1 (5 groups, m=10)",concave,3,SMAA,0.4398988039055068,0.841930068774971
"R1 (5 groups, m=10)",concave,4,SMAA,0.5359932690980458,0.8093687711541558
"R1 (5 groups, m=10)",concave,5,SMAA,0.4927809812379848,0.7408650080323633
"R1 (5 groups, m=10)",concave,6,SMAA,0.53077305885473,0.7558370744112368
"R1 (5 groups, m=10)",concave,7,SMAA,0.5198507190583394,0.4991072267389029
"R1 (5 groups, m=10)",concave,8,SMAA,0.49130872550624966,0.7402524995923573
"R1 (5 groups, m=10)",concave,9,SMAA,0.5479449548398546,0.6405414513722378
"R1 (5 groups, m=10)",concave,10,SMAA,0.5716372630440189,0.8078891766441197
"R1 (5 groups, m=10)",concave,11,SMAA,0.4804921934391297,0.6149052348432674
"R1 (5 groups, m=10)",concave,12,SMAA,0.431112832202095,0.8130136017663315
"R1 (5 groups, m=10)",concave,13,SMAA,0.5824453291014735,0.8973788374862426
"R1 (5 groups, m=10)",concave,14,SMAA,0.48491506187606054,0.7360898535073779
"R1 (5 groups, m=10)",concave,15,SMAA,0.5570743102357102,0.605560699072994
"R1 (5 groups, m=10)",concave,16,SMAA,0.5307937386425513,0.7445027024044854
"R1 (5 groups, m=10)",concave,17,SMAA,0.488023266994922,0.649510719299786
"R1 (5 groups, m=10)",concave,18,SMAA,0.5535590815781379,0.7841001379610812
"R1 (5 groups, m=10)",concave,19,SMAA,0.5124425034533516,0.6757633948700724
"R1 (5 groups, m=10)",concave,20,SMAA,0.5093519772090987,0.9628123012349508
"R1 (5 groups, m=10)",concave,21,SMAA,0.4833341090354049,0.5591675420228367
"R1 (5 groups, m=10)",concave,22,SMAA,0.41547076651533366,0.8696298903761048
"R1 (5 groups, m=10)",concave,23,SMAA,0.4830750670097031,0.6898009678294672
"R1 (5 groups, m=10)",concave,24,SMAA,0.5571770187379012,0.7816788555574931
"R1 (5 groups, m=10)",concave,25,SMAA,0.49196769429722426,0.5217100656557675
"R1 (5 groups, m=10)",concave,26,SMAA,0.45930769685359324,0.5764895668818435
"R1 (5 groups, m=10)",concave,27,SMAA,0.41594869690221925,0.7586594507552096
"R1 (5 groups, m=10)",concave,28,SMAA,0.46124249635007136,0.6789489872677176
"R1 (5 groups, m=10)",concave,29,SMAA,0.4537615395024006,0.8506786477443208
"R1 (5 groups, m=10)",concave,0,MMR,0.5250407675737148,0.5594146811453964
"R1 (5 groups, m=10)",concave,1,MMR,0.4402661854648078,0.544040206681982
"R1 (5 groups, m=10)",concave,2,MMR,0.4730097104239171,0.6681299640340994
"R1 (5 groups, m=10)",concave,3,MMR,0.4532943368061664,0.48851401124338134
"R1 (5 groups, m=10)",concave,4,MMR,0.5444217155450687,0.5753554657009682
"R1 (5 groups, m=10)",concave,5,MMR,0.504654228626019,0.5522136998122886
"R1 (5 groups, m=10)",concave,6,MMR,0.47043980216294307,0.6373631882534604
"R1 (5 groups, m=10)",concave,7,MMR,0.5244203726032645,0.48959839449533576
"R1 (5 groups, m=10)",concave,8,MMR,0.49109625818505553,0.6742046900051428
"R1 (5 groups, m=10)",concave,9,MMR,0.5127339686091473,0.5649460042637818
"R1 (5 groups, m=10)",concave,10,MMR,0.4803318831261953,0.5647645379027089
"R1 (5 groups, m=10)",concave,11,MMR,0.5011671067012639,0.662642408911495
"R1 (5 groups, m=10)",concave,12,MMR,0.46318933862230643,0.5967974068391156
"R1 (5 groups, m=10)",concave,13,MMR,0.4631027001040124,0.5677110761181683
"R1 (5 groups, m=10)",concave,14,MMR,0.5363951542433786,0.582284992387511
"R1 (5 groups, m=10)",concave,15,MMR,0.49515642133130905,0.5722633379844584
"R1 (5 groups, m=10)",concave,16,MMR,0.5072720392561211,0.6314650732117193
"R1 (5 groups, m=10)",concave,17,MMR,0.4561567038399856,0.5459944534967882
"R1 (5 groups, m=10)",concave,18,MMR,0.5283441322870531,0.5658310365315435
"R1 (5 groups, m=10)",concave,19,MMR,0.4263992841481621,0.5172930527455813
"R1 (5 groups, m=10)",concave,20,MMR,0.49154330054534556,0.5505732191077749
"R1 (5 groups, m=10)",concave,21,MMR,0.4833341090354049,0.5591675420228367
"R1 (5 groups, m=10)",concave,22,MMR,0.49259712764500074,0.5415436204059273
"R1 (5 groups, m=10)",concave,23,MMR,0.47423463140319894,0.6166445799992623
"R1 (5 groups, m=10)",concave,24,MMR,0.444019611173752,0.6047375268283677
"R1 (5 groups, m=10)",concave,25,MMR,0.49196769429722426,0.5217100656557675
"R1 (5 groups, m=10)",concave,26,MMR,0.45930769685359324,0.5764895668818435
"R1 (5 groups, m=10)",concave,27,MMR,0.43248684859923703,0.6220636331486411
"R1 (5 groups, m=10)",concave,28,MMR,0.48469966631322475,0.5705810326666672
"R1 (5 groups, m=10)",concave,29,MMR,0.4817557998162654,0.6005695350815969
"R1 (5 groups, m=10)",concave,0,LexPR,0.4572505282717801,0.5588053956189477
"R1 (5 groups, m=10)",concave,1,LexPR,0.4344714267006827,0.5978550453648465
"R1 (5 groups, m=10)",concave,2,LexPR,0.4860343634554177,0.6218449223010615
"R1 (5 groups, m=10)",concave,3,LexPR,0.4601784597703582,0.5428665143936892
"R1 (5 groups, m=10)",concave,4,LexPR,0.4954957388639858,0.6452052457180656
"R1 (5 groups, m=10)",concave,5,LexPR,0.49927808312071065,0.5708175921118417
"R1 (5 groups, m=10)",concave,6,LexPR,0.46020516853707716,0.6356239026934422
"R1 (5 groups, m=10)",concave,7,LexPR,0.509055845164185,0.5202463023470737
"R1 (5 groups, m=10)",concave,8,LexPR,0.45247990112373254,0.5769421404058008
"R1 (5 groups, m=10)",concave,9,LexPR,0.49685642594107854,0.6174519894057404
"R1 (5 groups, m=10)",concave,10,LexPR,0.4763338059610702,0.6242486353207879
"R1 (5 groups, m=10)",concave,11,LexPR,0.4573073127177149,0.5357592836081606
"R1 (5 groups, m=10)",concave,12,LexPR,0.4852771349514771,0.6398652129842368
"R1 (5 groups, m=10)",concave,13,LexPR,0.47289713880953815,0.5247987803081096
"R1 (5 groups, m=10)",concave,14,LexPR,0.524966076659914,0.5947072535190239
"R1 (5 groups, m=10)",concave,15,LexPR,0.49209608854729225,0.5745489964021725
"R1 (5 groups, m=10)",concave,16,LexPR,0.45709048871726327,0.6341981404384469
"R1 (5 groups, m=10)",concave,17,LexPR,0.45591754958426334,0.5950856135759746
"R1 (5 groups, m=10)",concave,18,LexPR,0.4381912201486564,0.6262568580839376
"R1 (5 groups, m=10)",concave,19,LexPR,0.44592507564074263,0.5862855360870971
"R1 (5 groups, m=10)",concave,20,LexPR,0.45053145724790494,0.6487866145285104
"R1 (5 groups, m=10)",concave,21,LexPR,0.5073902720586301,0.5596126227631768
"R1 (5 groups, m=10)",concave,22,LexPR,0.42631393095897185,0.5590522159542348
"R1 (5 groups, m=10)",concave,23,LexPR,0.4693251661940944,0.607065890072178
"R1 (5 groups, m=10)",concave,24,LexPR,0.444019611173752,0.6047375268283677
"R1 (5 groups, m=10)",concave,25,LexPR,0.48579801250517524,0.5279758741936373
"R1 (5 groups, m=10)",concave,26,LexPR,0.4508472738617169,0.6090737779758842
"R1 (5 groups, m=10)",concave,27,LexPR,0.4507267444101184,0.6666462132911474
"R1 (5 groups, m=10)",concave,28,LexPR,0.4738572396938701,0.6099723861065418
"R1 (5 groups, m=10)",concave,29,LexPR,0.4948507382900436,0.5450765145862451
"R1 (5 groups, m=10)",concave,0,ReLexTail_0.02,0.4572505282717801,0.5588053956189477
"R1 (5 groups, m=10)",concave,1,ReLexTail_0.02,0.4344714267006827,0.5978550453648465
"R1 (5 groups, m=10)",concave,2,ReLexTail_0.02,0.4860343634554177,0.6218449223010615
"R1 (5 groups, m=10)",concave,3,ReLexTail_0.02,0.4601784597703582,0.5428665143936892
"R1 (5 groups, m=10)",concave,4,ReLexTail_0.02,0.4954957388639858,0.6452052457180656
"R1 (5 groups, m=10)",concave,5,ReLexTail_0.02,0.49927808312071065,0.5708175921118417
"R1 (5 groups, m=10)",concave,6,ReLexTail_0.02,0.46020516853707716,0.6356239026934422
"R1 (5 groups, m=10)",concave,7,ReLexTail_0.02,0.509055845164185,0.5202463023470737
"R1 (5 groups, m=10)",concave,8,ReLexTail_0.02,0.45247990112373254,0.5769421404058008
"R1 (5 groups, m=10)",concave,9,ReLexTail_0.02,0.49685642594107854,0.6174519894057404
"R1 (5 groups, m=10)",concave,10,ReLexTail_0.02,0.4763338059610702,0.6242486353207879
"R1 (5 groups, m=10)",concave,11,ReLexTail_0.02,0.4573073127177149,0.5357592836081606
"R1 (5 groups, m=10)",concave,12,ReLexTail_0.02,0.46790931162042454,0.5920049565051534
"R1 (5 groups, m=10)",concave,13,ReLexTail_0.02,0.47289713880953815,0.5247987803081096
"R1 (5 groups, m=10)",concave,14,ReLexTail_0.02,0.5102541651871753,0.60866683190882
"R1 (5 groups, m=10)",concave,15,ReLexTail_0.02,0.49209608854729225,0.5745489964021725
"R1 (5 groups, m=10)",concave,16,ReLexTail_0.02,0.45709048871726327,0.6341981404384469
"R1 (5 groups, m=10)",concave,17,ReLexTail_0.02,0.45591754958426334,0.5950856135759746
"R1 (5 groups, m=10)",concave,18,ReLexTail_0.02,0.5077506596142484,0.5629955973627504
"R1 (5 groups, m=10)",concave,19,ReLexTail_0.02,0.44592507564074263,0.5862855360870971
"R1 (5 groups, m=10)",concave,20,ReLexTail_0.02,0.5066859883623038,0.5791994495221191
"R1 (5 groups, m=10)",concave,21,ReLexTail_0.02,0.45972670428121787,0.6319465514062875
"R1 (5 groups, m=10)",concave,22,ReLexTail_0.02,0.42631393095897185,0.5590522159542348
"R1 (5 groups, m=10)",concave,23,ReLexTail_0.02,0.466871885489919,0.5410379397589575
"R1 (5 groups, m=10)",concave,24,ReLexTail_0.02,0.444019611173752,0.6047375268283677
"R1 (5 groups, m=10)",concave,25,ReLexTail_0.02,0.47903239294548583,0.49653403932599927
"R1 (5 groups, m=10)",concave,26,ReLexTail_0.02,0.4508472738617169,0.6090737779758842
"R1 (5 groups, m=10)",concave,27,ReLexTail_0.02,0.4507267444101184,0.6666462132911474
"R1 (5 groups, m=10)",concave,28,ReLexTail_0.02,0.4738572396938701,0.6099723861065418
"R1 (5 groups, m=10)",concave,29,ReLexTail_0.02,0.4948507382900436,0.5450765145862451
"R1 (5 groups, m=10)",concave,0,ReLexTail_0.01,0.4572505282717801,0.5588053956189477
"R1 (5 groups, m=10)",concave,1,ReLexTail_0.01,0.4344714267006827,0.5978550453648465
"R1 (5 groups, m=10)",concave,2,ReLexTail_0.01,0.4860343634554177,0.6218449223010615
"R1 (5 groups, m=10)",concave,3,ReLexTail_0.01,0.4601784597703582,0.5428665143936892
"R1 (5 groups, m=10)",concave,4,ReLexTail_0.01,0.4954957388639858,0.6452052457180656
"R1 (5 groups, m=10)",concave,5,ReLexTail_0.01,0.49927808312071065,0.5708175921118417
"R1 (5 groups, m=10)",concave,6,ReLexTail_0.01,0.46020516853707716,0.6356239026934422
"R1 (5 groups, m=10)",concave,7,ReLexTail_0.01,0.509055845164185,0.5202463023470737
"R1 (5 groups, m=10)",concave,8,ReLexTail_0.01,0.45247990112373254,0.5769421404058008
"R1 (5 groups, m=10)",concave,9,ReLexTail_0.01,0.49685642594107854,0.6174519894057404
"R1 (5 groups, m=10)",concave,10,ReLexTail_0.01,0.4763338059610702,0.6242486353207879
"R1 (5 groups, m=10)",concave,11,ReLexTail_0.01,0.4573073127177149,0.5357592836081606
"R1 (5 groups, m=10)",concave,12,ReLexTail_0.01,0.4852771349514771,0.6398652129842368
"R1 (5 groups, m=10)",concave,13,ReLexTail_0.01,0.47289713880953815,0.5247987803081096
"R1 (5 groups, m=10)",concave,14,ReLexTail_0.01,0.5102541651871753,0.60866683190882
"R1 (5 groups, m=10)",concave,15,ReLexTail_0.01,0.49209608854729225,0.5745489964021725
"R1 (5 groups, m=10)",concave,16,ReLexTail_0.01,0.45709048871726327,0.6341981404384469
"R1 (5 groups, m=10)",concave,17,ReLexTail_0.01,0.45591754958426334,0.5950856135759746
"R1 (5 groups, m=10)",concave,18,ReLexTail_0.01,0.4381912201486564,0.6262568580839376
"R1 (5 groups, m=10)",concave,19,ReLexTail_0.01,0.44592507564074263,0.5862855360870971
"R1 (5 groups, m=10)",concave,20,ReLexTail_0.01,0.45053145724790494,0.6487866145285104
"R1 (5 groups, m=10)",concave,21,ReLexTail_0.01,0.5073902720586301,0.5596126227631768
"R1 (5 groups, m=10)",concave,22,ReLexTail_0.01,0.42631393095897185,0.5590522159542348
"R1 (5 groups, m=10)",concave,23,ReLexTail_0.01,0.466871885489919,0.5410379397589575
"R1 (5 groups, m=10)",concave,24,ReLexTail_0.01,0.444019611173752,0.6047375268283677
"R1 (5 groups, m=10)",concave,25,ReLexTail_0.01,0.47903239294548583,0.49653403932599927
"R1 (5 groups, m=10)",concave,26,ReLexTail_0.01,0.4508472738617169,0.6090737779758842
"R1 (5 groups, m=10)",concave,27,ReLexTail_0.01,0.4507267444101184,0.6666462132911474
"R1 (5 groups, m=10)",concave,28,ReLexTail_0.01,0.4738572396938701,0.6099723861065418
"R1 (5 groups, m=10)",concave,29,ReLexTail_0.01,0.4948507382900436,0.5450765145862451
"R1 (5 groups, m=10)",concave,0,ReLexTail_0.005,0.4572505282717801,0.5588053956189477
"R1 (5 groups, m=10)",concave,1,ReLexTail_0.005,0.4344714267006827,0.5978550453648465
"R1 (5 groups, m=10)",concave,2,ReLexTail_0.005,0.4860343634554177,0.6218449223010615
"R1 (5 groups, m=10)",concave,3,ReLexTail_0.005,0.4601784597703582,0.5428665143936892
"R1 (5 groups, m=10)",concave,4,ReLexTail_0.005,0.4954957388639858,0.6452052457180656
"R1 (5 groups, m=10)",concave,5,ReLexTail_0.005,0.49927808312071065,0.5708175921118417
"R1 (5 groups, m=10)",concave,6,ReLexTail_0.005,0.46020516853707716,0.6356239026934422
"R1 (5 groups, m=10)",concave,7,ReLexTail_0.005,0.509055845164185,0.5202463023470737
"R1 (5 groups, m=10)",concave,8,ReLexTail_0.005,0.45247990112373254,0.5769421404058008
"R1 (5 groups, m=10)",concave,9,ReLexTail_0.005,0.49685642594107854,0.6174519894057404
"R1 (5 groups, m=10)",concave,10,ReLexTail_0.005,0.4763338059610702,0.6242486353207879
"R1 (5 groups, m=10)",concave,11,ReLexTail_0.005,0.4573073127177149,0.5357592836081606
"R1 (5 groups, m=10)",concave,12,ReLexTail_0.005,0.4852771349514771,0.6398652129842368
"R1 (5 groups, m=10)",concave,13,ReLexTail_0.005,0.47289713880953815,0.5247987803081096
"R1 (5 groups, m=10)",concave,14,ReLexTail_0.005,0.524966076659914,0.5947072535190239
"R1 (5 groups, m=10)",concave,15,ReLexTail_0.005,0.49209608854729225,0.5745489964021725
"R1 (5 groups, m=10)",concave,16,ReLexTail_0.005,0.45709048871726327,0.6341981404384469
"R1 (5 groups, m=10)",concave,17,ReLexTail_0.005,0.45591754958426334,0.5950856135759746
"R1 (5 groups, m=10)",concave,18,ReLexTail_0.005,0.4381912201486564,0.6262568580839376
"R1 (5 groups, m=10)",concave,19,ReLexTail_0.005,0.44592507564074263,0.5862855360870971
"R1 (5 groups, m=10)",concave,20,ReLexTail_0.005,0.45053145724790494,0.6487866145285104
"R1 (5 groups, m=10)",concave,21,ReLexTail_0.005,0.5073902720586301,0.5596126227631768
"R1 (5 groups, m=10)",concave,22,ReLexTail_0.005,0.42631393095897185,0.5590522159542348
"R1 (5 groups, m=10)",concave,23,ReLexTail_0.005,0.44617136744228536,0.5937884113512077
"R1 (5 groups, m=10)",concave,24,ReLexTail_0.005,0.444019611173752,0.6047375268283677
"R1 (5 groups, m=10)",concave,25,ReLexTail_0.005,0.47903239294548583,0.49653403932599927
"R1 (5 groups, m=10)",concave,26,ReLexTail_0.005,0.4508472738617169,0.6090737779758842
"R1 (5 groups, m=10)",concave,27,ReLexTail_0.005,0.4507267444101184,0.6666462132911474
"R1 (5 groups, m=10)",concave,28,ReLexTail_0.005,0.4738572396938701,0.6099723861065418
"R1 (5 groups, m=10)",concave,29,ReLexTail_0.005,0.4948507382900436,0.5450765145862451
"R1 (5 groups, m=10)",convex,0,TOPSIS,0.12250477666333102,0.19845855206613447
"R1 (5 groups, m=10)",convex,1,TOPSIS,0.1004514821207727,0.21229627945854665
"R1 (5 groups, m=10)",convex,2,TOPSIS,0.08070442939529308,0.20246960391272745
"R1 (5 groups, m=10)",convex,3,TOPSIS,0.059900043167086525,0.17955810047969958
"R1 (5 groups, m=10)",convex,4,TOPSIS,0.12357660050172457,0.19197863688407923
"R1 (5 groups, m=10)",convex,5,TOPSIS,0.05071374760620543,0.15104869244993036
"R1 (5 groups, m=10)",convex,6,TOPSIS,0.12016911530354407,0.23015407522313913
"R1 (5 groups, m=10)",convex,7,TOPSIS,0.08246860269276755,0.18165718294443478
"R1 (5 groups, m=10)",convex,8,TOPSIS,0.05333964252129041,0.15270340187454867
"R1 (5 groups, m=10)",convex,9,TOPSIS,0.0965019797383276,0.20312207664266024
"R1 (5 groups, m=10)",convex,10,TOPSIS,0.05408148415955851,0.1922158712652368
"R1 (5 groups, m=10)",convex,11,TOPSIS,0.1187636444868242,0.23981727643624431
"R1 (5 groups, m=10)",convex,12,TOPSIS,0.05505170587022767,0.21836217392770207
"R1 (5 groups, m=10)",convex,13,TOPSIS,0.10474111270094749,0.16615642230720482
"R1 (5 groups, m=10)",convex,14,TOPSIS,0.05552836590853961,0.19297094455239655
"R1 (5 groups, m=10)",convex,15,TOPSIS,0.05276187519212457,0.16366398859753362
"R1 (5 groups, m=10)",convex,16,TOPSIS,0.16145277702108718,0.2718689920683262
"R1 (5 groups, m=10)",convex,17,TOPSIS,0.07921818933403561,0.15484438787111807
"R1 (5 groups, m=10)",convex,18,TOPSIS,0.07174764082913108,0.24547862453007463
"R1 (5 groups, m=10)",convex,19,TOPSIS,0.03792152122511004,0.14948111390642993
"R1 (5 groups, m=10)",convex,20,TOPSIS,0.08462012026826347,0.18638765887648742
"R1 (5 groups, m=10)",convex,21,TOPSIS,0.1342819459672708,0.1854819125666735
"R1 (5 groups, m=10)",convex,22,TOPSIS,0.14237626347994262,0.2070370162828162
"R1 (5 groups, m=10)",convex,23,TOPSIS,0.13102549225369822,0.26698265270595645
"R1 (5 groups, m=10)",convex,24,TOPSIS,0.06594278412334499,0.18444062833642277
"R1 (5 groups, m=10)",convex,25,TOPSIS,0.10365969268095683,0.21699006120742476
"R1 (5 groups, m=10)",convex,26,TOPSIS,0.08451369066429942,0.2157620376027953
"R1 (5 groups, m=10)",convex,27,TOPSIS,0.05115521199074525,0.240004636822699
"R1 (5 groups, m=10)",convex,28,TOPSIS,0.051714531139206016,0.23312896195716631
"R1 (5 groups, m=10)",convex,29,TOPSIS,0.14121515289922767,0.2113471957543681
"R1 (5 groups, m=10)",convex,0,CP,0.12250477666333102,0.19845855206613447
"R1 (5 groups, m=10)",convex,1,CP,0.06296710421707853,0.22839133347398888
"R1 (5 groups, m=10)",convex,2,CP,0.08070442939529308,0.20246960391272745
"R1 (5 groups, m=10)",convex,3,CP,0.059900043167086525,0.17955810047969958
"R1 (5 groups, m=10)",convex,4,CP,0.12357660050172457,0.19197863688407923
"R1 (5 groups, m=10)",convex,5,CP,0.05071374760620543,0.15104869244993036
"R1 (5 groups, m=10)",convex,6,CP,0.12016911530354407,0.23015407522313913
"R1 (5 groups, m=10)",convex,7,CP,0.08246860269276755,0.18165718294443478
"R1 (5 groups, m=10)",convex,8,CP,0.05333964252129041,0.15270340187454867
"R1 (5 groups, m=10)",convex,9,CP,0.0965019797383276,0.20312207664266024
"R1 (5 groups, m=10)",convex,10,CP,0.05408148415955851,0.1922158712652368
"R1 (5 groups, m=10)",convex,11,CP,0.0380108093202978,0.19477540242652194
"R1 (5 groups, m=10)",convex,12,CP,0.05505170587022767,0.21836217392770207
"R1 (5 groups, m=10)",convex,13,CP,0.10474111270094749,0.16615642230720482
"R1 (5 groups, m=10)",convex,14,CP,0.05552836590853961,0.19297094455239655
"R1 (5 groups, m=10)",convex,15,CP,0.05276187519212457,0.16366398859753362
"R1 (5 groups, m=10)",convex,16,CP,0.16145277702108718,0.2718689920683262
"R1 (5 groups, m=10)",convex,17,CP,0.07921818933403561,0.15484438787111807
"R1 (5 groups, m=10)",convex,18,CP,0.07174764082913108,0.24547862453007463
"R1 (5 groups, m=10)",convex,19,CP,0.03792152122511004,0.14948111390642993
"R1 (5 groups, m=10)",convex,20,CP,0.08462012026826347,0.18638765887648742
"R1 (5 groups, m=10)",convex,21,CP,0.1342819459672708,0.1854819125666735
"R1 (5 groups, m=10)",convex,22,CP,0.08248290005707305,0.19627239686576953
"R1 (5 groups, m=10)",convex,23,CP,0.13102549225369822,0.26698265270595645
"R1 (5 groups, m=10)",convex,24,CP,0.06594278412334499,0.18444062833642277
"R1 (5 groups, m=10)",convex,25,CP,0.10365969268095683,0.21699006120742476
"R1 (5 groups, m=10)",convex,26,CP,0.08451369066429942,0.2157620376027953
"R1 (5 groups, m=10)",convex,27,CP,0.05115521199074525,0.240004636822699
"R1 (5 groups, m=10)",convex,28,CP,0.051714531139206016,0.23312896195716631
"R1 (5 groups, m=10)",convex,29,CP,0.14121515289922767,0.2113471957543681
"R1 (5 groups, m=10)",convex,0,Knee,0.12250477666333102,0.19845855206613447
"R1 (5 groups, m=10)",convex,1,Knee,0.06296710421707853,0.22839133347398888
"R1 (5 groups, m=10)",convex,2,Knee,0.08070442939529308,0.20246960391272745
"R1 (5 groups, m=10)",convex,3,Knee,0.059900043167086525,0.17955810047969958
"R1 (5 groups, m=10)",convex,4,Knee,0.12357660050172457,0.19197863688407923
"R1 (5 groups, m=10)",convex,5,Knee,0.05071374760620543,0.15104869244993036
"R1 (5 groups, m=10)",convex,6,Knee,0.12016911530354407,0.23015407522313913
"R1 (5 groups, m=10)",convex,7,Knee,0.08246860269276755,0.18165718294443478
"R1 (5 groups, m=10)",convex,8,Knee,0.043027236512481914,0.2992238950143859
"R1 (5 groups, m=10)",convex,9,Knee,0.0965019797383276,0.20312207664266024
"R1 (5 groups, m=10)",convex,10,Knee,0.05408148415955851,0.1922158712652368
"R1 (5 groups, m=10)",convex,11,Knee,0.0380108093202978,0.19477540242652194
"R1 (5 groups, m=10)",convex,12,Knee,0.16356694809303976,0.31298081295939384
"R1 (5 groups, m=10)",convex,13,Knee,0.10474111270094749,0.16615642230720482
"R1 (5 groups, m=10)",convex,14,Knee,0.05552836590853961,0.19297094455239655
"R1 (5 groups, m=10)",convex,15,Knee,0.05276187519212457,0.16366398859753362
"R1 (5 groups, m=10)",convex,16,Knee,0.16145277702108718,0.2718689920683262
"R1 (5 groups, m=10)",convex,17,Knee,0.07921818933403561,0.15484438787111807
"R1 (5 groups, m=10)",convex,18,Knee,0.07174764082913108,0.24547862453007463
"R1 (5 groups, m=10)",convex,19,Knee,0.03792152122511004,0.14948111390642993
"R1 (5 groups, m=10)",convex,20,Knee,0.08462012026826347,0.18638765887648742
"R1 (5 groups, m=10)",convex,21,Knee,0.09419798577611123,0.3835135852221453
"R1 (5 groups, m=10)",convex,22,Knee,0.08248290005707305,0.19627239686576953
"R1 (5 groups, m=10)",convex,23,Knee,0.08759270500255202,0.32442516838430996
"R1 (5 groups, m=10)",convex,24,Knee,0.06594278412334499,0.18444062833642277
"R1 (5 groups, m=10)",convex,25,Knee,0.10365969268095683,0.21699006120742476
"R1 (5 groups, m=10)",convex,26,Knee,0.08451369066429942,0.2157620376027953
"R1 (5 groups, m=10)",convex,27,Knee,0.2097905835386639,0.41549382589258715
"R1 (5 groups, m=10)",convex,28,Knee,0.051714531139206016,0.23312896195716631
"R1 (5 groups, m=10)",convex,29,Knee,0.14121515289922767,0.2113471957543681
"R1 (5 groups, m=10)",convex,0,WS,0.12250477666333102,0.19845855206613447
"R1 (5 groups, m=10)",convex,1,WS,0.1004514821207727,0.21229627945854665
"R1 (5 groups, m=10)",convex,2,WS,0.08070442939529308,0.20246960391272745
"R1 (5 groups, m=10)",convex,3,WS,0.059900043167086525,0.17955810047969958
"R1 (5 groups, m=10)",convex,4,WS,0.12357660050172457,0.19197863688407923
"R1 (5 groups, m=10)",convex,5,WS,0.0645001584371425,0.2370573781310347
"R1 (5 groups, m=10)",convex,6,WS,0.14587395279523477,0.2957445430079146
"R1 (5 groups, m=10)",convex,7,WS,0.2404966393419371,0.3889147512998752
"R1 (5 groups, m=10)",convex,8,WS,0.05333964252129041,0.15270340187454867
"R1 (5 groups, m=10)",convex,9,WS,0.0965019797383276,0.20312207664266024
"R1 (5 groups, m=10)",convex,10,WS,0.05408148415955851,0.1922158712652368
"R1 (5 groups, m=10)",convex,11,WS,0.1187636444868242,0.23981727643624431
"R1 (5 groups, m=10)",convex,12,WS,0.21122006171865693,0.3067818295064277
"R1 (5 groups, m=10)",convex,13,WS,0.10474111270094749,0.16615642230720482
"R1 (5 groups, m=10)",convex,14,WS,0.05552836590853961,0.19297094455239655
"R1 (5 groups, m=10)",convex,15,WS,0.05276187519212457,0.16366398859753362
"R1 (5 groups, m=10)",convex,16,WS,0.16145277702108718,0.2718689920683262
"R1 (5 groups, m=10)",convex,17,WS,0.07921818933403561,0.15484438787111807
"R1 (5 groups, m=10)",convex,18,WS,0.07174764082913108,0.24547862453007463
"R1 (5 groups, m=10)",convex,19,WS,0.03525686257068831,0.1610173633325858
"R1 (5 groups, m=10)",convex,20,WS,0.08462012026826347,0.18638765887648742
"R1 (5 groups, m=10)",convex,21,WS,0.08281449740221956,0.22430590733746952
"R1 (5 groups, m=10)",convex,22,WS,0.14237626347994262,0.2070370162828162
"R1 (5 groups, m=10)",convex,23,WS,0.13102549225369822,0.26698265270595645
"R1 (5 groups, m=10)",convex,24,WS,0.0770478850449799,0.17586038630699777
"R1 (5 groups, m=10)",convex,25,WS,0.10365969268095683,0.21699006120742476
"R1 (5 groups, m=10)",convex,26,WS,0.08451369066429942,0.2157620376027953
"R1 (5 groups, m=10)",convex,27,WS,0.2097905835386639,0.41549382589258715
"R1 (5 groups, m=10)",convex,28,WS,0.18993412593606895,0.29395246161894106
"R1 (5 groups, m=10)",convex,29,WS,0.14121515289922767,0.2113471957543681
"R1 (5 groups, m=10)",convex,0,Leximax,0.07128646474164907,0.24105085080908978
"R1 (5 groups, m=10)",convex,1,Leximax,0.037963873833347685,0.22745154624155717
"R1 (5 groups, m=10)",convex,2,Leximax,0.0671021249584327,0.2177367716676217
"R1 (5 groups, m=10)",convex,3,Leximax,0.051858668474000634,0.14902425071114067
"R1 (5 groups, m=10)",convex,4,Leximax,0.07142802017457721,0.2483252878242112
"R1 (5 groups, m=10)",convex,5,Leximax,0.05071374760620543,0.15104869244993036
"R1 (5 groups, m=10)",convex,6,Leximax,0.10302180532925011,0.30230348592245526
"R1 (5 groups, m=10)",convex,7,Leximax,0.17706284878858544,0.23190739804898625
"R1 (5 groups, m=10)",convex,8,Leximax,0.09346582951538668,0.18313101781616564
"R1 (5 groups, m=10)",convex,9,Leximax,0.0891614476215654,0.20711186141345525
"R1 (5 groups, m=10)",convex,10,Leximax,0.05906911245123964,0.237178882974118
"R1 (5 groups, m=10)",convex,11,Leximax,0.0380108093202978,0.19477540242652194
"R1 (5 groups, m=10)",convex,12,Leximax,0.1051220067640138,0.2028718277138123
"R1 (5 groups, m=10)",convex,13,Leximax,0.10474111270094749,0.16615642230720482
"R1 (5 groups, m=10)",convex,14,Leximax,0.04263174410010575,0.23045960912730099
"R1 (5 groups, m=10)",convex,15,Leximax,0.05276187519212457,0.16366398859753362
"R1 (5 groups, m=10)",convex,16,Leximax,0.08650713936369114,0.23817645181638103
"R1 (5 groups, m=10)",convex,17,Leximax,0.039094843481076176,0.20683092673963782
"R1 (5 groups, m=10)",convex,18,Leximax,0.04598217463499501,0.2698785148918253
"R1 (5 groups, m=10)",convex,19,Leximax,0.03792152122511004,0.14948111390642993
"R1 (5 groups, m=10)",convex,20,Leximax,0.0360019172957578,0.1821060177685629
"R1 (5 groups, m=10)",convex,21,Leximax,0.06355282028466032,0.16014957606193642
"R1 (5 groups, m=10)",convex,22,Leximax,0.059658363678755745,0.22179636315274337
"R1 (5 groups, m=10)",convex,23,Leximax,0.07113232982406112,0.24450114200642023
"R1 (5 groups, m=10)",convex,24,Leximax,0.05583425627996674,0.1964133160561713
"R1 (5 groups, m=10)",convex,25,Leximax,0.08937513680299751,0.21978559781885465
"R1 (5 groups, m=10)",convex,26,Leximax,0.05580451103853495,0.1988505890243187
"R1 (5 groups, m=10)",convex,27,Leximax,0.07316801030751423,0.23675773685194382
"R1 (5 groups, m=10)",convex,28,Leximax,0.05780670822386034,0.20028168532981963
"R1 (5 groups, m=10)",convex,29,Leximax,0.047616740348432635,0.2154027278877837
"R1 (5 groups, m=10)",convex,0,RW,0.09961089598426769,0.4248977751846832
"R1 (5 groups, m=10)",convex,1,RW,0.31265983694703753,0.6428269923673986
"R1 (5 groups, m=10)",convex,2,RW,0.25176157036382,0.26273267398087274
"R1 (5 groups, m=10)",convex,3,RW,0.1744405157252543,0.2821663765570194
"R1 (5 groups, m=10)",convex,4,RW,0.23295361992197702,0.4931035832587902
"R1 (5 groups, m=10)",convex,5,RW,0.6078536407378685,0.9532420529555243
"R1 (5 groups, m=10)",convex,6,RW,0.14587395279523477,0.2957445430079146
"R1 (5 groups, m=10)",convex,7,RW,0.2404966393419371,0.3889147512998752
"R1 (5 groups, m=10)",convex,8,RW,0.05333964252129041,0.15270340187454867
"R1 (5 groups, m=10)",convex,9,RW,0.4521762283526791,0.6587155846446643
"R1 (5 groups, m=10)",convex,10,RW,0.05408148415955851,0.1922158712652368
"R1 (5 groups, m=10)",convex,11,RW,0.1187636444868242,0.23981727643624431
"R1 (5 groups, m=10)",convex,12,RW,0.21122006171865693,0.3067818295064277
"R1 (5 groups, m=10)",convex,13,RW,0.10474111270094749,0.16615642230720482
"R1 (5 groups, m=10)",convex,14,RW,0.05552836590853961,0.19297094455239655
"R1 (5 groups, m=10)",convex,15,RW,0.5772284308517394,0.9423179086290067
"R1 (5 groups, m=10)",convex,16,RW,0.16145277702108718,0.2718689920683262
"R1 (5 groups, m=10)",convex,17,RW,0.07921818933403561,0.15484438787111807
"R1 (5 groups, m=10)",convex,18,RW,0.07174764082913108,0.24547862453007463
"R1 (5 groups, m=10)",convex,19,RW,0.2881308472938266,0.45690319240821986
"R1 (5 groups, m=10)",convex,20,RW,0.42550698488439137,0.6954445707936573
"R1 (5 groups, m=10)",convex,21,RW,0.08281449740221956,0.22430590733746952
"R1 (5 groups, m=10)",convex,22,RW,0.29601212653410836,0.5452757897932636
"R1 (5 groups, m=10)",convex,23,RW,0.5113182841041152,0.6306638833821178
"R1 (5 groups, m=10)",convex,24,RW,0.36023720450404006,0.6299136910458283
"R1 (5 groups, m=10)",convex,25,RW,0.14327228672186362,0.30085186333801356
"R1 (5 groups, m=10)",convex,26,RW,0.2949926779390954,0.6048106296841318
"R1 (5 groups, m=10)",convex,27,RW,0.22279359943730118,0.4547099452675521
"R1 (5 groups, m=10)",convex,28,RW,0.18993412593606895,0.29395246161894106
"R1 (5 groups, m=10)",convex,29,RW,0.14121515289922767,0.2113471957543681
"R1 (5 groups, m=10)",convex,0,ASF,0.07128646474164907,0.24105085080908978
"R1 (5 groups, m=10)",convex,1,ASF,0.037963873833347685,0.22745154624155717
"R1 (5 groups, m=10)",convex,2,ASF,0.0671021249584327,0.2177367716676217
"R1 (5 groups, m=10)",convex,3,ASF,0.051858668474000634,0.14902425071114067
"R1 (5 groups, m=10)",convex,4,ASF,0.0534312995728605,0.1893362815026924
"R1 (5 groups, m=10)",convex,5,ASF,0.05071374760620543,0.15104869244993036
"R1 (5 groups, m=10)",convex,6,ASF,0.08122126624215513,0.1972396998882016
"R1 (5 groups, m=10)",convex,7,ASF,0.06341258332303513,0.18613817922184958
"R1 (5 groups, m=10)",convex,8,ASF,0.06910848646761,0.17222710827513282
"R1 (5 groups, m=10)",convex,9,ASF,0.044312509485476374,0.2204534617675668
"R1 (5 groups, m=10)",convex,10,ASF,0.05252935317452945,0.18706810955070294
"R1 (5 groups, m=10)",convex,11,ASF,0.0380108093202978,0.19477540242652194
"R1 (5 groups, m=10)",convex,12,ASF,0.1051220067640138,0.2028718277138123
"R1 (5 groups, m=10)",convex,13,ASF,0.10474111270094749,0.16615642230720482
"R1 (5 groups, m=10)",convex,14,ASF,0.0564512007411009,0.25385021572471644
"R1 (5 groups, m=10)",convex,15,ASF,0.05276187519212457,0.16366398859753362
"R1 (5 groups, m=10)",convex,16,ASF,0.0654601594287635,0.23091505267314685
"R1 (5 groups, m=10)",convex,17,ASF,0.07921818933403561,0.15484438787111807
"R1 (5 groups, m=10)",convex,18,ASF,0.09261234320748628,0.21797337231780334
"R1 (5 groups, m=10)",convex,19,ASF,0.03792152122511004,0.14948111390642993
"R1 (5 groups, m=10)",convex,20,ASF,0.0360019172957578,0.1821060177685629
"R1 (5 groups, m=10)",convex,21,ASF,0.06355282028466032,0.16014957606193642
"R1 (5 groups, m=10)",convex,22,ASF,0.14155809598310018,0.21239353406041994
"R1 (5 groups, m=10)",convex,23,ASF,0.08441608566199281,0.25083334841991795
"R1 (5 groups, m=10)",convex,24,ASF,0.0770478850449799,0.17586038630699777
"R1 (5 groups, m=10)",convex,25,ASF,0.08937513680299751,0.21978559781885465
"R1 (5 groups, m=10)",convex,26,ASF,0.055740122241777566,0.2487421169113072
"R1 (5 groups, m=10)",convex,27,ASF,0.07555322261296597,0.21990198976410072
"R1 (5 groups, m=10)",convex,28,ASF,0.05780670822386034,0.20028168532981963
"R1 (5 groups, m=10)",convex,29,ASF,0.047616740348432635,0.2154027278877837
"R1 (5 groups, m=10)",convex,0,SMAA,0.09961089598426769,0.4248977751846832
"R1 (5 groups, m=10)",convex,1,SMAA,0.4314164807174024,0.6639339233855145
"R1 (5 groups, m=10)",convex,2,SMAA,0.25176157036382,0.26273267398087274
"R1 (5 groups, m=10)",convex,3,SMAA,0.059900043167086525,0.17955810047969958
"R1 (5 groups, m=10)",convex,4,SMAA,0.23295361992197702,0.4931035832587902
"R1 (5 groups, m=10)",convex,5,SMAA,0.6078536407378685,0.9532420529555243
"R1 (5 groups, m=10)",convex,6,SMAA,0.14587395279523477,0.2957445430079146
"R1 (5 groups, m=10)",convex,7,SMAA,0.04716919382155929,0.21708986865122631
"R1 (5 groups, m=10)",convex,8,SMAA,0.05333964252129041,0.15270340187454867
"R1 (5 groups, m=10)",convex,9,SMAA,0.4521762283526791,0.6587155846446643
"R1 (5 groups, m=10)",convex,10,SMAA,0.5911676592372636,0.8456354178175727
"R1 (5 groups, m=10)",convex,11,SMAA,0.1187636444868242,0.23981727643624431
"R1 (5 groups, m=10)",convex,12,SMAA,0.21122006171865693,0.3067818295064277
"R1 (5 groups, m=10)",convex,13,SMAA,0.10474111270094749,0.16615642230720482
"R1 (5 groups, m=10)",convex,14,SMAA,0.05552836590853961,0.19297094455239655
"R1 (5 groups, m=10)",convex,15,SMAA,0.5772284308517394,0.9423179086290067
"R1 (5 groups, m=10)",convex,16,SMAA,0.16145277702108718,0.2718689920683262
"R1 (5 groups, m=10)",convex,17,SMAA,0.07921818933403561,0.15484438787111807
"R1 (5 groups, m=10)",convex,18,SMAA,0.07174764082913108,0.24547862453007463
"R1 (5 groups, m=10)",convex,19,SMAA,0.2881308472938266,0.45690319240821986
"R1 (5 groups, m=10)",convex,20,SMAA,0.42550698488439137,0.6954445707936573
"R1 (5 groups, m=10)",convex,21,SMAA,0.08281449740221956,0.22430590733746952
"R1 (5 groups, m=10)",convex,22,SMAA,0.14237626347994262,0.2070370162828162
"R1 (5 groups, m=10)",convex,23,SMAA,0.5600725771298983,0.6967377283078456
"R1 (5 groups, m=10)",convex,24,SMAA,0.36023720450404006,0.6299136910458283
"R1 (5 groups, m=10)",convex,25,SMAA,0.14327228672186362,0.30085186333801356
"R1 (5 groups, m=10)",convex,26,SMAA,0.2949926779390954,0.6048106296841318
"R1 (5 groups, m=10)",convex,27,SMAA,0.2097905835386639,0.41549382589258715
"R1 (5 groups, m=10)",convex,28,SMAA,0.18993412593606895,0.29395246161894106
"R1 (5 groups, m=10)",convex,29,SMAA,0.14121515289922767,0.2113471957543681
"R1 (5 groups, m=10)",convex,0,MMR,0.061943309789800054,0.21059985085303046
"R1 (5 groups, m=10)",convex,1,MMR,0.10636182521213934,0.27337990835632237
"R1 (5 groups, m=10)",convex,2,MMR,0.08070442939529308,0.20246960391272745
"R1 (5 groups, m=10)",convex,3,MMR,0.051858668474000634,0.14902425071114067
"R1 (5 groups, m=10)",convex,4,MMR,0.06111696762992436,0.21159770087723576
"R1 (5 groups, m=10)",convex,5,MMR,0.05071374760620543,0.15104869244993036
"R1 (5 groups, m=10)",convex,6,MMR,0.08259274243052622,0.20856334305770866
"R1 (5 groups, m=10)",convex,7,MMR,0.054495326297711914,0.1999896971981948
"R1 (5 groups, m=10)",convex,8,MMR,0.05333964252129041,0.15270340187454867
"R1 (5 groups, m=10)",convex,9,MMR,0.0965019797383276,0.20312207664266024
"R1 (5 groups, m=10)",convex,10,MMR,0.05408148415955851,0.1922158712652368
"R1 (5 groups, m=10)",convex,11,MMR,0.059909596021158425,0.20871908963910452
"R1 (5 groups, m=10)",convex,12,MMR,0.08280346091589107,0.2146531774201465
"R1 (5 groups, m=10)",convex,13,MMR,0.10474111270094749,0.16615642230720482
"R1 (5 groups, m=10)",convex,14,MMR,0.05552836590853961,0.19297094455239655
"R1 (5 groups, m=10)",convex,15,MMR,0.05276187519212457,0.16366398859753362
"R1 (5 groups, m=10)",convex,16,MMR,0.08650713936369114,0.23817645181638103
"R1 (5 groups, m=10)",convex,17,MMR,0.07921818933403561,0.15484438787111807
"R1 (5 groups, m=10)",convex,18,MMR,0.09261234320748628,0.21797337231780334
"R1 (5 groups, m=10)",convex,19,MMR,0.03792152122511004,0.14948111390642993
"R1 (5 groups, m=10)",convex,20,MMR,0.08843310744998652,0.20272086169859363
"R1 (5 groups, m=10)",convex,21,MMR,0.1342819459672708,0.1854819125666735
"R1 (5 groups, m=10)",convex,22,MMR,0.11877278215148394,0.17261685039812352
"R1 (5 groups, m=10)",convex,23,MMR,0.08441608566199281,0.25083334841991795
"R1 (5 groups, m=10)",convex,24,MMR,0.0770478850449799,0.17586038630699777
"R1 (5 groups, m=10)",convex,25,MMR,0.09937844252926505,0.21667199587698968
"R1 (5 groups, m=10)",convex,26,MMR,0.08451369066429942,0.2157620376027953
"R1 (5 groups, m=10)",convex,27,MMR,0.07555322261296597,0.21990198976410072
"R1 (5 groups, m=10)",convex,28,MMR,0.034499305945568354,0.22068410115518972
"R1 (5 groups, m=10)",convex,29,MMR,0.03789491084693549,0.21883125350197988
"R1 (5 groups, m=10)",convex,0,LexPR,0.07128646474164907,0.24105085080908978
"R1 (5 groups, m=10)",convex,1,LexPR,0.037963873833347685,0.22745154624155717
"R1 (5 groups, m=10)",convex,2,LexPR,0.0671021249584327,0.2177367716676217
"R1 (5 groups, m=10)",convex,3,LexPR,0.051858668474000634,0.14902425071114067
"R1 (5 groups, m=10)",convex,4,LexPR,0.0534312995728605,0.1893362815026924
"R1 (5 groups, m=10)",convex,5,LexPR,0.05071374760620543,0.15104869244993036
"R1 (5 groups, m=10)",convex,6,LexPR,0.08122126624215513,0.1972396998882016
"R1 (5 groups, m=10)",convex,7,LexPR,0.06341258332303513,0.18613817922184958
"R1 (5 groups, m=10)",convex,8,LexPR,0.06910848646761,0.17222710827513282
"R1 (5 groups, m=10)",convex,9,LexPR,0.044312509485476374,0.2204534617675668
"R1 (5 groups, m=10)",convex,10,LexPR,0.05252935317452945,0.18706810955070294
"R1 (5 groups, m=10)",convex,11,LexPR,0.0380108093202978,0.19477540242652194
"R1 (5 groups, m=10)",convex,12,LexPR,0.1051220067640138,0.2028718277138123
"R1 (5 groups, m=10)",convex,13,LexPR,0.10474111270094749,0.16615642230720482
"R1 (5 groups, m=10)",convex,14,LexPR,0.0564512007411009,0.25385021572471644
"R1 (5 groups, m=10)",convex,15,LexPR,0.05276187519212457,0.16366398859753362
"R1 (5 groups, m=10)",convex,16,LexPR,0.0654601594287635,0.23091505267314685
"R1 (5 groups, m=10)",convex,17,LexPR,0.07921818933403561,0.15484438787111807
"R1 (5 groups, m=10)",convex,18,LexPR,0.09261234320748628,0.21797337231780334
"R1 (5 groups, m=10)",convex,19,LexPR,0.03792152122511004,0.14948111390642993
"R1 (5 groups, m=10)",convex,20,LexPR,0.0360019172957578,0.1821060177685629
"R1 (5 groups, m=10)",convex,21,LexPR,0.06355282028466032,0.16014957606193642
"R1 (5 groups, m=10)",convex,22,LexPR,0.14155809598310018,0.21239353406041994
"R1 (5 groups, m=10)",convex,23,LexPR,0.08441608566199281,0.25083334841991795
"R1 (5 groups, m=10)",convex,24,LexPR,0.0770478850449799,0.17586038630699777
"R1 (5 groups, m=10)",convex,25,LexPR,0.08937513680299751,0.21978559781885465
"R1 (5 groups, m=10)",convex,26,LexPR,0.055740122241777566,0.2487421169113072
"R1 (5 groups, m=10)",convex,27,LexPR,0.07555322261296597,0.21990198976410072
"R1 (5 groups, m=10)",convex,28,LexPR,0.05780670822386034,0.20028168532981963
"R1 (5 groups, m=10)",convex,29,LexPR,0.047616740348432635,0.2154027278877837
"R1 (5 groups, m=10)",convex,0,ReLexTail_0.02,0.061943309789800054,0.21059985085303046
"R1 (5 groups, m=10)",convex,1,ReLexTail_0.02,0.037963873833347685,0.22745154624155717
"R1 (5 groups, m=10)",convex,2,ReLexTail_0.02,0.08070442939529308,0.20246960391272745
"R1 (5 groups, m=10)",convex,3,ReLexTail_0.02,0.051858668474000634,0.14902425071114067
"R1 (5 groups, m=10)",convex,4,ReLexTail_0.02,0.0534312995728605,0.1893362815026924
"R1 (5 groups, m=10)",convex,5,ReLexTail_0.02,0.05071374760620543,0.15104869244993036
"R1 (5 groups, m=10)",convex,6,ReLexTail_0.02,0.08122126624215513,0.1972396998882016
"R1 (5 groups, m=10)",convex,7,ReLexTail_0.02,0.06341258332303513,0.18613817922184958
"R1 (5 groups, m=10)",convex,8,ReLexTail_0.02,0.06910848646761,0.17222710827513282
"R1 (5 groups, m=10)",convex,9,ReLexTail_0.02,0.044312509485476374,0.2204534617675668
"R1 (5 groups, m=10)",convex,10,ReLexTail_0.02,0.05252935317452945,0.18706810955070294
"R1 (5 groups, m=10)",convex,11,ReLexTail_0.02,0.0380108093202978,0.19477540242652194
"R1 (5 groups, m=10)",convex,12,ReLexTail_0.02,0.1051220067640138,0.2028718277138123
"R1 (5 groups, m=10)",convex,13,ReLexTail_0.02,0.10474111270094749,0.16615642230720482
"R1 (5 groups, m=10)",convex,14,ReLexTail_0.02,0.0564512007411009,0.25385021572471644
"R1 (5 groups, m=10)",convex,15,ReLexTail_0.02,0.05276187519212457,0.16366398859753362
"R1 (5 groups, m=10)",convex,16,ReLexTail_0.02,0.0654601594287635,0.23091505267314685
"R1 (5 groups, m=10)",convex,17,ReLexTail_0.02,0.07921818933403561,0.15484438787111807
"R1 (5 groups, m=10)",convex,18,ReLexTail_0.02,0.04701786511608342,0.19929777989574926
"R1 (5 groups, m=10)",convex,19,ReLexTail_0.02,0.03792152122511004,0.14948111390642993
"R1 (5 groups, m=10)",convex,20,ReLexTail_0.02,0.0360019172957578,0.1821060177685629
"R1 (5 groups, m=10)",convex,21,ReLexTail_0.02,0.06355282028466032,0.16014957606193642
"R1 (5 groups, m=10)",convex,22,ReLexTail_0.02,0.11877278215148394,0.17261685039812352
"R1 (5 groups, m=10)",convex,23,ReLexTail_0.02,0.07113232982406112,0.24450114200642023
"R1 (5 groups, m=10)",convex,24,ReLexTail_0.02,0.0770478850449799,0.17586038630699777
"R1 (5 groups, m=10)",convex,25,ReLexTail_0.02,0.08937513680299751,0.21978559781885465
"R1 (5 groups, m=10)",convex,26,ReLexTail_0.02,0.055740122241777566,0.2487421169113072
"R1 (5 groups, m=10)",convex,27,ReLexTail_0.02,0.07555322261296597,0.21990198976410072
"R1 (5 groups, m=10)",convex,28,ReLexTail_0.02,0.05780670822386034,0.20028168532981963
"R1 (5 groups, m=10)",convex,29,ReLexTail_0.02,0.047616740348432635,0.2154027278877837
"R1 (5 groups, m=10)",convex,0,ReLexTail_0.01,0.07128646474164907,0.24105085080908978
"R1 (5 groups, m=10)",convex,1,ReLexTail_0.01,0.037963873833347685,0.22745154624155717
"R1 (5 groups, m=10)",convex,2,ReLexTail_0.01,0.0671021249584327,0.2177367716676217
"R1 (5 groups, m=10)",convex,3,ReLexTail_0.01,0.051858668474000634,0.14902425071114067
"R1 (5 groups, m=10)",convex,4,ReLexTail_0.01,0.0534312995728605,0.1893362815026924
"R1 (5 groups, m=10)",convex,5,ReLexTail_0.01,0.05071374760620543,0.15104869244993036
"R1 (5 groups, m=10)",convex,6,ReLexTail_0.01,0.08122126624215513,0.1972396998882016
"R1 (5 groups, m=10)",convex,7,ReLexTail_0.01,0.06341258332303513,0.18613817922184958
"R1 (5 groups, m=10)",convex,8,ReLexTail_0.01,0.06910848646761,0.17222710827513282
"R1 (5 groups, m=10)",convex,9,ReLexTail_0.01,0.044312509485476374,0.2204534617675668
"R1 (5 groups, m=10)",convex,10,ReLexTail_0.01,0.05252935317452945,0.18706810955070294
"R1 (5 groups, m=10)",convex,11,ReLexTail_0.01,0.0380108093202978,0.19477540242652194
"R1 (5 groups, m=10)",convex,12,ReLexTail_0.01,0.1051220067640138,0.2028718277138123
"R1 (5 groups, m=10)",convex,13,ReLexTail_0.01,0.10474111270094749,0.16615642230720482
"R1 (5 groups, m=10)",convex,14,ReLexTail_0.01,0.0564512007411009,0.25385021572471644
"R1 (5 groups, m=10)",convex,15,ReLexTail_0.01,0.05276187519212457,0.16366398859753362
"R1 (5 groups, m=10)",convex,16,ReLexTail_0.01,0.0654601594287635,0.23091505267314685
"R1 (5 groups, m=10)",convex,17,ReLexTail_0.01,0.07921818933403561,0.15484438787111807
"R1 (5 groups, m=10)",convex,18,ReLexTail_0.01,0.04701786511608342,0.19929777989574926
"R1 (5 groups, m=10)",convex,19,ReLexTail_0.01,0.03792152122511004,0.14948111390642993
"R1 (5 groups, m=10)",convex,20,ReLexTail_0.01,0.0360019172957578,0.1821060177685629
"R1 (5 groups, m=10)",convex,21,ReLexTail_0.01,0.06355282028466032,0.16014957606193642
"R1 (5 groups, m=10)",convex,22,ReLexTail_0.01,0.14155809598310018,0.21239353406041994
"R1 (5 groups, m=10)",convex,23,ReLexTail_0.01,0.07113232982406112,0.24450114200642023
"R1 (5 groups, m=10)",convex,24,ReLexTail_0.01,0.0770478850449799,0.17586038630699777
"R1 (5 groups, m=10)",convex,25,ReLexTail_0.01,0.08937513680299751,0.21978559781885465
"R1 (5 groups, m=10)",convex,26,ReLexTail_0.01,0.055740122241777566,0.2487421169113072
"R1 (5 groups, m=10)",convex,27,ReLexTail_0.01,0.07555322261296597,0.21990198976410072
"R1 (5 groups, m=10)",convex,28,ReLexTail_0.01,0.05780670822386034,0.20028168532981963
"R1 (5 groups, m=10)",convex,29,ReLexTail_0.01,0.047616740348432635,0.2154027278877837
"R1 (5 groups, m=10)",convex,0,ReLexTail_0.005,0.07128646474164907,0.24105085080908978
"R1 (5 groups, m=10)",convex,1,ReLexTail_0.005,0.037963873833347685,0.22745154624155717
"R1 (5 groups, m=10)",convex,2,ReLexTail_0.005,0.0671021249584327,0.2177367716676217
"R1 (5 groups, m=10)",convex,3,ReLexTail_0.005,0.051858668474000634,0.14902425071114067
"R1 (5 groups, m=10)",convex,4,ReLexTail_0.005,0.0534312995728605,0.1893362815026924
"R1 (5 groups, m=10)",convex,5,ReLexTail_0.005,0.05071374760620543,0.15104869244993036
"R1 (5 groups, m=10)",convex,6,ReLexTail_0.005,0.08122126624215513,0.1972396998882016
"R1 (5 groups, m=10)",convex,7,ReLexTail_0.005,0.06341258332303513,0.18613817922184958
"R1 (5 groups, m=10)",convex,8,ReLexTail_0.005,0.06910848646761,0.17222710827513282
"R1 (5 groups, m=10)",convex,9,ReLexTail_0.005,0.044312509485476374,0.2204534617675668
"R1 (5 groups, m=10)",convex,10,ReLexTail_0.005,0.05252935317452945,0.18706810955070294
"R1 (5 groups, m=10)",convex,11,ReLexTail_0.005,0.0380108093202978,0.19477540242652194
"R1 (5 groups, m=10)",convex,12,ReLexTail_0.005,0.1051220067640138,0.2028718277138123
"R1 (5 groups, m=10)",convex,13,ReLexTail_0.005,0.10474111270094749,0.16615642230720482
"R1 (5 groups, m=10)",convex,14,ReLexTail_0.005,0.0564512007411009,0.25385021572471644
"R1 (5 groups, m=10)",convex,15,ReLexTail_0.005,0.05276187519212457,0.16366398859753362
"R1 (5 groups, m=10)",convex,16,ReLexTail_0.005,0.0654601594287635,0.23091505267314685
"R1 (5 groups, m=10)",convex,17,ReLexTail_0.005,0.07921818933403561,0.15484438787111807
"R1 (5 groups, m=10)",convex,18,ReLexTail_0.005,0.04701786511608342,0.19929777989574926
"R1 (5 groups, m=10)",convex,19,ReLexTail_0.005,0.03792152122511004,0.14948111390642993
"R1 (5 groups, m=10)",convex,20,ReLexTail_0.005,0.0360019172957578,0.1821060177685629
"R1 (5 groups, m=10)",convex,21,ReLexTail_0.005,0.06355282028466032,0.16014957606193642
"R1 (5 groups, m=10)",convex,22,ReLexTail_0.005,0.14155809598310018,0.21239353406041994
"R1 (5 groups, m=10)",convex,23,ReLexTail_0.005,0.07113232982406112,0.24450114200642023
"R1 (5 groups, m=10)",convex,24,ReLexTail_0.005,0.0770478850449799,0.17586038630699777
"R1 (5 groups, m=10)",convex,25,ReLexTail_0.005,0.08937513680299751,0.21978559781885465
"R1 (5 groups, m=10)",convex,26,ReLexTail_0.005,0.055740122241777566,0.2487421169113072
"R1 (5 groups, m=10)",convex,27,ReLexTail_0.005,0.07555322261296597,0.21990198976410072
"R1 (5 groups, m=10)",convex,28,ReLexTail_0.005,0.05780670822386034,0.20028168532981963
"R1 (5 groups, m=10)",convex,29,ReLexTail_0.005,0.047616740348432635,0.2154027278877837
"R2 (4 groups, m=10)",linear,0,TOPSIS,0.4680425470374295,0.5821759847297653
"R2 (4 groups, m=10)",linear,1,TOPSIS,0.5599296038036279,0.602532915706414
"R2 (4 groups, m=10)",linear,2,TOPSIS,0.33726703012148046,0.3748234878444866
"R2 (4 groups, m=10)",linear,3,TOPSIS,0.3396329339311693,0.3665231629171893
"R2 (4 groups, m=10)",linear,4,TOPSIS,0.45596304125773607,0.4617438892597499
"R2 (4 groups, m=10)",linear,5,TOPSIS,0.4891199286356221,0.4707208856468799
"R2 (4 groups, m=10)",linear,6,TOPSIS,0.2808700468735355,0.4085137208846015
"R2 (4 groups, m=10)",linear,7,TOPSIS,0.4446626995054974,0.6205670845965443
"R2 (4 groups, m=10)",linear,8,TOPSIS,0.389997790695193,0.5302262100540097
"R2 (4 groups, m=10)",linear,9,TOPSIS,0.34886990080461294,0.30845223841342884
"R2 (4 groups, m=10)",linear,10,TOPSIS,0.2694361483937276,0.3446987659648514
"R2 (4 groups, m=10)",linear,11,TOPSIS,0.3285122644218351,0.30914610025586414
"R2 (4 groups, m=10)",linear,12,TOPSIS,0.3567526076865348,0.3894131292481507
"R2 (4 groups, m=10)",linear,13,TOPSIS,0.43652449538084337,0.2744540282136554
"R2 (4 groups, m=10)",linear,14,TOPSIS,0.2258655172093252,0.32435272927044484
"R2 (4 groups, m=10)",linear,15,TOPSIS,0.4438085116757156,0.39923384173312093
"R2 (4 groups, m=10)",linear,16,TOPSIS,0.4135679634366392,0.3241219685840518
"R2 (4 groups, m=10)",linear,17,TOPSIS,0.3578180693725918,0.3695568992154606
"R2 (4 groups, m=10)",linear,18,TOPSIS,0.4877144743061239,0.5753980888375511
"R2 (4 groups, m=10)",linear,19,TOPSIS,0.47191255043034736,0.37626733064314094
"R2 (4 groups, m=10)",linear,20,TOPSIS,0.2948301887879459,0.29985056902422963
"R2 (4 groups, m=10)",linear,21,TOPSIS,0.43733339043030667,0.50833256984294
"R2 (4 groups, m=10)",linear,22,TOPSIS,0.32446760570733185,0.46660207433263867
"R2 (4 groups, m=10)",linear,23,TOPSIS,0.3093568826629973,0.36770696909769796
"R2 (4 groups, m=10)",linear,24,TOPSIS,0.48427405208850965,0.5085851859739338
"R2 (4 groups, m=10)",linear,25,TOPSIS,0.32738579900843906,0.4733826250780859
"R2 (4 groups, m=10)",linear,26,TOPSIS,0.3243063934404303,0.32924988890047346
"R2 (4 groups, m=10)",linear,27,TOPSIS,0.3305339033010978,0.35953752645233517
"R2 (4 groups, m=10)",linear,28,TOPSIS,0.5547096938287129,0.6496511122389729
"R2 (4 groups, m=10)",linear,29,TOPSIS,0.297270272303659,0.3739133960072811
"R2 (4 groups, m=10)",linear,0,CP,0.4680425470374295,0.5821759847297653
"R2 (4 groups, m=10)",linear,1,CP,0.5599296038036279,0.602532915706414
"R2 (4 groups, m=10)",linear,2,CP,0.3600556091512948,0.39183284236327676
"R2 (4 groups, m=10)",linear,3,CP,0.3396329339311693,0.3665231629171893
"R2 (4 groups, m=10)",linear,4,CP,0.45596304125773607,0.4617438892597499
"R2 (4 groups, m=10)",linear,5,CP,0.2873181423846756,0.3690724828738518
"R2 (4 groups, m=10)",linear,6,CP,0.2808700468735355,0.4085137208846015
"R2 (4 groups, m=10)",linear,7,CP,0.4446626995054974,0.6205670845965443
"R2 (4 groups, m=10)",linear,8,CP,0.2201267611717197,0.33635186407983586
"R2 (4 groups, m=10)",linear,9,CP,0.34886990080461294,0.30845223841342884
"R2 (4 groups, m=10)",linear,10,CP,0.2694361483937276,0.3446987659648514
"R2 (4 groups, m=10)",linear,11,CP,0.3285122644218351,0.30914610025586414
"R2 (4 groups, m=10)",linear,12,CP,0.3567526076865348,0.3894131292481507
"R2 (4 groups, m=10)",linear,13,CP,0.43652449538084337,0.2744540282136554
"R2 (4 groups, m=10)",linear,14,CP,0.2258655172093252,0.32435272927044484
"R2 (4 groups, m=10)",linear,15,CP,0.4438085116757156,0.39923384173312093
"R2 (4 groups, m=10)",linear,16,CP,0.4135679634366392,0.3241219685840518
"R2 (4 groups, m=10)",linear,17,CP,0.3578180693725918,0.3695568992154606
"R2 (4 groups, m=10)",linear,18,CP,0.4877144743061239,0.5753980888375511
"R2 (4 groups, m=10)",linear,19,CP,0.47191255043034736,0.37626733064314094
"R2 (4 groups, m=10)",linear,20,CP,0.2948301887879459,0.29985056902422963
"R2 (4 groups, m=10)",linear,21,CP,0.4098747295966512,0.4204754437894795
"R2 (4 groups, m=10)",linear,22,CP,0.3113562969340075,0.24409964529449468
"R2 (4 groups, m=10)",linear,23,CP,0.3093568826629973,0.36770696909769796
"R2 (4 groups, m=10)",linear,24,CP,0.48427405208850965,0.5085851859739338
"R2 (4 groups, m=10)",linear,25,CP,0.2408070842291495,0.3562414468025698
"R2 (4 groups, m=10)",linear,26,CP,0.3243063934404303,0.32924988890047346
"R2 (4 groups, m=10)",linear,27,CP,0.3305339033010978,0.35953752645233517
"R2 (4 groups, m=10)",linear,28,CP,0.2884961915819144,0.35535705938365514
"R2 (4 groups, m=10)",linear,29,CP,0.297270272303659,0.3739133960072811
"R2 (4 groups, m=10)",linear,0,Knee,0.4654591551857843,0.6630175952471444
"R2 (4 groups, m=10)",linear,1,Knee,0.5076588654266236,0.5794799731613481
"R2 (4 groups, m=10)",linear,2,Knee,0.32589713579952995,0.4581860506139142
"R2 (4 groups, m=10)",linear,3,Knee,0.3396329339311693,0.3665231629171893
"R2 (4 groups, m=10)",linear,4,Knee,0.45596304125773607,0.4617438892597499
"R2 (4 groups, m=10)",linear,5,Knee,0.2873181423846756,0.3690724828738518
"R2 (4 groups, m=10)",linear,6,Knee,0.2808700468735355,0.4085137208846015
"R2 (4 groups, m=10)",linear,7,Knee,0.41397693954247883,0.6568958063463612
"R2 (4 groups, m=10)",linear,8,Knee,0.2201267611717197,0.33635186407983586
"R2 (4 groups, m=10)",linear,9,Knee,0.34886990080461294,0.30845223841342884
"R2 (4 groups, m=10)",linear,10,Knee,0.4783973831450594,0.7532464096130733
"R2 (4 groups, m=10)",linear,11,Knee,0.3771477526667219,0.8462448577232421
"R2 (4 groups, m=10)",linear,12,Knee,0.3069840421356631,0.7164516058417226
"R2 (4 groups, m=10)",linear,13,Knee,0.43652449538084337,0.2744540282136554
"R2 (4 groups, m=10)",linear,14,Knee,0.3601736912212435,0.6107025665567709
"R2 (4 groups, m=10)",linear,15,Knee,0.4438085116757156,0.39923384173312093
"R2 (4 groups, m=10)",linear,16,Knee,0.4135679634366392,0.3241219685840518
"R2 (4 groups, m=10)",linear,17,Knee,0.3578180693725918,0.3695568992154606
"R2 (4 groups, m=10)",linear,18,Knee,0.4877144743061239,0.5753980888375511
"R2 (4 groups, m=10)",linear,19,Knee,0.37330069431503526,0.4904955008939598
"R2 (4 groups, m=10)",linear,20,Knee,0.2948301887879459,0.29985056902422963
"R2 (4 groups, m=10)",linear,21,Knee,0.26688393220613804,0.6804203599597637
"R2 (4 groups, m=10)",linear,22,Knee,0.3113562969340075,0.24409964529449468
"R2 (4 groups, m=10)",linear,23,Knee,0.4217859762663863,0.6556999380277049
"R2 (4 groups, m=10)",linear,24,Knee,0.48427405208850965,0.5085851859739338
"R2 (4 groups, m=10)",linear,25,Knee,0.30098782275458374,0.6594679737826491
"R2 (4 groups, m=10)",linear,26,Knee,0.3243063934404303,0.32924988890047346
"R2 (4 groups, m=10)",linear,27,Knee,0.4533670983534405,0.8643129808350327
"R2 (4 groups, m=10)",linear,28,Knee,0.2884961915819144,0.35535705938365514
"R2 (4 groups, m=10)",linear,29,Knee,0.297270272303659,0.3739133960072811
"R2 (4 groups, m=10)",linear,0,WS,0.5678490379067272,0.810766377596236
"R2 (4 groups, m=10)",linear,1,WS,0.5599296038036279,0.602532915706414
"R2 (4 groups, m=10)",linear,2,WS,0.426087628791145,0.47939656083099164
"R2 (4 groups, m=10)",linear,3,WS,0.3396329339311693,0.3665231629171893
"R2 (4 groups, m=10)",linear,4,WS,0.4447704065631108,0.60883387749156
"R2 (4 groups, m=10)",linear,5,WS,0.4891199286356221,0.4707208856468799
"R2 (4 groups, m=10)",linear,6,WS,0.2808700468735355,0.4085137208846015
"R2 (4 groups, m=10)",linear,7,WS,0.4446626995054974,0.6205670845965443
"R2 (4 groups, m=10)",linear,8,WS,0.389997790695193,0.5302262100540097
"R2 (4 groups, m=10)",linear,9,WS,0.5811919308600896,0.8735756734877334
"R2 (4 groups, m=10)",linear,10,WS,0.3900865120235169,0.6221856889357206
"R2 (4 groups, m=10)",linear,11,WS,0.5782588964276839,0.7473985532205256
"R2 (4 groups, m=10)",linear,12,WS,0.3567526076865348,0.3894131292481507
"R2 (4 groups, m=10)",linear,13,WS,0.5847712948414279,0.7733713937719854
"R2 (4 groups, m=10)",linear,14,WS,0.3932253247112609,0.5707510651942349
"R2 (4 groups, m=10)",linear,15,WS,0.555292084270429,0.612176977150916
"R2 (4 groups, m=10)",linear,16,WS,0.4135679634366392,0.3241219685840518
"R2 (4 groups, m=10)",linear,17,WS,0.5112596697812731,0.6611339176530461
"R2 (4 groups, m=10)",linear,18,WS,0.4877144743061239,0.5753980888375511
"R2 (4 groups, m=10)",linear,19,WS,0.5467834075935448,0.6159183046436932
"R2 (4 groups, m=10)",linear,20,WS,0.5555112669985607,0.7870702336800148
"R2 (4 groups, m=10)",linear,21,WS,0.5164022608306448,0.636345862465005
"R2 (4 groups, m=10)",linear,22,WS,0.32446760570733185,0.46660207433263867
"R2 (4 groups, m=10)",linear,23,WS,0.3642049144944139,0.48560838107276366
"R2 (4 groups, m=10)",linear,24,WS,0.48427405208850965,0.5085851859739338
"R2 (4 groups, m=10)",linear,25,WS,0.35798943450018467,0.518450343413641
"R2 (4 groups, m=10)",linear,26,WS,0.5718618690124814,0.8614157178161165
"R2 (4 groups, m=10)",linear,27,WS,0.3305339033010978,0.35953752645233517
"R2 (4 groups, m=10)",linear,28,WS,0.5988244109559298,0.7105086097179933
"R2 (4 groups, m=10)",linear,29,WS,0.39891488204248526,0.4735460473930508
"R2 (4 groups, m=10)",linear,0,Leximax,0.21291813738843698,0.4154199872232749
"R2 (4 groups, m=10)",linear,1,Leximax,0.2138470823247609,0.4811408953558737
"R2 (4 groups, m=10)",linear,2,Leximax,0.33726703012148046,0.3748234878444866
"R2 (4 groups, m=10)",linear,3,Leximax,0.22566781561348614,0.5307612764900799
"R2 (4 groups, m=10)",linear,4,Leximax,0.2534208383310917,0.371853918189026
"R2 (4 groups, m=10)",linear,5,Leximax,0.2873181423846756,0.3690724828738518
"R2 (4 groups, m=10)",linear,6,Leximax,0.19531883634255984,0.36444239575912657
"R2 (4 groups, m=10)",linear,7,Leximax,0.20962015189729996,0.5189833155161946
"R2 (4 groups, m=10)",linear,8,Leximax,0.20240463344556722,0.4927164302864568
"R2 (4 groups, m=10)",linear,9,Leximax,0.4361641964462763,0.4057088363626388
"R2 (4 groups, m=10)",linear,10,Leximax,0.2180787238794074,0.39079708987097034
"R2 (4 groups, m=10)",linear,11,Leximax,0.2981981008693005,0.44065779634980135
"R2 (4 groups, m=10)",linear,12,Leximax,0.21579436662204884,0.3388146277029129
"R2 (4 groups, m=10)",linear,13,Leximax,0.43652449538084337,0.2744540282136554
"R2 (4 groups, m=10)",linear,14,Leximax,0.23463056441284183,0.41247397343844483
"R2 (4 groups, m=10)",linear,15,Leximax,0.2286097180252443,0.4454322683613454
"R2 (4 groups, m=10)",linear,16,Leximax,0.2467298028641665,0.3958347080801651
"R2 (4 groups, m=10)",linear,17,Leximax,0.25679632523652923,0.4008865005605835
"R2 (4 groups, m=10)",linear,18,Leximax,0.27454558615750935,0.42785012503067993
"R2 (4 groups, m=10)",linear,19,Leximax,0.28238115700756344,0.3419086999248598
"R2 (4 groups, m=10)",linear,20,Leximax,0.2948301887879459,0.29985056902422963
"R2 (4 groups, m=10)",linear,21,Leximax,0.3288757901632982,0.41058600056263916
"R2 (4 groups, m=10)",linear,22,Leximax,0.3113562969340075,0.24409964529449468
"R2 (4 groups, m=10)",linear,23,Leximax,0.2765346276566426,0.4526224479997634
"R2 (4 groups, m=10)",linear,24,Leximax,0.23240194864396144,0.4345089615783817
"R2 (4 groups, m=10)",linear,25,Leximax,0.30263637891857087,0.3247728422152418
"R2 (4 groups, m=10)",linear,26,Leximax,0.3243063934404303,0.32924988890047346
"R2 (4 groups, m=10)",linear,27,Leximax,0.25015504207008926,0.3768948738542512
"R2 (4 groups, m=10)",linear,28,Leximax,0.2884961915819144,0.35535705938365514
"R2 (4 groups, m=10)",linear,29,Leximax,0.220468390800774,0.38109924138982354
"R2 (4 groups, m=10)",linear,0,RW,0.5678490379067272,0.810766377596236
"R2 (4 groups, m=10)",linear,1,RW,0.5599296038036279,0.602532915706414
"R2 (4 groups, m=10)",linear,2,RW,0.426087628791145,0.47939656083099164
"R2 (4 groups, m=10)",linear,3,RW,0.3396329339311693,0.3665231629171893
"R2 (4 groups, m=10)",linear,4,RW,0.5317308348448656,0.8849103295201941
"R2 (4 groups, m=10)",linear,5,RW,0.4397892138222847,0.7588888760925029
"R2 (4 groups, m=10)",linear,6,RW,0.5546389802095518,0.8883367001222087
"R2 (4 groups, m=10)",linear,7,RW,0.4446626995054974,0.6205670845965443
"R2 (4 groups, m=10)",linear,8,RW,0.389997790695193,0.5302262100540097
"R2 (4 groups, m=10)",linear,9,RW,0.5811919308600896,0.8735756734877334
"R2 (4 groups, m=10)",linear,10,RW,0.4783973831450594,0.7532464096130733
"R2 (4 groups, m=10)",linear,11,RW,0.5782588964276839,0.7473985532205256
"R2 (4 groups, m=10)",linear,12,RW,0.43374533487797634,0.6507155637570763
"R2 (4 groups, m=10)",linear,13,RW,0.5847712948414279,0.7733713937719854
"R2 (4 groups, m=10)",linear,14,RW,0.3144332114139568,0.5271253699558271
"R2 (4 groups, m=10)",linear,15,RW,0.555292084270429,0.612176977150916
"R2 (4 groups, m=10)",linear,16,RW,0.4135679634366392,0.3241219685840518
"R2 (4 groups, m=10)",linear,17,RW,0.5112596697812731,0.6611339176530461
"R2 (4 groups, m=10)",linear,18,RW,0.5119312551791774,0.8065988902013737
"R2 (4 groups, m=10)",linear,19,RW,0.5467834075935448,0.6159183046436932
"R2 (4 groups, m=10)",linear,20,RW,0.5555112669985607,0.7870702336800148
"R2 (4 groups, m=10)",linear,21,RW,0.5164022608306448,0.636345862465005
"R2 (4 groups, m=10)",linear,22,RW,0.32446760570733185,0.46660207433263867
"R2 (4 groups, m=10)",linear,23,RW,0.3642049144944139,0.48560838107276366
"R2 (4 groups, m=10)",linear,24,RW,0.46634108074523056,0.4828340694962304
"R2 (4 groups, m=10)",linear,25,RW,0.35798943450018467,0.518450343413641
"R2 (4 groups, m=10)",linear,26,RW,0.5718618690124814,0.8614157178161165
"R2 (4 groups, m=10)",linear,27,RW,0.5705994538610363,0.5139153220601793
"R2 (4 groups, m=10)",linear,28,RW,0.5988244109559298,0.7105086097179933
"R2 (4 groups, m=10)",linear,29,RW,0.3817278769583749,0.47278191741282377
"R2 (4 groups, m=10)",linear,0,ASF,0.22190571702022518,0.39024805715494054
"R2 (4 groups, m=10)",linear,1,ASF,0.2138470823247609,0.4811408953558737
"R2 (4 groups, m=10)",linear,2,ASF,0.19387805848689574,0.38181707188730724
"R2 (4 groups, m=10)",linear,3,ASF,0.29746403467520927,0.38156767286710697
"R2 (4 groups, m=10)",linear,4,ASF,0.2534208383310917,0.371853918189026
"R2 (4 groups, m=10)",linear,5,ASF,0.18949284011354287,0.42471519189479273
"R2 (4 groups, m=10)",linear,6,ASF,0.21502721019649304,0.4465847404696602
"R2 (4 groups, m=10)",linear,7,ASF,0.28811179371062473,0.36313290184325964
"R2 (4 groups, m=10)",linear,8,ASF,0.20240463344556722,0.4927164302864568
"R2 (4 groups, m=10)",linear,9,ASF,0.34886990080461294,0.30845223841342884
"R2 (4 groups, m=10)",linear,10,ASF,0.28008161438126083,0.45774523284813645
"R2 (4 groups, m=10)",linear,11,ASF,0.27678064351085385,0.334042017622838
"R2 (4 groups, m=10)",linear,12,ASF,0.21579436662204884,0.3388146277029129
"R2 (4 groups, m=10)",linear,13,ASF,0.19226430918348583,0.4764967208839714
"R2 (4 groups, m=10)",linear,14,ASF,0.21383680499092142,0.4646674797273718
"R2 (4 groups, m=10)",linear,15,ASF,0.2693703526297112,0.3754686706489066
"R2 (4 groups, m=10)",linear,16,ASF,0.2467298028641665,0.3958347080801651
"R2 (4 groups, m=10)",linear,17,ASF,0.250013200751351,0.36562301915075496
"R2 (4 groups, m=10)",linear,18,ASF,0.31864875529854325,0.4103543280635059
"R2 (4 groups, m=10)",linear,19,ASF,0.21971210659462148,0.42614222852915273
"R2 (4 groups, m=10)",linear,20,ASF,0.2948301887879459,0.29985056902422963
"R2 (4 groups, m=10)",linear,21,ASF,0.19723429214114144,0.48748032688880966
"R2 (4 groups, m=10)",linear,22,ASF,0.3113562969340075,0.24409964529449468
"R2 (4 groups, m=10)",linear,23,ASF,0.2354019077925776,0.353998064292061
"R2 (4 groups, m=10)",linear,24,ASF,0.20048016342671834,0.4281210541955946
"R2 (4 groups, m=10)",linear,25,ASF,0.3340099657870998,0.3722630993254361
"R2 (4 groups, m=10)",linear,26,ASF,0.3600620089774034,0.42228881741029095
"R2 (4 groups, m=10)",linear,27,ASF,0.32234712473060384,0.3990363341025528
"R2 (4 groups, m=10)",linear,28,ASF,0.2884961915819144,0.35535705938365514
"R2 (4 groups, m=10)",linear,29,ASF,0.17395434810464247,0.4368746561910107
"R2 (4 groups, m=10)",linear,0,SMAA,0.5678490379067272,0.810766377596236
"R2 (4 groups, m=10)",linear,1,SMAA,0.5599296038036279,0.602532915706414
"R2 (4 groups, m=10)",linear,2,SMAA,0.426087628791145,0.47939656083099164
"R2 (4 groups, m=10)",linear,3,SMAA,0.3396329339311693,0.3665231629171893
"R2 (4 groups, m=10)",linear,4,SMAA,0.5317308348448656,0.8849103295201941
"R2 (4 groups, m=10)",linear,5,SMAA,0.4397892138222847,0.7588888760925029
"R2 (4 groups, m=10)",linear,6,SMAA,0.5546389802095518,0.8883367001222087
"R2 (4 groups, m=10)",linear,7,SMAA,0.4446626995054974,0.6205670845965443
"R2 (4 groups, m=10)",linear,8,SMAA,0.389997790695193,0.5302262100540097
"R2 (4 groups, m=10)",linear,9,SMAA,0.5811919308600896,0.8735756734877334
"R2 (4 groups, m=10)",linear,10,SMAA,0.4783973831450594,0.7532464096130733
"R2 (4 groups, m=10)",linear,11,SMAA,0.5782588964276839,0.7473985532205256
"R2 (4 groups, m=10)",linear,12,SMAA,0.43374533487797634,0.6507155637570763
"R2 (4 groups, m=10)",linear,13,SMAA,0.5847712948414279,0.7733713937719854
"R2 (4 groups, m=10)",linear,14,SMAA,0.3932253247112609,0.5707510651942349
"R2 (4 groups, m=10)",linear,15,SMAA,0.4557022475684398,0.5415490980513517
"R2 (4 groups, m=10)",linear,16,SMAA,0.4135679634366392,0.3241219685840518
"R2 (4 groups, m=10)",linear,17,SMAA,0.5112596697812731,0.6611339176530461
"R2 (4 groups, m=10)",linear,18,SMAA,0.5119312551791774,0.8065988902013737
"R2 (4 groups, m=10)",linear,19,SMAA,0.5467834075935448,0.6159183046436932
"R2 (4 groups, m=10)",linear,20,SMAA,0.5555112669985607,0.7870702336800148
"R2 (4 groups, m=10)",linear,21,SMAA,0.5164022608306448,0.636345862465005
"R2 (4 groups, m=10)",linear,22,SMAA,0.32446760570733185,0.46660207433263867
"R2 (4 groups, m=10)",linear,23,SMAA,0.3642049144944139,0.48560838107276366
"R2 (4 groups, m=10)",linear,24,SMAA,0.48427405208850965,0.5085851859739338
"R2 (4 groups, m=10)",linear,25,SMAA,0.35798943450018467,0.518450343413641
"R2 (4 groups, m=10)",linear,26,SMAA,0.5718618690124814,0.8614157178161165
"R2 (4 groups, m=10)",linear,27,SMAA,0.3305339033010978,0.35953752645233517
"R2 (4 groups, m=10)",linear,28,SMAA,0.5988244109559298,0.7105086097179933
"R2 (4 groups, m=10)",linear,29,SMAA,0.39891488204248526,0.4735460473930508
"R2 (4 groups, m=10)",linear,0,MMR,0.22190571702022518,0.39024805715494054
"R2 (4 groups, m=10)",linear,1,MMR,0.30963868110604814,0.392551030334702
"R2 (4 groups, m=10)",linear,2,MMR,0.3600556091512948,0.39183284236327676
"R2 (4 groups, m=10)",linear,3,MMR,0.31323340975972036,0.38428975556774675
"R2 (4 groups, m=10)",linear,4,MMR,0.31969816794475053,0.3915481777209286
"R2 (4 groups, m=10)",linear,5,MMR,0.3132395667336995,0.40412268263645074
"R2 (4 groups, m=10)",linear,6,MMR,0.24136051247008153,0.3840203052311388
"R2 (4 groups, m=10)",linear,7,MMR,0.3473401735759664,0.508358547135708
"R2 (4 groups, m=10)",linear,8,MMR,0.3606364060379124,0.4019114978897772
"R2 (4 groups, m=10)",linear,9,MMR,0.34886990080461294,0.30845223841342884
"R2 (4 groups, m=10)",linear,10,MMR,0.2180787238794074,0.39079708987097034
"R2 (4 groups, m=10)",linear,11,MMR,0.293052763914182,0.3777502917605023
"R2 (4 groups, m=10)",linear,12,MMR,0.3177462409484388,0.4181635107180677
"R2 (4 groups, m=10)",linear,13,MMR,0.43652449538084337,0.2744540282136554
"R2 (4 groups, m=10)",linear,14,MMR,0.2258655172093252,0.32435272927044484
"R2 (4 groups, m=10)",linear,15,MMR,0.2693703526297112,0.3754686706489066
"R2 (4 groups, m=10)",linear,16,MMR,0.2716425449536244,0.32115461410532214
"R2 (4 groups, m=10)",linear,17,MMR,0.3474384411934961,0.3499692822271541
"R2 (4 groups, m=10)",linear,18,MMR,0.31864875529854325,0.4103543280635059
"R2 (4 groups, m=10)",linear,19,MMR,0.28238115700756344,0.3419086999248598
"R2 (4 groups, m=10)",linear,20,MMR,0.2948301887879459,0.29985056902422963
"R2 (4 groups, m=10)",linear,21,MMR,0.4098747295966512,0.4204754437894795
"R2 (4 groups, m=10)",linear,22,MMR,0.3113562969340075,0.24409964529449468
"R2 (4 groups, m=10)",linear,23,MMR,0.2354019077925776,0.353998064292061
"R2 (4 groups, m=10)",linear,24,MMR,0.36262247583341695,0.3230105721821178
"R2 (4 groups, m=10)",linear,25,MMR,0.30263637891857087,0.3247728422152418
"R2 (4 groups, m=10)",linear,26,MMR,0.3243063934404303,0.32924988890047346
"R2 (4 groups, m=10)",linear,27,MMR,0.23806658766169217,0.3333477169206117
"R2 (4 groups, m=10)",linear,28,MMR,0.31849207572626004,0.3882659752546006
"R2 (4 groups, m=10)",linear,29,MMR,0.29859075916730776,0.38279566828238815
"R2 (4 groups, m=10)",linear,0,LexPR,0.22190571702022518,0.39024805715494054
"R2 (4 groups, m=10)",linear,1,LexPR,0.2138470823247609,0.4811408953558737
"R2 (4 groups, m=10)",linear,2,LexPR,0.19387805848689574,0.38181707188730724
"R2 (4 groups, m=10)",linear,3,LexPR,0.29746403467520927,0.38156767286710697
"R2 (4 groups, m=10)",linear,4,LexPR,0.2534208383310917,0.371853918189026
"R2 (4 groups, m=10)",linear,5,LexPR,0.18949284011354287,0.42471519189479273
"R2 (4 groups, m=10)",linear,6,LexPR,0.21502721019649304,0.4465847404696602
"R2 (4 groups, m=10)",linear,7,LexPR,0.28811179371062473,0.36313290184325964
"R2 (4 groups, m=10)",linear,8,LexPR,0.20240463344556722,0.4927164302864568
"R2 (4 groups, m=10)",linear,9,LexPR,0.34886990080461294,0.30845223841342884
"R2 (4 groups, m=10)",linear,10,LexPR,0.28008161438126083,0.45774523284813645
"R2 (4 groups, m=10)",linear,11,LexPR,0.27678064351085385,0.334042017622838
"R2 (4 groups, m=10)",linear,12,LexPR,0.21579436662204884,0.3388146277029129
"R2 (4 groups, m=10)",linear,13,LexPR,0.2006714675271095,0.4239420757326417
"R2 (4 groups, m=10)",linear,14,LexPR,0.21383680499092142,0.4646674797273718
"R2 (4 groups, m=10)",linear,15,LexPR,0.2693703526297112,0.3754686706489066
"R2 (4 groups, m=10)",linear,16,LexPR,0.2467298028641665,0.3958347080801651
"R2 (4 groups, m=10)",linear,17,LexPR,0.250013200751351,0.36562301915075496
"R2 (4 groups, m=10)",linear,18,LexPR,0.31864875529854325,0.4103543280635059
"R2 (4 groups, m=10)",linear,19,LexPR,0.21971210659462148,0.42614222852915273
"R2 (4 groups, m=10)",linear,20,LexPR,0.2948301887879459,0.29985056902422963
"R2 (4 groups, m=10)",linear,21,LexPR,0.19723429214114144,0.48748032688880966
"R2 (4 groups, m=10)",linear,22,LexPR,0.3113562969340075,0.24409964529449468
"R2 (4 groups, m=10)",linear,23,LexPR,0.2354019077925776,0.353998064292061
"R2 (4 groups, m=10)",linear,24,LexPR,0.20048016342671834,0.4281210541955946
"R2 (4 groups, m=10)",linear,25,LexPR,0.3340099657870998,0.3722630993254361
"R2 (4 groups, m=10)",linear,26,LexPR,0.3600620089774034,0.42228881741029095
"R2 (4 groups, m=10)",linear,27,LexPR,0.32234712473060384,0.3990363341025528
"R2 (4 groups, m=10)",linear,28,LexPR,0.2884961915819144,0.35535705938365514
"R2 (4 groups, m=10)",linear,29,LexPR,0.17395434810464247,0.4368746561910107
"R2 (4 groups, m=10)",linear,0,ReLexTail_0.02,0.22190571702022518,0.39024805715494054
"R2 (4 groups, m=10)",linear,1,ReLexTail_0.02,0.2138470823247609,0.4811408953558737
"R2 (4 groups, m=10)",linear,2,ReLexTail_0.02,0.19387805848689574,0.38181707188730724
"R2 (4 groups, m=10)",linear,3,ReLexTail_0.02,0.29746403467520927,0.38156767286710697
"R2 (4 groups, m=10)",linear,4,ReLexTail_0.02,0.2534208383310917,0.371853918189026
"R2 (4 groups, m=10)",linear,5,ReLexTail_0.02,0.18949284011354287,0.42471519189479273
"R2 (4 groups, m=10)",linear,6,ReLexTail_0.02,0.19531883634255984,0.36444239575912657
"R2 (4 groups, m=10)",linear,7,ReLexTail_0.02,0.28811179371062473,0.36313290184325964
"R2 (4 groups, m=10)",linear,8,ReLexTail_0.02,0.2955800727841478,0.4443463263172247
"R2 (4 groups, m=10)",linear,9,ReLexTail_0.02,0.34886990080461294,0.30845223841342884
"R2 (4 groups, m=10)",linear,10,ReLexTail_0.02,0.28008161438126083,0.45774523284813645
"R2 (4 groups, m=10)",linear,11,ReLexTail_0.02,0.27678064351085385,0.334042017622838
"R2 (4 groups, m=10)",linear,12,ReLexTail_0.02,0.21579436662204884,0.3388146277029129
"R2 (4 groups, m=10)",linear,13,ReLexTail_0.02,0.43652449538084337,0.2744540282136554
"R2 (4 groups, m=10)",linear,14,ReLexTail_0.02,0.2258655172093252,0.32435272927044484
"R2 (4 groups, m=10)",linear,15,ReLexTail_0.02,0.2693703526297112,0.3754686706489066
"R2 (4 groups, m=10)",linear,16,ReLexTail_0.02,0.2467298028641665,0.3958347080801651
"R2 (4 groups, m=10)",linear,17,ReLexTail_0.02,0.250013200751351,0.36562301915075496
"R2 (4 groups, m=10)",linear,18,ReLexTail_0.02,0.31864875529854325,0.4103543280635059
"R2 (4 groups, m=10)",linear,19,ReLexTail_0.02,0.21971210659462148,0.42614222852915273
"R2 (4 groups, m=10)",linear,20,ReLexTail_0.02,0.2948301887879459,0.29985056902422963
"R2 (4 groups, m=10)",linear,21,ReLexTail_0.02,0.19723429214114144,0.48748032688880966
"R2 (4 groups, m=10)",linear,22,ReLexTail_0.02,0.3113562969340075,0.24409964529449468
"R2 (4 groups, m=10)",linear,23,ReLexTail_0.02,0.2354019077925776,0.353998064292061
"R2 (4 groups, m=10)",linear,24,ReLexTail_0.02,0.3207786547752913,0.36126720903475
"R2 (4 groups, m=10)",linear,25,ReLexTail_0.02,0.30263637891857087,0.3247728422152418
"R2 (4 groups, m=10)",linear,26,ReLexTail_0.02,0.3600620089774034,0.42228881741029095
"R2 (4 groups, m=10)",linear,27,ReLexTail_0.02,0.32234712473060384,0.3990363341025528
"R2 (4 groups, m=10)",linear,28,ReLexTail_0.02,0.2884961915819144,0.35535705938365514
"R2 (4 groups, m=10)",linear,29,ReLexTail_0.02,0.17395434810464247,0.4368746561910107
"R2 (4 groups, m=10)",linear,0,ReLexTail_0.01,0.22190571702022518,0.39024805715494054
"R2 (4 groups, m=10)",linear,1,ReLexTail_0.01,0.2138470823247609,0.4811408953558737
"R2 (4 groups, m=10)",linear,2,ReLexTail_0.01,0.19387805848689574,0.38181707188730724
"R2 (4 groups, m=10)",linear,3,ReLexTail_0.01,0.29746403467520927,0.38156767286710697
"R2 (4 groups, m=10)",linear,4,ReLexTail_0.01,0.2534208383310917,0.371853918189026
"R2 (4 groups, m=10)",linear,5,ReLexTail_0.01,0.18949284011354287,0.42471519189479273
"R2 (4 groups, m=10)",linear,6,ReLexTail_0.01,0.19531883634255984,0.36444239575912657
"R2 (4 groups, m=10)",linear,7,ReLexTail_0.01,0.28811179371062473,0.36313290184325964
"R2 (4 groups, m=10)",linear,8,ReLexTail_0.01,0.20240463344556722,0.4927164302864568
"R2 (4 groups, m=10)",linear,9,ReLexTail_0.01,0.34886990080461294,0.30845223841342884
"R2 (4 groups, m=10)",linear,10,ReLexTail_0.01,0.28008161438126083,0.45774523284813645
"R2 (4 groups, m=10)",linear,11,ReLexTail_0.01,0.27678064351085385,0.334042017622838
"R2 (4 groups, m=10)",linear,12,ReLexTail_0.01,0.21579436662204884,0.3388146277029129
"R2 (4 groups, m=10)",linear,13,ReLexTail_0.01,0.43652449538084337,0.2744540282136554
"R2 (4 groups, m=10)",linear,14,ReLexTail_0.01,0.196972170925686,0.41668842266861505
"R2 (4 groups, m=10)",linear,15,ReLexTail_0.01,0.2693703526297112,0.3754686706489066
"R2 (4 groups, m=10)",linear,16,ReLexTail_0.01,0.2467298028641665,0.3958347080801651
"R2 (4 groups, m=10)",linear,17,ReLexTail_0.01,0.250013200751351,0.36562301915075496
"R2 (4 groups, m=10)",linear,18,ReLexTail_0.01,0.31864875529854325,0.4103543280635059
"R2 (4 groups, m=10)",linear,19,ReLexTail_0.01,0.21971210659462148,0.42614222852915273
"R2 (4 groups, m=10)",linear,20,ReLexTail_0.01,0.2948301887879459,0.29985056902422963
"R2 (4 groups, m=10)",linear,21,ReLexTail_0.01,0.19723429214114144,0.48748032688880966
"R2 (4 groups, m=10)",linear,22,ReLexTail_0.01,0.3113562969340075,0.24409964529449468
"R2 (4 groups, m=10)",linear,23,ReLexTail_0.01,0.2354019077925776,0.353998064292061
"R2 (4 groups, m=10)",linear,24,ReLexTail_0.01,0.20048016342671834,0.4281210541955946
"R2 (4 groups, m=10)",linear,25,ReLexTail_0.01,0.30263637891857087,0.3247728422152418
"R2 (4 groups, m=10)",linear,26,ReLexTail_0.01,0.3600620089774034,0.42228881741029095
"R2 (4 groups, m=10)",linear,27,ReLexTail_0.01,0.32234712473060384,0.3990363341025528
"R2 (4 groups, m=10)",linear,28,ReLexTail_0.01,0.2884961915819144,0.35535705938365514
"R2 (4 groups, m=10)",linear,29,ReLexTail_0.01,0.17395434810464247,0.4368746561910107
"R2 (4 groups, m=10)",linear,0,ReLexTail_0.005,0.22190571702022518,0.39024805715494054
"R2 (4 groups, m=10)",linear,1,ReLexTail_0.005,0.2138470823247609,0.4811408953558737
"R2 (4 groups, m=10)",linear,2,ReLexTail_0.005,0.19387805848689574,0.38181707188730724
"R2 (4 groups, m=10)",linear,3,ReLexTail_0.005,0.29746403467520927,0.38156767286710697
"R2 (4 groups, m=10)",linear,4,ReLexTail_0.005,0.2534208383310917,0.371853918189026
"R2 (4 groups, m=10)",linear,5,ReLexTail_0.005,0.18949284011354287,0.42471519189479273
"R2 (4 groups, m=10)",linear,6,ReLexTail_0.005,0.21502721019649304,0.4465847404696602
"R2 (4 groups, m=10)",linear,7,ReLexTail_0.005,0.28811179371062473,0.36313290184325964
"R2 (4 groups, m=10)",linear,8,ReLexTail_0.005,0.20240463344556722,0.4927164302864568
"R2 (4 groups, m=10)",linear,9,ReLexTail_0.005,0.34886990080461294,0.30845223841342884
"R2 (4 groups, m=10)",linear,10,ReLexTail_0.005,0.28008161438126083,0.45774523284813645
"R2 (4 groups, m=10)",linear,11,ReLexTail_0.005,0.27678064351085385,0.334042017622838
"R2 (4 groups, m=10)",linear,12,ReLexTail_0.005,0.21579436662204884,0.3388146277029129
"R2 (4 groups, m=10)",linear,13,ReLexTail_0.005,0.43652449538084337,0.2744540282136554
"R2 (4 groups, m=10)",linear,14,ReLexTail_0.005,0.21383680499092142,0.4646674797273718
"R2 (4 groups, m=10)",linear,15,ReLexTail_0.005,0.2693703526297112,0.3754686706489066
"R2 (4 groups, m=10)",linear,16,ReLexTail_0.005,0.2467298028641665,0.3958347080801651
"R2 (4 groups, m=10)",linear,17,ReLexTail_0.005,0.250013200751351,0.36562301915075496
"R2 (4 groups, m=10)",linear,18,ReLexTail_0.005,0.31864875529854325,0.4103543280635059
"R2 (4 groups, m=10)",linear,19,ReLexTail_0.005,0.21971210659462148,0.42614222852915273
"R2 (4 groups, m=10)",linear,20,ReLexTail_0.005,0.2948301887879459,0.29985056902422963
"R2 (4 groups, m=10)",linear,21,ReLexTail_0.005,0.19723429214114144,0.48748032688880966
"R2 (4 groups, m=10)",linear,22,ReLexTail_0.005,0.3113562969340075,0.24409964529449468
"R2 (4 groups, m=10)",linear,23,ReLexTail_0.005,0.2354019077925776,0.353998064292061
"R2 (4 groups, m=10)",linear,24,ReLexTail_0.005,0.20048016342671834,0.4281210541955946
"R2 (4 groups, m=10)",linear,25,ReLexTail_0.005,0.30263637891857087,0.3247728422152418
"R2 (4 groups, m=10)",linear,26,ReLexTail_0.005,0.3600620089774034,0.42228881741029095
"R2 (4 groups, m=10)",linear,27,ReLexTail_0.005,0.32234712473060384,0.3990363341025528
"R2 (4 groups, m=10)",linear,28,ReLexTail_0.005,0.2884961915819144,0.35535705938365514
"R2 (4 groups, m=10)",linear,29,ReLexTail_0.005,0.17395434810464247,0.4368746561910107
"R2 (4 groups, m=10)",concave,0,TOPSIS,0.5113120190618069,0.4899756429676766
"R2 (4 groups, m=10)",concave,1,TOPSIS,0.4564171362936938,0.7505108302321162
"R2 (4 groups, m=10)",concave,2,TOPSIS,0.4063793111206282,0.8491402150127145
"R2 (4 groups, m=10)",concave,3,TOPSIS,0.5262046840578273,0.5165329543414691
"R2 (4 groups, m=10)",concave,4,TOPSIS,0.3657025832558025,0.8015894341216292
"R2 (4 groups, m=10)",concave,5,TOPSIS,0.40772635398156415,0.7618182421305097
"R2 (4 groups, m=10)",concave,6,TOPSIS,0.5325697062704742,0.8111366614479891
"R2 (4 groups, m=10)",concave,7,TOPSIS,0.4783693186736195,0.7072330831085046
"R2 (4 groups, m=10)",concave,8,TOPSIS,0.4274725964987731,0.7844430160331677
"R2 (4 groups, m=10)",concave,9,TOPSIS,0.5045474333625035,0.7872328916740088
"R2 (4 groups, m=10)",concave,10,TOPSIS,0.48749161801803087,0.7054277144704175
"R2 (4 groups, m=10)",concave,11,TOPSIS,0.4432385278465872,0.8204506335754922
"R2 (4 groups, m=10)",concave,12,TOPSIS,0.4901719668797575,0.47447658963624817
"R2 (4 groups, m=10)",concave,13,TOPSIS,0.4691449759984669,0.8612693075599345
"R2 (4 groups, m=10)",concave,14,TOPSIS,0.5925946118655384,0.7770427366629244
"R2 (4 groups, m=10)",concave,15,TOPSIS,0.48788420321531256,0.6101568400372553
"R2 (4 groups, m=10)",concave,16,TOPSIS,0.494583629864092,0.7742907613109401
"R2 (4 groups, m=10)",concave,17,TOPSIS,0.3734576811420606,0.8267049917540145
"R2 (4 groups, m=10)",concave,18,TOPSIS,0.5691663191203378,0.568201687430958
"R2 (4 groups, m=10)",concave,19,TOPSIS,0.5256650993403416,0.9344574747231934
"R2 (4 groups, m=10)",concave,20,TOPSIS,0.49440770610106294,0.4367712341328494
"R2 (4 groups, m=10)",concave,21,TOPSIS,0.5618320308196776,0.8268243951861934
"R2 (4 groups, m=10)",concave,22,TOPSIS,0.5727166455358856,0.6368503764218344
"R2 (4 groups, m=10)",concave,23,TOPSIS,0.5169667738003911,0.7347274539681286
"R2 (4 groups, m=10)",concave,24,TOPSIS,0.4771320690177416,0.5181502278945042
"R2 (4 groups, m=10)",concave,25,TOPSIS,0.4570107346690266,0.6912227918278263
"R2 (4 groups, m=10)",concave,26,TOPSIS,0.5008095842946,0.6490925513608903
"R2 (4 groups, m=10)",concave,27,TOPSIS,0.6031128081382956,0.5929547847140519
"R2 (4 groups, m=10)",concave,28,TOPSIS,0.5258130040915612,0.7508381751406463
"R2 (4 groups, m=10)",concave,29,TOPSIS,0.49223954065971015,0.6728405143755962
"R2 (4 groups, m=10)",concave,0,CP,0.5113120190618069,0.4899756429676766
"R2 (4 groups, m=10)",concave,1,CP,0.4564171362936938,0.7505108302321162
"R2 (4 groups, m=10)",concave,2,CP,0.4063793111206282,0.8491402150127145
"R2 (4 groups, m=10)",concave,3,CP,0.5262046840578273,0.5165329543414691
"R2 (4 groups, m=10)",concave,4,CP,0.3657025832558025,0.8015894341216292
"R2 (4 groups, m=10)",concave,5,CP,0.40772635398156415,0.7618182421305097
"R2 (4 groups, m=10)",concave,6,CP,0.5188179000795791,0.5934643446385297
"R2 (4 groups, m=10)",concave,7,CP,0.47994622990964414,0.72232828552327
"R2 (4 groups, m=10)",concave,8,CP,0.4379677250707313,0.5533172234842886
"R2 (4 groups, m=10)",concave,9,CP,0.5045474333625035,0.7872328916740088
"R2 (4 groups, m=10)",concave,10,CP,0.48749161801803087,0.7054277144704175
"R2 (4 groups, m=10)",concave,11,CP,0.5206785626208862,0.5963273338890023
"R2 (4 groups, m=10)",concave,12,CP,0.4901719668797575,0.47447658963624817
"R2 (4 groups, m=10)",concave,13,CP,0.4691449759984669,0.8612693075599345
"R2 (4 groups, m=10)",concave,14,CP,0.5085846108758089,0.8137377801771107
"R2 (4 groups, m=10)",concave,15,CP,0.48526004438465015,0.5587666001360996
"R2 (4 groups, m=10)",concave,16,CP,0.47810490843749315,0.5959907780915881
"R2 (4 groups, m=10)",concave,17,CP,0.3734576811420606,0.8267049917540145
"R2 (4 groups, m=10)",concave,18,CP,0.5691663191203378,0.568201687430958
"R2 (4 groups, m=10)",concave,19,CP,0.5083339708049518,0.5696141889904622
"R2 (4 groups, m=10)",concave,20,CP,0.49440770610106294,0.4367712341328494
"R2 (4 groups, m=10)",concave,21,CP,0.5471804150448574,0.5201192148850449
"R2 (4 groups, m=10)",concave,22,CP,0.5727166455358856,0.6368503764218344
"R2 (4 groups, m=10)",concave,23,CP,0.5406290626410332,0.6419858287799413
"R2 (4 groups, m=10)",concave,24,CP,0.4771320690177416,0.5181502278945042
"R2 (4 groups, m=10)",concave,25,CP,0.4570107346690266,0.6912227918278263
"R2 (4 groups, m=10)",concave,26,CP,0.5008095842946,0.6490925513608903
"R2 (4 groups, m=10)",concave,27,CP,0.6031128081382956,0.5929547847140519
"R2 (4 groups, m=10)",concave,28,CP,0.5258130040915612,0.7508381751406463
"R2 (4 groups, m=10)",concave,29,CP,0.5518535366261889,0.6258476364036418
"R2 (4 groups, m=10)",concave,0,Knee,0.5113120190618069,0.4899756429676766
"R2 (4 groups, m=10)",concave,1,Knee,0.4564171362936938,0.7505108302321162
"R2 (4 groups, m=10)",concave,2,Knee,0.5045468069314655,0.8283331942686165
"R2 (4 groups, m=10)",concave,3,Knee,0.5262046840578273,0.5165329543414691
"R2 (4 groups, m=10)",concave,4,Knee,0.3657025832558025,0.8015894341216292
"R2 (4 groups, m=10)",concave,5,Knee,0.5347489214127581,0.7413149527670122
"R2 (4 groups, m=10)",concave,6,Knee,0.5188179000795791,0.5934643446385297
"R2 (4 groups, m=10)",concave,7,Knee,0.47994622990964414,0.72232828552327
"R2 (4 groups, m=10)",concave,8,Knee,0.48803856156970743,0.5775929860626887
"R2 (4 groups, m=10)",concave,9,Knee,0.5045474333625035,0.7872328916740088
"R2 (4 groups, m=10)",concave,10,Knee,0.48749161801803087,0.7054277144704175
"R2 (4 groups, m=10)",concave,11,Knee,0.5206785626208862,0.5963273338890023
"R2 (4 groups, m=10)",concave,12,Knee,0.4901719668797575,0.47447658963624817
"R2 (4 groups, m=10)",concave,13,Knee,0.4691449759984669,0.8612693075599345
"R2 (4 groups, m=10)",concave,14,Knee,0.5085846108758089,0.8137377801771107
"R2 (4 groups, m=10)",concave,15,Knee,0.48879335451943834,0.7820290621254986
"R2 (4 groups, m=10)",concave,16,Knee,0.47810490843749315,0.5959907780915881
"R2 (4 groups, m=10)",concave,17,Knee,0.3734576811420606,0.8267049917540145
"R2 (4 groups, m=10)",concave,18,Knee,0.5691663191203378,0.568201687430958
"R2 (4 groups, m=10)",concave,19,Knee,0.5083339708049518,0.5696141889904622
"R2 (4 groups, m=10)",concave,20,Knee,0.5081973591941751,0.9519205791719096
"R2 (4 groups, m=10)",concave,21,Knee,0.5471804150448574,0.5201192148850449
"R2 (4 groups, m=10)",concave,22,Knee,0.5727166455358856,0.6368503764218344
"R2 (4 groups, m=10)",concave,23,Knee,0.5448341418833511,0.7669757099354568
"R2 (4 groups, m=10)",concave,24,Knee,0.4771320690177416,0.5181502278945042
"R2 (4 groups, m=10)",concave,25,Knee,0.4570107346690266,0.6912227918278263
"R2 (4 groups, m=10)",concave,26,Knee,0.5008095842946,0.6490925513608903
"R2 (4 groups, m=10)",concave,27,Knee,0.5957439542327516,0.6639908214871757
"R2 (4 groups, m=10)",concave,28,Knee,0.5258130040915612,0.7508381751406463
"R2 (4 groups, m=10)",concave,29,Knee,0.4971190617116182,0.8087465293678164
"R2 (4 groups, m=10)",concave,0,WS,0.5238641021930258,0.642409440414853
"R2 (4 groups, m=10)",concave,1,WS,0.4564171362936938,0.7505108302321162
"R2 (4 groups, m=10)",concave,2,WS,0.4063793111206282,0.8491402150127145
"R2 (4 groups, m=10)",concave,3,WS,0.5262046840578273,0.5165329543414691
"R2 (4 groups, m=10)",concave,4,WS,0.3657025832558025,0.8015894341216292
"R2 (4 groups, m=10)",concave,5,WS,0.40772635398156415,0.7618182421305097
"R2 (4 groups, m=10)",concave,6,WS,0.5325697062704742,0.8111366614479891
"R2 (4 groups, m=10)",concave,7,WS,0.4783693186736195,0.7072330831085046
"R2 (4 groups, m=10)",concave,8,WS,0.4274725964987731,0.7844430160331677
"R2 (4 groups, m=10)",concave,9,WS,0.3973093720212704,0.9042641932357813
"R2 (4 groups, m=10)",concave,10,WS,0.48749161801803087,0.7054277144704175
"R2 (4 groups, m=10)",concave,11,WS,0.4432385278465872,0.8204506335754922
"R2 (4 groups, m=10)",concave,12,WS,0.4901719668797575,0.47447658963624817
"R2 (4 groups, m=10)",concave,13,WS,0.4691449759984669,0.8612693075599345
"R2 (4 groups, m=10)",concave,14,WS,0.5925946118655384,0.7770427366629244
"R2 (4 groups, m=10)",concave,15,WS,0.4827040032089686,0.7540160294278573
"R2 (4 groups, m=10)",concave,16,WS,0.494583629864092,0.7742907613109401
"R2 (4 groups, m=10)",concave,17,WS,0.3734576811420606,0.8267049917540145
"R2 (4 groups, m=10)",concave,18,WS,0.5691663191203378,0.568201687430958
"R2 (4 groups, m=10)",concave,19,WS,0.5256650993403416,0.9344574747231934
"R2 (4 groups, m=10)",concave,20,WS,0.49440770610106294,0.4367712341328494
"R2 (4 groups, m=10)",concave,21,WS,0.5618320308196776,0.8268243951861934
"R2 (4 groups, m=10)",concave,22,WS,0.40572680078785844,0.981574631520878
"R2 (4 groups, m=10)",concave,23,WS,0.5169667738003911,0.7347274539681286
"R2 (4 groups, m=10)",concave,24,WS,0.4771320690177416,0.5181502278945042
"R2 (4 groups, m=10)",concave,25,WS,0.4570107346690266,0.6912227918278263
"R2 (4 groups, m=10)",concave,26,WS,0.5008095842946,0.6490925513608903
"R2 (4 groups, m=10)",concave,27,WS,0.6031128081382956,0.5929547847140519
"R2 (4 groups, m=10)",concave,28,WS,0.5258130040915612,0.7508381751406463
"R2 (4 groups, m=10)",concave,29,WS,0.49223954065971015,0.6728405143755962
"R2 (4 groups, m=10)",concave,0,Leximax,0.5379835090044139,0.42346824020595897
"R2 (4 groups, m=10)",concave,1,Leximax,0.473750489220747,0.6836630578145807
"R2 (4 groups, m=10)",concave,2,Leximax,0.46531228561468413,0.6762378178822982
"R2 (4 groups, m=10)",concave,3,Leximax,0.48715229686226125,0.6513673294486351
"R2 (4 groups, m=10)",concave,4,Leximax,0.45924368830543094,0.6089401902586998
"R2 (4 groups, m=10)",concave,5,Leximax,0.5113683205843926,0.6144296596602508
"R2 (4 groups, m=10)",concave,6,Leximax,0.5222304528631249,0.5979604959133762
"R2 (4 groups, m=10)",concave,7,Leximax,0.48425578714983764,0.5435871494948198
"R2 (4 groups, m=10)",concave,8,Leximax,0.46400734124202464,0.43451577453583606
"R2 (4 groups, m=10)",concave,9,Leximax,0.4782334253484924,0.6790874933564898
"R2 (4 groups, m=10)",concave,10,Leximax,0.4807718498649771,0.7048693426743579
"R2 (4 groups, m=10)",concave,11,Leximax,0.5209937711181056,0.6140930261087169
"R2 (4 groups, m=10)",concave,12,Leximax,0.465389186467464,0.6733764821529132
"R2 (4 groups, m=10)",concave,13,Leximax,0.4848738199847092,0.7206120304973155
"R2 (4 groups, m=10)",concave,14,Leximax,0.510639569940821,0.5604233352913084
"R2 (4 groups, m=10)",concave,15,Leximax,0.48525249700903483,0.6601926678198401
"R2 (4 groups, m=10)",concave,16,Leximax,0.47285005706523314,0.6291197492945625
"R2 (4 groups, m=10)",concave,17,Leximax,0.4811046715401706,0.588597756753182
"R2 (4 groups, m=10)",concave,18,Leximax,0.5551181438696399,0.4995722621811152
"R2 (4 groups, m=10)",concave,19,Leximax,0.4885469058099612,0.7404325279644872
"R2 (4 groups, m=10)",concave,20,Leximax,0.46284564804544837,0.7051227909087971
"R2 (4 groups, m=10)",concave,21,Leximax,0.5048239404021326,0.596513968113567
"R2 (4 groups, m=10)",concave,22,Leximax,0.5484348801602313,0.5861964962859585
"R2 (4 groups, m=10)",concave,23,Leximax,0.5048469438432025,0.5993092632793906
"R2 (4 groups, m=10)",concave,24,Leximax,0.4698619853596702,0.6641360363222104
"R2 (4 groups, m=10)",concave,25,Leximax,0.471544293332472,0.5699007153766461
"R2 (4 groups, m=10)",concave,26,Leximax,0.4709306669677164,0.6187946356312656
"R2 (4 groups, m=10)",concave,27,Leximax,0.525852358561182,0.5282389308318105
"R2 (4 groups, m=10)",concave,28,Leximax,0.4881199835913838,0.6160303749386801
"R2 (4 groups, m=10)",concave,29,Leximax,0.46660723639278184,0.5970186684573092
"R2 (4 groups, m=10)",concave,0,RW,0.5152048812291097,0.9067102229692898
"R2 (4 groups, m=10)",concave,1,RW,0.4564171362936938,0.7505108302321162
"R2 (4 groups, m=10)",concave,2,RW,0.4063793111206282,0.8491402150127145
"R2 (4 groups, m=10)",concave,3,RW,0.5262046840578273,0.5165329543414691
"R2 (4 groups, m=10)",concave,4,RW,0.3657025832558025,0.8015894341216292
"R2 (4 groups, m=10)",concave,5,RW,0.40772635398156415,0.7618182421305097
"R2 (4 groups, m=10)",concave,6,RW,0.5325697062704742,0.8111366614479891
"R2 (4 groups, m=10)",concave,7,RW,0.4783693186736195,0.7072330831085046
"R2 (4 groups, m=10)",concave,8,RW,0.4274725964987731,0.7844430160331677
"R2 (4 groups, m=10)",concave,9,RW,0.3973093720212704,0.9042641932357813
"R2 (4 groups, m=10)",concave,10,RW,0.4640158485564158,0.78291736742254
"R2 (4 groups, m=10)",concave,11,RW,0.4432385278465872,0.8204506335754922
"R2 (4 groups, m=10)",concave,12,RW,0.5009446871866546,0.6269928119714371
"R2 (4 groups, m=10)",concave,13,RW,0.4691449759984669,0.8612693075599345
"R2 (4 groups, m=10)",concave,14,RW,0.5925946118655384,0.7770427366629244
"R2 (4 groups, m=10)",concave,15,RW,0.4827040032089686,0.7540160294278573
"R2 (4 groups, m=10)",concave,16,RW,0.494583629864092,0.7742907613109401
"R2 (4 groups, m=10)",concave,17,RW,0.3734576811420606,0.8267049917540145
"R2 (4 groups, m=10)",concave,18,RW,0.5020211485146844,0.7278728349663652
"R2 (4 groups, m=10)",concave,19,RW,0.5256650993403416,0.9344574747231934
"R2 (4 groups, m=10)",concave,20,RW,0.532047416826866,0.726721745885468
"R2 (4 groups, m=10)",concave,21,RW,0.5618320308196776,0.8268243951861934
"R2 (4 groups, m=10)",concave,22,RW,0.40572680078785844,0.981574631520878
"R2 (4 groups, m=10)",concave,23,RW,0.5169667738003911,0.7347274539681286
"R2 (4 groups, m=10)",concave,24,RW,0.49081576403664195,0.597635152648167
"R2 (4 groups, m=10)",concave,25,RW,0.4570107346690266,0.6912227918278263
"R2 (4 groups, m=10)",concave,26,RW,0.5008095842946,0.6490925513608903
"R2 (4 groups, m=10)",concave,27,RW,0.6031128081382956,0.5929547847140519
"R2 (4 groups, m=10)",concave,28,RW,0.5258130040915612,0.7508381751406463
"R2 (4 groups, m=10)",concave,29,RW,0.49223954065971015,0.6728405143755962
"R2 (4 groups, m=10)",concave,0,ASF,0.5379835090044139,0.42346824020595897
"R2 (4 groups, m=10)",concave,1,ASF,0.4795988118582947,0.621396772939426
"R2 (4 groups, m=10)",concave,2,ASF,0.45520597432639004,0.6052512405166337
"R2 (4 groups, m=10)",concave,3,ASF,0.5039492101986898,0.6663621908497506
"R2 (4 groups, m=10)",concave,4,ASF,0.45924368830543094,0.6089401902586998
"R2 (4 groups, m=10)",concave,5,ASF,0.4737601038270906,0.5952118626063474
"R2 (4 groups, m=10)",concave,6,ASF,0.5153049320842987,0.6313840740051838
"R2 (4 groups, m=10)",concave,7,ASF,0.48425578714983764,0.5435871494948198
"R2 (4 groups, m=10)",concave,8,ASF,0.48601966081068265,0.6951094447560732
"R2 (4 groups, m=10)",concave,9,ASF,0.47963700990293034,0.6114167142255974
"R2 (4 groups, m=10)",concave,10,ASF,0.4934648506317243,0.7516607463608567
"R2 (4 groups, m=10)",concave,11,ASF,0.47745302831020636,0.6626151163543038
"R2 (4 groups, m=10)",concave,12,ASF,0.47773162043715817,0.5720533899959778
"R2 (4 groups, m=10)",concave,13,ASF,0.4738161945120581,0.7331731221889871
"R2 (4 groups, m=10)",concave,14,ASF,0.510639569940821,0.5604233352913084
"R2 (4 groups, m=10)",concave,15,ASF,0.47355379495138766,0.5809038388688601
"R2 (4 groups, m=10)",concave,16,ASF,0.47285005706523314,0.6291197492945625
"R2 (4 groups, m=10)",concave,17,ASF,0.49039648609986,0.5603265999899668
"R2 (4 groups, m=10)",concave,18,ASF,0.48410355064819416,0.636396876596005
"R2 (4 groups, m=10)",concave,19,ASF,0.4850683398970503,0.716459745799366
"R2 (4 groups, m=10)",concave,20,ASF,0.48305828687605795,0.6008797521537045
"R2 (4 groups, m=10)",concave,21,ASF,0.49576680838141485,0.6230386847448952
"R2 (4 groups, m=10)",concave,22,ASF,0.4798491440933667,0.6671861669493182
"R2 (4 groups, m=10)",concave,23,ASF,0.4705574712079883,0.6228477477566876
"R2 (4 groups, m=10)",concave,24,ASF,0.4791577586760165,0.5644884548141887
"R2 (4 groups, m=10)",concave,25,ASF,0.4561081491641168,0.6665894135809783
"R2 (4 groups, m=10)",concave,26,ASF,0.4709306669677164,0.6187946356312656
"R2 (4 groups, m=10)",concave,27,ASF,0.4801061007714076,0.5859212861533503
"R2 (4 groups, m=10)",concave,28,ASF,0.4885926461486572,0.6313652989356352
"R2 (4 groups, m=10)",concave,29,ASF,0.47754943786735393,0.6767392222650255
"R2 (4 groups, m=10)",concave,0,SMAA,0.6150577219930602,0.7241315671306657
"R2 (4 groups, m=10)",concave,1,SMAA,0.4564171362936938,0.7505108302321162
"R2 (4 groups, m=10)",concave,2,SMAA,0.4063793111206282,0.8491402150127145
"R2 (4 groups, m=10)",concave,3,SMAA,0.5262046840578273,0.5165329543414691
"R2 (4 groups, m=10)",concave,4,SMAA,0.3657025832558025,0.8015894341216292
"R2 (4 groups, m=10)",concave,5,SMAA,0.40772635398156415,0.7618182421305097
"R2 (4 groups, m=10)",concave,6,SMAA,0.5325697062704742,0.8111366614479891
"R2 (4 groups, m=10)",concave,7,SMAA,0.4783693186736195,0.7072330831085046
"R2 (4 groups, m=10)",concave,8,SMAA,0.4274725964987731,0.7844430160331677
"R2 (4 groups, m=10)",concave,9,SMAA,0.3973093720212704,0.9042641932357813
"R2 (4 groups, m=10)",concave,10,SMAA,0.4640158485564158,0.78291736742254
"R2 (4 groups, m=10)",concave,11,SMAA,0.4432385278465872,0.8204506335754922
"R2 (4 groups, m=10)",concave,12,SMAA,0.5009446871866546,0.6269928119714371
"R2 (4 groups, m=10)",concave,13,SMAA,0.4691449759984669,0.8612693075599345
"R2 (4 groups, m=10)",concave,14,SMAA,0.5925946118655384,0.7770427366629244
"R2 (4 groups, m=10)",concave,15,SMAA,0.4827040032089686,0.7540160294278573
"R2 (4 groups, m=10)",concave,16,SMAA,0.494583629864092,0.7742907613109401
"R2 (4 groups, m=10)",concave,17,SMAA,0.3734576811420606,0.8267049917540145
"R2 (4 groups, m=10)",concave,18,SMAA,0.5020211485146844,0.7278728349663652
"R2 (4 groups, m=10)",concave,19,SMAA,0.5256650993403416,0.9344574747231934
"R2 (4 groups, m=10)",concave,20,SMAA,0.532047416826866,0.726721745885468
"R2 (4 groups, m=10)",concave,21,SMAA,0.5618320308196776,0.8268243951861934
"R2 (4 groups, m=10)",concave,22,SMAA,0.40572680078785844,0.981574631520878
"R2 (4 groups, m=10)",concave,23,SMAA,0.5169667738003911,0.7347274539681286
"R2 (4 groups, m=10)",concave,24,SMAA,0.49081576403664195,0.597635152648167
"R2 (4 groups, m=10)",concave,25,SMAA,0.4570107346690266,0.6912227918278263
"R2 (4 groups, m=10)",concave,26,SMAA,0.5008095842946,0.6490925513608903
"R2 (4 groups, m=10)",concave,27,SMAA,0.6031128081382956,0.5929547847140519
"R2 (4 groups, m=10)",concave,28,SMAA,0.5258130040915612,0.7508381751406463
"R2 (4 groups, m=10)",concave,29,SMAA,0.5332924176292853,0.960935158953991
"R2 (4 groups, m=10)",concave,0,MMR,0.5379835090044139,0.42346824020595897
"R2 (4 groups, m=10)",concave,1,MMR,0.4716519482862476,0.5847383542758569
"R2 (4 groups, m=10)",concave,2,MMR,0.4884367864793914,0.5454405138992487
"R2 (4 groups, m=10)",concave,3,MMR,0.4784505469664711,0.6646785154452338
"R2 (4 groups, m=10)",concave,4,MMR,0.4418802925218303,0.517514656446826
"R2 (4 groups, m=10)",concave,5,MMR,0.47648997785700553,0.5339553505196649
"R2 (4 groups, m=10)",concave,6,MMR,0.5076807507642392,0.5232173839071013
"R2 (4 groups, m=10)",concave,7,MMR,0.49898624481580195,0.5262028848306899
"R2 (4 groups, m=10)",concave,8,MMR,0.4580520981955157,0.49747134994202313
"R2 (4 groups, m=10)",concave,9,MMR,0.5032515203655635,0.6305911116369233
"R2 (4 groups, m=10)",concave,10,MMR,0.5074885332346418,0.5906326998787852
"R2 (4 groups, m=10)",concave,11,MMR,0.5196454756938592,0.5492918016282713
"R2 (4 groups, m=10)",concave,12,MMR,0.4901719668797575,0.47447658963624817
"R2 (4 groups, m=10)",concave,13,MMR,0.4896538571477029,0.5131987041775841
"R2 (4 groups, m=10)",concave,14,MMR,0.5497444401428483,0.6332586609102528
"R2 (4 groups, m=10)",concave,15,MMR,0.48526004438465015,0.5587666001360996
"R2 (4 groups, m=10)",concave,16,MMR,0.47810490843749315,0.5959907780915881
"R2 (4 groups, m=10)",concave,17,MMR,0.436067302126308,0.54260963973729
"R2 (4 groups, m=10)",concave,18,MMR,0.5551181438696399,0.4995722621811152
"R2 (4 groups, m=10)",concave,19,MMR,0.5026925365136302,0.5653349036927983
"R2 (4 groups, m=10)",concave,20,MMR,0.49440770610106294,0.4367712341328494
"R2 (4 groups, m=10)",concave,21,MMR,0.540522931166271,0.5898916783765368
"R2 (4 groups, m=10)",concave,22,MMR,0.5195726495954038,0.6059904061933677
"R2 (4 groups, m=10)",concave,23,MMR,0.49479855475794005,0.6037427913957147
"R2 (4 groups, m=10)",concave,24,MMR,0.5265967520199349,0.5926432609836343
"R2 (4 groups, m=10)",concave,25,MMR,0.4774744627824892,0.5643160627239169
"R2 (4 groups, m=10)",concave,26,MMR,0.5040976336603608,0.533691124387863
"R2 (4 groups, m=10)",concave,27,MMR,0.525852358561182,0.5282389308318105
"R2 (4 groups, m=10)",concave,28,MMR,0.48122045792189505,0.584571878277003
"R2 (4 groups, m=10)",concave,29,MMR,0.5307868894419164,0.5412747182444275
"R2 (4 groups, m=10)",concave,0,LexPR,0.5379835090044139,0.42346824020595897
"R2 (4 groups, m=10)",concave,1,LexPR,0.4720253548338438,0.60279545080101
"R2 (4 groups, m=10)",concave,2,LexPR,0.45520597432639004,0.6052512405166337
"R2 (4 groups, m=10)",concave,3,LexPR,0.49063922879604566,0.6118647065561248
"R2 (4 groups, m=10)",concave,4,LexPR,0.4686708294866085,0.6438653105697729
"R2 (4 groups, m=10)",concave,5,LexPR,0.4737601038270906,0.5952118626063474
"R2 (4 groups, m=10)",concave,6,LexPR,0.5153049320842987,0.6313840740051838
"R2 (4 groups, m=10)",concave,7,LexPR,0.48425578714983764,0.5435871494948198
"R2 (4 groups, m=10)",concave,8,LexPR,0.46809255288809304,0.5421403181558236
"R2 (4 groups, m=10)",concave,9,LexPR,0.47963700990293034,0.6114167142255974
"R2 (4 groups, m=10)",concave,10,LexPR,0.5074885332346418,0.5906326998787852
"R2 (4 groups, m=10)",concave,11,LexPR,0.4871806904965755,0.605191303112098
"R2 (4 groups, m=10)",concave,12,LexPR,0.47773162043715817,0.5720533899959778
"R2 (4 groups, m=10)",concave,13,LexPR,0.5035566142265258,0.5721621224583076
"R2 (4 groups, m=10)",concave,14,LexPR,0.510639569940821,0.5604233352913084
"R2 (4 groups, m=10)",concave,15,LexPR,0.47355379495138766,0.5809038388688601
"R2 (4 groups, m=10)",concave,16,LexPR,0.47285005706523314,0.6291197492945625
"R2 (4 groups, m=10)",concave,17,LexPR,0.49039648609986,0.5603265999899668
"R2 (4 groups, m=10)",concave,18,LexPR,0.46605387426146677,0.6238559477357786
"R2 (4 groups, m=10)",concave,19,LexPR,0.4880247782242888,0.6090633118108548
"R2 (4 groups, m=10)",concave,20,LexPR,0.48305828687605795,0.6008797521537045
"R2 (4 groups, m=10)",concave,21,LexPR,0.48116436998325157,0.6089732388964484
"R2 (4 groups, m=10)",concave,22,LexPR,0.5031316986940138,0.5980764747067575
"R2 (4 groups, m=10)",concave,23,LexPR,0.4705574712079883,0.6228477477566876
"R2 (4 groups, m=10)",concave,24,LexPR,0.4791577586760165,0.5644884548141887
"R2 (4 groups, m=10)",concave,25,LexPR,0.516461691102592,0.5287005877051695
"R2 (4 groups, m=10)",concave,26,LexPR,0.4891290973702512,0.5703511199438464
"R2 (4 groups, m=10)",concave,27,LexPR,0.4801061007714076,0.5859212861533503
"R2 (4 groups, m=10)",concave,28,LexPR,0.48705756589160315,0.624999978759207
"R2 (4 groups, m=10)",concave,29,LexPR,0.4781559276943583,0.5936230384030227
"R2 (4 groups, m=10)",concave,0,ReLexTail_0.02,0.5379835090044139,0.42346824020595897
"R2 (4 groups, m=10)",concave,1,ReLexTail_0.02,0.4795988118582947,0.621396772939426
"R2 (4 groups, m=10)",concave,2,ReLexTail_0.02,0.45520597432639004,0.6052512405166337
"R2 (4 groups, m=10)",concave,3,ReLexTail_0.02,0.49063922879604566,0.6118647065561248
"R2 (4 groups, m=10)",concave,4,ReLexTail_0.02,0.47995573368919997,0.5825672575489105
"R2 (4 groups, m=10)",concave,5,ReLexTail_0.02,0.4737601038270906,0.5952118626063474
"R2 (4 groups, m=10)",concave,6,ReLexTail_0.02,0.5153049320842987,0.6313840740051838
"R2 (4 groups, m=10)",concave,7,ReLexTail_0.02,0.48425578714983764,0.5435871494948198
"R2 (4 groups, m=10)",concave,8,ReLexTail_0.02,0.47649762337962226,0.5104352506461762
"R2 (4 groups, m=10)",concave,9,ReLexTail_0.02,0.47963700990293034,0.6114167142255974
"R2 (4 groups, m=10)",concave,10,ReLexTail_0.02,0.5074885332346418,0.5906326998787852
"R2 (4 groups, m=10)",concave,11,ReLexTail_0.02,0.4871806904965755,0.605191303112098
"R2 (4 groups, m=10)",concave,12,ReLexTail_0.02,0.47773162043715817,0.5720533899959778
"R2 (4 groups, m=10)",concave,13,ReLexTail_0.02,0.5035566142265258,0.5721621224583076
"R2 (4 groups, m=10)",concave,14,ReLexTail_0.02,0.510639569940821,0.5604233352913084
"R2 (4 groups, m=10)",concave,15,ReLexTail_0.02,0.47355379495138766,0.5809038388688601
"R2 (4 groups, m=10)",concave,16,ReLexTail_0.02,0.47285005706523314,0.6291197492945625
"R2 (4 groups, m=10)",concave,17,ReLexTail_0.02,0.49039648609986,0.5603265999899668
"R2 (4 groups, m=10)",concave,18,ReLexTail_0.02,0.48860682270834815,0.6222421801160719
"R2 (4 groups, m=10)",concave,19,ReLexTail_0.02,0.4880247782242888,0.6090633118108548
"R2 (4 groups, m=10)",concave,20,ReLexTail_0.02,0.5081663639261383,0.5148578676847568
"R2 (4 groups, m=10)",concave,21,ReLexTail_0.02,0.48116436998325157,0.6089732388964484
"R2 (4 groups, m=10)",concave,22,ReLexTail_0.02,0.5031316986940138,0.5980764747067575
"R2 (4 groups, m=10)",concave,23,ReLexTail_0.02,0.4705574712079883,0.6228477477566876
"R2 (4 groups, m=10)",concave,24,ReLexTail_0.02,0.4791577586760165,0.5644884548141887
"R2 (4 groups, m=10)",concave,25,ReLexTail_0.02,0.516461691102592,0.5287005877051695
"R2 (4 groups, m=10)",concave,26,ReLexTail_0.02,0.4891290973702512,0.5703511199438464
"R2 (4 groups, m=10)",concave,27,ReLexTail_0.02,0.4801061007714076,0.5859212861533503
"R2 (4 groups, m=10)",concave,28,ReLexTail_0.02,0.48705756589160315,0.624999978759207
"R2 (4 groups, m=10)",concave,29,ReLexTail_0.02,0.4781559276943583,0.5936230384030227
"R2 (4 groups, m=10)",concave,0,ReLexTail_0.01,0.5379835090044139,0.42346824020595897
"R2 (4 groups, m=10)",concave,1,ReLexTail_0.01,0.4795988118582947,0.621396772939426
"R2 (4 groups, m=10)",concave,2,ReLexTail_0.01,0.45520597432639004,0.6052512405166337
"R2 (4 groups, m=10)",concave,3,ReLexTail_0.01,0.49063922879604566,0.6118647065561248
"R2 (4 groups, m=10)",concave,4,ReLexTail_0.01,0.47995573368919997,0.5825672575489105
"R2 (4 groups, m=10)",concave,5,ReLexTail_0.01,0.4737601038270906,0.5952118626063474
"R2 (4 groups, m=10)",concave,6,ReLexTail_0.01,0.5153049320842987,0.6313840740051838
"R2 (4 groups, m=10)",concave,7,ReLexTail_0.01,0.48425578714983764,0.5435871494948198
"R2 (4 groups, m=10)",concave,8,ReLexTail_0.01,0.47649762337962226,0.5104352506461762
"R2 (4 groups, m=10)",concave,9,ReLexTail_0.01,0.47963700990293034,0.6114167142255974
"R2 (4 groups, m=10)",concave,10,ReLexTail_0.01,0.5074885332346418,0.5906326998787852
"R2 (4 groups, m=10)",concave,11,ReLexTail_0.01,0.4871806904965755,0.605191303112098
"R2 (4 groups, m=10)",concave,12,ReLexTail_0.01,0.47773162043715817,0.5720533899959778
"R2 (4 groups, m=10)",concave,13,ReLexTail_0.01,0.5035566142265258,0.5721621224583076
"R2 (4 groups, m=10)",concave,14,ReLexTail_0.01,0.510639569940821,0.5604233352913084
"R2 (4 groups, m=10)",concave,15,ReLexTail_0.01,0.47355379495138766,0.5809038388688601
"R2 (4 groups, m=10)",concave,16,ReLexTail_0.01,0.47285005706523314,0.6291197492945625
"R2 (4 groups, m=10)",concave,17,ReLexTail_0.01,0.49039648609986,0.5603265999899668
"R2 (4 groups, m=10)",concave,18,ReLexTail_0.01,0.48860682270834815,0.6222421801160719
"R2 (4 groups, m=10)",concave,19,ReLexTail_0.01,0.4880247782242888,0.6090633118108548
"R2 (4 groups, m=10)",concave,20,ReLexTail_0.01,0.48305828687605795,0.6008797521537045
"R2 (4 groups, m=10)",concave,21,ReLexTail_0.01,0.48116436998325157,0.6089732388964484
"R2 (4 groups, m=10)",concave,22,ReLexTail_0.01,0.5031316986940138,0.5980764747067575
"R2 (4 groups, m=10)",concave,23,ReLexTail_0.01,0.4705574712079883,0.6228477477566876
"R2 (4 groups, m=10)",concave,24,ReLexTail_0.01,0.4791577586760165,0.5644884548141887
"R2 (4 groups, m=10)",concave,25,ReLexTail_0.01,0.516461691102592,0.5287005877051695
"R2 (4 groups, m=10)",concave,26,ReLexTail_0.01,0.4891290973702512,0.5703511199438464
"R2 (4 groups, m=10)",concave,27,ReLexTail_0.01,0.4801061007714076,0.5859212861533503
"R2 (4 groups, m=10)",concave,28,ReLexTail_0.01,0.48705756589160315,0.624999978759207
"R2 (4 groups, m=10)",concave,29,ReLexTail_0.01,0.4781559276943583,0.5936230384030227
"R2 (4 groups, m=10)",concave,0,ReLexTail_0.005,0.5379835090044139,0.42346824020595897
"R2 (4 groups, m=10)",concave,1,ReLexTail_0.005,0.4795988118582947,0.621396772939426
"R2 (4 groups, m=10)",concave,2,ReLexTail_0.005,0.45520597432639004,0.6052512405166337
"R2 (4 groups, m=10)",concave,3,ReLexTail_0.005,0.49063922879604566,0.6118647065561248
"R2 (4 groups, m=10)",concave,4,ReLexTail_0.005,0.47995573368919997,0.5825672575489105
"R2 (4 groups, m=10)",concave,5,ReLexTail_0.005,0.4737601038270906,0.5952118626063474
"R2 (4 groups, m=10)",concave,6,ReLexTail_0.005,0.5153049320842987,0.6313840740051838
"R2 (4 groups, m=10)",concave,7,ReLexTail_0.005,0.48425578714983764,0.5435871494948198
"R2 (4 groups, m=10)",concave,8,ReLexTail_0.005,0.47649762337962226,0.5104352506461762
"R2 (4 groups, m=10)",concave,9,ReLexTail_0.005,0.47963700990293034,0.6114167142255974
"R2 (4 groups, m=10)",concave,10,ReLexTail_0.005,0.5074885332346418,0.5906326998787852
"R2 (4 groups, m=10)",concave,11,ReLexTail_0.005,0.4871806904965755,0.605191303112098
"R2 (4 groups, m=10)",concave,12,ReLexTail_0.005,0.47773162043715817,0.5720533899959778
"R2 (4 groups, m=10)",concave,13,ReLexTail_0.005,0.5035566142265258,0.5721621224583076
"R2 (4 groups, m=10)",concave,14,ReLexTail_0.005,0.510639569940821,0.5604233352913084
"R2 (4 groups, m=10)",concave,15,ReLexTail_0.005,0.47355379495138766,0.5809038388688601
"R2 (4 groups, m=10)",concave,16,ReLexTail_0.005,0.47285005706523314,0.6291197492945625
"R2 (4 groups, m=10)",concave,17,ReLexTail_0.005,0.49039648609986,0.5603265999899668
"R2 (4 groups, m=10)",concave,18,ReLexTail_0.005,0.46605387426146677,0.6238559477357786
"R2 (4 groups, m=10)",concave,19,ReLexTail_0.005,0.4880247782242888,0.6090633118108548
"R2 (4 groups, m=10)",concave,20,ReLexTail_0.005,0.48305828687605795,0.6008797521537045
"R2 (4 groups, m=10)",concave,21,ReLexTail_0.005,0.48116436998325157,0.6089732388964484
"R2 (4 groups, m=10)",concave,22,ReLexTail_0.005,0.5031316986940138,0.5980764747067575
"R2 (4 groups, m=10)",concave,23,ReLexTail_0.005,0.4705574712079883,0.6228477477566876
"R2 (4 groups, m=10)",concave,24,ReLexTail_0.005,0.4791577586760165,0.5644884548141887
"R2 (4 groups, m=10)",concave,25,ReLexTail_0.005,0.516461691102592,0.5287005877051695
"R2 (4 groups, m=10)",concave,26,ReLexTail_0.005,0.4891290973702512,0.5703511199438464
"R2 (4 groups, m=10)",concave,27,ReLexTail_0.005,0.4801061007714076,0.5859212861533503
"R2 (4 groups, m=10)",concave,28,ReLexTail_0.005,0.48705756589160315,0.624999978759207
"R2 (4 groups, m=10)",concave,29,ReLexTail_0.005,0.4781559276943583,0.5936230384030227
"R2 (4 groups, m=10)",convex,0,TOPSIS,0.05118384759397689,0.13099507785088618
"R2 (4 groups, m=10)",convex,1,TOPSIS,0.07380732574183003,0.19135184641962732
"R2 (4 groups, m=10)",convex,2,TOPSIS,0.04323779888784799,0.16192470103015455
"R2 (4 groups, m=10)",convex,3,TOPSIS,0.07363681726548499,0.1617163462521983
"R2 (4 groups, m=10)",convex,4,TOPSIS,0.12289557583406403,0.2452564898112574
"R2 (4 groups, m=10)",convex,5,TOPSIS,0.07097164968041897,0.17943515431315846
"R2 (4 groups, m=10)",convex,6,TOPSIS,0.08956047911670895,0.21423750664340863
"R2 (4 groups, m=10)",convex,7,TOPSIS,0.05494464614788905,0.17054368299687056
"R2 (4 groups, m=10)",convex,8,TOPSIS,0.17302218765107913,0.23990520931464557
"R2 (4 groups, m=10)",convex,9,TOPSIS,0.07886265142394053,0.16747666811163908
"R2 (4 groups, m=10)",convex,10,TOPSIS,0.06892312257552714,0.17443266373876606
"R2 (4 groups, m=10)",convex,11,TOPSIS,0.1190422212244507,0.20532589848001956
"R2 (4 groups, m=10)",convex,12,TOPSIS,0.13637640182448574,0.2684078464258797
"R2 (4 groups, m=10)",convex,13,TOPSIS,0.03954144354511131,0.14423696339837544
"R2 (4 groups, m=10)",convex,14,TOPSIS,0.11424761913539201,0.19353083848157315
"R2 (4 groups, m=10)",convex,15,TOPSIS,0.05985617564953296,0.14769122196183457
"R2 (4 groups, m=10)",convex,16,TOPSIS,0.04528591864529283,0.16369896795275427
"R2 (4 groups, m=10)",convex,17,TOPSIS,0.060870184290466985,0.17178498437635528
"R2 (4 groups, m=10)",convex,18,TOPSIS,0.15090831987486963,0.20168769285224708
"R2 (4 groups, m=10)",convex,19,TOPSIS,0.07204770322056464,0.16498714561734001
"R2 (4 groups, m=10)",convex,20,TOPSIS,0.09759003567283155,0.2021920256313198
"R2 (4 groups, m=10)",convex,21,TOPSIS,0.1673468697880286,0.32683638339499715
"R2 (4 groups, m=10)",convex,22,TOPSIS,0.18835124800555134,0.22523357771057073
"R2 (4 groups, m=10)",convex,23,TOPSIS,0.1194646315913872,0.18086347329371869
"R2 (4 groups, m=10)",convex,24,TOPSIS,0.04773840689407463,0.14393880077797955
"R2 (4 groups, m=10)",convex,25,TOPSIS,0.08662173240121791,0.1953569458435434
"R2 (4 groups, m=10)",convex,26,TOPSIS,0.12365881118933797,0.1982924329504147
"R2 (4 groups, m=10)",convex,27,TOPSIS,0.059636583926341226,0.16066442621325108
"R2 (4 groups, m=10)",convex,28,TOPSIS,0.09620107043849402,0.20129805565139244
"R2 (4 groups, m=10)",convex,29,TOPSIS,0.0397884694273787,0.13872484726538456
"R2 (4 groups, m=10)",convex,0,CP,0.05118384759397689,0.13099507785088618
"R2 (4 groups, m=10)",convex,1,CP,0.07380732574183003,0.19135184641962732
"R2 (4 groups, m=10)",convex,2,CP,0.04323779888784799,0.16192470103015455
"R2 (4 groups, m=10)",convex,3,CP,0.07363681726548499,0.1617163462521983
"R2 (4 groups, m=10)",convex,4,CP,0.12289557583406403,0.2452564898112574
"R2 (4 groups, m=10)",convex,5,CP,0.07097164968041897,0.17943515431315846
"R2 (4 groups, m=10)",convex,6,CP,0.08956047911670895,0.21423750664340863
"R2 (4 groups, m=10)",convex,7,CP,0.05494464614788905,0.17054368299687056
"R2 (4 groups, m=10)",convex,8,CP,0.056951808844017814,0.20873429435188784
"R2 (4 groups, m=10)",convex,9,CP,0.07886265142394053,0.16747666811163908
"R2 (4 groups, m=10)",convex,10,CP,0.06892312257552714,0.17443266373876606
"R2 (4 groups, m=10)",convex,11,CP,0.1190422212244507,0.20532589848001956
"R2 (4 groups, m=10)",convex,12,CP,0.05264193911587616,0.19080057900306366
"R2 (4 groups, m=10)",convex,13,CP,0.03954144354511131,0.14423696339837544
"R2 (4 groups, m=10)",convex,14,CP,0.08742937352978007,0.18206788805258856
"R2 (4 groups, m=10)",convex,15,CP,0.05985617564953296,0.14769122196183457
"R2 (4 groups, m=10)",convex,16,CP,0.04528591864529283,0.16369896795275427
"R2 (4 groups, m=10)",convex,17,CP,0.060870184290466985,0.17178498437635528
"R2 (4 groups, m=10)",convex,18,CP,0.15090831987486963,0.20168769285224708
"R2 (4 groups, m=10)",convex,19,CP,0.07204770322056464,0.16498714561734001
"R2 (4 groups, m=10)",convex,20,CP,0.09759003567283155,0.2021920256313198
"R2 (4 groups, m=10)",convex,21,CP,0.1673468697880286,0.32683638339499715
"R2 (4 groups, m=10)",convex,22,CP,0.18835124800555134,0.22523357771057073
"R2 (4 groups, m=10)",convex,23,CP,0.1194646315913872,0.18086347329371869
"R2 (4 groups, m=10)",convex,24,CP,0.04773840689407463,0.14393880077797955
"R2 (4 groups, m=10)",convex,25,CP,0.08662173240121791,0.1953569458435434
"R2 (4 groups, m=10)",convex,26,CP,0.12365881118933797,0.1982924329504147
"R2 (4 groups, m=10)",convex,27,CP,0.059636583926341226,0.16066442621325108
"R2 (4 groups, m=10)",convex,28,CP,0.06119019892514882,0.16253612937572065
"R2 (4 groups, m=10)",convex,29,CP,0.0397884694273787,0.13872484726538456
"R2 (4 groups, m=10)",convex,0,Knee,0.05118384759397689,0.13099507785088618
"R2 (4 groups, m=10)",convex,1,Knee,0.07380732574183003,0.19135184641962732
"R2 (4 groups, m=10)",convex,2,Knee,0.04323779888784799,0.16192470103015455
"R2 (4 groups, m=10)",convex,3,Knee,0.07363681726548499,0.1617163462521983
"R2 (4 groups, m=10)",convex,4,Knee,0.12289557583406403,0.2452564898112574
"R2 (4 groups, m=10)",convex,5,Knee,0.07097164968041897,0.17943515431315846
"R2 (4 groups, m=10)",convex,6,Knee,0.08956047911670895,0.21423750664340863
"R2 (4 groups, m=10)",convex,7,Knee,0.05494464614788905,0.17054368299687056
"R2 (4 groups, m=10)",convex,8,Knee,0.056951808844017814,0.20873429435188784
"R2 (4 groups, m=10)",convex,9,Knee,0.07886265142394053,0.16747666811163908
"R2 (4 groups, m=10)",convex,10,Knee,0.06892312257552714,0.17443266373876606
"R2 (4 groups, m=10)",convex,11,Knee,0.1190422212244507,0.20532589848001956
"R2 (4 groups, m=10)",convex,12,Knee,0.05264193911587616,0.19080057900306366
"R2 (4 groups, m=10)",convex,13,Knee,0.03954144354511131,0.14423696339837544
"R2 (4 groups, m=10)",convex,14,Knee,0.17099141998185716,0.2286277911787664
"R2 (4 groups, m=10)",convex,15,Knee,0.05985617564953296,0.14769122196183457
"R2 (4 groups, m=10)",convex,16,Knee,0.04528591864529283,0.16369896795275427
"R2 (4 groups, m=10)",convex,17,Knee,0.060870184290466985,0.17178498437635528
"R2 (4 groups, m=10)",convex,18,Knee,0.15090831987486963,0.20168769285224708
"R2 (4 groups, m=10)",convex,19,Knee,0.07204770322056464,0.16498714561734001
"R2 (4 groups, m=10)",convex,20,Knee,0.09759003567283155,0.2021920256313198
"R2 (4 groups, m=10)",convex,21,Knee,0.1673468697880286,0.32683638339499715
"R2 (4 groups, m=10)",convex,22,Knee,0.18835124800555134,0.22523357771057073
"R2 (4 groups, m=10)",convex,23,Knee,0.1194646315913872,0.18086347329371869
"R2 (4 groups, m=10)",convex,24,Knee,0.04773840689407463,0.14393880077797955
"R2 (4 groups, m=10)",convex,25,Knee,0.052426675609614955,0.23879133575220074
"R2 (4 groups, m=10)",convex,26,Knee,0.12365881118933797,0.1982924329504147
"R2 (4 groups, m=10)",convex,27,Knee,0.059636583926341226,0.16066442621325108
"R2 (4 groups, m=10)",convex,28,Knee,0.06119019892514882,0.16253612937572065
"R2 (4 groups, m=10)",convex,29,Knee,0.0397884694273787,0.13872484726538456
"R2 (4 groups, m=10)",convex,0,WS,0.15320680821706711,0.21984621246614613
"R2 (4 groups, m=10)",convex,1,WS,0.14068013649393804,0.22732934578591638
"R2 (4 groups, m=10)",convex,2,WS,0.06953859512808852,0.21127614037845904
"R2 (4 groups, m=10)",convex,3,WS,0.22027302513581903,0.33530800979856956
"R2 (4 groups, m=10)",convex,4,WS,0.10078055651557982,0.2455596818779817
"R2 (4 groups, m=10)",convex,5,WS,0.11362439781194777,0.21469350303586923
"R2 (4 groups, m=10)",convex,6,WS,0.2576402224960888,0.3396241081544574
"R2 (4 groups, m=10)",convex,7,WS,0.1120807371855927,0.25748059935643935
"R2 (4 groups, m=10)",convex,8,WS,0.17302218765107913,0.23990520931464557
"R2 (4 groups, m=10)",convex,9,WS,0.17509939107322245,0.31085644955269953
"R2 (4 groups, m=10)",convex,10,WS,0.06892312257552714,0.17443266373876606
"R2 (4 groups, m=10)",convex,11,WS,0.1190422212244507,0.20532589848001956
"R2 (4 groups, m=10)",convex,12,WS,0.18086658077346704,0.3589601317780055
"R2 (4 groups, m=10)",convex,13,WS,0.03954144354511131,0.14423696339837544
"R2 (4 groups, m=10)",convex,14,WS,0.11424761913539201,0.19353083848157315
"R2 (4 groups, m=10)",convex,15,WS,0.05985617564953296,0.14769122196183457
"R2 (4 groups, m=10)",convex,16,WS,0.2893953560772601,0.38970411548365846
"R2 (4 groups, m=10)",convex,17,WS,0.20930786668697168,0.31064868218433994
"R2 (4 groups, m=10)",convex,18,WS,0.15090831987486963,0.20168769285224708
"R2 (4 groups, m=10)",convex,19,WS,0.21942265815770212,0.4429363050858012
"R2 (4 groups, m=10)",convex,20,WS,0.09759003567283155,0.2021920256313198
"R2 (4 groups, m=10)",convex,21,WS,0.1673468697880286,0.32683638339499715
"R2 (4 groups, m=10)",convex,22,WS,0.13796014189747988,0.240282098078349
"R2 (4 groups, m=10)",convex,23,WS,0.13875350482027307,0.23672179485318515
"R2 (4 groups, m=10)",convex,24,WS,0.04773840689407463,0.14393880077797955
"R2 (4 groups, m=10)",convex,25,WS,0.0690040762627026,0.20868660394925456
"R2 (4 groups, m=10)",convex,26,WS,0.24645463920471367,0.4320644463769788
"R2 (4 groups, m=10)",convex,27,WS,0.059636583926341226,0.16066442621325108
"R2 (4 groups, m=10)",convex,28,WS,0.09620107043849402,0.20129805565139244
"R2 (4 groups, m=10)",convex,29,WS,0.1341263870501984,0.2839034097293961
"R2 (4 groups, m=10)",convex,0,Leximax,0.05118384759397689,0.13099507785088618
"R2 (4 groups, m=10)",convex,1,Leximax,0.053768720633568357,0.2373594335294898
"R2 (4 groups, m=10)",convex,2,Leximax,0.0756854496542811,0.1790301205021379
"R2 (4 groups, m=10)",convex,3,Leximax,0.0616637516013451,0.21406175442540937
"R2 (4 groups, m=10)",convex,4,Leximax,0.11796552763742206,0.18547864227712796
"R2 (4 groups, m=10)",convex,5,Leximax,0.05964113187933776,0.1661936573241012
"R2 (4 groups, m=10)",convex,6,Leximax,0.07097523898939294,0.2113277849941878
"R2 (4 groups, m=10)",convex,7,Leximax,0.06723845207770321,0.24521972858924868
"R2 (4 groups, m=10)",convex,8,Leximax,0.06097563841327752,0.24384623519409382
"R2 (4 groups, m=10)",convex,9,Leximax,0.06950222898832006,0.19111527283132546
"R2 (4 groups, m=10)",convex,10,Leximax,0.07973123606048413,0.239113133311792
"R2 (4 groups, m=10)",convex,11,Leximax,0.07619815231315069,0.17797140219345936
"R2 (4 groups, m=10)",convex,12,Leximax,0.05264193911587616,0.19080057900306366
"R2 (4 groups, m=10)",convex,13,Leximax,0.04170179992953513,0.19013920726546882
"R2 (4 groups, m=10)",convex,14,Leximax,0.08742937352978007,0.18206788805258856
"R2 (4 groups, m=10)",convex,15,Leximax,0.0603352046344918,0.1848387416825135
"R2 (4 groups, m=10)",convex,16,Leximax,0.04528591864529283,0.16369896795275427
"R2 (4 groups, m=10)",convex,17,Leximax,0.04887969786959021,0.20327120326286433
"R2 (4 groups, m=10)",convex,18,Leximax,0.06852962318439076,0.18982878040829343
"R2 (4 groups, m=10)",convex,19,Leximax,0.07204770322056464,0.16498714561734001
"R2 (4 groups, m=10)",convex,20,Leximax,0.08875382413859534,0.1953303856582467
"R2 (4 groups, m=10)",convex,21,Leximax,0.05809488517930095,0.2224536682930124
"R2 (4 groups, m=10)",convex,22,Leximax,0.04879818452812092,0.22634529260595185
"R2 (4 groups, m=10)",convex,23,Leximax,0.05809809307043714,0.19846228769434301
"R2 (4 groups, m=10)",convex,24,Leximax,0.04773840689407463,0.14393880077797955
"R2 (4 groups, m=10)",convex,25,Leximax,0.04670021058144883,0.23451514609923435
"R2 (4 groups, m=10)",convex,26,Leximax,0.059162869930839135,0.19692719542068776
"R2 (4 groups, m=10)",convex,27,Leximax,0.060053603643015464,0.16487835900263018
"R2 (4 groups, m=10)",convex,28,Leximax,0.06119019892514882,0.16253612937572065
"R2 (4 groups, m=10)",convex,29,Leximax,0.0397884694273787,0.13872484726538456
"R2 (4 groups, m=10)",convex,0,RW,0.07473788951217142,0.19486180288740518
"R2 (4 groups, m=10)",convex,1,RW,0.2620359828560967,0.42976341177094873
"R2 (4 groups, m=10)",convex,2,RW,0.06953859512808852,0.21127614037845904
"R2 (4 groups, m=10)",convex,3,RW,0.22027302513581903,0.33530800979856956
"R2 (4 groups, m=10)",convex,4,RW,0.09390660595564454,0.2108140697859508
"R2 (4 groups, m=10)",convex,5,RW,0.15821948415912715,0.2548653820822026
"R2 (4 groups, m=10)",convex,6,RW,0.33583007812307253,0.4991441143480277
"R2 (4 groups, m=10)",convex,7,RW,0.05494464614788905,0.17054368299687056
"R2 (4 groups, m=10)",convex,8,RW,0.28151009334175214,0.4270560728993124
"R2 (4 groups, m=10)",convex,9,RW,0.17509939107322245,0.31085644955269953
"R2 (4 groups, m=10)",convex,10,RW,0.06892312257552714,0.17443266373876606
"R2 (4 groups, m=10)",convex,11,RW,0.1049007464891525,0.27632386102194095
"R2 (4 groups, m=10)",convex,12,RW,0.2872624609469597,0.6499270493864666
"R2 (4 groups, m=10)",convex,13,RW,0.03954144354511131,0.14423696339837544
"R2 (4 groups, m=10)",convex,14,RW,0.09976547138283053,0.2828498581979426
"R2 (4 groups, m=10)",convex,15,RW,0.46492120366794176,0.6388995170443582
"R2 (4 groups, m=10)",convex,16,RW,0.2893953560772601,0.38970411548365846
"R2 (4 groups, m=10)",convex,17,RW,0.3740725381111087,0.5327195519267737
"R2 (4 groups, m=10)",convex,18,RW,0.15090831987486963,0.20168769285224708
"R2 (4 groups, m=10)",convex,19,RW,0.445032382220043,0.6181388261503111
"R2 (4 groups, m=10)",convex,20,RW,0.0627532827237373,0.1880639702869028
"R2 (4 groups, m=10)",convex,21,RW,0.1673468697880286,0.32683638339499715
"R2 (4 groups, m=10)",convex,22,RW,0.13796014189747988,0.240282098078349
"R2 (4 groups, m=10)",convex,23,RW,0.4989099866113627,0.6195278486551223
"R2 (4 groups, m=10)",convex,24,RW,0.04773840689407463,0.14393880077797955
"R2 (4 groups, m=10)",convex,25,RW,0.18859816884721511,0.4879738195316093
"R2 (4 groups, m=10)",convex,26,RW,0.6502149433299323,0.8903721417108493
"R2 (4 groups, m=10)",convex,27,RW,0.059636583926341226,0.16066442621325108
"R2 (4 groups, m=10)",convex,28,RW,0.4769364513444936,0.7350829319025005
"R2 (4 groups, m=10)",convex,29,RW,0.1341263870501984,0.2839034097293961
"R2 (4 groups, m=10)",convex,0,ASF,0.05118384759397689,0.13099507785088618
"R2 (4 groups, m=10)",convex,1,ASF,0.07380732574183003,0.19135184641962732
"R2 (4 groups, m=10)",convex,2,ASF,0.04429565446937839,0.15970415584629474
"R2 (4 groups, m=10)",convex,3,ASF,0.05503668692254362,0.20417413477731017
"R2 (4 groups, m=10)",convex,4,ASF,0.11796552763742206,0.18547864227712796
"R2 (4 groups, m=10)",convex,5,ASF,0.05964113187933776,0.1661936573241012
"R2 (4 groups, m=10)",convex,6,ASF,0.07097523898939294,0.2113277849941878
"R2 (4 groups, m=10)",convex,7,ASF,0.06602571992894339,0.18825697934468894
"R2 (4 groups, m=10)",convex,8,ASF,0.06392654145501342,0.20059502292832726
"R2 (4 groups, m=10)",convex,9,ASF,0.05879921401891744,0.16993856286462067
"R2 (4 groups, m=10)",convex,10,ASF,0.07025554090465282,0.23647774164155083
"R2 (4 groups, m=10)",convex,11,ASF,0.07619815231315069,0.17797140219345936
"R2 (4 groups, m=10)",convex,12,ASF,0.05264193911587616,0.19080057900306366
"R2 (4 groups, m=10)",convex,13,ASF,0.03954144354511131,0.14423696339837544
"R2 (4 groups, m=10)",convex,14,ASF,0.06999775925325073,0.18244750108493588
"R2 (4 groups, m=10)",convex,15,ASF,0.05664257472698872,0.2042428375243811
"R2 (4 groups, m=10)",convex,16,ASF,0.04528591864529283,0.16369896795275427
"R2 (4 groups, m=10)",convex,17,ASF,0.060870184290466985,0.17178498437635528
"R2 (4 groups, m=10)",convex,18,ASF,0.06716992607535682,0.2087614363213508
"R2 (4 groups, m=10)",convex,19,ASF,0.04920804430627568,0.23227534547862333
"R2 (4 groups, m=10)",convex,20,ASF,0.056558185319495684,0.21822584845811674
"R2 (4 groups, m=10)",convex,21,ASF,0.10664600325853828,0.19060868378912896
"R2 (4 groups, m=10)",convex,22,ASF,0.05453410668841633,0.21481772994308435
"R2 (4 groups, m=10)",convex,23,ASF,0.05809809307043714,0.19846228769434301
"R2 (4 groups, m=10)",convex,24,ASF,0.05122940426427603,0.13439114971741017
"R2 (4 groups, m=10)",convex,25,ASF,0.09626058959941042,0.23545532668482755
"R2 (4 groups, m=10)",convex,26,ASF,0.053543046372787395,0.26370275803909654
"R2 (4 groups, m=10)",convex,27,ASF,0.06619640876591935,0.19174400668293587
"R2 (4 groups, m=10)",convex,28,ASF,0.06119019892514882,0.16253612937572065
"R2 (4 groups, m=10)",convex,29,ASF,0.0397884694273787,0.13872484726538456
"R2 (4 groups, m=10)",convex,0,SMAA,0.15320680821706711,0.21984621246614613
"R2 (4 groups, m=10)",convex,1,SMAA,0.2620359828560967,0.42976341177094873
"R2 (4 groups, m=10)",convex,2,SMAA,0.06953859512808852,0.21127614037845904
"R2 (4 groups, m=10)",convex,3,SMAA,0.22027302513581903,0.33530800979856956
"R2 (4 groups, m=10)",convex,4,SMAA,0.09390660595564454,0.2108140697859508
"R2 (4 groups, m=10)",convex,5,SMAA,0.15821948415912715,0.2548653820822026
"R2 (4 groups, m=10)",convex,6,SMAA,0.33583007812307253,0.4991441143480277
"R2 (4 groups, m=10)",convex,7,SMAA,0.1120807371855927,0.25748059935643935
"R2 (4 groups, m=10)",convex,8,SMAA,0.28151009334175214,0.4270560728993124
"R2 (4 groups, m=10)",convex,9,SMAA,0.17509939107322245,0.31085644955269953
"R2 (4 groups, m=10)",convex,10,SMAA,0.06892312257552714,0.17443266373876606
"R2 (4 groups, m=10)",convex,11,SMAA,0.1049007464891525,0.27632386102194095
"R2 (4 groups, m=10)",convex,12,SMAA,0.2872624609469597,0.6499270493864666
"R2 (4 groups, m=10)",convex,13,SMAA,0.12573133422622954,0.23727090757405014
"R2 (4 groups, m=10)",convex,14,SMAA,0.10570266193355353,0.20002398335714627
"R2 (4 groups, m=10)",convex,15,SMAA,0.46492120366794176,0.6388995170443582
"R2 (4 groups, m=10)",convex,16,SMAA,0.2893953560772601,0.38970411548365846
"R2 (4 groups, m=10)",convex,17,SMAA,0.3740725381111087,0.5327195519267737
"R2 (4 groups, m=10)",convex,18,SMAA,0.15090831987486963,0.20168769285224708
"R2 (4 groups, m=10)",convex,19,SMAA,0.445032382220043,0.6181388261503111
"R2 (4 groups, m=10)",convex,20,SMAA,0.2400387447057151,0.3274237565444194
"R2 (4 groups, m=10)",convex,21,SMAA,0.1673468697880286,0.32683638339499715
"R2 (4 groups, m=10)",convex,22,SMAA,0.32559655061630094,0.5034635952268801
"R2 (4 groups, m=10)",convex,23,SMAA,0.4989099866113627,0.6195278486551223
"R2 (4 groups, m=10)",convex,24,SMAA,0.34927468113763394,0.6072081361732408
"R2 (4 groups, m=10)",convex,25,SMAA,0.18859816884721511,0.4879738195316093
"R2 (4 groups, m=10)",convex,26,SMAA,0.6502149433299323,0.8903721417108493
"R2 (4 groups, m=10)",convex,27,SMAA,0.059636583926341226,0.16066442621325108
"R2 (4 groups, m=10)",convex,28,SMAA,0.4769364513444936,0.7350829319025005
"R2 (4 groups, m=10)",convex,29,SMAA,0.1341263870501984,0.2839034097293961
"R2 (4 groups, m=10)",convex,0,MMR,0.05118384759397689,0.13099507785088618
"R2 (4 groups, m=10)",convex,1,MMR,0.10375889588920818,0.22082761056001826
"R2 (4 groups, m=10)",convex,2,MMR,0.06768082588773189,0.19283770520558371
"R2 (4 groups, m=10)",convex,3,MMR,0.07363681726548499,0.1617163462521983
"R2 (4 groups, m=10)",convex,4,MMR,0.11796552763742206,0.18547864227712796
"R2 (4 groups, m=10)",convex,5,MMR,0.05964113187933776,0.1661936573241012
"R2 (4 groups, m=10)",convex,6,MMR,0.08241175174730493,0.21830031059724345
"R2 (4 groups, m=10)",convex,7,MMR,0.06602571992894339,0.18825697934468894
"R2 (4 groups, m=10)",convex,8,MMR,0.06287270076089078,0.19468084180823536
"R2 (4 groups, m=10)",convex,9,MMR,0.06316302431442845,0.18862783935032681
"R2 (4 groups, m=10)",convex,10,MMR,0.06892312257552714,0.17443266373876606
"R2 (4 groups, m=10)",convex,11,MMR,0.04862577044902421,0.19809488257466318
"R2 (4 groups, m=10)",convex,12,MMR,0.13637640182448574,0.2684078464258797
"R2 (4 groups, m=10)",convex,13,MMR,0.03954144354511131,0.14423696339837544
"R2 (4 groups, m=10)",convex,14,MMR,0.11424761913539201,0.19353083848157315
"R2 (4 groups, m=10)",convex,15,MMR,0.05985617564953296,0.14769122196183457
"R2 (4 groups, m=10)",convex,16,MMR,0.04528591864529283,0.16369896795275427
"R2 (4 groups, m=10)",convex,17,MMR,0.08434225304776315,0.20885059948317372
"R2 (4 groups, m=10)",convex,18,MMR,0.06130378231328378,0.184111190199275
"R2 (4 groups, m=10)",convex,19,MMR,0.07204770322056464,0.16498714561734001
"R2 (4 groups, m=10)",convex,20,MMR,0.10622803024748885,0.21153877726690334
"R2 (4 groups, m=10)",convex,21,MMR,0.050951265515839,0.20965028142628167
"R2 (4 groups, m=10)",convex,22,MMR,0.06078145078014832,0.19828260165608158
"R2 (4 groups, m=10)",convex,23,MMR,0.1194646315913872,0.18086347329371869
"R2 (4 groups, m=10)",convex,24,MMR,0.05122940426427603,0.13439114971741017
"R2 (4 groups, m=10)",convex,25,MMR,0.08662173240121791,0.1953569458435434
"R2 (4 groups, m=10)",convex,26,MMR,0.0946208572844246,0.20294104191142281
"R2 (4 groups, m=10)",convex,27,MMR,0.059636583926341226,0.16066442621325108
"R2 (4 groups, m=10)",convex,28,MMR,0.08623114073427253,0.18005704943265918
"R2 (4 groups, m=10)",convex,29,MMR,0.0397884694273787,0.13872484726538456
"R2 (4 groups, m=10)",convex,0,LexPR,0.05118384759397689,0.13099507785088618
"R2 (4 groups, m=10)",convex,1,LexPR,0.07380732574183003,0.19135184641962732
"R2 (4 groups, m=10)",convex,2,LexPR,0.04429565446937839,0.15970415584629474
"R2 (4 groups, m=10)",convex,3,LexPR,0.05503668692254362,0.20417413477731017
"R2 (4 groups, m=10)",convex,4,LexPR,0.11796552763742206,0.18547864227712796
"R2 (4 groups, m=10)",convex,5,LexPR,0.05964113187933776,0.1661936573241012
"R2 (4 groups, m=10)",convex,6,LexPR,0.07097523898939294,0.2113277849941878
"R2 (4 groups, m=10)",convex,7,LexPR,0.06602571992894339,0.18825697934468894
"R2 (4 groups, m=10)",convex,8,LexPR,0.06392654145501342,0.20059502292832726
"R2 (4 groups, m=10)",convex,9,LexPR,0.05879921401891744,0.16993856286462067
"R2 (4 groups, m=10)",convex,10,LexPR,0.07025554090465282,0.23647774164155083
"R2 (4 groups, m=10)",convex,11,LexPR,0.07619815231315069,0.17797140219345936
"R2 (4 groups, m=10)",convex,12,LexPR,0.05264193911587616,0.19080057900306366
"R2 (4 groups, m=10)",convex,13,LexPR,0.03954144354511131,0.14423696339837544
"R2 (4 groups, m=10)",convex,14,LexPR,0.06999775925325073,0.18244750108493588
"R2 (4 groups, m=10)",convex,15,LexPR,0.05664257472698872,0.2042428375243811
"R2 (4 groups, m=10)",convex,16,LexPR,0.04528591864529283,0.16369896795275427
"R2 (4 groups, m=10)",convex,17,LexPR,0.060870184290466985,0.17178498437635528
"R2 (4 groups, m=10)",convex,18,LexPR,0.06716992607535682,0.2087614363213508
"R2 (4 groups, m=10)",convex,19,LexPR,0.04920804430627568,0.23227534547862333
"R2 (4 groups, m=10)",convex,20,LexPR,0.056558185319495684,0.21822584845811674
"R2 (4 groups, m=10)",convex,21,LexPR,0.10664600325853828,0.19060868378912896
"R2 (4 groups, m=10)",convex,22,LexPR,0.05453410668841633,0.21481772994308435
"R2 (4 groups, m=10)",convex,23,LexPR,0.05809809307043714,0.19846228769434301
"R2 (4 groups, m=10)",convex,24,LexPR,0.05122940426427603,0.13439114971741017
"R2 (4 groups, m=10)",convex,25,LexPR,0.09626058959941042,0.23545532668482755
"R2 (4 groups, m=10)",convex,26,LexPR,0.053543046372787395,0.26370275803909654
"R2 (4 groups, m=10)",convex,27,LexPR,0.06619640876591935,0.19174400668293587
"R2 (4 groups, m=10)",convex,28,LexPR,0.06119019892514882,0.16253612937572065
"R2 (4 groups, m=10)",convex,29,LexPR,0.0397884694273787,0.13872484726538456
"R2 (4 groups, m=10)",convex,0,ReLexTail_0.02,0.05118384759397689,0.13099507785088618
"R2 (4 groups, m=10)",convex,1,ReLexTail_0.02,0.07380732574183003,0.19135184641962732
"R2 (4 groups, m=10)",convex,2,ReLexTail_0.02,0.04429565446937839,0.15970415584629474
"R2 (4 groups, m=10)",convex,3,ReLexTail_0.02,0.05503668692254362,0.20417413477731017
"R2 (4 groups, m=10)",convex,4,ReLexTail_0.02,0.11796552763742206,0.18547864227712796
"R2 (4 groups, m=10)",convex,5,ReLexTail_0.02,0.05964113187933776,0.1661936573241012
"R2 (4 groups, m=10)",convex,6,ReLexTail_0.02,0.12315351709873411,0.1888496958194729
"R2 (4 groups, m=10)",convex,7,ReLexTail_0.02,0.06602571992894339,0.18825697934468894
"R2 (4 groups, m=10)",convex,8,ReLexTail_0.02,0.06392654145501342,0.20059502292832726
"R2 (4 groups, m=10)",convex,9,ReLexTail_0.02,0.05879921401891744,0.16993856286462067
"R2 (4 groups, m=10)",convex,10,ReLexTail_0.02,0.04372450322071655,0.23214020220060255
"R2 (4 groups, m=10)",convex,11,ReLexTail_0.02,0.07619815231315069,0.17797140219345936
"R2 (4 groups, m=10)",convex,12,ReLexTail_0.02,0.05264193911587616,0.19080057900306366
"R2 (4 groups, m=10)",convex,13,ReLexTail_0.02,0.03954144354511131,0.14423696339837544
"R2 (4 groups, m=10)",convex,14,ReLexTail_0.02,0.06999775925325073,0.18244750108493588
"R2 (4 groups, m=10)",convex,15,ReLexTail_0.02,0.05985617564953296,0.14769122196183457
"R2 (4 groups, m=10)",convex,16,ReLexTail_0.02,0.04528591864529283,0.16369896795275427
"R2 (4 groups, m=10)",convex,17,ReLexTail_0.02,0.060870184290466985,0.17178498437635528
"R2 (4 groups, m=10)",convex,18,ReLexTail_0.02,0.10209232638620312,0.17253894142648576
"R2 (4 groups, m=10)",convex,19,ReLexTail_0.02,0.07204770322056464,0.16498714561734001
"R2 (4 groups, m=10)",convex,20,ReLexTail_0.02,0.056558185319495684,0.21822584845811674
"R2 (4 groups, m=10)",convex,21,ReLexTail_0.02,0.10664600325853828,0.19060868378912896
"R2 (4 groups, m=10)",convex,22,ReLexTail_0.02,0.072562448598415,0.17277069543118012
"R2 (4 groups, m=10)",convex,23,ReLexTail_0.02,0.05809809307043714,0.19846228769434301
"R2 (4 groups, m=10)",convex,24,ReLexTail_0.02,0.05122940426427603,0.13439114971741017
"R2 (4 groups, m=10)",convex,25,ReLexTail_0.02,0.08662173240121791,0.1953569458435434
"R2 (4 groups, m=10)",convex,26,ReLexTail_0.02,0.053543046372787395,0.26370275803909654
"R2 (4 groups, m=10)",convex,27,ReLexTail_0.02,0.06619640876591935,0.19174400668293587
"R2 (4 groups, m=10)",convex,28,ReLexTail_0.02,0.06119019892514882,0.16253612937572065
"R2 (4 groups, m=10)",convex,29,ReLexTail_0.02,0.0397884694273787,0.13872484726538456
"R2 (4 groups, m=10)",convex,0,ReLexTail_0.01,0.05118384759397689,0.13099507785088618
"R2 (4 groups, m=10)",convex,1,ReLexTail_0.01,0.07380732574183003,0.19135184641962732
"R2 (4 groups, m=10)",convex,2,ReLexTail_0.01,0.04429565446937839,0.15970415584629474
"R2 (4 groups, m=10)",convex,3,ReLexTail_0.01,0.05503668692254362,0.20417413477731017
"R2 (4 groups, m=10)",convex,4,ReLexTail_0.01,0.11796552763742206,0.18547864227712796
"R2 (4 groups, m=10)",convex,5,ReLexTail_0.01,0.05964113187933776,0.1661936573241012
"R2 (4 groups, m=10)",convex,6,ReLexTail_0.01,0.12315351709873411,0.1888496958194729
"R2 (4 groups, m=10)",convex,7,ReLexTail_0.01,0.06602571992894339,0.18825697934468894
"R2 (4 groups, m=10)",convex,8,ReLexTail_0.01,0.06392654145501342,0.20059502292832726
"R2 (4 groups, m=10)",convex,9,ReLexTail_0.01,0.05879921401891744,0.16993856286462067
"R2 (4 groups, m=10)",convex,10,ReLexTail_0.01,0.04372450322071655,0.23214020220060255
"R2 (4 groups, m=10)",convex,11,ReLexTail_0.01,0.07619815231315069,0.17797140219345936
"R2 (4 groups, m=10)",convex,12,ReLexTail_0.01,0.05264193911587616,0.19080057900306366
"R2 (4 groups, m=10)",convex,13,ReLexTail_0.01,0.03954144354511131,0.14423696339837544
"R2 (4 groups, m=10)",convex,14,ReLexTail_0.01,0.06999775925325073,0.18244750108493588
"R2 (4 groups, m=10)",convex,15,ReLexTail_0.01,0.05664257472698872,0.2042428375243811
"R2 (4 groups, m=10)",convex,16,ReLexTail_0.01,0.04528591864529283,0.16369896795275427
"R2 (4 groups, m=10)",convex,17,ReLexTail_0.01,0.060870184290466985,0.17178498437635528
"R2 (4 groups, m=10)",convex,18,ReLexTail_0.01,0.04132811514487195,0.1793232509265672
"R2 (4 groups, m=10)",convex,19,ReLexTail_0.01,0.07204770322056464,0.16498714561734001
"R2 (4 groups, m=10)",convex,20,ReLexTail_0.01,0.056558185319495684,0.21822584845811674
"R2 (4 groups, m=10)",convex,21,ReLexTail_0.01,0.10664600325853828,0.19060868378912896
"R2 (4 groups, m=10)",convex,22,ReLexTail_0.01,0.055450835033302004,0.21542067612741714
"R2 (4 groups, m=10)",convex,23,ReLexTail_0.01,0.05809809307043714,0.19846228769434301
"R2 (4 groups, m=10)",convex,24,ReLexTail_0.01,0.05122940426427603,0.13439114971741017
"R2 (4 groups, m=10)",convex,25,ReLexTail_0.01,0.06029130671716312,0.20936480138915678
"R2 (4 groups, m=10)",convex,26,ReLexTail_0.01,0.053543046372787395,0.26370275803909654
"R2 (4 groups, m=10)",convex,27,ReLexTail_0.01,0.06619640876591935,0.19174400668293587
"R2 (4 groups, m=10)",convex,28,ReLexTail_0.01,0.06119019892514882,0.16253612937572065
"R2 (4 groups, m=10)",convex,29,ReLexTail_0.01,0.0397884694273787,0.13872484726538456
"R2 (4 groups, m=10)",convex,0,ReLexTail_0.005,0.05118384759397689,0.13099507785088618
"R2 (4 groups, m=10)",convex,1,ReLexTail_0.005,0.07380732574183003,0.19135184641962732
"R2 (4 groups, m=10)",convex,2,ReLexTail_0.005,0.04429565446937839,0.15970415584629474
"R2 (4 groups, m=10)",convex,3,ReLexTail_0.005,0.05503668692254362,0.20417413477731017
"R2 (4 groups, m=10)",convex,4,ReLexTail_0.005,0.11796552763742206,0.18547864227712796
"R2 (4 groups, m=10)",convex,5,ReLexTail_0.005,0.05964113187933776,0.1661936573241012
"R2 (4 groups, m=10)",convex,6,ReLexTail_0.005,0.07097523898939294,0.2113277849941878
"R2 (4 groups, m=10)",convex,7,ReLexTail_0.005,0.06602571992894339,0.18825697934468894
"R2 (4 groups, m=10)",convex,8,ReLexTail_0.005,0.06392654145501342,0.20059502292832726
"R2 (4 groups, m=10)",convex,9,ReLexTail_0.005,0.05879921401891744,0.16993856286462067
"R2 (4 groups, m=10)",convex,10,ReLexTail_0.005,0.04372450322071655,0.23214020220060255
"R2 (4 groups, m=10)",convex,11,ReLexTail_0.005,0.07619815231315069,0.17797140219345936
"R2 (4 groups, m=10)",convex,12,ReLexTail_0.005,0.05264193911587616,0.19080057900306366
"R2 (4 groups, m=10)",convex,13,ReLexTail_0.005,0.03954144354511131,0.14423696339837544
"R2 (4 groups, m=10)",convex,14,ReLexTail_0.005,0.06999775925325073,0.18244750108493588
"R2 (4 groups, m=10)",convex,15,ReLexTail_0.005,0.05664257472698872,0.2042428375243811
"R2 (4 groups, m=10)",convex,16,ReLexTail_0.005,0.04528591864529283,0.16369896795275427
"R2 (4 groups, m=10)",convex,17,ReLexTail_0.005,0.060870184290466985,0.17178498437635528
"R2 (4 groups, m=10)",convex,18,ReLexTail_0.005,0.06716992607535682,0.2087614363213508
"R2 (4 groups, m=10)",convex,19,ReLexTail_0.005,0.04920804430627568,0.23227534547862333
"R2 (4 groups, m=10)",convex,20,ReLexTail_0.005,0.056558185319495684,0.21822584845811674
"R2 (4 groups, m=10)",convex,21,ReLexTail_0.005,0.10664600325853828,0.19060868378912896
"R2 (4 groups, m=10)",convex,22,ReLexTail_0.005,0.05453410668841633,0.21481772994308435
"R2 (4 groups, m=10)",convex,23,ReLexTail_0.005,0.05809809307043714,0.19846228769434301
"R2 (4 groups, m=10)",convex,24,ReLexTail_0.005,0.05122940426427603,0.13439114971741017
"R2 (4 groups, m=10)",convex,25,ReLexTail_0.005,0.09626058959941042,0.23545532668482755
"R2 (4 groups, m=10)",convex,26,ReLexTail_0.005,0.053543046372787395,0.26370275803909654
"R2 (4 groups, m=10)",convex,27,ReLexTail_0.005,0.06619640876591935,0.19174400668293587
"R2 (4 groups, m=10)",convex,28,ReLexTail_0.005,0.06119019892514882,0.16253612937572065
"R2 (4 groups, m=10)",convex,29,ReLexTail_0.005,0.0397884694273787,0.13872484726538456
"R3 (4 groups, m=12)",linear,0,TOPSIS,0.45232005695151556,0.5270003144401965
"R3 (4 groups, m=12)",linear,1,TOPSIS,0.45464556060967926,0.3384584719644152
"R3 (4 groups, m=12)",linear,2,TOPSIS,0.5175904427498733,0.4568252923594841
"R3 (4 groups, m=12)",linear,3,TOPSIS,0.2798376785266245,0.30637064080814685
"R3 (4 groups, m=12)",linear,4,TOPSIS,0.48118969466586786,0.4622024724219737
"R3 (4 groups, m=12)",linear,5,TOPSIS,0.5396134317051624,0.7357393162976861
"R3 (4 groups, m=12)",linear,6,TOPSIS,0.4266896576999402,0.33854790890934705
"R3 (4 groups, m=12)",linear,7,TOPSIS,0.5624603221045676,0.6172446700044107
"R3 (4 groups, m=12)",linear,8,TOPSIS,0.45982875158272757,0.5047892395145678
"R3 (4 groups, m=12)",linear,9,TOPSIS,0.47579828726306866,0.4067125842756768
"R3 (4 groups, m=12)",linear,10,TOPSIS,0.36519729652558874,0.34553659435666284
"R3 (4 groups, m=12)",linear,11,TOPSIS,0.39555476317171023,0.37512688775739617
"R3 (4 groups, m=12)",linear,12,TOPSIS,0.5695673226854504,0.6253134808830241
"R3 (4 groups, m=12)",linear,13,TOPSIS,0.3076945113325387,0.3175906156315317
"R3 (4 groups, m=12)",linear,14,TOPSIS,0.5498473165895593,0.5566810418624261
"R3 (4 groups, m=12)",linear,15,TOPSIS,0.4643545662662936,0.4720334743650617
"R3 (4 groups, m=12)",linear,16,TOPSIS,0.48470854426575744,0.47533406394285765
"R3 (4 groups, m=12)",linear,17,TOPSIS,0.397828714991001,0.4036700489091947
"R3 (4 groups, m=12)",linear,18,TOPSIS,0.40485477605243925,0.43524128521515243
"R3 (4 groups, m=12)",linear,19,TOPSIS,0.41191927109414217,0.3913285097985949
"R3 (4 groups, m=12)",linear,20,TOPSIS,0.3632766043294644,0.3847092772514539
"R3 (4 groups, m=12)",linear,21,TOPSIS,0.3883910040849485,0.41646727142092665
"R3 (4 groups, m=12)",linear,22,TOPSIS,0.2867845423422997,0.29184225742231884
"R3 (4 groups, m=12)",linear,23,TOPSIS,0.48343356224168876,0.4105697582211017
"R3 (4 groups, m=12)",linear,24,TOPSIS,0.38827004494167955,0.41134987967575587
"R3 (4 groups, m=12)",linear,25,TOPSIS,0.48218902299362987,0.4804134693579319
"R3 (4 groups, m=12)",linear,26,TOPSIS,0.41734023319065877,0.36697711397901833
"R3 (4 groups, m=12)",linear,27,TOPSIS,0.5084125751954955,0.5344371138917827
"R3 (4 groups, m=12)",linear,28,TOPSIS,0.37082574001031826,0.35992889433278397
"R3 (4 groups, m=12)",linear,29,TOPSIS,0.38786303282683376,0.35846685501524195
"R3 (4 groups, m=12)",linear,0,CP,0.2567399374997234,0.3589526414653377
"R3 (4 groups, m=12)",linear,1,CP,0.45464556060967926,0.3384584719644152
"R3 (4 groups, m=12)",linear,2,CP,0.5175904427498733,0.4568252923594841
"R3 (4 groups, m=12)",linear,3,CP,0.2798376785266245,0.30637064080814685
"R3 (4 groups, m=12)",linear,4,CP,0.4930604206195291,0.350388250093581
"R3 (4 groups, m=12)",linear,5,CP,0.29040128647710767,0.37360554558984715
"R3 (4 groups, m=12)",linear,6,CP,0.4266896576999402,0.33854790890934705
"R3 (4 groups, m=12)",linear,7,CP,0.5283029268328809,0.47574655376997455
"R3 (4 groups, m=12)",linear,8,CP,0.45982875158272757,0.5047892395145678
"R3 (4 groups, m=12)",linear,9,CP,0.47579828726306866,0.4067125842756768
"R3 (4 groups, m=12)",linear,10,CP,0.36519729652558874,0.34553659435666284
"R3 (4 groups, m=12)",linear,11,CP,0.39555476317171023,0.37512688775739617
"R3 (4 groups, m=12)",linear,12,CP,0.477312390149671,0.46306280324086596
"R3 (4 groups, m=12)",linear,13,CP,0.3076945113325387,0.3175906156315317
"R3 (4 groups, m=12)",linear,14,CP,0.338884790724402,0.3693922677906126
"R3 (4 groups, m=12)",linear,15,CP,0.4643545662662936,0.4720334743650617
"R3 (4 groups, m=12)",linear,16,CP,0.48470854426575744,0.47533406394285765
"R3 (4 groups, m=12)",linear,17,CP,0.397828714991001,0.4036700489091947
"R3 (4 groups, m=12)",linear,18,CP,0.40485477605243925,0.43524128521515243
"R3 (4 groups, m=12)",linear,19,CP,0.306913562629491,0.29713204584023617
"R3 (4 groups, m=12)",linear,20,CP,0.3632766043294644,0.3847092772514539
"R3 (4 groups, m=12)",linear,21,CP,0.47563013727672593,0.4430635783252281
"R3 (4 groups, m=12)",linear,22,CP,0.2867845423422997,0.29184225742231884
"R3 (4 groups, m=12)",linear,23,CP,0.48343356224168876,0.4105697582211017
"R3 (4 groups, m=12)",linear,24,CP,0.31453122031427294,0.3308469981772674
"R3 (4 groups, m=12)",linear,25,CP,0.48218902299362987,0.4804134693579319
"R3 (4 groups, m=12)",linear,26,CP,0.41734023319065877,0.36697711397901833
"R3 (4 groups, m=12)",linear,27,CP,0.5084125751954955,0.5344371138917827
"R3 (4 groups, m=12)",linear,28,CP,0.37082574001031826,0.35992889433278397
"R3 (4 groups, m=12)",linear,29,CP,0.38786303282683376,0.35846685501524195
"R3 (4 groups, m=12)",linear,0,Knee,0.2567399374997234,0.3589526414653377
"R3 (4 groups, m=12)",linear,1,Knee,0.45464556060967926,0.3384584719644152
"R3 (4 groups, m=12)",linear,2,Knee,0.47149820263416653,0.6951989678365583
"R3 (4 groups, m=12)",linear,3,Knee,0.2798376785266245,0.30637064080814685
"R3 (4 groups, m=12)",linear,4,Knee,0.4930604206195291,0.350388250093581
"R3 (4 groups, m=12)",linear,5,Knee,0.321250992124356,0.4464957568572285
"R3 (4 groups, m=12)",linear,6,Knee,0.4266896576999402,0.33854790890934705
"R3 (4 groups, m=12)",linear,7,Knee,0.5283029268328809,0.47574655376997455
"R3 (4 groups, m=12)",linear,8,Knee,0.45982875158272757,0.5047892395145678
"R3 (4 groups, m=12)",linear,9,Knee,0.47579828726306866,0.4067125842756768
"R3 (4 groups, m=12)",linear,10,Knee,0.36519729652558874,0.34553659435666284
"R3 (4 groups, m=12)",linear,11,Knee,0.39555476317171023,0.37512688775739617
"R3 (4 groups, m=12)",linear,12,Knee,0.477312390149671,0.46306280324086596
"R3 (4 groups, m=12)",linear,13,Knee,0.3615083286400207,0.6409062381128536
"R3 (4 groups, m=12)",linear,14,Knee,0.338884790724402,0.3693922677906126
"R3 (4 groups, m=12)",linear,15,Knee,0.31575479444831495,0.6776429828437112
"R3 (4 groups, m=12)",linear,16,Knee,0.48470854426575744,0.47533406394285765
"R3 (4 groups, m=12)",linear,17,Knee,0.397828714991001,0.4036700489091947
"R3 (4 groups, m=12)",linear,18,Knee,0.40485477605243925,0.43524128521515243
"R3 (4 groups, m=12)",linear,19,Knee,0.5015631880006242,0.7661141484582075
"R3 (4 groups, m=12)",linear,20,Knee,0.3632766043294644,0.3847092772514539
"R3 (4 groups, m=12)",linear,21,Knee,0.47563013727672593,0.4430635783252281
"R3 (4 groups, m=12)",linear,22,Knee,0.2867845423422997,0.29184225742231884
"R3 (4 groups, m=12)",linear,23,Knee,0.25909371818651555,0.635184010240516
"R3 (4 groups, m=12)",linear,24,Knee,0.35101049122565664,0.5839663998120845
"R3 (4 groups, m=12)",linear,25,Knee,0.48218902299362987,0.4804134693579319
"R3 (4 groups, m=12)",linear,26,Knee,0.41734023319065877,0.36697711397901833
"R3 (4 groups, m=12)",linear,27,Knee,0.5084125751954955,0.5344371138917827
"R3 (4 groups, m=12)",linear,28,Knee,0.37082574001031826,0.35992889433278397
"R3 (4 groups, m=12)",linear,29,Knee,0.38786303282683376,0.35846685501524195
"R3 (4 groups, m=12)",linear,0,WS,0.45232005695151556,0.5270003144401965
"R3 (4 groups, m=12)",linear,1,WS,0.45464556060967926,0.3384584719644152
"R3 (4 groups, m=12)",linear,2,WS,0.5175904427498733,0.4568252923594841
"R3 (4 groups, m=12)",linear,3,WS,0.34944257792517625,0.46271064918824106
"R3 (4 groups, m=12)",linear,4,WS,0.48118969466586786,0.4622024724219737
"R3 (4 groups, m=12)",linear,5,WS,0.5396134317051624,0.7357393162976861
"R3 (4 groups, m=12)",linear,6,WS,0.4266896576999402,0.33854790890934705
"R3 (4 groups, m=12)",linear,7,WS,0.5624603221045676,0.6172446700044107
"R3 (4 groups, m=12)",linear,8,WS,0.45982875158272757,0.5047892395145678
"R3 (4 groups, m=12)",linear,9,WS,0.5784278714247791,0.6750865790520686
"R3 (4 groups, m=12)",linear,10,WS,0.36519729652558874,0.34553659435666284
"R3 (4 groups, m=12)",linear,11,WS,0.39555476317171023,0.37512688775739617
"R3 (4 groups, m=12)",linear,12,WS,0.5695673226854504,0.6253134808830241
"R3 (4 groups, m=12)",linear,13,WS,0.5682065069675544,0.7901235920093809
"R3 (4 groups, m=12)",linear,14,WS,0.5498473165895593,0.5566810418624261
"R3 (4 groups, m=12)",linear,15,WS,0.5670579676508526,0.7125543146951583
"R3 (4 groups, m=12)",linear,16,WS,0.48470854426575744,0.47533406394285765
"R3 (4 groups, m=12)",linear,17,WS,0.397828714991001,0.4036700489091947
"R3 (4 groups, m=12)",linear,18,WS,0.40485477605243925,0.43524128521515243
"R3 (4 groups, m=12)",linear,19,WS,0.41191927109414217,0.3913285097985949
"R3 (4 groups, m=12)",linear,20,WS,0.3632766043294644,0.3847092772514539
"R3 (4 groups, m=12)",linear,21,WS,0.542660954283641,0.7846752176974345
"R3 (4 groups, m=12)",linear,22,WS,0.5397156885587029,0.7160181130926693
"R3 (4 groups, m=12)",linear,23,WS,0.48343356224168876,0.4105697582211017
"R3 (4 groups, m=12)",linear,24,WS,0.4829322275983971,0.61918861168666
"R3 (4 groups, m=12)",linear,25,WS,0.5782854257846023,0.8222999813126531
"R3 (4 groups, m=12)",linear,26,WS,0.5771553303545012,0.8035553589953324
"R3 (4 groups, m=12)",linear,27,WS,0.5084125751954955,0.5344371138917827
"R3 (4 groups, m=12)",linear,28,WS,0.5391400711937266,0.7232642193905426
"R3 (4 groups, m=12)",linear,29,WS,0.38786303282683376,0.35846685501524195
"R3 (4 groups, m=12)",linear,0,Leximax,0.2758895713520828,0.4182122524448725
"R3 (4 groups, m=12)",linear,1,Leximax,0.22365040072480402,0.4758560027498336
"R3 (4 groups, m=12)",linear,2,Leximax,0.22545172444491665,0.4001081690525832
"R3 (4 groups, m=12)",linear,3,Leximax,0.24499380785199468,0.4996075583862334
"R3 (4 groups, m=12)",linear,4,Leximax,0.2752800577323364,0.4401971235849953
"R3 (4 groups, m=12)",linear,5,Leximax,0.19352443293614963,0.47806895194048776
"R3 (4 groups, m=12)",linear,6,Leximax,0.29493033199011703,0.29488450328011273
"R3 (4 groups, m=12)",linear,7,Leximax,0.3699857572202209,0.40354072096914606
"R3 (4 groups, m=12)",linear,8,Leximax,0.19360335836963471,0.42951102422932164
"R3 (4 groups, m=12)",linear,9,Leximax,0.23629196785560633,0.3872851894495856
"R3 (4 groups, m=12)",linear,10,Leximax,0.21968841176173035,0.42701356194756906
"R3 (4 groups, m=12)",linear,11,Leximax,0.28099594867010996,0.28487175780602964
"R3 (4 groups, m=12)",linear,12,Leximax,0.27361535195787623,0.4172379329464726
"R3 (4 groups, m=12)",linear,13,Leximax,0.2718433572705372,0.4038956652843225
"R3 (4 groups, m=12)",linear,14,Leximax,0.31173876852557053,0.33096038713460774
"R3 (4 groups, m=12)",linear,15,Leximax,0.3016227712705472,0.3419437333577821
"R3 (4 groups, m=12)",linear,16,Leximax,0.23197698508759343,0.40342218464313717
"R3 (4 groups, m=12)",linear,17,Leximax,0.2493112800003662,0.47091342312657597
"R3 (4 groups, m=12)",linear,18,Leximax,0.2842609848894897,0.470270178845332
"R3 (4 groups, m=12)",linear,19,Leximax,0.3969299989381432,0.3558238541160516
"R3 (4 groups, m=12)",linear,20,Leximax,0.23277946491167179,0.4054620787570405
"R3 (4 groups, m=12)",linear,21,Leximax,0.1913311242164457,0.39750163606444516
"R3 (4 groups, m=12)",linear,22,Leximax,0.2867845423422997,0.29184225742231884
"R3 (4 groups, m=12)",linear,23,Leximax,0.259380417584594,0.4366746555519741
"R3 (4 groups, m=12)",linear,24,Leximax,0.25739462096628674,0.42896349470824
"R3 (4 groups, m=12)",linear,25,Leximax,0.22234749978933363,0.4201460116367528
"R3 (4 groups, m=12)",linear,26,Leximax,0.2880561183163724,0.43867095666100414
"R3 (4 groups, m=12)",linear,27,Leximax,0.2183016351449175,0.458785518502508
"R3 (4 groups, m=12)",linear,28,Leximax,0.37082574001031826,0.35992889433278397
"R3 (4 groups, m=12)",linear,29,Leximax,0.26544330806510325,0.35497557215181963
"R3 (4 groups, m=12)",linear,0,RW,0.45232005695151556,0.5270003144401965
"R3 (4 groups, m=12)",linear,1,RW,0.45464556060967926,0.3384584719644152
"R3 (4 groups, m=12)",linear,2,RW,0.44343177134860023,0.4072115478673682
"R3 (4 groups, m=12)",linear,3,RW,0.34944257792517625,0.46271064918824106
"R3 (4 groups, m=12)",linear,4,RW,0.4897077130519098,0.6042163798300679
"R3 (4 groups, m=12)",linear,5,RW,0.5396134317051624,0.7357393162976861
"R3 (4 groups, m=12)",linear,6,RW,0.4266896576999402,0.33854790890934705
"R3 (4 groups, m=12)",linear,7,RW,0.5624603221045676,0.6172446700044107
"R3 (4 groups, m=12)",linear,8,RW,0.45982875158272757,0.5047892395145678
"R3 (4 groups, m=12)",linear,9,RW,0.5784278714247791,0.6750865790520686
"R3 (4 groups, m=12)",linear,10,RW,0.507293620536433,0.5500128613386976
"R3 (4 groups, m=12)",linear,11,RW,0.39555476317171023,0.37512688775739617
"R3 (4 groups, m=12)",linear,12,RW,0.5695673226854504,0.6253134808830241
"R3 (4 groups, m=12)",linear,13,RW,0.5682065069675544,0.7901235920093809
"R3 (4 groups, m=12)",linear,14,RW,0.5498473165895593,0.5566810418624261
"R3 (4 groups, m=12)",linear,15,RW,0.5670579676508526,0.7125543146951583
"R3 (4 groups, m=12)",linear,16,RW,0.4915271142513628,0.5118063701708613
"R3 (4 groups, m=12)",linear,17,RW,0.397828714991001,0.4036700489091947
"R3 (4 groups, m=12)",linear,18,RW,0.40485477605243925,0.43524128521515243
"R3 (4 groups, m=12)",linear,19,RW,0.41191927109414217,0.3913285097985949
"R3 (4 groups, m=12)",linear,20,RW,0.40352469242219663,0.4735071087850952
"R3 (4 groups, m=12)",linear,21,RW,0.542660954283641,0.7846752176974345
"R3 (4 groups, m=12)",linear,22,RW,0.4132583980035915,0.590070200967373
"R3 (4 groups, m=12)",linear,23,RW,0.3937989851190731,0.35576663378764384
"R3 (4 groups, m=12)",linear,24,RW,0.4829322275983971,0.61918861168666
"R3 (4 groups, m=12)",linear,25,RW,0.5782854257846023,0.8222999813126531
"R3 (4 groups, m=12)",linear,26,RW,0.5771553303545012,0.8035553589953324
"R3 (4 groups, m=12)",linear,27,RW,0.39988656994200783,0.5630469539511315
"R3 (4 groups, m=12)",linear,28,RW,0.5391400711937266,0.7232642193905426
"R3 (4 groups, m=12)",linear,29,RW,0.38786303282683376,0.35846685501524195
"R3 (4 groups, m=12)",linear,0,ASF,0.31368515774250444,0.36762585246708696
"R3 (4 groups, m=12)",linear,1,ASF,0.2695102306238547,0.3512598903857907
"R3 (4 groups, m=12)",linear,2,ASF,0.25951834174147764,0.37098077845627153
"R3 (4 groups, m=12)",linear,3,ASF,0.2589412555286424,0.389603657009284
"R3 (4 groups, m=12)",linear,4,ASF,0.25175120309389326,0.3919408020814853
"R3 (4 groups, m=12)",linear,5,ASF,0.19352443293614963,0.47806895194048776
"R3 (4 groups, m=12)",linear,6,ASF,0.29493033199011703,0.29488450328011273
"R3 (4 groups, m=12)",linear,7,ASF,0.280098986167767,0.4674026327504952
"R3 (4 groups, m=12)",linear,8,ASF,0.27039364208020805,0.540185972046988
"R3 (4 groups, m=12)",linear,9,ASF,0.23629196785560633,0.3872851894495856
"R3 (4 groups, m=12)",linear,10,ASF,0.19508676900983,0.40321056138494354
"R3 (4 groups, m=12)",linear,11,ASF,0.28099594867010996,0.28487175780602964
"R3 (4 groups, m=12)",linear,12,ASF,0.20424958858689482,0.46060153051960606
"R3 (4 groups, m=12)",linear,13,ASF,0.24281366052999176,0.3894392045752085
"R3 (4 groups, m=12)",linear,14,ASF,0.31173876852557053,0.33096038713460774
"R3 (4 groups, m=12)",linear,15,ASF,0.2685666601722658,0.34233849838156893
"R3 (4 groups, m=12)",linear,16,ASF,0.23197698508759343,0.40342218464313717
"R3 (4 groups, m=12)",linear,17,ASF,0.23518641033820012,0.37566516910633974
"R3 (4 groups, m=12)",linear,18,ASF,0.22979671603003446,0.4317419369934675
"R3 (4 groups, m=12)",linear,19,ASF,0.306913562629491,0.29713204584023617
"R3 (4 groups, m=12)",linear,20,ASF,0.18990756195958958,0.40977311696729735
"R3 (4 groups, m=12)",linear,21,ASF,0.2250525433128008,0.43034292150593895
"R3 (4 groups, m=12)",linear,22,ASF,0.22030882327348697,0.4085460129273158
"R3 (4 groups, m=12)",linear,23,ASF,0.26688972103639924,0.2871352960670492
"R3 (4 groups, m=12)",linear,24,ASF,0.31628130498809204,0.36673066769372725
"R3 (4 groups, m=12)",linear,25,ASF,0.24564685510876805,0.39840567021792916
"R3 (4 groups, m=12)",linear,26,ASF,0.2545393829278266,0.32846678649766986
"R3 (4 groups, m=12)",linear,27,ASF,0.2567491746462495,0.4072267019212534
"R3 (4 groups, m=12)",linear,28,ASF,0.19043207550163324,0.4220358817292
"R3 (4 groups, m=12)",linear,29,ASF,0.26544330806510325,0.35497557215181963
"R3 (4 groups, m=12)",linear,0,SMAA,0.45232005695151556,0.5270003144401965
"R3 (4 groups, m=12)",linear,1,SMAA,0.45464556060967926,0.3384584719644152
"R3 (4 groups, m=12)",linear,2,SMAA,0.44343177134860023,0.4072115478673682
"R3 (4 groups, m=12)",linear,3,SMAA,0.34944257792517625,0.46271064918824106
"R3 (4 groups, m=12)",linear,4,SMAA,0.4897077130519098,0.6042163798300679
"R3 (4 groups, m=12)",linear,5,SMAA,0.5396134317051624,0.7357393162976861
"R3 (4 groups, m=12)",linear,6,SMAA,0.4266896576999402,0.33854790890934705
"R3 (4 groups, m=12)",linear,7,SMAA,0.5624603221045676,0.6172446700044107
"R3 (4 groups, m=12)",linear,8,SMAA,0.45982875158272757,0.5047892395145678
"R3 (4 groups, m=12)",linear,9,SMAA,0.5784278714247791,0.6750865790520686
"R3 (4 groups, m=12)",linear,10,SMAA,0.507293620536433,0.5500128613386976
"R3 (4 groups, m=12)",linear,11,SMAA,0.39555476317171023,0.37512688775739617
"R3 (4 groups, m=12)",linear,12,SMAA,0.5695673226854504,0.6253134808830241
"R3 (4 groups, m=12)",linear,13,SMAA,0.5682065069675544,0.7901235920093809
"R3 (4 groups, m=12)",linear,14,SMAA,0.5498473165895593,0.5566810418624261
"R3 (4 groups, m=12)",linear,15,SMAA,0.5670579676508526,0.7125543146951583
"R3 (4 groups, m=12)",linear,16,SMAA,0.48470854426575744,0.47533406394285765
"R3 (4 groups, m=12)",linear,17,SMAA,0.397828714991001,0.4036700489091947
"R3 (4 groups, m=12)",linear,18,SMAA,0.40485477605243925,0.43524128521515243
"R3 (4 groups, m=12)",linear,19,SMAA,0.41191927109414217,0.3913285097985949
"R3 (4 groups, m=12)",linear,20,SMAA,0.4701794891222808,0.6222197155420087
"R3 (4 groups, m=12)",linear,21,SMAA,0.542660954283641,0.7846752176974345
"R3 (4 groups, m=12)",linear,22,SMAA,0.5397156885587029,0.7160181130926693
"R3 (4 groups, m=12)",linear,23,SMAA,0.48343356224168876,0.4105697582211017
"R3 (4 groups, m=12)",linear,24,SMAA,0.4829322275983971,0.61918861168666
"R3 (4 groups, m=12)",linear,25,SMAA,0.5782854257846023,0.8222999813126531
"R3 (4 groups, m=12)",linear,26,SMAA,0.5771553303545012,0.8035553589953324
"R3 (4 groups, m=12)",linear,27,SMAA,0.39988656994200783,0.5630469539511315
"R3 (4 groups, m=12)",linear,28,SMAA,0.5391400711937266,0.7232642193905426
"R3 (4 groups, m=12)",linear,29,SMAA,0.38786303282683376,0.35846685501524195
"R3 (4 groups, m=12)",linear,0,MMR,0.26652045450602785,0.36018336150461133
"R3 (4 groups, m=12)",linear,1,MMR,0.45464556060967926,0.3384584719644152
"R3 (4 groups, m=12)",linear,2,MMR,0.44343177134860023,0.4072115478673682
"R3 (4 groups, m=12)",linear,3,MMR,0.2657854965920126,0.2996910494466109
"R3 (4 groups, m=12)",linear,4,MMR,0.3365154291211965,0.3968333999326082
"R3 (4 groups, m=12)",linear,5,MMR,0.3431451929515838,0.36870672494236834
"R3 (4 groups, m=12)",linear,6,MMR,0.4266896576999402,0.33854790890934705
"R3 (4 groups, m=12)",linear,7,MMR,0.29743965257681687,0.4253380680897947
"R3 (4 groups, m=12)",linear,8,MMR,0.29849247122750533,0.3418608213360877
"R3 (4 groups, m=12)",linear,9,MMR,0.2201212888711065,0.3660325518507343
"R3 (4 groups, m=12)",linear,10,MMR,0.36519729652558874,0.34553659435666284
"R3 (4 groups, m=12)",linear,11,MMR,0.4321364555293686,0.44429350746212937
"R3 (4 groups, m=12)",linear,12,MMR,0.3170163680863022,0.38301620269559455
"R3 (4 groups, m=12)",linear,13,MMR,0.3076945113325387,0.3175906156315317
"R3 (4 groups, m=12)",linear,14,MMR,0.23472834074145488,0.3716382932872329
"R3 (4 groups, m=12)",linear,15,MMR,0.3016227712705472,0.3419437333577821
"R3 (4 groups, m=12)",linear,16,MMR,0.23763849452098063,0.3706560157853805
"R3 (4 groups, m=12)",linear,17,MMR,0.23518641033820012,0.37566516910633974
"R3 (4 groups, m=12)",linear,18,MMR,0.30637139192057744,0.40264375866184765
"R3 (4 groups, m=12)",linear,19,MMR,0.306913562629491,0.29713204584023617
"R3 (4 groups, m=12)",linear,20,MMR,0.3632766043294644,0.3847092772514539
"R3 (4 groups, m=12)",linear,21,MMR,0.47563013727672593,0.4430635783252281
"R3 (4 groups, m=12)",linear,22,MMR,0.2867845423422997,0.29184225742231884
"R3 (4 groups, m=12)",linear,23,MMR,0.26688972103639924,0.2871352960670492
"R3 (4 groups, m=12)",linear,24,MMR,0.31453122031427294,0.3308469981772674
"R3 (4 groups, m=12)",linear,25,MMR,0.48218902299362987,0.4804134693579319
"R3 (4 groups, m=12)",linear,26,MMR,0.2545393829278266,0.32846678649766986
"R3 (4 groups, m=12)",linear,27,MMR,0.29514232450909594,0.4050009834534159
"R3 (4 groups, m=12)",linear,28,MMR,0.37082574001031826,0.35992889433278397
"R3 (4 groups, m=12)",linear,29,MMR,0.38786303282683376,0.35846685501524195
"R3 (4 groups, m=12)",linear,0,LexPR,0.31368515774250444,0.36762585246708696
"R3 (4 groups, m=12)",linear,1,LexPR,0.2695102306238547,0.3512598903857907
"R3 (4 groups, m=12)",linear,2,LexPR,0.25951834174147764,0.37098077845627153
"R3 (4 groups, m=12)",linear,3,LexPR,0.2589412555286424,0.389603657009284
"R3 (4 groups, m=12)",linear,4,LexPR,0.25175120309389326,0.3919408020814853
"R3 (4 groups, m=12)",linear,5,LexPR,0.19352443293614963,0.47806895194048776
"R3 (4 groups, m=12)",linear,6,LexPR,0.29493033199011703,0.29488450328011273
"R3 (4 groups, m=12)",linear,7,LexPR,0.280098986167767,0.4674026327504952
"R3 (4 groups, m=12)",linear,8,LexPR,0.206499546544664,0.44447521352755415
"R3 (4 groups, m=12)",linear,9,LexPR,0.23629196785560633,0.3872851894495856
"R3 (4 groups, m=12)",linear,10,LexPR,0.19508676900983,0.40321056138494354
"R3 (4 groups, m=12)",linear,11,LexPR,0.28099594867010996,0.28487175780602964
"R3 (4 groups, m=12)",linear,12,LexPR,0.20424958858689482,0.46060153051960606
"R3 (4 groups, m=12)",linear,13,LexPR,0.24281366052999176,0.3894392045752085
"R3 (4 groups, m=12)",linear,14,LexPR,0.31173876852557053,0.33096038713460774
"R3 (4 groups, m=12)",linear,15,LexPR,0.2685666601722658,0.34233849838156893
"R3 (4 groups, m=12)",linear,16,LexPR,0.23197698508759343,0.40342218464313717
"R3 (4 groups, m=12)",linear,17,LexPR,0.23518641033820012,0.37566516910633974
"R3 (4 groups, m=12)",linear,18,LexPR,0.22979671603003446,0.4317419369934675
"R3 (4 groups, m=12)",linear,19,LexPR,0.306913562629491,0.29713204584023617
"R3 (4 groups, m=12)",linear,20,LexPR,0.18990756195958958,0.40977311696729735
"R3 (4 groups, m=12)",linear,21,LexPR,0.2250525433128008,0.43034292150593895
"R3 (4 groups, m=12)",linear,22,LexPR,0.22030882327348697,0.4085460129273158
"R3 (4 groups, m=12)",linear,23,LexPR,0.26688972103639924,0.2871352960670492
"R3 (4 groups, m=12)",linear,24,LexPR,0.31628130498809204,0.36673066769372725
"R3 (4 groups, m=12)",linear,25,LexPR,0.24564685510876805,0.39840567021792916
"R3 (4 groups, m=12)",linear,26,LexPR,0.2545393829278266,0.32846678649766986
"R3 (4 groups, m=12)",linear,27,LexPR,0.2567491746462495,0.4072267019212534
"R3 (4 groups, m=12)",linear,28,LexPR,0.19043207550163324,0.4220358817292
"R3 (4 groups, m=12)",linear,29,LexPR,0.26544330806510325,0.35497557215181963
"R3 (4 groups, m=12)",linear,0,ReLexTail_0.02,0.31368515774250444,0.36762585246708696
"R3 (4 groups, m=12)",linear,1,ReLexTail_0.02,0.2695102306238547,0.3512598903857907
"R3 (4 groups, m=12)",linear,2,ReLexTail_0.02,0.25951834174147764,0.37098077845627153
"R3 (4 groups, m=12)",linear,3,ReLexTail_0.02,0.2798376785266245,0.30637064080814685
"R3 (4 groups, m=12)",linear,4,ReLexTail_0.02,0.25175120309389326,0.3919408020814853
"R3 (4 groups, m=12)",linear,5,ReLexTail_0.02,0.19352443293614963,0.47806895194048776
"R3 (4 groups, m=12)",linear,6,ReLexTail_0.02,0.29493033199011703,0.29488450328011273
"R3 (4 groups, m=12)",linear,7,ReLexTail_0.02,0.280098986167767,0.4674026327504952
"R3 (4 groups, m=12)",linear,8,ReLexTail_0.02,0.206499546544664,0.44447521352755415
"R3 (4 groups, m=12)",linear,9,ReLexTail_0.02,0.23629196785560633,0.3872851894495856
"R3 (4 groups, m=12)",linear,10,ReLexTail_0.02,0.19508676900983,0.40321056138494354
"R3 (4 groups, m=12)",linear,11,ReLexTail_0.02,0.28099594867010996,0.28487175780602964
"R3 (4 groups, m=12)",linear,12,ReLexTail_0.02,0.19747601620827895,0.44066732846056156
"R3 (4 groups, m=12)",linear,13,ReLexTail_0.02,0.30939371651715625,0.3026148751278532
"R3 (4 groups, m=12)",linear,14,ReLexTail_0.02,0.31173876852557053,0.33096038713460774
"R3 (4 groups, m=12)",linear,15,ReLexTail_0.02,0.3016227712705472,0.3419437333577821
"R3 (4 groups, m=12)",linear,16,ReLexTail_0.02,0.23763849452098063,0.3706560157853805
"R3 (4 groups, m=12)",linear,17,ReLexTail_0.02,0.23518641033820012,0.37566516910633974
"R3 (4 groups, m=12)",linear,18,ReLexTail_0.02,0.22979671603003446,0.4317419369934675
"R3 (4 groups, m=12)",linear,19,ReLexTail_0.02,0.306913562629491,0.29713204584023617
"R3 (4 groups, m=12)",linear,20,ReLexTail_0.02,0.18990756195958958,0.40977311696729735
"R3 (4 groups, m=12)",linear,21,ReLexTail_0.02,0.1971036679970545,0.4106565978329323
"R3 (4 groups, m=12)",linear,22,ReLexTail_0.02,0.2867845423422997,0.29184225742231884
"R3 (4 groups, m=12)",linear,23,ReLexTail_0.02,0.26688972103639924,0.2871352960670492
"R3 (4 groups, m=12)",linear,24,ReLexTail_0.02,0.31628130498809204,0.36673066769372725
"R3 (4 groups, m=12)",linear,25,ReLexTail_0.02,0.24564685510876805,0.39840567021792916
"R3 (4 groups, m=12)",linear,26,ReLexTail_0.02,0.2545393829278266,0.32846678649766986
"R3 (4 groups, m=12)",linear,27,ReLexTail_0.02,0.2567491746462495,0.4072267019212534
"R3 (4 groups, m=12)",linear,28,ReLexTail_0.02,0.19043207550163324,0.4220358817292
"R3 (4 groups, m=12)",linear,29,ReLexTail_0.02,0.26544330806510325,0.35497557215181963
"R3 (4 groups, m=12)",linear,0,ReLexTail_0.01,0.31368515774250444,0.36762585246708696
"R3 (4 groups, m=12)",linear,1,ReLexTail_0.01,0.2695102306238547,0.3512598903857907
"R3 (4 groups, m=12)",linear,2,ReLexTail_0.01,0.25951834174147764,0.37098077845627153
"R3 (4 groups, m=12)",linear,3,ReLexTail_0.01,0.2798376785266245,0.30637064080814685
"R3 (4 groups, m=12)",linear,4,ReLexTail_0.01,0.25175120309389326,0.3919408020814853
"R3 (4 groups, m=12)",linear,5,ReLexTail_0.01,0.19352443293614963,0.47806895194048776
"R3 (4 groups, m=12)",linear,6,ReLexTail_0.01,0.29493033199011703,0.29488450328011273
"R3 (4 groups, m=12)",linear,7,ReLexTail_0.01,0.280098986167767,0.4674026327504952
"R3 (4 groups, m=12)",linear,8,ReLexTail_0.01,0.206499546544664,0.44447521352755415
"R3 (4 groups, m=12)",linear,9,ReLexTail_0.01,0.23629196785560633,0.3872851894495856
"R3 (4 groups, m=12)",linear,10,ReLexTail_0.01,0.19508676900983,0.40321056138494354
"R3 (4 groups, m=12)",linear,11,ReLexTail_0.01,0.28099594867010996,0.28487175780602964
"R3 (4 groups, m=12)",linear,12,ReLexTail_0.01,0.20424958858689482,0.46060153051960606
"R3 (4 groups, m=12)",linear,13,ReLexTail_0.01,0.30939371651715625,0.3026148751278532
"R3 (4 groups, m=12)",linear,14,ReLexTail_0.01,0.31173876852557053,0.33096038713460774
"R3 (4 groups, m=12)",linear,15,ReLexTail_0.01,0.3016227712705472,0.3419437333577821
"R3 (4 groups, m=12)",linear,16,ReLexTail_0.01,0.23197698508759343,0.40342218464313717
"R3 (4 groups, m=12)",linear,17,ReLexTail_0.01,0.23518641033820012,0.37566516910633974
"R3 (4 groups, m=12)",linear,18,ReLexTail_0.01,0.22979671603003446,0.4317419369934675
"R3 (4 groups, m=12)",linear,19,ReLexTail_0.01,0.306913562629491,0.29713204584023617
"R3 (4 groups, m=12)",linear,20,ReLexTail_0.01,0.18990756195958958,0.40977311696729735
"R3 (4 groups, m=12)",linear,21,ReLexTail_0.01,0.1971036679970545,0.4106565978329323
"R3 (4 groups, m=12)",linear,22,ReLexTail_0.01,0.22030882327348697,0.4085460129273158
"R3 (4 groups, m=12)",linear,23,ReLexTail_0.01,0.26688972103639924,0.2871352960670492
"R3 (4 groups, m=12)",linear,24,ReLexTail_0.01,0.31628130498809204,0.36673066769372725
"R3 (4 groups, m=12)",linear,25,ReLexTail_0.01,0.24564685510876805,0.39840567021792916
"R3 (4 groups, m=12)",linear,26,ReLexTail_0.01,0.2545393829278266,0.32846678649766986
"R3 (4 groups, m=12)",linear,27,ReLexTail_0.01,0.2567491746462495,0.4072267019212534
"R3 (4 groups, m=12)",linear,28,ReLexTail_0.01,0.19043207550163324,0.4220358817292
"R3 (4 groups, m=12)",linear,29,ReLexTail_0.01,0.26544330806510325,0.35497557215181963
"R3 (4 groups, m=12)",linear,0,ReLexTail_0.005,0.31368515774250444,0.36762585246708696
"R3 (4 groups, m=12)",linear,1,ReLexTail_0.005,0.2695102306238547,0.3512598903857907
"R3 (4 groups, m=12)",linear,2,ReLexTail_0.005,0.25951834174147764,0.37098077845627153
"R3 (4 groups, m=12)",linear,3,ReLexTail_0.005,0.2589412555286424,0.389603657009284
"R3 (4 groups, m=12)",linear,4,ReLexTail_0.005,0.25175120309389326,0.3919408020814853
"R3 (4 groups, m=12)",linear,5,ReLexTail_0.005,0.19352443293614963,0.47806895194048776
"R3 (4 groups, m=12)",linear,6,ReLexTail_0.005,0.29493033199011703,0.29488450328011273
"R3 (4 groups, m=12)",linear,7,ReLexTail_0.005,0.280098986167767,0.4674026327504952
"R3 (4 groups, m=12)",linear,8,ReLexTail_0.005,0.206499546544664,0.44447521352755415
"R3 (4 groups, m=12)",linear,9,ReLexTail_0.005,0.23629196785560633,0.3872851894495856
"R3 (4 groups, m=12)",linear,10,ReLexTail_0.005,0.19508676900983,0.40321056138494354
"R3 (4 groups, m=12)",linear,11,ReLexTail_0.005,0.28099594867010996,0.28487175780602964
"R3 (4 groups, m=12)",linear,12,ReLexTail_0.005,0.20424958858689482,0.46060153051960606
"R3 (4 groups, m=12)",linear,13,ReLexTail_0.005,0.24281366052999176,0.3894392045752085
"R3 (4 groups, m=12)",linear,14,ReLexTail_0.005,0.31173876852557053,0.33096038713460774
"R3 (4 groups, m=12)",linear,15,ReLexTail_0.005,0.2685666601722658,0.34233849838156893
"R3 (4 groups, m=12)",linear,16,ReLexTail_0.005,0.23197698508759343,0.40342218464313717
"R3 (4 groups, m=12)",linear,17,ReLexTail_0.005,0.23518641033820012,0.37566516910633974
"R3 (4 groups, m=12)",linear,18,ReLexTail_0.005,0.22979671603003446,0.4317419369934675
"R3 (4 groups, m=12)",linear,19,ReLexTail_0.005,0.306913562629491,0.29713204584023617
"R3 (4 groups, m=12)",linear,20,ReLexTail_0.005,0.18990756195958958,0.40977311696729735
"R3 (4 groups, m=12)",linear,21,ReLexTail_0.005,0.2250525433128008,0.43034292150593895
"R3 (4 groups, m=12)",linear,22,ReLexTail_0.005,0.22030882327348697,0.4085460129273158
"R3 (4 groups, m=12)",linear,23,ReLexTail_0.005,0.26688972103639924,0.2871352960670492
"R3 (4 groups, m=12)",linear,24,ReLexTail_0.005,0.31628130498809204,0.36673066769372725
"R3 (4 groups, m=12)",linear,25,ReLexTail_0.005,0.24564685510876805,0.39840567021792916
"R3 (4 groups, m=12)",linear,26,ReLexTail_0.005,0.2545393829278266,0.32846678649766986
"R3 (4 groups, m=12)",linear,27,ReLexTail_0.005,0.2567491746462495,0.4072267019212534
"R3 (4 groups, m=12)",linear,28,ReLexTail_0.005,0.19043207550163324,0.4220358817292
"R3 (4 groups, m=12)",linear,29,ReLexTail_0.005,0.26544330806510325,0.35497557215181963
"R3 (4 groups, m=12)",concave,0,TOPSIS,0.515475754735322,0.7643114452161915
"R3 (4 groups, m=12)",concave,1,TOPSIS,0.5943093846583097,0.6685424821868158
"R3 (4 groups, m=12)",concave,2,TOPSIS,0.47552041836656267,0.6741376329836115
"R3 (4 groups, m=12)",concave,3,TOPSIS,0.49104116837930384,0.5528941699050155
"R3 (4 groups, m=12)",concave,4,TOPSIS,0.43216735164177855,0.6548040486049699
"R3 (4 groups, m=12)",concave,5,TOPSIS,0.5097654964111537,0.6445329326453719
"R3 (4 groups, m=12)",concave,6,TOPSIS,0.5987216864990279,0.8272266397966817
"R3 (4 groups, m=12)",concave,7,TOPSIS,0.507747093568984,0.5797404721831636
"R3 (4 groups, m=12)",concave,8,TOPSIS,0.5461510466713856,0.6596870749906139
"R3 (4 groups, m=12)",concave,9,TOPSIS,0.5012474924678033,0.8746332749558503
"R3 (4 groups, m=12)",concave,10,TOPSIS,0.5410353726713503,0.503985559211387
"R3 (4 groups, m=12)",concave,11,TOPSIS,0.5105314590872023,0.6396304858953958
"R3 (4 groups, m=12)",concave,12,TOPSIS,0.5569769506200027,0.8489455692348518
"R3 (4 groups, m=12)",concave,13,TOPSIS,0.5232290991227032,0.7184979054383617
"R3 (4 groups, m=12)",concave,14,TOPSIS,0.4027366406101334,0.726506364566919
"R3 (4 groups, m=12)",concave,15,TOPSIS,0.6008461918082799,0.6757856301005118
"R3 (4 groups, m=12)",concave,16,TOPSIS,0.49933435923973873,0.8227364715604538
"R3 (4 groups, m=12)",concave,17,TOPSIS,0.48115969902537614,0.6120667976585777
"R3 (4 groups, m=12)",concave,18,TOPSIS,0.4443443683493242,0.7675109026112725
"R3 (4 groups, m=12)",concave,19,TOPSIS,0.4903797895193652,0.48861308171258017
"R3 (4 groups, m=12)",concave,20,TOPSIS,0.45502226174041577,0.7212175750178246
"R3 (4 groups, m=12)",concave,21,TOPSIS,0.573194656816599,0.701953720443617
"R3 (4 groups, m=12)",concave,22,TOPSIS,0.5544514321233907,0.6286708930205497
"R3 (4 groups, m=12)",concave,23,TOPSIS,0.5078616073520354,0.7775135798523615
"R3 (4 groups, m=12)",concave,24,TOPSIS,0.46565669862327397,0.6013270144454244
"R3 (4 groups, m=12)",concave,25,TOPSIS,0.33069901635348437,0.8902505680258676
"R3 (4 groups, m=12)",concave,26,TOPSIS,0.4314279965102443,0.5852568262735389
"R3 (4 groups, m=12)",concave,27,TOPSIS,0.4908378377775253,0.6351513701365156
"R3 (4 groups, m=12)",concave,28,TOPSIS,0.528346922567943,0.839355644388924
"R3 (4 groups, m=12)",concave,29,TOPSIS,0.5193020224882964,0.44863407630733465
"R3 (4 groups, m=12)",concave,0,CP,0.45969088042128275,0.7668927835739064
"R3 (4 groups, m=12)",concave,1,CP,0.5795263728998393,0.6701900058791086
"R3 (4 groups, m=12)",concave,2,CP,0.47552041836656267,0.6741376329836115
"R3 (4 groups, m=12)",concave,3,CP,0.49104116837930384,0.5528941699050155
"R3 (4 groups, m=12)",concave,4,CP,0.43216735164177855,0.6548040486049699
"R3 (4 groups, m=12)",concave,5,CP,0.5097654964111537,0.6445329326453719
"R3 (4 groups, m=12)",concave,6,CP,0.6153926742065782,0.6020910936095477
"R3 (4 groups, m=12)",concave,7,CP,0.507747093568984,0.5797404721831636
"R3 (4 groups, m=12)",concave,8,CP,0.5461510466713856,0.6596870749906139
"R3 (4 groups, m=12)",concave,9,CP,0.52034055162594,0.6912000478980819
"R3 (4 groups, m=12)",concave,10,CP,0.5410353726713503,0.503985559211387
"R3 (4 groups, m=12)",concave,11,CP,0.5105314590872023,0.6396304858953958
"R3 (4 groups, m=12)",concave,12,CP,0.5569769506200027,0.8489455692348518
"R3 (4 groups, m=12)",concave,13,CP,0.5232290991227032,0.7184979054383617
"R3 (4 groups, m=12)",concave,14,CP,0.4027366406101334,0.726506364566919
"R3 (4 groups, m=12)",concave,15,CP,0.591301126270393,0.6546952507331822
"R3 (4 groups, m=12)",concave,16,CP,0.5072482457393788,0.5803874905767178
"R3 (4 groups, m=12)",concave,17,CP,0.48115969902537614,0.6120667976585777
"R3 (4 groups, m=12)",concave,18,CP,0.4443443683493242,0.7675109026112725
"R3 (4 groups, m=12)",concave,19,CP,0.4903797895193652,0.48861308171258017
"R3 (4 groups, m=12)",concave,20,CP,0.45502226174041577,0.7212175750178246
"R3 (4 groups, m=12)",concave,21,CP,0.573194656816599,0.701953720443617
"R3 (4 groups, m=12)",concave,22,CP,0.5544514321233907,0.6286708930205497
"R3 (4 groups, m=12)",concave,23,CP,0.44849638203186243,0.6508746940526079
"R3 (4 groups, m=12)",concave,24,CP,0.46565669862327397,0.6013270144454244
"R3 (4 groups, m=12)",concave,25,CP,0.49324761069384443,0.5907075926226187
"R3 (4 groups, m=12)",concave,26,CP,0.4314279965102443,0.5852568262735389
"R3 (4 groups, m=12)",concave,27,CP,0.4098772728158116,0.702596827153217
"R3 (4 groups, m=12)",concave,28,CP,0.5467474609179028,0.5033156283639264
"R3 (4 groups, m=12)",concave,29,CP,0.5193020224882964,0.44863407630733465
"R3 (4 groups, m=12)",concave,0,Knee,0.45969088042128275,0.7668927835739064
"R3 (4 groups, m=12)",concave,1,Knee,0.5795263728998393,0.6701900058791086
"R3 (4 groups, m=12)",concave,2,Knee,0.47552041836656267,0.6741376329836115
"R3 (4 groups, m=12)",concave,3,Knee,0.49104116837930384,0.5528941699050155
"R3 (4 groups, m=12)",concave,4,Knee,0.43216735164177855,0.6548040486049699
"R3 (4 groups, m=12)",concave,5,Knee,0.5097654964111537,0.6445329326453719
"R3 (4 groups, m=12)",concave,6,Knee,0.6153926742065782,0.6020910936095477
"R3 (4 groups, m=12)",concave,7,Knee,0.507747093568984,0.5797404721831636
"R3 (4 groups, m=12)",concave,8,Knee,0.5461510466713856,0.6596870749906139
"R3 (4 groups, m=12)",concave,9,Knee,0.52034055162594,0.6912000478980819
"R3 (4 groups, m=12)",concave,10,Knee,0.5410353726713503,0.503985559211387
"R3 (4 groups, m=12)",concave,11,Knee,0.522607904990737,0.7104706471160207
"R3 (4 groups, m=12)",concave,12,Knee,0.5569769506200027,0.8489455692348518
"R3 (4 groups, m=12)",concave,13,Knee,0.5232290991227032,0.7184979054383617
"R3 (4 groups, m=12)",concave,14,Knee,0.4027366406101334,0.726506364566919
"R3 (4 groups, m=12)",concave,15,Knee,0.591301126270393,0.6546952507331822
"R3 (4 groups, m=12)",concave,16,Knee,0.5072482457393788,0.5803874905767178
"R3 (4 groups, m=12)",concave,17,Knee,0.48115969902537614,0.6120667976585777
"R3 (4 groups, m=12)",concave,18,Knee,0.4443443683493242,0.7675109026112725
"R3 (4 groups, m=12)",concave,19,Knee,0.4903797895193652,0.48861308171258017
"R3 (4 groups, m=12)",concave,20,Knee,0.45502226174041577,0.7212175750178246
"R3 (4 groups, m=12)",concave,21,Knee,0.573194656816599,0.701953720443617
"R3 (4 groups, m=12)",concave,22,Knee,0.5544514321233907,0.6286708930205497
"R3 (4 groups, m=12)",concave,23,Knee,0.44849638203186243,0.6508746940526079
"R3 (4 groups, m=12)",concave,24,Knee,0.46565669862327397,0.6013270144454244
"R3 (4 groups, m=12)",concave,25,Knee,0.5680528002506425,0.6593241816288905
"R3 (4 groups, m=12)",concave,26,Knee,0.4314279965102443,0.5852568262735389
"R3 (4 groups, m=12)",concave,27,Knee,0.4098772728158116,0.702596827153217
"R3 (4 groups, m=12)",concave,28,Knee,0.5467474609179028,0.5033156283639264
"R3 (4 groups, m=12)",concave,29,Knee,0.4784428120935941,0.6985215506124602
"R3 (4 groups, m=12)",concave,0,WS,0.515475754735322,0.7643114452161915
"R3 (4 groups, m=12)",concave,1,WS,0.5931887246990716,0.8883889979826538
"R3 (4 groups, m=12)",concave,2,WS,0.47552041836656267,0.6741376329836115
"R3 (4 groups, m=12)",concave,3,WS,0.49104116837930384,0.5528941699050155
"R3 (4 groups, m=12)",concave,4,WS,0.43216735164177855,0.6548040486049699
"R3 (4 groups, m=12)",concave,5,WS,0.5097654964111537,0.6445329326453719
"R3 (4 groups, m=12)",concave,6,WS,0.5987216864990279,0.8272266397966817
"R3 (4 groups, m=12)",concave,7,WS,0.5113284346019131,0.7750021922123693
"R3 (4 groups, m=12)",concave,8,WS,0.5461510466713856,0.6596870749906139
"R3 (4 groups, m=12)",concave,9,WS,0.5012474924678033,0.8746332749558503
"R3 (4 groups, m=12)",concave,10,WS,0.5410353726713503,0.503985559211387
"R3 (4 groups, m=12)",concave,11,WS,0.5105314590872023,0.6396304858953958
"R3 (4 groups, m=12)",concave,12,WS,0.5569769506200027,0.8489455692348518
"R3 (4 groups, m=12)",concave,13,WS,0.5232290991227032,0.7184979054383617
"R3 (4 groups, m=12)",concave,14,WS,0.4027366406101334,0.726506364566919
"R3 (4 groups, m=12)",concave,15,WS,0.6008461918082799,0.6757856301005118
"R3 (4 groups, m=12)",concave,16,WS,0.49933435923973873,0.8227364715604538
"R3 (4 groups, m=12)",concave,17,WS,0.4763857480858897,0.6602666092668331
"R3 (4 groups, m=12)",concave,18,WS,0.4443443683493242,0.7675109026112725
"R3 (4 groups, m=12)",concave,19,WS,0.4903797895193652,0.48861308171258017
"R3 (4 groups, m=12)",concave,20,WS,0.45502226174041577,0.7212175750178246
"R3 (4 groups, m=12)",concave,21,WS,0.573194656816599,0.701953720443617
"R3 (4 groups, m=12)",concave,22,WS,0.5692320540010908,0.9089567769461128
"R3 (4 groups, m=12)",concave,23,WS,0.5078616073520354,0.7775135798523615
"R3 (4 groups, m=12)",concave,24,WS,0.46565669862327397,0.6013270144454244
"R3 (4 groups, m=12)",concave,25,WS,0.33069901635348437,0.8902505680258676
"R3 (4 groups, m=12)",concave,26,WS,0.4314279965102443,0.5852568262735389
"R3 (4 groups, m=12)",concave,27,WS,0.4908378377775253,0.6351513701365156
"R3 (4 groups, m=12)",concave,28,WS,0.528346922567943,0.839355644388924
"R3 (4 groups, m=12)",concave,29,WS,0.5193020224882964,0.44863407630733465
"R3 (4 groups, m=12)",concave,0,Leximax,0.495653221282917,0.5400742539082317
"R3 (4 groups, m=12)",concave,1,Leximax,0.48415514702218676,0.6466333227501129
"R3 (4 groups, m=12)",concave,2,Leximax,0.4712791363870988,0.6348487051936177
"R3 (4 groups, m=12)",concave,3,Leximax,0.5470006647690306,0.5085162397216227
"R3 (4 groups, m=12)",concave,4,Leximax,0.4561593463148416,0.6666537598055334
"R3 (4 groups, m=12)",concave,5,Leximax,0.472225594604926,0.6564017889694311
"R3 (4 groups, m=12)",concave,6,Leximax,0.4905860240094359,0.6787386462816578
"R3 (4 groups, m=12)",concave,7,Leximax,0.4914888050610424,0.5860375448557696
"R3 (4 groups, m=12)",concave,8,Leximax,0.4927077580737365,0.7228616807231236
"R3 (4 groups, m=12)",concave,9,Leximax,0.5059734533073516,0.5618685315168851
"R3 (4 groups, m=12)",concave,10,Leximax,0.518800502028583,0.6194449972373499
"R3 (4 groups, m=12)",concave,11,Leximax,0.49667384419232025,0.5338834984781126
"R3 (4 groups, m=12)",concave,12,Leximax,0.5192175767240057,0.545855609431999
"R3 (4 groups, m=12)",concave,13,Leximax,0.4811203925508675,0.5678704296401998
"R3 (4 groups, m=12)",concave,14,Leximax,0.45167861815184146,0.6774939883730773
"R3 (4 groups, m=12)",concave,15,Leximax,0.49518277601571586,0.6722624572151776
"R3 (4 groups, m=12)",concave,16,Leximax,0.5215651573563402,0.5540769770782714
"R3 (4 groups, m=12)",concave,17,Leximax,0.47285114666559386,0.6175139230717787
"R3 (4 groups, m=12)",concave,18,Leximax,0.5393765440884605,0.59537106381565
"R3 (4 groups, m=12)",concave,19,Leximax,0.49182362456040624,0.6605188942921485
"R3 (4 groups, m=12)",concave,20,Leximax,0.44771535564559056,0.6113737746028882
"R3 (4 groups, m=12)",concave,21,Leximax,0.5074636698521791,0.62453541578077
"R3 (4 groups, m=12)",concave,22,Leximax,0.5370180792573523,0.5314217863571966
"R3 (4 groups, m=12)",concave,23,Leximax,0.5048256364122213,0.5334599871887777
"R3 (4 groups, m=12)",concave,24,Leximax,0.4920675161655981,0.7141926592552074
"R3 (4 groups, m=12)",concave,25,Leximax,0.47708904791105783,0.6142300114996847
"R3 (4 groups, m=12)",concave,26,Leximax,0.46307937063737703,0.4673840731110139
"R3 (4 groups, m=12)",concave,27,Leximax,0.4755680853650022,0.6624637801009844
"R3 (4 groups, m=12)",concave,28,Leximax,0.46866347888402055,0.6753858777386446
"R3 (4 groups, m=12)",concave,29,Leximax,0.5193020224882964,0.44863407630733465
"R3 (4 groups, m=12)",concave,0,RW,0.515475754735322,0.7643114452161915
"R3 (4 groups, m=12)",concave,1,RW,0.5931887246990716,0.8883889979826538
"R3 (4 groups, m=12)",concave,2,RW,0.47552041836656267,0.6741376329836115
"R3 (4 groups, m=12)",concave,3,RW,0.49104116837930384,0.5528941699050155
"R3 (4 groups, m=12)",concave,4,RW,0.43216735164177855,0.6548040486049699
"R3 (4 groups, m=12)",concave,5,RW,0.4902908873164269,0.8500020225016257
"R3 (4 groups, m=12)",concave,6,RW,0.5987216864990279,0.8272266397966817
"R3 (4 groups, m=12)",concave,7,RW,0.5113284346019131,0.7750021922123693
"R3 (4 groups, m=12)",concave,8,RW,0.5461510466713856,0.6596870749906139
"R3 (4 groups, m=12)",concave,9,RW,0.5012474924678033,0.8746332749558503
"R3 (4 groups, m=12)",concave,10,RW,0.5410353726713503,0.503985559211387
"R3 (4 groups, m=12)",concave,11,RW,0.5105314590872023,0.6396304858953958
"R3 (4 groups, m=12)",concave,12,RW,0.5426347625050686,0.8167329606861831
"R3 (4 groups, m=12)",concave,13,RW,0.513289427172046,0.7584695689551462
"R3 (4 groups, m=12)",concave,14,RW,0.4027366406101334,0.726506364566919
"R3 (4 groups, m=12)",concave,15,RW,0.6008461918082799,0.6757856301005118
"R3 (4 groups, m=12)",concave,16,RW,0.49933435923973873,0.8227364715604538
"R3 (4 groups, m=12)",concave,17,RW,0.4763857480858897,0.6602666092668331
"R3 (4 groups, m=12)",concave,18,RW,0.4443443683493242,0.7675109026112725
"R3 (4 groups, m=12)",concave,19,RW,0.4903797895193652,0.48861308171258017
"R3 (4 groups, m=12)",concave,20,RW,0.45502226174041577,0.7212175750178246
"R3 (4 groups, m=12)",concave,21,RW,0.573194656816599,0.701953720443617
"R3 (4 groups, m=12)",concave,22,RW,0.5692320540010908,0.9089567769461128
"R3 (4 groups, m=12)",concave,23,RW,0.5078616073520354,0.7775135798523615
"R3 (4 groups, m=12)",concave,24,RW,0.46565669862327397,0.6013270144454244
"R3 (4 groups, m=12)",concave,25,RW,0.33069901635348437,0.8902505680258676
"R3 (4 groups, m=12)",concave,26,RW,0.4314279965102443,0.5852568262735389
"R3 (4 groups, m=12)",concave,27,RW,0.4908378377775253,0.6351513701365156
"R3 (4 groups, m=12)",concave,28,RW,0.528346922567943,0.839355644388924
"R3 (4 groups, m=12)",concave,29,RW,0.5193020224882964,0.44863407630733465
"R3 (4 groups, m=12)",concave,0,ASF,0.495653221282917,0.5400742539082317
"R3 (4 groups, m=12)",concave,1,ASF,0.4868869882387255,0.6224116124795722
"R3 (4 groups, m=12)",concave,2,ASF,0.474104031003831,0.5865588739466839
"R3 (4 groups, m=12)",concave,3,ASF,0.46988407446887925,0.6236301221153493
"R3 (4 groups, m=12)",concave,4,ASF,0.45142230694964747,0.6732065970630671
"R3 (4 groups, m=12)",concave,5,ASF,0.5038317348679949,0.4817764728757396
"R3 (4 groups, m=12)",concave,6,ASF,0.4986782955533022,0.6900259069687864
"R3 (4 groups, m=12)",concave,7,ASF,0.4730140152447635,0.7422407619390251
"R3 (4 groups, m=12)",concave,8,ASF,0.48595502634917587,0.7563531462797408
"R3 (4 groups, m=12)",concave,9,ASF,0.5059734533073516,0.5618685315168851
"R3 (4 groups, m=12)",concave,10,ASF,0.4952118882861874,0.5615083379820411
"R3 (4 groups, m=12)",concave,11,ASF,0.49667384419232025,0.5338834984781126
"R3 (4 groups, m=12)",concave,12,ASF,0.48754313901037105,0.6161971763115651
"R3 (4 groups, m=12)",concave,13,ASF,0.4811203925508675,0.5678704296401998
"R3 (4 groups, m=12)",concave,14,ASF,0.4803728805404786,0.680210685266778
"R3 (4 groups, m=12)",concave,15,ASF,0.49146997501924305,0.5684210699840814
"R3 (4 groups, m=12)",concave,16,ASF,0.45920781352968737,0.6433202382572246
"R3 (4 groups, m=12)",concave,17,ASF,0.45485870496268177,0.6896615448431477
"R3 (4 groups, m=12)",concave,18,ASF,0.4647673651073971,0.6560120661108848
"R3 (4 groups, m=12)",concave,19,ASF,0.48802835987906595,0.5868140287586464
"R3 (4 groups, m=12)",concave,20,ASF,0.45476493433517423,0.5927450265363535
"R3 (4 groups, m=12)",concave,21,ASF,0.4817876771833405,0.5803343801492954
"R3 (4 groups, m=12)",concave,22,ASF,0.4824777153845094,0.7134391060140861
"R3 (4 groups, m=12)",concave,23,ASF,0.5048256364122213,0.5334599871887777
"R3 (4 groups, m=12)",concave,24,ASF,0.477954038832767,0.6610880213052068
"R3 (4 groups, m=12)",concave,25,ASF,0.5319238095007696,0.5850341870142066
"R3 (4 groups, m=12)",concave,26,ASF,0.4646147181620938,0.6891628241373849
"R3 (4 groups, m=12)",concave,27,ASF,0.48446396757359644,0.5997294081399431
"R3 (4 groups, m=12)",concave,28,ASF,0.46866347888402055,0.6753858777386446
"R3 (4 groups, m=12)",concave,29,ASF,0.5193020224882964,0.44863407630733465
"R3 (4 groups, m=12)",concave,0,SMAA,0.515475754735322,0.7643114452161915
"R3 (4 groups, m=12)",concave,1,SMAA,0.5931887246990716,0.8883889979826538
"R3 (4 groups, m=12)",concave,2,SMAA,0.47552041836656267,0.6741376329836115
"R3 (4 groups, m=12)",concave,3,SMAA,0.49104116837930384,0.5528941699050155
"R3 (4 groups, m=12)",concave,4,SMAA,0.43216735164177855,0.6548040486049699
"R3 (4 groups, m=12)",concave,5,SMAA,0.5097654964111537,0.6445329326453719
"R3 (4 groups, m=12)",concave,6,SMAA,0.5987216864990279,0.8272266397966817
"R3 (4 groups, m=12)",concave,7,SMAA,0.5113284346019131,0.7750021922123693
"R3 (4 groups, m=12)",concave,8,SMAA,0.5461510466713856,0.6596870749906139
"R3 (4 groups, m=12)",concave,9,SMAA,0.5012474924678033,0.8746332749558503
"R3 (4 groups, m=12)",concave,10,SMAA,0.5410353726713503,0.503985559211387
"R3 (4 groups, m=12)",concave,11,SMAA,0.5105314590872023,0.6396304858953958
"R3 (4 groups, m=12)",concave,12,SMAA,0.5569769506200027,0.8489455692348518
"R3 (4 groups, m=12)",concave,13,SMAA,0.513289427172046,0.7584695689551462
"R3 (4 groups, m=12)",concave,14,SMAA,0.4027366406101334,0.726506364566919
"R3 (4 groups, m=12)",concave,15,SMAA,0.6008461918082799,0.6757856301005118
"R3 (4 groups, m=12)",concave,16,SMAA,0.49933435923973873,0.8227364715604538
"R3 (4 groups, m=12)",concave,17,SMAA,0.4763857480858897,0.6602666092668331
"R3 (4 groups, m=12)",concave,18,SMAA,0.4443443683493242,0.7675109026112725
"R3 (4 groups, m=12)",concave,19,SMAA,0.4903797895193652,0.48861308171258017
"R3 (4 groups, m=12)",concave,20,SMAA,0.45502226174041577,0.7212175750178246
"R3 (4 groups, m=12)",concave,21,SMAA,0.573194656816599,0.701953720443617
"R3 (4 groups, m=12)",concave,22,SMAA,0.5692320540010908,0.9089567769461128
"R3 (4 groups, m=12)",concave,23,SMAA,0.5078616073520354,0.7775135798523615
"R3 (4 groups, m=12)",concave,24,SMAA,0.46565669862327397,0.6013270144454244
"R3 (4 groups, m=12)",concave,25,SMAA,0.33069901635348437,0.8902505680258676
"R3 (4 groups, m=12)",concave,26,SMAA,0.4314279965102443,0.5852568262735389
"R3 (4 groups, m=12)",concave,27,SMAA,0.4908378377775253,0.6351513701365156
"R3 (4 groups, m=12)",concave,28,SMAA,0.528346922567943,0.839355644388924
"R3 (4 groups, m=12)",concave,29,SMAA,0.5193020224882964,0.44863407630733465
"R3 (4 groups, m=12)",concave,0,MMR,0.5079554309022397,0.5052866034258824
"R3 (4 groups, m=12)",concave,1,MMR,0.5920480973606387,0.6541151519153218
"R3 (4 groups, m=12)",concave,2,MMR,0.4845271180248729,0.5476169952242448
"R3 (4 groups, m=12)",concave,3,MMR,0.49104116837930384,0.5528941699050155
"R3 (4 groups, m=12)",concave,4,MMR,0.4853570704187842,0.486875612793897
"R3 (4 groups, m=12)",concave,5,MMR,0.5050989348447821,0.6026749038763394
"R3 (4 groups, m=12)",concave,6,MMR,0.6035090386866966,0.5313524788873426
"R3 (4 groups, m=12)",concave,7,MMR,0.507747093568984,0.5797404721831636
"R3 (4 groups, m=12)",concave,8,MMR,0.5659261215105648,0.6399873408986992
"R3 (4 groups, m=12)",concave,9,MMR,0.5353879921659064,0.5821251302612095
"R3 (4 groups, m=12)",concave,10,MMR,0.5410353726713503,0.503985559211387
"R3 (4 groups, m=12)",concave,11,MMR,0.5119451527316992,0.5741612542802668
"R3 (4 groups, m=12)",concave,12,MMR,0.5192175767240057,0.545855609431999
"R3 (4 groups, m=12)",concave,13,MMR,0.5132496192685141,0.5917430712219038
"R3 (4 groups, m=12)",concave,14,MMR,0.4027366406101334,0.726506364566919
"R3 (4 groups, m=12)",concave,15,MMR,0.5425175546387552,0.5451550379242343
"R3 (4 groups, m=12)",concave,16,MMR,0.5072482457393788,0.5803874905767178
"R3 (4 groups, m=12)",concave,17,MMR,0.474201552130279,0.6928658224022487
"R3 (4 groups, m=12)",concave,18,MMR,0.45359721392822344,0.6108445120963659
"R3 (4 groups, m=12)",concave,19,MMR,0.4903797895193652,0.48861308171258017
"R3 (4 groups, m=12)",concave,20,MMR,0.4627894492337992,0.5840112574090768
"R3 (4 groups, m=12)",concave,21,MMR,0.573194656816599,0.701953720443617
"R3 (4 groups, m=12)",concave,22,MMR,0.5129490963246938,0.5711819658690511
"R3 (4 groups, m=12)",concave,23,MMR,0.44849638203186243,0.6508746940526079
"R3 (4 groups, m=12)",concave,24,MMR,0.47311732164319414,0.605434387269664
"R3 (4 groups, m=12)",concave,25,MMR,0.4242498690664284,0.6014474628347362
"R3 (4 groups, m=12)",concave,26,MMR,0.4693733045634952,0.6534092469142994
"R3 (4 groups, m=12)",concave,27,MMR,0.4098772728158116,0.702596827153217
"R3 (4 groups, m=12)",concave,28,MMR,0.5467474609179028,0.5033156283639264
"R3 (4 groups, m=12)",concave,29,MMR,0.5145790486451006,0.5489062339335171
"R3 (4 groups, m=12)",concave,0,LexPR,0.495653221282917,0.5400742539082317
"R3 (4 groups, m=12)",concave,1,LexPR,0.4868869882387255,0.6224116124795722
"R3 (4 groups, m=12)",concave,2,LexPR,0.47505444948919634,0.5210340821707338
"R3 (4 groups, m=12)",concave,3,LexPR,0.5272732596707214,0.5852635306941845
"R3 (4 groups, m=12)",concave,4,LexPR,0.49144448880827146,0.5490124202412703
"R3 (4 groups, m=12)",concave,5,LexPR,0.5038317348679949,0.4817764728757396
"R3 (4 groups, m=12)",concave,6,LexPR,0.5339406023419221,0.5943075006240072
"R3 (4 groups, m=12)",concave,7,LexPR,0.48657922510872575,0.5235332134963777
"R3 (4 groups, m=12)",concave,8,LexPR,0.5290489346763366,0.5820453056665887
"R3 (4 groups, m=12)",concave,9,LexPR,0.5059734533073516,0.5618685315168851
"R3 (4 groups, m=12)",concave,10,LexPR,0.4952118882861874,0.5615083379820411
"R3 (4 groups, m=12)",concave,11,LexPR,0.49667384419232025,0.5338834984781126
"R3 (4 groups, m=12)",concave,12,LexPR,0.48754313901037105,0.6161971763115651
"R3 (4 groups, m=12)",concave,13,LexPR,0.4811203925508675,0.5678704296401998
"R3 (4 groups, m=12)",concave,14,LexPR,0.4849764962814615,0.5474978983553058
"R3 (4 groups, m=12)",concave,15,LexPR,0.49146997501924305,0.5684210699840814
"R3 (4 groups, m=12)",concave,16,LexPR,0.5215651573563402,0.5540769770782714
"R3 (4 groups, m=12)",concave,17,LexPR,0.46172022276080743,0.5668370622604092
"R3 (4 groups, m=12)",concave,18,LexPR,0.4688211160960567,0.6210837271312668
"R3 (4 groups, m=12)",concave,19,LexPR,0.48802835987906595,0.5868140287586464
"R3 (4 groups, m=12)",concave,20,LexPR,0.4488943832229879,0.5591858746411686
"R3 (4 groups, m=12)",concave,21,LexPR,0.4817876771833405,0.5803343801492954
"R3 (4 groups, m=12)",concave,22,LexPR,0.490751922479902,0.5901446908981532
"R3 (4 groups, m=12)",concave,23,LexPR,0.5048256364122213,0.5334599871887777
"R3 (4 groups, m=12)",concave,24,LexPR,0.48526726199707976,0.6177448446041949
"R3 (4 groups, m=12)",concave,25,LexPR,0.5319238095007696,0.5850341870142066
"R3 (4 groups, m=12)",concave,26,LexPR,0.4654106725272367,0.5909345585704447
"R3 (4 groups, m=12)",concave,27,LexPR,0.5129474178634965,0.5145109892065144
"R3 (4 groups, m=12)",concave,28,LexPR,0.5175187410219344,0.5768111876928378
"R3 (4 groups, m=12)",concave,29,LexPR,0.5193020224882964,0.44863407630733465
"R3 (4 groups, m=12)",concave,0,ReLexTail_0.02,0.495653221282917,0.5400742539082317
"R3 (4 groups, m=12)",concave,1,ReLexTail_0.02,0.4868869882387255,0.6224116124795722
"R3 (4 groups, m=12)",concave,2,ReLexTail_0.02,0.47505444948919634,0.5210340821707338
"R3 (4 groups, m=12)",concave,3,ReLexTail_0.02,0.5272732596707214,0.5852635306941845
"R3 (4 groups, m=12)",concave,4,ReLexTail_0.02,0.49144448880827146,0.5490124202412703
"R3 (4 groups, m=12)",concave,5,ReLexTail_0.02,0.5038317348679949,0.4817764728757396
"R3 (4 groups, m=12)",concave,6,ReLexTail_0.02,0.539110066697849,0.5797082057426073
"R3 (4 groups, m=12)",concave,7,ReLexTail_0.02,0.468192400960219,0.5753579394777262
"R3 (4 groups, m=12)",concave,8,ReLexTail_0.02,0.5166377060498071,0.643624875091734
"R3 (4 groups, m=12)",concave,9,ReLexTail_0.02,0.5059734533073516,0.5618685315168851
"R3 (4 groups, m=12)",concave,10,ReLexTail_0.02,0.4952118882861874,0.5615083379820411
"R3 (4 groups, m=12)",concave,11,ReLexTail_0.02,0.49667384419232025,0.5338834984781126
"R3 (4 groups, m=12)",concave,12,ReLexTail_0.02,0.48754313901037105,0.6161971763115651
"R3 (4 groups, m=12)",concave,13,ReLexTail_0.02,0.4811203925508675,0.5678704296401998
"R3 (4 groups, m=12)",concave,14,ReLexTail_0.02,0.4849764962814615,0.5474978983553058
"R3 (4 groups, m=12)",concave,15,ReLexTail_0.02,0.49146997501924305,0.5684210699840814
"R3 (4 groups, m=12)",concave,16,ReLexTail_0.02,0.5215651573563402,0.5540769770782714
"R3 (4 groups, m=12)",concave,17,ReLexTail_0.02,0.46172022276080743,0.5668370622604092
"R3 (4 groups, m=12)",concave,18,ReLexTail_0.02,0.4647673651073971,0.6560120661108848
"R3 (4 groups, m=12)",concave,19,ReLexTail_0.02,0.48802835987906595,0.5868140287586464
"R3 (4 groups, m=12)",concave,20,ReLexTail_0.02,0.4488943832229879,0.5591858746411686
"R3 (4 groups, m=12)",concave,21,ReLexTail_0.02,0.4817876771833405,0.5803343801492954
"R3 (4 groups, m=12)",concave,22,ReLexTail_0.02,0.5370180792573523,0.5314217863571966
"R3 (4 groups, m=12)",concave,23,ReLexTail_0.02,0.5048256364122213,0.5334599871887777
"R3 (4 groups, m=12)",concave,24,ReLexTail_0.02,0.48526726199707976,0.6177448446041949
"R3 (4 groups, m=12)",concave,25,ReLexTail_0.02,0.5319238095007696,0.5850341870142066
"R3 (4 groups, m=12)",concave,26,ReLexTail_0.02,0.4654106725272367,0.5909345585704447
"R3 (4 groups, m=12)",concave,27,ReLexTail_0.02,0.5129474178634965,0.5145109892065144
"R3 (4 groups, m=12)",concave,28,ReLexTail_0.02,0.49993597098826315,0.6309102328108677
"R3 (4 groups, m=12)",concave,29,ReLexTail_0.02,0.5193020224882964,0.44863407630733465
"R3 (4 groups, m=12)",concave,0,ReLexTail_0.01,0.495653221282917,0.5400742539082317
"R3 (4 groups, m=12)",concave,1,ReLexTail_0.01,0.4868869882387255,0.6224116124795722
"R3 (4 groups, m=12)",concave,2,ReLexTail_0.01,0.47505444948919634,0.5210340821707338
"R3 (4 groups, m=12)",concave,3,ReLexTail_0.01,0.5272732596707214,0.5852635306941845
"R3 (4 groups, m=12)",concave,4,ReLexTail_0.01,0.49144448880827146,0.5490124202412703
"R3 (4 groups, m=12)",concave,5,ReLexTail_0.01,0.5038317348679949,0.4817764728757396
"R3 (4 groups, m=12)",concave,6,ReLexTail_0.01,0.5339406023419221,0.5943075006240072
"R3 (4 groups, m=12)",concave,7,ReLexTail_0.01,0.48657922510872575,0.5235332134963777
"R3 (4 groups, m=12)",concave,8,ReLexTail_0.01,0.48164055646234427,0.6464266508438724
"R3 (4 groups, m=12)",concave,9,ReLexTail_0.01,0.5059734533073516,0.5618685315168851
"R3 (4 groups, m=12)",concave,10,ReLexTail_0.01,0.4952118882861874,0.5615083379820411
"R3 (4 groups, m=12)",concave,11,ReLexTail_0.01,0.49667384419232025,0.5338834984781126
"R3 (4 groups, m=12)",concave,12,ReLexTail_0.01,0.48754313901037105,0.6161971763115651
"R3 (4 groups, m=12)",concave,13,ReLexTail_0.01,0.4811203925508675,0.5678704296401998
"R3 (4 groups, m=12)",concave,14,ReLexTail_0.01,0.4849764962814615,0.5474978983553058
"R3 (4 groups, m=12)",concave,15,ReLexTail_0.01,0.49146997501924305,0.5684210699840814
"R3 (4 groups, m=12)",concave,16,ReLexTail_0.01,0.5215651573563402,0.5540769770782714
"R3 (4 groups, m=12)",concave,17,ReLexTail_0.01,0.46172022276080743,0.5668370622604092
"R3 (4 groups, m=12)",concave,18,ReLexTail_0.01,0.4647673651073971,0.6560120661108848
"R3 (4 groups, m=12)",concave,19,ReLexTail_0.01,0.48802835987906595,0.5868140287586464
"R3 (4 groups, m=12)",concave,20,ReLexTail_0.01,0.4488943832229879,0.5591858746411686
"R3 (4 groups, m=12)",concave,21,ReLexTail_0.01,0.4817876771833405,0.5803343801492954
"R3 (4 groups, m=12)",concave,22,ReLexTail_0.01,0.490751922479902,0.5901446908981532
"R3 (4 groups, m=12)",concave,23,ReLexTail_0.01,0.5048256364122213,0.5334599871887777
"R3 (4 groups, m=12)",concave,24,ReLexTail_0.01,0.48526726199707976,0.6177448446041949
"R3 (4 groups, m=12)",concave,25,ReLexTail_0.01,0.5319238095007696,0.5850341870142066
"R3 (4 groups, m=12)",concave,26,ReLexTail_0.01,0.4654106725272367,0.5909345585704447
"R3 (4 groups, m=12)",concave,27,ReLexTail_0.01,0.5129474178634965,0.5145109892065144
"R3 (4 groups, m=12)",concave,28,ReLexTail_0.01,0.49993597098826315,0.6309102328108677
"R3 (4 groups, m=12)",concave,29,ReLexTail_0.01,0.5193020224882964,0.44863407630733465
"R3 (4 groups, m=12)",concave,0,ReLexTail_0.005,0.495653221282917,0.5400742539082317
"R3 (4 groups, m=12)",concave,1,ReLexTail_0.005,0.4868869882387255,0.6224116124795722
"R3 (4 groups, m=12)",concave,2,ReLexTail_0.005,0.47505444948919634,0.5210340821707338
"R3 (4 groups, m=12)",concave,3,ReLexTail_0.005,0.5272732596707214,0.5852635306941845
"R3 (4 groups, m=12)",concave,4,ReLexTail_0.005,0.49144448880827146,0.5490124202412703
"R3 (4 groups, m=12)",concave,5,ReLexTail_0.005,0.5038317348679949,0.4817764728757396
"R3 (4 groups, m=12)",concave,6,ReLexTail_0.005,0.5339406023419221,0.5943075006240072
"R3 (4 groups, m=12)",concave,7,ReLexTail_0.005,0.48657922510872575,0.5235332134963777
"R3 (4 groups, m=12)",concave,8,ReLexTail_0.005,0.48164055646234427,0.6464266508438724
"R3 (4 groups, m=12)",concave,9,ReLexTail_0.005,0.5059734533073516,0.5618685315168851
"R3 (4 groups, m=12)",concave,10,ReLexTail_0.005,0.4952118882861874,0.5615083379820411
"R3 (4 groups, m=12)",concave,11,ReLexTail_0.005,0.49667384419232025,0.5338834984781126
"R3 (4 groups, m=12)",concave,12,ReLexTail_0.005,0.48754313901037105,0.6161971763115651
"R3 (4 groups, m=12)",concave,13,ReLexTail_0.005,0.4811203925508675,0.5678704296401998
"R3 (4 groups, m=12)",concave,14,ReLexTail_0.005,0.4849764962814615,0.5474978983553058
"R3 (4 groups, m=12)",concave,15,ReLexTail_0.005,0.49146997501924305,0.5684210699840814
"R3 (4 groups, m=12)",concave,16,ReLexTail_0.005,0.5215651573563402,0.5540769770782714
"R3 (4 groups, m=12)",concave,17,ReLexTail_0.005,0.46172022276080743,0.5668370622604092
"R3 (4 groups, m=12)",concave,18,ReLexTail_0.005,0.4647673651073971,0.6560120661108848
"R3 (4 groups, m=12)",concave,19,ReLexTail_0.005,0.48802835987906595,0.5868140287586464
"R3 (4 groups, m=12)",concave,20,ReLexTail_0.005,0.4488943832229879,0.5591858746411686
"R3 (4 groups, m=12)",concave,21,ReLexTail_0.005,0.4817876771833405,0.5803343801492954
"R3 (4 groups, m=12)",concave,22,ReLexTail_0.005,0.490751922479902,0.5901446908981532
"R3 (4 groups, m=12)",concave,23,ReLexTail_0.005,0.5048256364122213,0.5334599871887777
"R3 (4 groups, m=12)",concave,24,ReLexTail_0.005,0.48526726199707976,0.6177448446041949
"R3 (4 groups, m=12)",concave,25,ReLexTail_0.005,0.5319238095007696,0.5850341870142066
"R3 (4 groups, m=12)",concave,26,ReLexTail_0.005,0.4649156597351172,0.5897000075291836
"R3 (4 groups, m=12)",concave,27,ReLexTail_0.005,0.48446396757359644,0.5997294081399431
"R3 (4 groups, m=12)",concave,28,ReLexTail_0.005,0.49993597098826315,0.6309102328108677
"R3 (4 groups, m=12)",concave,29,ReLexTail_0.005,0.5193020224882964,0.44863407630733465
"R3 (4 groups, m=12)",convex,0,TOPSIS,0.0951584816232613,0.17435534946237827
"R3 (4 groups, m=12)",convex,1,TOPSIS,0.05236718968352853,0.14316660915063809
"R3 (4 groups, m=12)",convex,2,TOPSIS,0.12241026331388809,0.21784219091246196
"R3 (4 groups, m=12)",convex,3,TOPSIS,0.11136030146780694,0.1790159671016068
"R3 (4 groups, m=12)",convex,4,TOPSIS,0.08148242160980644,0.18630279903214456
"R3 (4 groups, m=12)",convex,5,TOPSIS,0.21022029592916833,0.2718963065935714
"R3 (4 groups, m=12)",convex,6,TOPSIS,0.062466684428570035,0.16081052578145527
"R3 (4 groups, m=12)",convex,7,TOPSIS,0.10713302329918127,0.19564988053493218
"R3 (4 groups, m=12)",convex,8,TOPSIS,0.04089770441389329,0.14943431863513668
"R3 (4 groups, m=12)",convex,9,TOPSIS,0.06383173520731021,0.11366721434715943
"R3 (4 groups, m=12)",convex,10,TOPSIS,0.04525206917422675,0.20782133104418754
"R3 (4 groups, m=12)",convex,11,TOPSIS,0.14482892249862317,0.20257762303993232
"R3 (4 groups, m=12)",convex,12,TOPSIS,0.09974458281891672,0.20652255665250313
"R3 (4 groups, m=12)",convex,13,TOPSIS,0.08213520244059642,0.20028656775172082
"R3 (4 groups, m=12)",convex,14,TOPSIS,0.09813219786129589,0.183790811928883
"R3 (4 groups, m=12)",convex,15,TOPSIS,0.09054383218282851,0.15745941634492305
"R3 (4 groups, m=12)",convex,16,TOPSIS,0.05998111792082466,0.1394707265643125
"R3 (4 groups, m=12)",convex,17,TOPSIS,0.13308373184167396,0.16319290865767158
"R3 (4 groups, m=12)",convex,18,TOPSIS,0.10643827045234523,0.1962150794820747
"R3 (4 groups, m=12)",convex,19,TOPSIS,0.16242798063456002,0.16836773815527492
"R3 (4 groups, m=12)",convex,20,TOPSIS,0.054648848242564635,0.207489576950547
"R3 (4 groups, m=12)",convex,21,TOPSIS,0.13655472952592226,0.1722590164352551
"R3 (4 groups, m=12)",convex,22,TOPSIS,0.08248135613274085,0.16466744464026012
"R3 (4 groups, m=12)",convex,23,TOPSIS,0.06249982391498931,0.15361132695273821
"R3 (4 groups, m=12)",convex,24,TOPSIS,0.18610834359080727,0.22194247957677607
"R3 (4 groups, m=12)",convex,25,TOPSIS,0.04636040381565729,0.14552005038665464
"R3 (4 groups, m=12)",convex,26,TOPSIS,0.08392764757934763,0.15898446686463735
"R3 (4 groups, m=12)",convex,27,TOPSIS,0.09605600709443775,0.10465565893558038
"R3 (4 groups, m=12)",convex,28,TOPSIS,0.0954578113769718,0.17671848353318065
"R3 (4 groups, m=12)",convex,29,TOPSIS,0.05309003869651277,0.1479084724331771
"R3 (4 groups, m=12)",convex,0,CP,0.0951584816232613,0.17435534946237827
"R3 (4 groups, m=12)",convex,1,CP,0.05236718968352853,0.14316660915063809
"R3 (4 groups, m=12)",convex,2,CP,0.12241026331388809,0.21784219091246196
"R3 (4 groups, m=12)",convex,3,CP,0.11136030146780694,0.1790159671016068
"R3 (4 groups, m=12)",convex,4,CP,0.08148242160980644,0.18630279903214456
"R3 (4 groups, m=12)",convex,5,CP,0.15994465712839248,0.23931694614818388
"R3 (4 groups, m=12)",convex,6,CP,0.062466684428570035,0.16081052578145527
"R3 (4 groups, m=12)",convex,7,CP,0.10713302329918127,0.19564988053493218
"R3 (4 groups, m=12)",convex,8,CP,0.04089770441389329,0.14943431863513668
"R3 (4 groups, m=12)",convex,9,CP,0.06383173520731021,0.11366721434715943
"R3 (4 groups, m=12)",convex,10,CP,0.04525206917422675,0.20782133104418754
"R3 (4 groups, m=12)",convex,11,CP,0.14482892249862317,0.20257762303993232
"R3 (4 groups, m=12)",convex,12,CP,0.09974458281891672,0.20652255665250313
"R3 (4 groups, m=12)",convex,13,CP,0.08213520244059642,0.20028656775172082
"R3 (4 groups, m=12)",convex,14,CP,0.09813219786129589,0.183790811928883
"R3 (4 groups, m=12)",convex,15,CP,0.09054383218282851,0.15745941634492305
"R3 (4 groups, m=12)",convex,16,CP,0.05998111792082466,0.1394707265643125
"R3 (4 groups, m=12)",convex,17,CP,0.13308373184167396,0.16319290865767158
"R3 (4 groups, m=12)",convex,18,CP,0.10643827045234523,0.1962150794820747
"R3 (4 groups, m=12)",convex,19,CP,0.08784336023175819,0.17755918229465353
"R3 (4 groups, m=12)",convex,20,CP,0.054648848242564635,0.207489576950547
"R3 (4 groups, m=12)",convex,21,CP,0.13655472952592226,0.1722590164352551
"R3 (4 groups, m=12)",convex,22,CP,0.08248135613274085,0.16466744464026012
"R3 (4 groups, m=12)",convex,23,CP,0.06249982391498931,0.15361132695273821
"R3 (4 groups, m=12)",convex,24,CP,0.05627240735613193,0.15731582653231777
"R3 (4 groups, m=12)",convex,25,CP,0.04636040381565729,0.14552005038665464
"R3 (4 groups, m=12)",convex,26,CP,0.08392764757934763,0.15898446686463735
"R3 (4 groups, m=12)",convex,27,CP,0.09605600709443775,0.10465565893558038
"R3 (4 groups, m=12)",convex,28,CP,0.0954578113769718,0.17671848353318065
"R3 (4 groups, m=12)",convex,29,CP,0.05309003869651277,0.1479084724331771
"R3 (4 groups, m=12)",convex,0,Knee,0.0951584816232613,0.17435534946237827
"R3 (4 groups, m=12)",convex,1,Knee,0.05236718968352853,0.14316660915063809
"R3 (4 groups, m=12)",convex,2,Knee,0.12241026331388809,0.21784219091246196
"R3 (4 groups, m=12)",convex,3,Knee,0.11136030146780694,0.1790159671016068
"R3 (4 groups, m=12)",convex,4,Knee,0.08148242160980644,0.18630279903214456
"R3 (4 groups, m=12)",convex,5,Knee,0.15994465712839248,0.23931694614818388
"R3 (4 groups, m=12)",convex,6,Knee,0.062466684428570035,0.16081052578145527
"R3 (4 groups, m=12)",convex,7,Knee,0.10713302329918127,0.19564988053493218
"R3 (4 groups, m=12)",convex,8,Knee,0.04089770441389329,0.14943431863513668
"R3 (4 groups, m=12)",convex,9,Knee,0.06383173520731021,0.11366721434715943
"R3 (4 groups, m=12)",convex,10,Knee,0.04525206917422675,0.20782133104418754
"R3 (4 groups, m=12)",convex,11,Knee,0.14482892249862317,0.20257762303993232
"R3 (4 groups, m=12)",convex,12,Knee,0.09974458281891672,0.20652255665250313
"R3 (4 groups, m=12)",convex,13,Knee,0.08213520244059642,0.20028656775172082
"R3 (4 groups, m=12)",convex,14,Knee,0.09813219786129589,0.183790811928883
"R3 (4 groups, m=12)",convex,15,Knee,0.09054383218282851,0.15745941634492305
"R3 (4 groups, m=12)",convex,16,Knee,0.05998111792082466,0.1394707265643125
"R3 (4 groups, m=12)",convex,17,Knee,0.13308373184167396,0.16319290865767158
"R3 (4 groups, m=12)",convex,18,Knee,0.10643827045234523,0.1962150794820747
"R3 (4 groups, m=12)",convex,19,Knee,0.08784336023175819,0.17755918229465353
"R3 (4 groups, m=12)",convex,20,Knee,0.054648848242564635,0.207489576950547
"R3 (4 groups, m=12)",convex,21,Knee,0.13655472952592226,0.1722590164352551
"R3 (4 groups, m=12)",convex,22,Knee,0.08248135613274085,0.16466744464026012
"R3 (4 groups, m=12)",convex,23,Knee,0.06249982391498931,0.15361132695273821
"R3 (4 groups, m=12)",convex,24,Knee,0.05627240735613193,0.15731582653231777
"R3 (4 groups, m=12)",convex,25,Knee,0.04636040381565729,0.14552005038665464
"R3 (4 groups, m=12)",convex,26,Knee,0.08392764757934763,0.15898446686463735
"R3 (4 groups, m=12)",convex,27,Knee,0.09605600709443775,0.10465565893558038
"R3 (4 groups, m=12)",convex,28,Knee,0.0954578113769718,0.17671848353318065
"R3 (4 groups, m=12)",convex,29,Knee,0.05309003869651277,0.1479084724331771
"R3 (4 groups, m=12)",convex,0,WS,0.0951584816232613,0.17435534946237827
"R3 (4 groups, m=12)",convex,1,WS,0.05236718968352853,0.14316660915063809
"R3 (4 groups, m=12)",convex,2,WS,0.2258734248164306,0.35224007903404664
"R3 (4 groups, m=12)",convex,3,WS,0.11136030146780694,0.1790159671016068
"R3 (4 groups, m=12)",convex,4,WS,0.18582774555790973,0.3207955829946193
"R3 (4 groups, m=12)",convex,5,WS,0.21022029592916833,0.2718963065935714
"R3 (4 groups, m=12)",convex,6,WS,0.24703794803536594,0.3575810226858331
"R3 (4 groups, m=12)",convex,7,WS,0.10713302329918127,0.19564988053493218
"R3 (4 groups, m=12)",convex,8,WS,0.22664423674336923,0.22341522786241405
"R3 (4 groups, m=12)",convex,9,WS,0.06383173520731021,0.11366721434715943
"R3 (4 groups, m=12)",convex,10,WS,0.20940279405447834,0.3505014319650635
"R3 (4 groups, m=12)",convex,11,WS,0.48856359185678916,0.43142947071920446
"R3 (4 groups, m=12)",convex,12,WS,0.608222966788767,0.7029673098851791
"R3 (4 groups, m=12)",convex,13,WS,0.08213520244059642,0.20028656775172082
"R3 (4 groups, m=12)",convex,14,WS,0.2567331591872205,0.4010791567797598
"R3 (4 groups, m=12)",convex,15,WS,0.1544591538803082,0.2696658933192474
"R3 (4 groups, m=12)",convex,16,WS,0.05998111792082466,0.1394707265643125
"R3 (4 groups, m=12)",convex,17,WS,0.13308373184167396,0.16319290865767158
"R3 (4 groups, m=12)",convex,18,WS,0.17663369477312094,0.2764113128756636
"R3 (4 groups, m=12)",convex,19,WS,0.16242798063456002,0.16836773815527492
"R3 (4 groups, m=12)",convex,20,WS,0.054648848242564635,0.207489576950547
"R3 (4 groups, m=12)",convex,21,WS,0.13655472952592226,0.1722590164352551
"R3 (4 groups, m=12)",convex,22,WS,0.08248135613274085,0.16466744464026012
"R3 (4 groups, m=12)",convex,23,WS,0.06249982391498931,0.15361132695273821
"R3 (4 groups, m=12)",convex,24,WS,0.18610834359080727,0.22194247957677607
"R3 (4 groups, m=12)",convex,25,WS,0.2182719955193176,0.28243382401776584
"R3 (4 groups, m=12)",convex,26,WS,0.19927064439609296,0.2989882344834954
"R3 (4 groups, m=12)",convex,27,WS,0.09605600709443775,0.10465565893558038
"R3 (4 groups, m=12)",convex,28,WS,0.20202576697176433,0.3392392994519197
"R3 (4 groups, m=12)",convex,29,WS,0.3261773522604178,0.3937102491284774
"R3 (4 groups, m=12)",convex,0,Leximax,0.10636810751119895,0.18705055574872062
"R3 (4 groups, m=12)",convex,1,Leximax,0.05236718968352853,0.14316660915063809
"R3 (4 groups, m=12)",convex,2,Leximax,0.06061404450825212,0.19981708632531026
"R3 (4 groups, m=12)",convex,3,Leximax,0.04912531308278346,0.16110297402030804
"R3 (4 groups, m=12)",convex,4,Leximax,0.0638314534503893,0.1691352337855071
"R3 (4 groups, m=12)",convex,5,Leximax,0.04511754576417224,0.17952962706365835
"R3 (4 groups, m=12)",convex,6,Leximax,0.04601410634303868,0.15920280645956417
"R3 (4 groups, m=12)",convex,7,Leximax,0.06509704926829323,0.1974859176833358
"R3 (4 groups, m=12)",convex,8,Leximax,0.05475843045704259,0.17055068146312816
"R3 (4 groups, m=12)",convex,9,Leximax,0.06383173520731021,0.11366721434715943
"R3 (4 groups, m=12)",convex,10,Leximax,0.086601535113962,0.22042987072391412
"R3 (4 groups, m=12)",convex,11,Leximax,0.08910972386568955,0.2061850175274311
"R3 (4 groups, m=12)",convex,12,Leximax,0.048763198553796405,0.24447024368683018
"R3 (4 groups, m=12)",convex,13,Leximax,0.06841107379668139,0.19677949601315173
"R3 (4 groups, m=12)",convex,14,Leximax,0.06576423953590903,0.14956891732238342
"R3 (4 groups, m=12)",convex,15,Leximax,0.09623028502375079,0.19585776742082348
"R3 (4 groups, m=12)",convex,16,Leximax,0.0801464651963567,0.18528325808498003
"R3 (4 groups, m=12)",convex,17,Leximax,0.13308373184167396,0.16319290865767158
"R3 (4 groups, m=12)",convex,18,Leximax,0.04614633327241877,0.17875639676629168
"R3 (4 groups, m=12)",convex,19,Leximax,0.0614347495858178,0.18791581975001273
"R3 (4 groups, m=12)",convex,20,Leximax,0.04495662650375302,0.2285438133457789
"R3 (4 groups, m=12)",convex,21,Leximax,0.07197736147252966,0.23792972386817154
"R3 (4 groups, m=12)",convex,22,Leximax,0.07229091471340567,0.19511411735367226
"R3 (4 groups, m=12)",convex,23,Leximax,0.06151768420707456,0.18661052100866832
"R3 (4 groups, m=12)",convex,24,Leximax,0.05627240735613193,0.15731582653231777
"R3 (4 groups, m=12)",convex,25,Leximax,0.046920469000744834,0.17970055496250517
"R3 (4 groups, m=12)",convex,26,Leximax,0.05766805526926532,0.1860526542217787
"R3 (4 groups, m=12)",convex,27,Leximax,0.09605600709443775,0.10465565893558038
"R3 (4 groups, m=12)",convex,28,Leximax,0.05261014385358101,0.14158230155776094
"R3 (4 groups, m=12)",convex,29,Leximax,0.03427329204010416,0.2349598361147203
"R3 (4 groups, m=12)",convex,0,RW,0.09595093001832722,0.23643571860891457
"R3 (4 groups, m=12)",convex,1,RW,0.3144786988837646,0.37587529023225763
"R3 (4 groups, m=12)",convex,2,RW,0.2258734248164306,0.35224007903404664
"R3 (4 groups, m=12)",convex,3,RW,0.6122143805193024,0.5368635773308886
"R3 (4 groups, m=12)",convex,4,RW,0.18582774555790973,0.3207955829946193
"R3 (4 groups, m=12)",convex,5,RW,0.21022029592916833,0.2718963065935714
"R3 (4 groups, m=12)",convex,6,RW,0.24703794803536594,0.3575810226858331
"R3 (4 groups, m=12)",convex,7,RW,0.4380202827650022,0.6455953500214276
"R3 (4 groups, m=12)",convex,8,RW,0.20835815877938293,0.2476504851542785
"R3 (4 groups, m=12)",convex,9,RW,0.06383173520731021,0.11366721434715943
"R3 (4 groups, m=12)",convex,10,RW,0.39638825999322963,0.5128707800055222
"R3 (4 groups, m=12)",convex,11,RW,0.48856359185678916,0.43142947071920446
"R3 (4 groups, m=12)",convex,12,RW,0.608222966788767,0.7029673098851791
"R3 (4 groups, m=12)",convex,13,RW,0.5833339645643897,0.7095207993197543
"R3 (4 groups, m=12)",convex,14,RW,0.2567331591872205,0.4010791567797598
"R3 (4 groups, m=12)",convex,15,RW,0.1544591538803082,0.2696658933192474
"R3 (4 groups, m=12)",convex,16,RW,0.05998111792082466,0.1394707265643125
"R3 (4 groups, m=12)",convex,17,RW,0.6543962615272366,0.8005558915821824
"R3 (4 groups, m=12)",convex,18,RW,0.42358587822256455,0.571627801529178
"R3 (4 groups, m=12)",convex,19,RW,0.16242798063456002,0.16836773815527492
"R3 (4 groups, m=12)",convex,20,RW,0.054648848242564635,0.207489576950547
"R3 (4 groups, m=12)",convex,21,RW,0.2565391439097103,0.3945733088075635
"R3 (4 groups, m=12)",convex,22,RW,0.31239734884501275,0.3940019880996248
"R3 (4 groups, m=12)",convex,23,RW,0.06249982391498931,0.15361132695273821
"R3 (4 groups, m=12)",convex,24,RW,0.18610834359080727,0.22194247957677607
"R3 (4 groups, m=12)",convex,25,RW,0.2182719955193176,0.28243382401776584
"R3 (4 groups, m=12)",convex,26,RW,0.3972199030197389,0.5845785724064255
"R3 (4 groups, m=12)",convex,27,RW,0.09605600709443775,0.10465565893558038
"R3 (4 groups, m=12)",convex,28,RW,0.20202576697176433,0.3392392994519197
"R3 (4 groups, m=12)",convex,29,RW,0.3261773522604178,0.3937102491284774
"R3 (4 groups, m=12)",convex,0,ASF,0.10636810751119895,0.18705055574872062
"R3 (4 groups, m=12)",convex,1,ASF,0.05236718968352853,0.14316660915063809
"R3 (4 groups, m=12)",convex,2,ASF,0.07513071153649525,0.19593361859920327
"R3 (4 groups, m=12)",convex,3,ASF,0.04912531308278346,0.16110297402030804
"R3 (4 groups, m=12)",convex,4,ASF,0.0638314534503893,0.1691352337855071
"R3 (4 groups, m=12)",convex,5,ASF,0.04511754576417224,0.17952962706365835
"R3 (4 groups, m=12)",convex,6,ASF,0.04601410634303868,0.15920280645956417
"R3 (4 groups, m=12)",convex,7,ASF,0.05113453149047201,0.17162871148963774
"R3 (4 groups, m=12)",convex,8,ASF,0.04089770441389329,0.14943431863513668
"R3 (4 groups, m=12)",convex,9,ASF,0.06383173520731021,0.11366721434715943
"R3 (4 groups, m=12)",convex,10,ASF,0.07253964801456612,0.19000130712368188
"R3 (4 groups, m=12)",convex,11,ASF,0.07536156150021957,0.19375957056779317
"R3 (4 groups, m=12)",convex,12,ASF,0.05280734062807988,0.19303247078650163
"R3 (4 groups, m=12)",convex,13,ASF,0.0658855625300954,0.17218580617726836
"R3 (4 groups, m=12)",convex,14,ASF,0.06576423953590903,0.14956891732238342
"R3 (4 groups, m=12)",convex,15,ASF,0.09054383218282851,0.15745941634492305
"R3 (4 groups, m=12)",convex,16,ASF,0.08012513773402397,0.19058644632364607
"R3 (4 groups, m=12)",convex,17,ASF,0.10697455361549812,0.17953347826372543
"R3 (4 groups, m=12)",convex,18,ASF,0.0726939327419301,0.17294820921467946
"R3 (4 groups, m=12)",convex,19,ASF,0.0614347495858178,0.18791581975001273
"R3 (4 groups, m=12)",convex,20,ASF,0.08934458667075319,0.17415937217512784
"R3 (4 groups, m=12)",convex,21,ASF,0.14911543663931734,0.17411106433047788
"R3 (4 groups, m=12)",convex,22,ASF,0.060613824585380255,0.19052364531160157
"R3 (4 groups, m=12)",convex,23,ASF,0.06249982391498931,0.15361132695273821
"R3 (4 groups, m=12)",convex,24,ASF,0.05627240735613193,0.15731582653231777
"R3 (4 groups, m=12)",convex,25,ASF,0.046920469000744834,0.17970055496250517
"R3 (4 groups, m=12)",convex,26,ASF,0.08392764757934763,0.15898446686463735
"R3 (4 groups, m=12)",convex,27,ASF,0.09605600709443775,0.10465565893558038
"R3 (4 groups, m=12)",convex,28,ASF,0.05261014385358101,0.14158230155776094
"R3 (4 groups, m=12)",convex,29,ASF,0.05309003869651277,0.1479084724331771
"R3 (4 groups, m=12)",convex,0,SMAA,0.09595093001832722,0.23643571860891457
"R3 (4 groups, m=12)",convex,1,SMAA,0.3144786988837646,0.37587529023225763
"R3 (4 groups, m=12)",convex,2,SMAA,0.2258734248164306,0.35224007903404664
"R3 (4 groups, m=12)",convex,3,SMAA,0.6122143805193024,0.5368635773308886
"R3 (4 groups, m=12)",convex,4,SMAA,0.2009158915166079,0.3955501366378308
"R3 (4 groups, m=12)",convex,5,SMAA,0.21022029592916833,0.2718963065935714
"R3 (4 groups, m=12)",convex,6,SMAA,0.24703794803536594,0.3575810226858331
"R3 (4 groups, m=12)",convex,7,SMAA,0.4380202827650022,0.6455953500214276
"R3 (4 groups, m=12)",convex,8,SMAA,0.20835815877938293,0.2476504851542785
"R3 (4 groups, m=12)",convex,9,SMAA,0.06383173520731021,0.11366721434715943
"R3 (4 groups, m=12)",convex,10,SMAA,0.16503931926219464,0.31042693443841796
"R3 (4 groups, m=12)",convex,11,SMAA,0.48856359185678916,0.43142947071920446
"R3 (4 groups, m=12)",convex,12,SMAA,0.608222966788767,0.7029673098851791
"R3 (4 groups, m=12)",convex,13,SMAA,0.1347635114690286,0.35416644543750014
"R3 (4 groups, m=12)",convex,14,SMAA,0.2567331591872205,0.4010791567797598
"R3 (4 groups, m=12)",convex,15,SMAA,0.1544591538803082,0.2696658933192474
"R3 (4 groups, m=12)",convex,16,SMAA,0.05998111792082466,0.1394707265643125
"R3 (4 groups, m=12)",convex,17,SMAA,0.6543962615272366,0.8005558915821824
"R3 (4 groups, m=12)",convex,18,SMAA,0.5084128421232113,0.7855247506095889
"R3 (4 groups, m=12)",convex,19,SMAA,0.16242798063456002,0.16836773815527492
"R3 (4 groups, m=12)",convex,20,SMAA,0.054648848242564635,0.207489576950547
"R3 (4 groups, m=12)",convex,21,SMAA,0.2565391439097103,0.3945733088075635
"R3 (4 groups, m=12)",convex,22,SMAA,0.31239734884501275,0.3940019880996248
"R3 (4 groups, m=12)",convex,23,SMAA,0.06249982391498931,0.15361132695273821
"R3 (4 groups, m=12)",convex,24,SMAA,0.18610834359080727,0.22194247957677607
"R3 (4 groups, m=12)",convex,25,SMAA,0.2182719955193176,0.28243382401776584
"R3 (4 groups, m=12)",convex,26,SMAA,0.3972199030197389,0.5845785724064255
"R3 (4 groups, m=12)",convex,27,SMAA,0.09605600709443775,0.10465565893558038
"R3 (4 groups, m=12)",convex,28,SMAA,0.20202576697176433,0.3392392994519197
"R3 (4 groups, m=12)",convex,29,SMAA,0.3261773522604178,0.3937102491284774
"R3 (4 groups, m=12)",convex,0,MMR,0.09941571241051245,0.16147809768418123
"R3 (4 groups, m=12)",convex,1,MMR,0.07469400684407486,0.2535170424806959
"R3 (4 groups, m=12)",convex,2,MMR,0.03720907582395561,0.2009124680758234
"R3 (4 groups, m=12)",convex,3,MMR,0.04912531308278346,0.16110297402030804
"R3 (4 groups, m=12)",convex,4,MMR,0.08148242160980644,0.18630279903214456
"R3 (4 groups, m=12)",convex,5,MMR,0.08165539032086057,0.17078040784250234
"R3 (4 groups, m=12)",convex,6,MMR,0.062466684428570035,0.16081052578145527
"R3 (4 groups, m=12)",convex,7,MMR,0.09951035226397438,0.1964270556915389
"R3 (4 groups, m=12)",convex,8,MMR,0.04089770441389329,0.14943431863513668
"R3 (4 groups, m=12)",convex,9,MMR,0.06383173520731021,0.11366721434715943
"R3 (4 groups, m=12)",convex,10,MMR,0.07253964801456612,0.19000130712368188
"R3 (4 groups, m=12)",convex,11,MMR,0.03727089414214221,0.2163171168013766
"R3 (4 groups, m=12)",convex,12,MMR,0.09925906672153738,0.21301358779501064
"R3 (4 groups, m=12)",convex,13,MMR,0.08213520244059642,0.20028656775172082
"R3 (4 groups, m=12)",convex,14,MMR,0.06576423953590903,0.14956891732238342
"R3 (4 groups, m=12)",convex,15,MMR,0.07302116257744844,0.19705191464516755
"R3 (4 groups, m=12)",convex,16,MMR,0.08838983831723196,0.16641685705305095
"R3 (4 groups, m=12)",convex,17,MMR,0.19598798762806022,0.2227125860652414
"R3 (4 groups, m=12)",convex,18,MMR,0.0726939327419301,0.17294820921467946
"R3 (4 groups, m=12)",convex,19,MMR,0.08784336023175819,0.17755918229465353
"R3 (4 groups, m=12)",convex,20,MMR,0.08934458667075319,0.17415937217512784
"R3 (4 groups, m=12)",convex,21,MMR,0.14911543663931734,0.17411106433047788
"R3 (4 groups, m=12)",convex,22,MMR,0.07168854172785918,0.16419693628650284
"R3 (4 groups, m=12)",convex,23,MMR,0.11946386807485208,0.19986562185529907
"R3 (4 groups, m=12)",convex,24,MMR,0.05627240735613193,0.15731582653231777
"R3 (4 groups, m=12)",convex,25,MMR,0.08637376934928241,0.164274095058908
"R3 (4 groups, m=12)",convex,26,MMR,0.05766805526926532,0.1860526542217787
"R3 (4 groups, m=12)",convex,27,MMR,0.09605600709443775,0.10465565893558038
"R3 (4 groups, m=12)",convex,28,MMR,0.09875101625392953,0.16437706343622271
"R3 (4 groups, m=12)",convex,29,MMR,0.05309003869651277,0.1479084724331771
"R3 (4 groups, m=12)",convex,0,LexPR,0.10636810751119895,0.18705055574872062
"R3 (4 groups, m=12)",convex,1,LexPR,0.05236718968352853,0.14316660915063809
"R3 (4 groups, m=12)",convex,2,LexPR,0.07513071153649525,0.19593361859920327
"R3 (4 groups, m=12)",convex,3,LexPR,0.04912531308278346,0.16110297402030804
"R3 (4 groups, m=12)",convex,4,LexPR,0.0638314534503893,0.1691352337855071
"R3 (4 groups, m=12)",convex,5,LexPR,0.04511754576417224,0.17952962706365835
"R3 (4 groups, m=12)",convex,6,LexPR,0.04601410634303868,0.15920280645956417
"R3 (4 groups, m=12)",convex,7,LexPR,0.05113453149047201,0.17162871148963774
"R3 (4 groups, m=12)",convex,8,LexPR,0.04089770441389329,0.14943431863513668
"R3 (4 groups, m=12)",convex,9,LexPR,0.06383173520731021,0.11366721434715943
"R3 (4 groups, m=12)",convex,10,LexPR,0.07253964801456612,0.19000130712368188
"R3 (4 groups, m=12)",convex,11,LexPR,0.07536156150021957,0.19375957056779317
"R3 (4 groups, m=12)",convex,12,LexPR,0.05280734062807988,0.19303247078650163
"R3 (4 groups, m=12)",convex,13,LexPR,0.0658855625300954,0.17218580617726836
"R3 (4 groups, m=12)",convex,14,LexPR,0.06576423953590903,0.14956891732238342
"R3 (4 groups, m=12)",convex,15,LexPR,0.09054383218282851,0.15745941634492305
"R3 (4 groups, m=12)",convex,16,LexPR,0.08012513773402397,0.19058644632364607
"R3 (4 groups, m=12)",convex,17,LexPR,0.10697455361549812,0.17953347826372543
"R3 (4 groups, m=12)",convex,18,LexPR,0.0726939327419301,0.17294820921467946
"R3 (4 groups, m=12)",convex,19,LexPR,0.0614347495858178,0.18791581975001273
"R3 (4 groups, m=12)",convex,20,LexPR,0.08934458667075319,0.17415937217512784
"R3 (4 groups, m=12)",convex,21,LexPR,0.14911543663931734,0.17411106433047788
"R3 (4 groups, m=12)",convex,22,LexPR,0.060613824585380255,0.19052364531160157
"R3 (4 groups, m=12)",convex,23,LexPR,0.06249982391498931,0.15361132695273821
"R3 (4 groups, m=12)",convex,24,LexPR,0.05627240735613193,0.15731582653231777
"R3 (4 groups, m=12)",convex,25,LexPR,0.046920469000744834,0.17970055496250517
"R3 (4 groups, m=12)",convex,26,LexPR,0.08392764757934763,0.15898446686463735
"R3 (4 groups, m=12)",convex,27,LexPR,0.09605600709443775,0.10465565893558038
"R3 (4 groups, m=12)",convex,28,LexPR,0.05261014385358101,0.14158230155776094
"R3 (4 groups, m=12)",convex,29,LexPR,0.05309003869651277,0.1479084724331771
"R3 (4 groups, m=12)",convex,0,ReLexTail_0.02,0.10636810751119895,0.18705055574872062
"R3 (4 groups, m=12)",convex,1,ReLexTail_0.02,0.05236718968352853,0.14316660915063809
"R3 (4 groups, m=12)",convex,2,ReLexTail_0.02,0.056294324746015846,0.20842038876958988
"R3 (4 groups, m=12)",convex,3,ReLexTail_0.02,0.04912531308278346,0.16110297402030804
"R3 (4 groups, m=12)",convex,4,ReLexTail_0.02,0.0638314534503893,0.1691352337855071
"R3 (4 groups, m=12)",convex,5,ReLexTail_0.02,0.04511754576417224,0.17952962706365835
"R3 (4 groups, m=12)",convex,6,ReLexTail_0.02,0.04601410634303868,0.15920280645956417
"R3 (4 groups, m=12)",convex,7,ReLexTail_0.02,0.05113453149047201,0.17162871148963774
"R3 (4 groups, m=12)",convex,8,ReLexTail_0.02,0.04089770441389329,0.14943431863513668
"R3 (4 groups, m=12)",convex,9,ReLexTail_0.02,0.06383173520731021,0.11366721434715943
"R3 (4 groups, m=12)",convex,10,ReLexTail_0.02,0.07253964801456612,0.19000130712368188
"R3 (4 groups, m=12)",convex,11,ReLexTail_0.02,0.07536156150021957,0.19375957056779317
"R3 (4 groups, m=12)",convex,12,ReLexTail_0.02,0.05280734062807988,0.19303247078650163
"R3 (4 groups, m=12)",convex,13,ReLexTail_0.02,0.0658855625300954,0.17218580617726836
"R3 (4 groups, m=12)",convex,14,ReLexTail_0.02,0.06576423953590903,0.14956891732238342
"R3 (4 groups, m=12)",convex,15,ReLexTail_0.02,0.09054383218282851,0.15745941634492305
"R3 (4 groups, m=12)",convex,16,ReLexTail_0.02,0.08012513773402397,0.19058644632364607
"R3 (4 groups, m=12)",convex,17,ReLexTail_0.02,0.10697455361549812,0.17953347826372543
"R3 (4 groups, m=12)",convex,18,ReLexTail_0.02,0.0726939327419301,0.17294820921467946
"R3 (4 groups, m=12)",convex,19,ReLexTail_0.02,0.16242798063456002,0.16836773815527492
"R3 (4 groups, m=12)",convex,20,ReLexTail_0.02,0.08934458667075319,0.17415937217512784
"R3 (4 groups, m=12)",convex,21,ReLexTail_0.02,0.14911543663931734,0.17411106433047788
"R3 (4 groups, m=12)",convex,22,ReLexTail_0.02,0.04656341933618258,0.15611159954818565
"R3 (4 groups, m=12)",convex,23,ReLexTail_0.02,0.06249982391498931,0.15361132695273821
"R3 (4 groups, m=12)",convex,24,ReLexTail_0.02,0.05627240735613193,0.15731582653231777
"R3 (4 groups, m=12)",convex,25,ReLexTail_0.02,0.04636040381565729,0.14552005038665464
"R3 (4 groups, m=12)",convex,26,ReLexTail_0.02,0.08392764757934763,0.15898446686463735
"R3 (4 groups, m=12)",convex,27,ReLexTail_0.02,0.09605600709443775,0.10465565893558038
"R3 (4 groups, m=12)",convex,28,ReLexTail_0.02,0.05261014385358101,0.14158230155776094
"R3 (4 groups, m=12)",convex,29,ReLexTail_0.02,0.05309003869651277,0.1479084724331771
"R3 (4 groups, m=12)",convex,0,ReLexTail_0.01,0.10636810751119895,0.18705055574872062
"R3 (4 groups, m=12)",convex,1,ReLexTail_0.01,0.05236718968352853,0.14316660915063809
"R3 (4 groups, m=12)",convex,2,ReLexTail_0.01,0.056294324746015846,0.20842038876958988
"R3 (4 groups, m=12)",convex,3,ReLexTail_0.01,0.04912531308278346,0.16110297402030804
"R3 (4 groups, m=12)",convex,4,ReLexTail_0.01,0.0638314534503893,0.1691352337855071
"R3 (4 groups, m=12)",convex,5,ReLexTail_0.01,0.04511754576417224,0.17952962706365835
"R3 (4 groups, m=12)",convex,6,ReLexTail_0.01,0.04601410634303868,0.15920280645956417
"R3 (4 groups, m=12)",convex,7,ReLexTail_0.01,0.05113453149047201,0.17162871148963774
"R3 (4 groups, m=12)",convex,8,ReLexTail_0.01,0.04089770441389329,0.14943431863513668
"R3 (4 groups, m=12)",convex,9,ReLexTail_0.01,0.06383173520731021,0.11366721434715943
"R3 (4 groups, m=12)",convex,10,ReLexTail_0.01,0.07253964801456612,0.19000130712368188
"R3 (4 groups, m=12)",convex,11,ReLexTail_0.01,0.07536156150021957,0.19375957056779317
"R3 (4 groups, m=12)",convex,12,ReLexTail_0.01,0.05280734062807988,0.19303247078650163
"R3 (4 groups, m=12)",convex,13,ReLexTail_0.01,0.0658855625300954,0.17218580617726836
"R3 (4 groups, m=12)",convex,14,ReLexTail_0.01,0.06576423953590903,0.14956891732238342
"R3 (4 groups, m=12)",convex,15,ReLexTail_0.01,0.09054383218282851,0.15745941634492305
"R3 (4 groups, m=12)",convex,16,ReLexTail_0.01,0.08012513773402397,0.19058644632364607
"R3 (4 groups, m=12)",convex,17,ReLexTail_0.01,0.10697455361549812,0.17953347826372543
"R3 (4 groups, m=12)",convex,18,ReLexTail_0.01,0.0726939327419301,0.17294820921467946
"R3 (4 groups, m=12)",convex,19,ReLexTail_0.01,0.0614347495858178,0.18791581975001273
"R3 (4 groups, m=12)",convex,20,ReLexTail_0.01,0.08934458667075319,0.17415937217512784
"R3 (4 groups, m=12)",convex,21,ReLexTail_0.01,0.14911543663931734,0.17411106433047788
"R3 (4 groups, m=12)",convex,22,ReLexTail_0.01,0.060613824585380255,0.19052364531160157
"R3 (4 groups, m=12)",convex,23,ReLexTail_0.01,0.06249982391498931,0.15361132695273821
"R3 (4 groups, m=12)",convex,24,ReLexTail_0.01,0.05627240735613193,0.15731582653231777
"R3 (4 groups, m=12)",convex,25,ReLexTail_0.01,0.046920469000744834,0.17970055496250517
"R3 (4 groups, m=12)",convex,26,ReLexTail_0.01,0.08392764757934763,0.15898446686463735
"R3 (4 groups, m=12)",convex,27,ReLexTail_0.01,0.09605600709443775,0.10465565893558038
"R3 (4 groups, m=12)",convex,28,ReLexTail_0.01,0.05261014385358101,0.14158230155776094
"R3 (4 groups, m=12)",convex,29,ReLexTail_0.01,0.05309003869651277,0.1479084724331771
"R3 (4 groups, m=12)",convex,0,ReLexTail_0.005,0.10636810751119895,0.18705055574872062
"R3 (4 groups, m=12)",convex,1,ReLexTail_0.005,0.05236718968352853,0.14316660915063809
"R3 (4 groups, m=12)",convex,2,ReLexTail_0.005,0.056294324746015846,0.20842038876958988
"R3 (4 groups, m=12)",convex,3,ReLexTail_0.005,0.04912531308278346,0.16110297402030804
"R3 (4 groups, m=12)",convex,4,ReLexTail_0.005,0.0638314534503893,0.1691352337855071
"R3 (4 groups, m=12)",convex,5,ReLexTail_0.005,0.04511754576417224,0.17952962706365835
"R3 (4 groups, m=12)",convex,6,ReLexTail_0.005,0.04601410634303868,0.15920280645956417
"R3 (4 groups, m=12)",convex,7,ReLexTail_0.005,0.05113453149047201,0.17162871148963774
"R3 (4 groups, m=12)",convex,8,ReLexTail_0.005,0.04089770441389329,0.14943431863513668
"R3 (4 groups, m=12)",convex,9,ReLexTail_0.005,0.06383173520731021,0.11366721434715943
"R3 (4 groups, m=12)",convex,10,ReLexTail_0.005,0.07253964801456612,0.19000130712368188
"R3 (4 groups, m=12)",convex,11,ReLexTail_0.005,0.07536156150021957,0.19375957056779317
"R3 (4 groups, m=12)",convex,12,ReLexTail_0.005,0.05280734062807988,0.19303247078650163
"R3 (4 groups, m=12)",convex,13,ReLexTail_0.005,0.0658855625300954,0.17218580617726836
"R3 (4 groups, m=12)",convex,14,ReLexTail_0.005,0.06576423953590903,0.14956891732238342
"R3 (4 groups, m=12)",convex,15,ReLexTail_0.005,0.09054383218282851,0.15745941634492305
"R3 (4 groups, m=12)",convex,16,ReLexTail_0.005,0.08012513773402397,0.19058644632364607
"R3 (4 groups, m=12)",convex,17,ReLexTail_0.005,0.10697455361549812,0.17953347826372543
"R3 (4 groups, m=12)",convex,18,ReLexTail_0.005,0.0726939327419301,0.17294820921467946
"R3 (4 groups, m=12)",convex,19,ReLexTail_0.005,0.0614347495858178,0.18791581975001273
"R3 (4 groups, m=12)",convex,20,ReLexTail_0.005,0.08934458667075319,0.17415937217512784
"R3 (4 groups, m=12)",convex,21,ReLexTail_0.005,0.14911543663931734,0.17411106433047788
"R3 (4 groups, m=12)",convex,22,ReLexTail_0.005,0.060613824585380255,0.19052364531160157
"R3 (4 groups, m=12)",convex,23,ReLexTail_0.005,0.06249982391498931,0.15361132695273821
"R3 (4 groups, m=12)",convex,24,ReLexTail_0.005,0.05627240735613193,0.15731582653231777
"R3 (4 groups, m=12)",convex,25,ReLexTail_0.005,0.046920469000744834,0.17970055496250517
"R3 (4 groups, m=12)",convex,26,ReLexTail_0.005,0.08392764757934763,0.15898446686463735
"R3 (4 groups, m=12)",convex,27,ReLexTail_0.005,0.09605600709443775,0.10465565893558038
"R3 (4 groups, m=12)",convex,28,ReLexTail_0.005,0.05261014385358101,0.14158230155776094
"R3 (4 groups, m=12)",convex,29,ReLexTail_0.005,0.05309003869651277,0.1479084724331771
"R4 (3 groups, m=12)",linear,0,TOPSIS,0.4845143365737979,0.6443529463938031
"R4 (3 groups, m=12)",linear,1,TOPSIS,0.391884315452548,0.4940160837006349
"R4 (3 groups, m=12)",linear,2,TOPSIS,0.5203642016107591,0.6176158878827893
"R4 (3 groups, m=12)",linear,3,TOPSIS,0.47693897025171944,0.5755213921181708
"R4 (3 groups, m=12)",linear,4,TOPSIS,0.4110667608641929,0.4135965233218008
"R4 (3 groups, m=12)",linear,5,TOPSIS,0.4900971721999912,0.5798573447779849
"R4 (3 groups, m=12)",linear,6,TOPSIS,0.3575391658170474,0.4325331082991951
"R4 (3 groups, m=12)",linear,7,TOPSIS,0.4981797533047221,0.5805873341418628
"R4 (3 groups, m=12)",linear,8,TOPSIS,0.5592189990732689,0.7253521145888501
"R4 (3 groups, m=12)",linear,9,TOPSIS,0.37103057416440005,0.37687119692750976
"R4 (3 groups, m=12)",linear,10,TOPSIS,0.37116506396584065,0.4182920399321653
"R4 (3 groups, m=12)",linear,11,TOPSIS,0.42787379954240295,0.4897436111280735
"R4 (3 groups, m=12)",linear,12,TOPSIS,0.4724266534934681,0.5538243362827244
"R4 (3 groups, m=12)",linear,13,TOPSIS,0.6091289771916324,0.6528744739709568
"R4 (3 groups, m=12)",linear,14,TOPSIS,0.30479404814418737,0.42691057271021343
"R4 (3 groups, m=12)",linear,15,TOPSIS,0.3984841056718264,0.4824455349083956
"R4 (3 groups, m=12)",linear,16,TOPSIS,0.5159615303762359,0.7372492703969796
"R4 (3 groups, m=12)",linear,17,TOPSIS,0.40314800359088315,0.41893821765552924
"R4 (3 groups, m=12)",linear,18,TOPSIS,0.5263156145274088,0.5680945160659442
"R4 (3 groups, m=12)",linear,19,TOPSIS,0.48389401031283424,0.5942462153908735
"R4 (3 groups, m=12)",linear,20,TOPSIS,0.25674863932644554,0.31963101971765434
"R4 (3 groups, m=12)",linear,21,TOPSIS,0.6046897490880782,0.5262562368085657
"R4 (3 groups, m=12)",linear,22,TOPSIS,0.49784262199725277,0.5724451797359159
"R4 (3 groups, m=12)",linear,23,TOPSIS,0.4238295176246209,0.5206755016251081
"R4 (3 groups, m=12)",linear,24,TOPSIS,0.3454132123054134,0.3963636393275643
"R4 (3 groups, m=12)",linear,25,TOPSIS,0.37604946434780356,0.4338395263912037
"R4 (3 groups, m=12)",linear,26,TOPSIS,0.5160255488847655,0.6352451648268911
"R4 (3 groups, m=12)",linear,27,TOPSIS,0.5556297244974227,0.58039383963472
"R4 (3 groups, m=12)",linear,28,TOPSIS,0.4453021382909581,0.46411076458608547
"R4 (3 groups, m=12)",linear,29,TOPSIS,0.5813939953573829,0.6321863200568401
"R4 (3 groups, m=12)",linear,0,CP,0.3556641845197399,0.381388688399149
"R4 (3 groups, m=12)",linear,1,CP,0.391884315452548,0.4940160837006349
"R4 (3 groups, m=12)",linear,2,CP,0.43281703222658513,0.5358386151630871
"R4 (3 groups, m=12)",linear,3,CP,0.3236670103090003,0.3587347903369991
"R4 (3 groups, m=12)",linear,4,CP,0.4110667608641929,0.4135965233218008
"R4 (3 groups, m=12)",linear,5,CP,0.2879063408323069,0.35763497002797406
"R4 (3 groups, m=12)",linear,6,CP,0.3575391658170474,0.4325331082991951
"R4 (3 groups, m=12)",linear,7,CP,0.4212936562911211,0.4976944216627945
"R4 (3 groups, m=12)",linear,8,CP,0.43777852162637587,0.44008035510268834
"R4 (3 groups, m=12)",linear,9,CP,0.37103057416440005,0.37687119692750976
"R4 (3 groups, m=12)",linear,10,CP,0.2876197798403269,0.33957999095239927
"R4 (3 groups, m=12)",linear,11,CP,0.42787379954240295,0.4897436111280735
"R4 (3 groups, m=12)",linear,12,CP,0.2663890683202826,0.31766000722296944
"R4 (3 groups, m=12)",linear,13,CP,0.4585665816483712,0.4909039691266936
"R4 (3 groups, m=12)",linear,14,CP,0.30479404814418737,0.42691057271021343
"R4 (3 groups, m=12)",linear,15,CP,0.3984841056718264,0.4824455349083956
"R4 (3 groups, m=12)",linear,16,CP,0.36604330256215906,0.47084356585890735
"R4 (3 groups, m=12)",linear,17,CP,0.40314800359088315,0.41893821765552924
"R4 (3 groups, m=12)",linear,18,CP,0.35031453177932675,0.45704777705363364
"R4 (3 groups, m=12)",linear,19,CP,0.3179767980993489,0.40764514346538355
"R4 (3 groups, m=12)",linear,20,CP,0.25674863932644554,0.31963101971765434
"R4 (3 groups, m=12)",linear,21,CP,0.39332814593843507,0.3698005342141062
"R4 (3 groups, m=12)",linear,22,CP,0.49784262199725277,0.5724451797359159
"R4 (3 groups, m=12)",linear,23,CP,0.3539307156953075,0.36284432785945275
"R4 (3 groups, m=12)",linear,24,CP,0.3454132123054134,0.3963636393275643
"R4 (3 groups, m=12)",linear,25,CP,0.37604946434780356,0.4338395263912037
"R4 (3 groups, m=12)",linear,26,CP,0.30039567797777983,0.3625440224635634
"R4 (3 groups, m=12)",linear,27,CP,0.5556297244974227,0.58039383963472
"R4 (3 groups, m=12)",linear,28,CP,0.4453021382909581,0.46411076458608547
"R4 (3 groups, m=12)",linear,29,CP,0.3884187677854691,0.43320423218006765
"R4 (3 groups, m=12)",linear,0,Knee,0.2464258710723071,0.5148906160551368
"R4 (3 groups, m=12)",linear,1,Knee,0.3689555250051218,0.7771805232902053
"R4 (3 groups, m=12)",linear,2,Knee,0.43281703222658513,0.5358386151630871
"R4 (3 groups, m=12)",linear,3,Knee,0.3917957278303857,0.6994400928108474
"R4 (3 groups, m=12)",linear,4,Knee,0.4110667608641929,0.4135965233218008
"R4 (3 groups, m=12)",linear,5,Knee,0.3435834276559296,0.5793743068765379
"R4 (3 groups, m=12)",linear,6,Knee,0.3520693275544249,0.497015931596043
"R4 (3 groups, m=12)",linear,7,Knee,0.4212936562911211,0.4976944216627945
"R4 (3 groups, m=12)",linear,8,Knee,0.43777852162637587,0.44008035510268834
"R4 (3 groups, m=12)",linear,9,Knee,0.37103057416440005,0.37687119692750976
"R4 (3 groups, m=12)",linear,10,Knee,0.430047035036353,0.7662698894258887
"R4 (3 groups, m=12)",linear,11,Knee,0.42787379954240295,0.4897436111280735
"R4 (3 groups, m=12)",linear,12,Knee,0.2663890683202826,0.31766000722296944
"R4 (3 groups, m=12)",linear,13,Knee,0.4585665816483712,0.4909039691266936
"R4 (3 groups, m=12)",linear,14,Knee,0.30479404814418737,0.42691057271021343
"R4 (3 groups, m=12)",linear,15,Knee,0.3984841056718264,0.4824455349083956
"R4 (3 groups, m=12)",linear,16,Knee,0.36604330256215906,0.47084356585890735
"R4 (3 groups, m=12)",linear,17,Knee,0.4008289108991858,0.6761803326304915
"R4 (3 groups, m=12)",linear,18,Knee,0.35031453177932675,0.45704777705363364
"R4 (3 groups, m=12)",linear,19,Knee,0.3578683141803636,0.5647501553356857
"R4 (3 groups, m=12)",linear,20,Knee,0.23472634050740734,0.5662161056257559
"R4 (3 groups, m=12)",linear,21,Knee,0.39949991419828906,0.8071896398686903
"R4 (3 groups, m=12)",linear,22,Knee,0.49784262199725277,0.5724451797359159
"R4 (3 groups, m=12)",linear,23,Knee,0.3539307156953075,0.36284432785945275
"R4 (3 groups, m=12)",linear,24,Knee,0.3454132123054134,0.3963636393275643
"R4 (3 groups, m=12)",linear,25,Knee,0.37604946434780356,0.4338395263912037
"R4 (3 groups, m=12)",linear,26,Knee,0.30039567797777983,0.3625440224635634
"R4 (3 groups, m=12)",linear,27,Knee,0.48149225157086506,0.6255912997058979
"R4 (3 groups, m=12)",linear,28,Knee,0.4453021382909581,0.46411076458608547
"R4 (3 groups, m=12)",linear,29,Knee,0.3884187677854691,0.43320423218006765
"R4 (3 groups, m=12)",linear,0,WS,0.5583058763620006,0.7751994184727683
"R4 (3 groups, m=12)",linear,1,WS,0.391884315452548,0.4940160837006349
"R4 (3 groups, m=12)",linear,2,WS,0.5203642016107591,0.6176158878827893
"R4 (3 groups, m=12)",linear,3,WS,0.5880696717380235,0.8240391012166551
"R4 (3 groups, m=12)",linear,4,WS,0.4110667608641929,0.4135965233218008
"R4 (3 groups, m=12)",linear,5,WS,0.4900971721999912,0.5798573447779849
"R4 (3 groups, m=12)",linear,6,WS,0.5841741403534716,0.8388716009075546
"R4 (3 groups, m=12)",linear,7,WS,0.4100883733949388,0.5343425237792288
"R4 (3 groups, m=12)",linear,8,WS,0.5592189990732689,0.7253521145888501
"R4 (3 groups, m=12)",linear,9,WS,0.46933649954200135,0.7776044649153767
"R4 (3 groups, m=12)",linear,10,WS,0.5814059986019928,0.7919643494926194
"R4 (3 groups, m=12)",linear,11,WS,0.42787379954240295,0.4897436111280735
"R4 (3 groups, m=12)",linear,12,WS,0.4724266534934681,0.5538243362827244
"R4 (3 groups, m=12)",linear,13,WS,0.6091289771916324,0.6528744739709568
"R4 (3 groups, m=12)",linear,14,WS,0.5876547390531273,0.9499767779106318
"R4 (3 groups, m=12)",linear,15,WS,0.5713377078290809,0.9354876661747145
"R4 (3 groups, m=12)",linear,16,WS,0.5159615303762359,0.7372492703969796
"R4 (3 groups, m=12)",linear,17,WS,0.5942918133302666,0.7870071986197587
"R4 (3 groups, m=12)",linear,18,WS,0.6398720355856905,0.8705514261326984
"R4 (3 groups, m=12)",linear,19,WS,0.5716796831033336,0.8024885526357755
"R4 (3 groups, m=12)",linear,20,WS,0.5291567486287231,0.6870959572379954
"R4 (3 groups, m=12)",linear,21,WS,0.6046897490880782,0.5262562368085657
"R4 (3 groups, m=12)",linear,22,WS,0.49784262199725277,0.5724451797359159
"R4 (3 groups, m=12)",linear,23,WS,0.624013357088448,0.8131894065860165
"R4 (3 groups, m=12)",linear,24,WS,0.565964295866086,0.7274358536789969
"R4 (3 groups, m=12)",linear,25,WS,0.6047286608040187,0.7404313654418085
"R4 (3 groups, m=12)",linear,26,WS,0.47794241113166686,0.6903711830411647
"R4 (3 groups, m=12)",linear,27,WS,0.5556297244974227,0.58039383963472
"R4 (3 groups, m=12)",linear,28,WS,0.5515756809379736,0.786199061874818
"R4 (3 groups, m=12)",linear,29,WS,0.525403521946341,0.6713683069973385
"R4 (3 groups, m=12)",linear,0,Leximax,0.2200709205013854,0.4651769587631187
"R4 (3 groups, m=12)",linear,1,Leximax,0.2421736039409446,0.44965221957825013
"R4 (3 groups, m=12)",linear,2,Leximax,0.2615928844580718,0.4190458621038188
"R4 (3 groups, m=12)",linear,3,Leximax,0.3236670103090003,0.3587347903369991
"R4 (3 groups, m=12)",linear,4,Leximax,0.2182438384152563,0.44885315836570466
"R4 (3 groups, m=12)",linear,5,Leximax,0.22594314272213925,0.48267611898297863
"R4 (3 groups, m=12)",linear,6,Leximax,0.27532160736890554,0.3885081039927801
"R4 (3 groups, m=12)",linear,7,Leximax,0.30813937322310075,0.3620354996614626
"R4 (3 groups, m=12)",linear,8,Leximax,0.23569276199846587,0.5368937967880681
"R4 (3 groups, m=12)",linear,9,Leximax,0.21056573380889135,0.5188521926938228
"R4 (3 groups, m=12)",linear,10,Leximax,0.2528027068522845,0.3739435541089948
"R4 (3 groups, m=12)",linear,11,Leximax,0.28438404941054546,0.5148861182176637
"R4 (3 groups, m=12)",linear,12,Leximax,0.24733781056908458,0.38772043376874443
"R4 (3 groups, m=12)",linear,13,Leximax,0.23950021485885656,0.35234435446949713
"R4 (3 groups, m=12)",linear,14,Leximax,0.21024816773877772,0.4034330098174864
"R4 (3 groups, m=12)",linear,15,Leximax,0.2670344632947948,0.3802463999937555
"R4 (3 groups, m=12)",linear,16,Leximax,0.23449964253631575,0.36195012498767054
"R4 (3 groups, m=12)",linear,17,Leximax,0.2731738915760266,0.4033650907205235
"R4 (3 groups, m=12)",linear,18,Leximax,0.25125523892266816,0.4779000261051967
"R4 (3 groups, m=12)",linear,19,Leximax,0.2189008215972208,0.5680726762006023
"R4 (3 groups, m=12)",linear,20,Leximax,0.22650450526623367,0.447569440872762
"R4 (3 groups, m=12)",linear,21,Leximax,0.25050889602991017,0.3571281296462461
"R4 (3 groups, m=12)",linear,22,Leximax,0.3062041843301154,0.4034991553913143
"R4 (3 groups, m=12)",linear,23,Leximax,0.26299160398489924,0.49573638602079656
"R4 (3 groups, m=12)",linear,24,Leximax,0.2418195288938524,0.3593717057230584
"R4 (3 groups, m=12)",linear,25,Leximax,0.3163574139163714,0.35727495196701964
"R4 (3 groups, m=12)",linear,26,Leximax,0.28305025257337085,0.3825561226262811
"R4 (3 groups, m=12)",linear,27,Leximax,0.3299960246710856,0.3457531923708208
"R4 (3 groups, m=12)",linear,28,Leximax,0.23179141902616243,0.45813121086166475
"R4 (3 groups, m=12)",linear,29,Leximax,0.21025329183114436,0.5016288405133055
"R4 (3 groups, m=12)",linear,0,RW,0.5849720034400044,0.8473254661193772
"R4 (3 groups, m=12)",linear,1,RW,0.391884315452548,0.4940160837006349
"R4 (3 groups, m=12)",linear,2,RW,0.5203642016107591,0.6176158878827893
"R4 (3 groups, m=12)",linear,3,RW,0.5880696717380235,0.8240391012166551
"R4 (3 groups, m=12)",linear,4,RW,0.6151216411403272,0.7946555548905745
"R4 (3 groups, m=12)",linear,5,RW,0.5702487115001352,0.7879375922048316
"R4 (3 groups, m=12)",linear,6,RW,0.5841741403534716,0.8388716009075546
"R4 (3 groups, m=12)",linear,7,RW,0.5982455058029826,0.930314615879161
"R4 (3 groups, m=12)",linear,8,RW,0.5592189990732689,0.7253521145888501
"R4 (3 groups, m=12)",linear,9,RW,0.46933649954200135,0.7776044649153767
"R4 (3 groups, m=12)",linear,10,RW,0.5814059986019928,0.7919643494926194
"R4 (3 groups, m=12)",linear,11,RW,0.5925233002753217,0.884531009712305
"R4 (3 groups, m=12)",linear,12,RW,0.5937206181744995,0.8255095810087204
"R4 (3 groups, m=12)",linear,13,RW,0.6091289771916324,0.6528744739709568
"R4 (3 groups, m=12)",linear,14,RW,0.5876547390531273,0.9499767779106318
"R4 (3 groups, m=12)",linear,15,RW,0.5713377078290809,0.9354876661747145
"R4 (3 groups, m=12)",linear,16,RW,0.5159615303762359,0.7372492703969796
"R4 (3 groups, m=12)",linear,17,RW,0.5942918133302666,0.7870071986197587
"R4 (3 groups, m=12)",linear,18,RW,0.6398720355856905,0.8705514261326984
"R4 (3 groups, m=12)",linear,19,RW,0.5716796831033336,0.8024885526357755
"R4 (3 groups, m=12)",linear,20,RW,0.5482502728108511,0.7580637716923109
"R4 (3 groups, m=12)",linear,21,RW,0.6046897490880782,0.5262562368085657
"R4 (3 groups, m=12)",linear,22,RW,0.5789599691188742,0.7796523787395265
"R4 (3 groups, m=12)",linear,23,RW,0.624013357088448,0.8131894065860165
"R4 (3 groups, m=12)",linear,24,RW,0.565964295866086,0.7274358536789969
"R4 (3 groups, m=12)",linear,25,RW,0.6047286608040187,0.7404313654418085
"R4 (3 groups, m=12)",linear,26,RW,0.47794241113166686,0.6903711830411647
"R4 (3 groups, m=12)",linear,27,RW,0.5556297244974227,0.58039383963472
"R4 (3 groups, m=12)",linear,28,RW,0.5515756809379736,0.786199061874818
"R4 (3 groups, m=12)",linear,29,RW,0.525403521946341,0.6713683069973385
"R4 (3 groups, m=12)",linear,0,ASF,0.2200709205013854,0.4651769587631187
"R4 (3 groups, m=12)",linear,1,ASF,0.2421736039409446,0.44965221957825013
"R4 (3 groups, m=12)",linear,2,ASF,0.2615928844580718,0.4190458621038188
"R4 (3 groups, m=12)",linear,3,ASF,0.24437625480047873,0.5629845476049217
"R4 (3 groups, m=12)",linear,4,ASF,0.22099616146185241,0.5340559021479802
"R4 (3 groups, m=12)",linear,5,ASF,0.22594314272213925,0.48267611898297863
"R4 (3 groups, m=12)",linear,6,ASF,0.24253134941583887,0.46837074482768454
"R4 (3 groups, m=12)",linear,7,ASF,0.25318936227640043,0.4016259034507245
"R4 (3 groups, m=12)",linear,8,ASF,0.24972530665662074,0.4329626635292211
"R4 (3 groups, m=12)",linear,9,ASF,0.22799677808178007,0.38991641827244883
"R4 (3 groups, m=12)",linear,10,ASF,0.2876197798403269,0.33957999095239927
"R4 (3 groups, m=12)",linear,11,ASF,0.241268262620244,0.5019274374430802
"R4 (3 groups, m=12)",linear,12,ASF,0.2663890683202826,0.31766000722296944
"R4 (3 groups, m=12)",linear,13,ASF,0.23950021485885656,0.35234435446949713
"R4 (3 groups, m=12)",linear,14,ASF,0.21024816773877772,0.4034330098174864
"R4 (3 groups, m=12)",linear,15,ASF,0.2670344632947948,0.3802463999937555
"R4 (3 groups, m=12)",linear,16,ASF,0.23449964253631575,0.36195012498767054
"R4 (3 groups, m=12)",linear,17,ASF,0.21923117622142985,0.5547774265730567
"R4 (3 groups, m=12)",linear,18,ASF,0.23552089184243966,0.47027968283396976
"R4 (3 groups, m=12)",linear,19,ASF,0.2271397551020513,0.5401935139945266
"R4 (3 groups, m=12)",linear,20,ASF,0.22650450526623367,0.447569440872762
"R4 (3 groups, m=12)",linear,21,ASF,0.3008135921375828,0.40245033473770003
"R4 (3 groups, m=12)",linear,22,ASF,0.2187567762660504,0.4453333096808881
"R4 (3 groups, m=12)",linear,23,ASF,0.22356040946181555,0.5010620883000194
"R4 (3 groups, m=12)",linear,24,ASF,0.2418195288938524,0.3593717057230584
"R4 (3 groups, m=12)",linear,25,ASF,0.26544483219392184,0.48656996209171666
"R4 (3 groups, m=12)",linear,26,ASF,0.30039567797777983,0.3625440224635634
"R4 (3 groups, m=12)",linear,27,ASF,0.3299960246710856,0.3457531923708208
"R4 (3 groups, m=12)",linear,28,ASF,0.23179141902616243,0.45813121086166475
"R4 (3 groups, m=12)",linear,29,ASF,0.23538583604278088,0.4339477432526105
"R4 (3 groups, m=12)",linear,0,SMAA,0.5583058763620006,0.7751994184727683
"R4 (3 groups, m=12)",linear,1,SMAA,0.391884315452548,0.4940160837006349
"R4 (3 groups, m=12)",linear,2,SMAA,0.5203642016107591,0.6176158878827893
"R4 (3 groups, m=12)",linear,3,SMAA,0.5880696717380235,0.8240391012166551
"R4 (3 groups, m=12)",linear,4,SMAA,0.6151216411403272,0.7946555548905745
"R4 (3 groups, m=12)",linear,5,SMAA,0.5624562764654631,0.8383142176032098
"R4 (3 groups, m=12)",linear,6,SMAA,0.5841741403534716,0.8388716009075546
"R4 (3 groups, m=12)",linear,7,SMAA,0.4100883733949388,0.5343425237792288
"R4 (3 groups, m=12)",linear,8,SMAA,0.5592189990732689,0.7253521145888501
"R4 (3 groups, m=12)",linear,9,SMAA,0.46933649954200135,0.7776044649153767
"R4 (3 groups, m=12)",linear,10,SMAA,0.5814059986019928,0.7919643494926194
"R4 (3 groups, m=12)",linear,11,SMAA,0.5925233002753217,0.884531009712305
"R4 (3 groups, m=12)",linear,12,SMAA,0.5937206181744995,0.8255095810087204
"R4 (3 groups, m=12)",linear,13,SMAA,0.6091289771916324,0.6528744739709568
"R4 (3 groups, m=12)",linear,14,SMAA,0.5876547390531273,0.9499767779106318
"R4 (3 groups, m=12)",linear,15,SMAA,0.5713377078290809,0.9354876661747145
"R4 (3 groups, m=12)",linear,16,SMAA,0.5159615303762359,0.7372492703969796
"R4 (3 groups, m=12)",linear,17,SMAA,0.5942918133302666,0.7870071986197587
"R4 (3 groups, m=12)",linear,18,SMAA,0.6398720355856905,0.8705514261326984
"R4 (3 groups, m=12)",linear,19,SMAA,0.5716796831033336,0.8024885526357755
"R4 (3 groups, m=12)",linear,20,SMAA,0.5482502728108511,0.7580637716923109
"R4 (3 groups, m=12)",linear,21,SMAA,0.6046897490880782,0.5262562368085657
"R4 (3 groups, m=12)",linear,22,SMAA,0.5789599691188742,0.7796523787395265
"R4 (3 groups, m=12)",linear,23,SMAA,0.624013357088448,0.8131894065860165
"R4 (3 groups, m=12)",linear,24,SMAA,0.565964295866086,0.7274358536789969
"R4 (3 groups, m=12)",linear,25,SMAA,0.6047286608040187,0.7404313654418085
"R4 (3 groups, m=12)",linear,26,SMAA,0.47794241113166686,0.6903711830411647
"R4 (3 groups, m=12)",linear,27,SMAA,0.5556297244974227,0.58039383963472
"R4 (3 groups, m=12)",linear,28,SMAA,0.5515756809379736,0.786199061874818
"R4 (3 groups, m=12)",linear,29,SMAA,0.525403521946341,0.6713683069973385
"R4 (3 groups, m=12)",linear,0,MMR,0.3136698115936654,0.372964960865709
"R4 (3 groups, m=12)",linear,1,MMR,0.391884315452548,0.4940160837006349
"R4 (3 groups, m=12)",linear,2,MMR,0.2615928844580718,0.4190458621038188
"R4 (3 groups, m=12)",linear,3,MMR,0.3236670103090003,0.3587347903369991
"R4 (3 groups, m=12)",linear,4,MMR,0.4110667608641929,0.4135965233218008
"R4 (3 groups, m=12)",linear,5,MMR,0.2584858794060232,0.3982376970816261
"R4 (3 groups, m=12)",linear,6,MMR,0.2979007707142885,0.4445830865904123
"R4 (3 groups, m=12)",linear,7,MMR,0.2925690944007333,0.35995643196863747
"R4 (3 groups, m=12)",linear,8,MMR,0.43777852162637587,0.44008035510268834
"R4 (3 groups, m=12)",linear,9,MMR,0.3286506998362313,0.4017381022813666
"R4 (3 groups, m=12)",linear,10,MMR,0.2876197798403269,0.33957999095239927
"R4 (3 groups, m=12)",linear,11,MMR,0.22391606330402034,0.47522251303389473
"R4 (3 groups, m=12)",linear,12,MMR,0.3074726171184912,0.34218549289333094
"R4 (3 groups, m=12)",linear,13,MMR,0.23950021485885656,0.35234435446949713
"R4 (3 groups, m=12)",linear,14,MMR,0.33686696073362404,0.4719491464042802
"R4 (3 groups, m=12)",linear,15,MMR,0.2670344632947948,0.3802463999937555
"R4 (3 groups, m=12)",linear,16,MMR,0.23449964253631575,0.36195012498767054
"R4 (3 groups, m=12)",linear,17,MMR,0.2731738915760266,0.4033650907205235
"R4 (3 groups, m=12)",linear,18,MMR,0.2626668199887509,0.4053897672534041
"R4 (3 groups, m=12)",linear,19,MMR,0.3271961478743355,0.48622199249534526
"R4 (3 groups, m=12)",linear,20,MMR,0.25674863932644554,0.31963101971765434
"R4 (3 groups, m=12)",linear,21,MMR,0.3217950712900333,0.3395068180199392
"R4 (3 groups, m=12)",linear,22,MMR,0.33728993661302725,0.4296285897517208
"R4 (3 groups, m=12)",linear,23,MMR,0.3539307156953075,0.36284432785945275
"R4 (3 groups, m=12)",linear,24,MMR,0.3454132123054134,0.3963636393275643
"R4 (3 groups, m=12)",linear,25,MMR,0.3859134443778281,0.46964208423024967
"R4 (3 groups, m=12)",linear,26,MMR,0.2973473199611495,0.39844428511793095
"R4 (3 groups, m=12)",linear,27,MMR,0.3611656742237174,0.39239848366984414
"R4 (3 groups, m=12)",linear,28,MMR,0.4453021382909581,0.46411076458608547
"R4 (3 groups, m=12)",linear,29,MMR,0.2758309883370247,0.4440252055711917
"R4 (3 groups, m=12)",linear,0,LexPR,0.2200709205013854,0.4651769587631187
"R4 (3 groups, m=12)",linear,1,LexPR,0.2421736039409446,0.44965221957825013
"R4 (3 groups, m=12)",linear,2,LexPR,0.2615928844580718,0.4190458621038188
"R4 (3 groups, m=12)",linear,3,LexPR,0.2655743933083227,0.39308409058718297
"R4 (3 groups, m=12)",linear,4,LexPR,0.2182438384152563,0.44885315836570466
"R4 (3 groups, m=12)",linear,5,LexPR,0.22594314272213925,0.48267611898297863
"R4 (3 groups, m=12)",linear,6,LexPR,0.24253134941583887,0.46837074482768454
"R4 (3 groups, m=12)",linear,7,LexPR,0.25318936227640043,0.4016259034507245
"R4 (3 groups, m=12)",linear,8,LexPR,0.24972530665662074,0.4329626635292211
"R4 (3 groups, m=12)",linear,9,LexPR,0.22799677808178007,0.38991641827244883
"R4 (3 groups, m=12)",linear,10,LexPR,0.2876197798403269,0.33957999095239927
"R4 (3 groups, m=12)",linear,11,LexPR,0.241268262620244,0.5019274374430802
"R4 (3 groups, m=12)",linear,12,LexPR,0.2663890683202826,0.31766000722296944
"R4 (3 groups, m=12)",linear,13,LexPR,0.23950021485885656,0.35234435446949713
"R4 (3 groups, m=12)",linear,14,LexPR,0.21024816773877772,0.4034330098174864
"R4 (3 groups, m=12)",linear,15,LexPR,0.2670344632947948,0.3802463999937555
"R4 (3 groups, m=12)",linear,16,LexPR,0.23449964253631575,0.36195012498767054
"R4 (3 groups, m=12)",linear,17,LexPR,0.21923117622142985,0.5547774265730567
"R4 (3 groups, m=12)",linear,18,LexPR,0.23552089184243966,0.47027968283396976
"R4 (3 groups, m=12)",linear,19,LexPR,0.2271397551020513,0.5401935139945266
"R4 (3 groups, m=12)",linear,20,LexPR,0.22650450526623367,0.447569440872762
"R4 (3 groups, m=12)",linear,21,LexPR,0.3008135921375828,0.40245033473770003
"R4 (3 groups, m=12)",linear,22,LexPR,0.2187567762660504,0.4453333096808881
"R4 (3 groups, m=12)",linear,23,LexPR,0.22356040946181555,0.5010620883000194
"R4 (3 groups, m=12)",linear,24,LexPR,0.2418195288938524,0.3593717057230584
"R4 (3 groups, m=12)",linear,25,LexPR,0.26544483219392184,0.48656996209171666
"R4 (3 groups, m=12)",linear,26,LexPR,0.30039567797777983,0.3625440224635634
"R4 (3 groups, m=12)",linear,27,LexPR,0.3299960246710856,0.3457531923708208
"R4 (3 groups, m=12)",linear,28,LexPR,0.23179141902616243,0.45813121086166475
"R4 (3 groups, m=12)",linear,29,LexPR,0.23538583604278088,0.4339477432526105
"R4 (3 groups, m=12)",linear,0,ReLexTail_0.02,0.2200709205013854,0.4651769587631187
"R4 (3 groups, m=12)",linear,1,ReLexTail_0.02,0.2421736039409446,0.44965221957825013
"R4 (3 groups, m=12)",linear,2,ReLexTail_0.02,0.2615928844580718,0.4190458621038188
"R4 (3 groups, m=12)",linear,3,ReLexTail_0.02,0.2655743933083227,0.39308409058718297
"R4 (3 groups, m=12)",linear,4,ReLexTail_0.02,0.2182438384152563,0.44885315836570466
"R4 (3 groups, m=12)",linear,5,ReLexTail_0.02,0.22148804809152423,0.48215760894326204
"R4 (3 groups, m=12)",linear,6,ReLexTail_0.02,0.24253134941583887,0.46837074482768454
"R4 (3 groups, m=12)",linear,7,ReLexTail_0.02,0.25318936227640043,0.4016259034507245
"R4 (3 groups, m=12)",linear,8,ReLexTail_0.02,0.23117439657381064,0.45974790770835655
"R4 (3 groups, m=12)",linear,9,ReLexTail_0.02,0.22799677808178007,0.38991641827244883
"R4 (3 groups, m=12)",linear,10,ReLexTail_0.02,0.2876197798403269,0.33957999095239927
"R4 (3 groups, m=12)",linear,11,ReLexTail_0.02,0.241268262620244,0.5019274374430802
"R4 (3 groups, m=12)",linear,12,ReLexTail_0.02,0.2663890683202826,0.31766000722296944
"R4 (3 groups, m=12)",linear,13,ReLexTail_0.02,0.23950021485885656,0.35234435446949713
"R4 (3 groups, m=12)",linear,14,ReLexTail_0.02,0.21024816773877772,0.4034330098174864
"R4 (3 groups, m=12)",linear,15,ReLexTail_0.02,0.2670344632947948,0.3802463999937555
"R4 (3 groups, m=12)",linear,16,ReLexTail_0.02,0.23449964253631575,0.36195012498767054
"R4 (3 groups, m=12)",linear,17,ReLexTail_0.02,0.2170610624385578,0.4631070851013279
"R4 (3 groups, m=12)",linear,18,ReLexTail_0.02,0.23552089184243966,0.47027968283396976
"R4 (3 groups, m=12)",linear,19,ReLexTail_0.02,0.26518534915110736,0.476142991139275
"R4 (3 groups, m=12)",linear,20,ReLexTail_0.02,0.22650450526623367,0.447569440872762
"R4 (3 groups, m=12)",linear,21,ReLexTail_0.02,0.2210190364442579,0.43529752334401295
"R4 (3 groups, m=12)",linear,22,ReLexTail_0.02,0.2187567762660504,0.4453333096808881
"R4 (3 groups, m=12)",linear,23,ReLexTail_0.02,0.26120084310769776,0.44179904711934775
"R4 (3 groups, m=12)",linear,24,ReLexTail_0.02,0.2418195288938524,0.3593717057230584
"R4 (3 groups, m=12)",linear,25,ReLexTail_0.02,0.3163574139163714,0.35727495196701964
"R4 (3 groups, m=12)",linear,26,ReLexTail_0.02,0.30039567797777983,0.3625440224635634
"R4 (3 groups, m=12)",linear,27,ReLexTail_0.02,0.3299960246710856,0.3457531923708208
"R4 (3 groups, m=12)",linear,28,ReLexTail_0.02,0.23179141902616243,0.45813121086166475
"R4 (3 groups, m=12)",linear,29,ReLexTail_0.02,0.2503792311557759,0.4256950591900998
"R4 (3 groups, m=12)",linear,0,ReLexTail_0.01,0.2200709205013854,0.4651769587631187
"R4 (3 groups, m=12)",linear,1,ReLexTail_0.01,0.2421736039409446,0.44965221957825013
"R4 (3 groups, m=12)",linear,2,ReLexTail_0.01,0.2615928844580718,0.4190458621038188
"R4 (3 groups, m=12)",linear,3,ReLexTail_0.01,0.2655743933083227,0.39308409058718297
"R4 (3 groups, m=12)",linear,4,ReLexTail_0.01,0.2182438384152563,0.44885315836570466
"R4 (3 groups, m=12)",linear,5,ReLexTail_0.01,0.22594314272213925,0.48267611898297863
"R4 (3 groups, m=12)",linear,6,ReLexTail_0.01,0.24253134941583887,0.46837074482768454
"R4 (3 groups, m=12)",linear,7,ReLexTail_0.01,0.25318936227640043,0.4016259034507245
"R4 (3 groups, m=12)",linear,8,ReLexTail_0.01,0.23117439657381064,0.45974790770835655
"R4 (3 groups, m=12)",linear,9,ReLexTail_0.01,0.22799677808178007,0.38991641827244883
"R4 (3 groups, m=12)",linear,10,ReLexTail_0.01,0.2876197798403269,0.33957999095239927
"R4 (3 groups, m=12)",linear,11,ReLexTail_0.01,0.241268262620244,0.5019274374430802
"R4 (3 groups, m=12)",linear,12,ReLexTail_0.01,0.2663890683202826,0.31766000722296944
"R4 (3 groups, m=12)",linear,13,ReLexTail_0.01,0.23950021485885656,0.35234435446949713
"R4 (3 groups, m=12)",linear,14,ReLexTail_0.01,0.21024816773877772,0.4034330098174864
"R4 (3 groups, m=12)",linear,15,ReLexTail_0.01,0.2670344632947948,0.3802463999937555
"R4 (3 groups, m=12)",linear,16,ReLexTail_0.01,0.23449964253631575,0.36195012498767054
"R4 (3 groups, m=12)",linear,17,ReLexTail_0.01,0.2170610624385578,0.4631070851013279
"R4 (3 groups, m=12)",linear,18,ReLexTail_0.01,0.23552089184243966,0.47027968283396976
"R4 (3 groups, m=12)",linear,19,ReLexTail_0.01,0.2271397551020513,0.5401935139945266
"R4 (3 groups, m=12)",linear,20,ReLexTail_0.01,0.22650450526623367,0.447569440872762
"R4 (3 groups, m=12)",linear,21,ReLexTail_0.01,0.22773679218489148,0.46429903300903863
"R4 (3 groups, m=12)",linear,22,ReLexTail_0.01,0.2187567762660504,0.4453333096808881
"R4 (3 groups, m=12)",linear,23,ReLexTail_0.01,0.22356040946181555,0.5010620883000194
"R4 (3 groups, m=12)",linear,24,ReLexTail_0.01,0.2418195288938524,0.3593717057230584
"R4 (3 groups, m=12)",linear,25,ReLexTail_0.01,0.26544483219392184,0.48656996209171666
"R4 (3 groups, m=12)",linear,26,ReLexTail_0.01,0.30039567797777983,0.3625440224635634
"R4 (3 groups, m=12)",linear,27,ReLexTail_0.01,0.3299960246710856,0.3457531923708208
"R4 (3 groups, m=12)",linear,28,ReLexTail_0.01,0.23179141902616243,0.45813121086166475
"R4 (3 groups, m=12)",linear,29,ReLexTail_0.01,0.23538583604278088,0.4339477432526105
"R4 (3 groups, m=12)",linear,0,ReLexTail_0.005,0.2200709205013854,0.4651769587631187
"R4 (3 groups, m=12)",linear,1,ReLexTail_0.005,0.2421736039409446,0.44965221957825013
"R4 (3 groups, m=12)",linear,2,ReLexTail_0.005,0.2615928844580718,0.4190458621038188
"R4 (3 groups, m=12)",linear,3,ReLexTail_0.005,0.2655743933083227,0.39308409058718297
"R4 (3 groups, m=12)",linear,4,ReLexTail_0.005,0.2182438384152563,0.44885315836570466
"R4 (3 groups, m=12)",linear,5,ReLexTail_0.005,0.22594314272213925,0.48267611898297863
"R4 (3 groups, m=12)",linear,6,ReLexTail_0.005,0.24253134941583887,0.46837074482768454
"R4 (3 groups, m=12)",linear,7,ReLexTail_0.005,0.25318936227640043,0.4016259034507245
"R4 (3 groups, m=12)",linear,8,ReLexTail_0.005,0.23117439657381064,0.45974790770835655
"R4 (3 groups, m=12)",linear,9,ReLexTail_0.005,0.22799677808178007,0.38991641827244883
"R4 (3 groups, m=12)",linear,10,ReLexTail_0.005,0.2876197798403269,0.33957999095239927
"R4 (3 groups, m=12)",linear,11,ReLexTail_0.005,0.241268262620244,0.5019274374430802
"R4 (3 groups, m=12)",linear,12,ReLexTail_0.005,0.2663890683202826,0.31766000722296944
"R4 (3 groups, m=12)",linear,13,ReLexTail_0.005,0.23950021485885656,0.35234435446949713
"R4 (3 groups, m=12)",linear,14,ReLexTail_0.005,0.21024816773877772,0.4034330098174864
"R4 (3 groups, m=12)",linear,15,ReLexTail_0.005,0.2670344632947948,0.3802463999937555
"R4 (3 groups, m=12)",linear,16,ReLexTail_0.005,0.27883886286081055,0.3970153852404612
"R4 (3 groups, m=12)",linear,17,ReLexTail_0.005,0.2170610624385578,0.4631070851013279
"R4 (3 groups, m=12)",linear,18,ReLexTail_0.005,0.23552089184243966,0.47027968283396976
"R4 (3 groups, m=12)",linear,19,ReLexTail_0.005,0.2271397551020513,0.5401935139945266
"R4 (3 groups, m=12)",linear,20,ReLexTail_0.005,0.22650450526623367,0.447569440872762
"R4 (3 groups, m=12)",linear,21,ReLexTail_0.005,0.22773679218489148,0.46429903300903863
"R4 (3 groups, m=12)",linear,22,ReLexTail_0.005,0.2187567762660504,0.4453333096808881
"R4 (3 groups, m=12)",linear,23,ReLexTail_0.005,0.22356040946181555,0.5010620883000194
"R4 (3 groups, m=12)",linear,24,ReLexTail_0.005,0.2418195288938524,0.3593717057230584
"R4 (3 groups, m=12)",linear,25,ReLexTail_0.005,0.26544483219392184,0.48656996209171666
"R4 (3 groups, m=12)",linear,26,ReLexTail_0.005,0.30039567797777983,0.3625440224635634
"R4 (3 groups, m=12)",linear,27,ReLexTail_0.005,0.3299960246710856,0.3457531923708208
"R4 (3 groups, m=12)",linear,28,ReLexTail_0.005,0.23179141902616243,0.45813121086166475
"R4 (3 groups, m=12)",linear,29,ReLexTail_0.005,0.23538583604278088,0.4339477432526105
"R4 (3 groups, m=12)",concave,0,TOPSIS,0.4974378351014725,0.862952013323883
"R4 (3 groups, m=12)",concave,1,TOPSIS,0.4824277718616126,0.8101457911838209
"R4 (3 groups, m=12)",concave,2,TOPSIS,0.525589399111226,0.8469150035993664
"R4 (3 groups, m=12)",concave,3,TOPSIS,0.5267988278055231,0.8801296789439564
"R4 (3 groups, m=12)",concave,4,TOPSIS,0.4815864003634829,0.9217135737988937
"R4 (3 groups, m=12)",concave,5,TOPSIS,0.5357951283462453,0.601051507758019
"R4 (3 groups, m=12)",concave,6,TOPSIS,0.40599390265736535,0.9594290980712823
"R4 (3 groups, m=12)",concave,7,TOPSIS,0.5149345438099053,0.9043701092817615
"R4 (3 groups, m=12)",concave,8,TOPSIS,0.514422008373886,0.5761550615381481
"R4 (3 groups, m=12)",concave,9,TOPSIS,0.4839667131803531,0.8660385300804276
"R4 (3 groups, m=12)",concave,10,TOPSIS,0.46222993009357866,0.8174165003818781
"R4 (3 groups, m=12)",concave,11,TOPSIS,0.5552838146114202,0.5969715255274899
"R4 (3 groups, m=12)",concave,12,TOPSIS,0.553540298296173,0.8839047619926135
"R4 (3 groups, m=12)",concave,13,TOPSIS,0.5089959879154866,0.7678993023172999
"R4 (3 groups, m=12)",concave,14,TOPSIS,0.5557134421780984,0.8664899088876926
"R4 (3 groups, m=12)",concave,15,TOPSIS,0.4528826366528278,0.9353879946943048
"R4 (3 groups, m=12)",concave,16,TOPSIS,0.47930947493631454,0.8174656992659971
"R4 (3 groups, m=12)",concave,17,TOPSIS,0.45697569389999915,0.8822384453439848
"R4 (3 groups, m=12)",concave,18,TOPSIS,0.5327601139671311,0.7344551809246999
"R4 (3 groups, m=12)",concave,19,TOPSIS,0.4937525493638106,0.9260526483285616
"R4 (3 groups, m=12)",concave,20,TOPSIS,0.4647096613625892,0.951519118612475
"R4 (3 groups, m=12)",concave,21,TOPSIS,0.5213398359111897,0.7775504886690517
"R4 (3 groups, m=12)",concave,22,TOPSIS,0.4680049915522185,0.9542880122942522
"R4 (3 groups, m=12)",concave,23,TOPSIS,0.5081932037009845,0.6819030659290273
"R4 (3 groups, m=12)",concave,24,TOPSIS,0.5169985439339353,0.9021325731920447
"R4 (3 groups, m=12)",concave,25,TOPSIS,0.5348912200678112,0.9035530513601618
"R4 (3 groups, m=12)",concave,26,TOPSIS,0.5763670840928691,0.649746512344527
"R4 (3 groups, m=12)",concave,27,TOPSIS,0.5072419398559819,0.7801638712259565
"R4 (3 groups, m=12)",concave,28,TOPSIS,0.45776199709412785,0.8318508489008112
"R4 (3 groups, m=12)",concave,29,TOPSIS,0.5082675433882046,0.6249235667019397
"R4 (3 groups, m=12)",concave,0,CP,0.4945010113241844,0.7882077035491455
"R4 (3 groups, m=12)",concave,1,CP,0.47414861215927145,0.5798525172197824
"R4 (3 groups, m=12)",concave,2,CP,0.5279300423163761,0.67503716659008
"R4 (3 groups, m=12)",concave,3,CP,0.5267988278055231,0.8801296789439564
"R4 (3 groups, m=12)",concave,4,CP,0.4815864003634829,0.9217135737988937
"R4 (3 groups, m=12)",concave,5,CP,0.5153315822244057,0.795220769329565
"R4 (3 groups, m=12)",concave,6,CP,0.40599390265736535,0.9594290980712823
"R4 (3 groups, m=12)",concave,7,CP,0.5149345438099053,0.9043701092817615
"R4 (3 groups, m=12)",concave,8,CP,0.514422008373886,0.5761550615381481
"R4 (3 groups, m=12)",concave,9,CP,0.4839667131803531,0.8660385300804276
"R4 (3 groups, m=12)",concave,10,CP,0.46222993009357866,0.8174165003818781
"R4 (3 groups, m=12)",concave,11,CP,0.5552838146114202,0.5969715255274899
"R4 (3 groups, m=12)",concave,12,CP,0.5523547347456637,0.720680392848452
"R4 (3 groups, m=12)",concave,13,CP,0.5089959879154866,0.7678993023172999
"R4 (3 groups, m=12)",concave,14,CP,0.5528766691183176,0.741250031117819
"R4 (3 groups, m=12)",concave,15,CP,0.4528826366528278,0.9353879946943048
"R4 (3 groups, m=12)",concave,16,CP,0.47930947493631454,0.8174656992659971
"R4 (3 groups, m=12)",concave,17,CP,0.45697569389999915,0.8822384453439848
"R4 (3 groups, m=12)",concave,18,CP,0.5327601139671311,0.7344551809246999
"R4 (3 groups, m=12)",concave,19,CP,0.4937525493638106,0.9260526483285616
"R4 (3 groups, m=12)",concave,20,CP,0.4647096613625892,0.951519118612475
"R4 (3 groups, m=12)",concave,21,CP,0.5484426044119097,0.726080377738046
"R4 (3 groups, m=12)",concave,22,CP,0.4994563921714535,0.8326462378829
"R4 (3 groups, m=12)",concave,23,CP,0.4928165911968057,0.9073195071651883
"R4 (3 groups, m=12)",concave,24,CP,0.5197596120323905,0.7220294247567455
"R4 (3 groups, m=12)",concave,25,CP,0.5362612251256234,0.8089503856689153
"R4 (3 groups, m=12)",concave,26,CP,0.5519034157834374,0.7100617471427001
"R4 (3 groups, m=12)",concave,27,CP,0.5072419398559819,0.7801638712259565
"R4 (3 groups, m=12)",concave,28,CP,0.45776199709412785,0.8318508489008112
"R4 (3 groups, m=12)",concave,29,CP,0.5082675433882046,0.6249235667019397
"R4 (3 groups, m=12)",concave,0,Knee,0.4945010113241844,0.7882077035491455
"R4 (3 groups, m=12)",concave,1,Knee,0.47414861215927145,0.5798525172197824
"R4 (3 groups, m=12)",concave,2,Knee,0.5279300423163761,0.67503716659008
"R4 (3 groups, m=12)",concave,3,Knee,0.5267988278055231,0.8801296789439564
"R4 (3 groups, m=12)",concave,4,Knee,0.4815864003634829,0.9217135737988937
"R4 (3 groups, m=12)",concave,5,Knee,0.5153315822244057,0.795220769329565
"R4 (3 groups, m=12)",concave,6,Knee,0.40599390265736535,0.9594290980712823
"R4 (3 groups, m=12)",concave,7,Knee,0.5149345438099053,0.9043701092817615
"R4 (3 groups, m=12)",concave,8,Knee,0.514422008373886,0.5761550615381481
"R4 (3 groups, m=12)",concave,9,Knee,0.4839667131803531,0.8660385300804276
"R4 (3 groups, m=12)",concave,10,Knee,0.46222993009357866,0.8174165003818781
"R4 (3 groups, m=12)",concave,11,Knee,0.5552838146114202,0.5969715255274899
"R4 (3 groups, m=12)",concave,12,Knee,0.5523547347456637,0.720680392848452
"R4 (3 groups, m=12)",concave,13,Knee,0.5559387314963948,0.7241634599898525
"R4 (3 groups, m=12)",concave,14,Knee,0.5528766691183176,0.741250031117819
"R4 (3 groups, m=12)",concave,15,Knee,0.5435325020682589,0.8847717883427572
"R4 (3 groups, m=12)",concave,16,Knee,0.5118112348721348,0.7518062720023987
"R4 (3 groups, m=12)",concave,17,Knee,0.45697569389999915,0.8822384453439848
"R4 (3 groups, m=12)",concave,18,Knee,0.5327601139671311,0.7344551809246999
"R4 (3 groups, m=12)",concave,19,Knee,0.4937525493638106,0.9260526483285616
"R4 (3 groups, m=12)",concave,20,Knee,0.4647096613625892,0.951519118612475
"R4 (3 groups, m=12)",concave,21,Knee,0.5484426044119097,0.726080377738046
"R4 (3 groups, m=12)",concave,22,Knee,0.4994563921714535,0.8326462378829
"R4 (3 groups, m=12)",concave,23,Knee,0.4928165911968057,0.9073195071651883
"R4 (3 groups, m=12)",concave,24,Knee,0.5197596120323905,0.7220294247567455
"R4 (3 groups, m=12)",concave,25,Knee,0.5362612251256234,0.8089503856689153
"R4 (3 groups, m=12)",concave,26,Knee,0.5519034157834374,0.7100617471427001
"R4 (3 groups, m=12)",concave,27,Knee,0.5072419398559819,0.7801638712259565
"R4 (3 groups, m=12)",concave,28,Knee,0.45776199709412785,0.8318508489008112
"R4 (3 groups, m=12)",concave,29,Knee,0.5082675433882046,0.6249235667019397
"R4 (3 groups, m=12)",concave,0,WS,0.4903875039076994,0.9211332643454638
"R4 (3 groups, m=12)",concave,1,WS,0.4824277718616126,0.8101457911838209
"R4 (3 groups, m=12)",concave,2,WS,0.525589399111226,0.8469150035993664
"R4 (3 groups, m=12)",concave,3,WS,0.5267988278055231,0.8801296789439564
"R4 (3 groups, m=12)",concave,4,WS,0.4815864003634829,0.9217135737988937
"R4 (3 groups, m=12)",concave,5,WS,0.5357951283462453,0.601051507758019
"R4 (3 groups, m=12)",concave,6,WS,0.40599390265736535,0.9594290980712823
"R4 (3 groups, m=12)",concave,7,WS,0.5149345438099053,0.9043701092817615
"R4 (3 groups, m=12)",concave,8,WS,0.4896754072070406,0.8477493728967823
"R4 (3 groups, m=12)",concave,9,WS,0.4839667131803531,0.8660385300804276
"R4 (3 groups, m=12)",concave,10,WS,0.46222993009357866,0.8174165003818781
"R4 (3 groups, m=12)",concave,11,WS,0.5550291837430007,0.6739344039659043
"R4 (3 groups, m=12)",concave,12,WS,0.4571523273195604,0.9986749185558566
"R4 (3 groups, m=12)",concave,13,WS,0.5089959879154866,0.7678993023172999
"R4 (3 groups, m=12)",concave,14,WS,0.5557134421780984,0.8664899088876926
"R4 (3 groups, m=12)",concave,15,WS,0.4528826366528278,0.9353879946943048
"R4 (3 groups, m=12)",concave,16,WS,0.47930947493631454,0.8174656992659971
"R4 (3 groups, m=12)",concave,17,WS,0.45697569389999915,0.8822384453439848
"R4 (3 groups, m=12)",concave,18,WS,0.5327601139671311,0.7344551809246999
"R4 (3 groups, m=12)",concave,19,WS,0.4937525493638106,0.9260526483285616
"R4 (3 groups, m=12)",concave,20,WS,0.4647096613625892,0.951519118612475
"R4 (3 groups, m=12)",concave,21,WS,0.5213398359111897,0.7775504886690517
"R4 (3 groups, m=12)",concave,22,WS,0.4680049915522185,0.9542880122942522
"R4 (3 groups, m=12)",concave,23,WS,0.5081932037009845,0.6819030659290273
"R4 (3 groups, m=12)",concave,24,WS,0.5169985439339353,0.9021325731920447
"R4 (3 groups, m=12)",concave,25,WS,0.5348912200678112,0.9035530513601618
"R4 (3 groups, m=12)",concave,26,WS,0.5497647504727862,0.6916252741030752
"R4 (3 groups, m=12)",concave,27,WS,0.5072419398559819,0.7801638712259565
"R4 (3 groups, m=12)",concave,28,WS,0.45776199709412785,0.8318508489008112
"R4 (3 groups, m=12)",concave,29,WS,0.5400945600014012,0.627931054820045
"R4 (3 groups, m=12)",concave,0,Leximax,0.48391153194637915,0.6695421066596856
"R4 (3 groups, m=12)",concave,1,Leximax,0.483296469403306,0.5994741434443629
"R4 (3 groups, m=12)",concave,2,Leximax,0.4928090577137205,0.7246425468833084
"R4 (3 groups, m=12)",concave,3,Leximax,0.5241130825821693,0.6925818794243985
"R4 (3 groups, m=12)",concave,4,Leximax,0.5077861144503059,0.7338577007901326
"R4 (3 groups, m=12)",concave,5,Leximax,0.5183738472423779,0.8361886439299399
"R4 (3 groups, m=12)",concave,6,Leximax,0.5174975015330581,0.7006238948159668
"R4 (3 groups, m=12)",concave,7,Leximax,0.5172911184784571,0.791728387303533
"R4 (3 groups, m=12)",concave,8,Leximax,0.5006790746835507,0.7123666013296059
"R4 (3 groups, m=12)",concave,9,Leximax,0.5037715643402728,0.7316872960155204
"R4 (3 groups, m=12)",concave,10,Leximax,0.483837170409215,0.7778307692094316
"R4 (3 groups, m=12)",concave,11,Leximax,0.49572127728928517,0.6654428775222362
"R4 (3 groups, m=12)",concave,12,Leximax,0.5078356668149169,0.7309402720081525
"R4 (3 groups, m=12)",concave,13,Leximax,0.508848562443976,0.7543663660151794
"R4 (3 groups, m=12)",concave,14,Leximax,0.5051241243740642,0.7170864775372646
"R4 (3 groups, m=12)",concave,15,Leximax,0.4948299366470145,0.7154216331175632
"R4 (3 groups, m=12)",concave,16,Leximax,0.5093194350018616,0.6871412510839063
"R4 (3 groups, m=12)",concave,17,Leximax,0.5089178246820265,0.7441719742238367
"R4 (3 groups, m=12)",concave,18,Leximax,0.5180054890929942,0.706558776346883
"R4 (3 groups, m=12)",concave,19,Leximax,0.503039155163705,0.7617472852755832
"R4 (3 groups, m=12)",concave,20,Leximax,0.49942708410683284,0.7135156941483866
"R4 (3 groups, m=12)",concave,21,Leximax,0.5358433703995649,0.5974336853404079
"R4 (3 groups, m=12)",concave,22,Leximax,0.494424764208828,0.7536713529724038
"R4 (3 groups, m=12)",concave,23,Leximax,0.490015398339144,0.7640522902636547
"R4 (3 groups, m=12)",concave,24,Leximax,0.5216915093396198,0.8016571959008452
"R4 (3 groups, m=12)",concave,25,Leximax,0.5257643569707546,0.6845167628471533
"R4 (3 groups, m=12)",concave,26,Leximax,0.5185251046019694,0.6676713112003223
"R4 (3 groups, m=12)",concave,27,Leximax,0.5223949838311638,0.7111734197750599
"R4 (3 groups, m=12)",concave,28,Leximax,0.48868508167984065,0.7550495482617043
"R4 (3 groups, m=12)",concave,29,Leximax,0.5011168682215089,0.7621190853779944
"R4 (3 groups, m=12)",concave,0,RW,0.4903875039076994,0.9211332643454638
"R4 (3 groups, m=12)",concave,1,RW,0.514737259257355,0.5735422831628937
"R4 (3 groups, m=12)",concave,2,RW,0.525589399111226,0.8469150035993664
"R4 (3 groups, m=12)",concave,3,RW,0.5267988278055231,0.8801296789439564
"R4 (3 groups, m=12)",concave,4,RW,0.4815864003634829,0.9217135737988937
"R4 (3 groups, m=12)",concave,5,RW,0.5357951283462453,0.601051507758019
"R4 (3 groups, m=12)",concave,6,RW,0.40599390265736535,0.9594290980712823
"R4 (3 groups, m=12)",concave,7,RW,0.5149345438099053,0.9043701092817615
"R4 (3 groups, m=12)",concave,8,RW,0.5416546463977526,0.5732380248280211
"R4 (3 groups, m=12)",concave,9,RW,0.4839667131803531,0.8660385300804276
"R4 (3 groups, m=12)",concave,10,RW,0.46222993009357866,0.8174165003818781
"R4 (3 groups, m=12)",concave,11,RW,0.5534093656173485,0.8171201731011504
"R4 (3 groups, m=12)",concave,12,RW,0.4571523273195604,0.9986749185558566
"R4 (3 groups, m=12)",concave,13,RW,0.5089959879154866,0.7678993023172999
"R4 (3 groups, m=12)",concave,14,RW,0.4519828926691957,0.9999999950063692
"R4 (3 groups, m=12)",concave,15,RW,0.4528826366528278,0.9353879946943048
"R4 (3 groups, m=12)",concave,16,RW,0.47930947493631454,0.8174656992659971
"R4 (3 groups, m=12)",concave,17,RW,0.45697569389999915,0.8822384453439848
"R4 (3 groups, m=12)",concave,18,RW,0.47574692563107,0.9651819255275814
"R4 (3 groups, m=12)",concave,19,RW,0.4937525493638106,0.9260526483285616
"R4 (3 groups, m=12)",concave,20,RW,0.4647096613625892,0.951519118612475
"R4 (3 groups, m=12)",concave,21,RW,0.5213398359111897,0.7775504886690517
"R4 (3 groups, m=12)",concave,22,RW,0.4680049915522185,0.9542880122942522
"R4 (3 groups, m=12)",concave,23,RW,0.5081932037009845,0.6819030659290273
"R4 (3 groups, m=12)",concave,24,RW,0.5169985439339353,0.9021325731920447
"R4 (3 groups, m=12)",concave,25,RW,0.5348912200678112,0.9035530513601618
"R4 (3 groups, m=12)",concave,26,RW,0.5497647504727862,0.6916252741030752
"R4 (3 groups, m=12)",concave,27,RW,0.49279920523706916,0.9999999951248799
"R4 (3 groups, m=12)",concave,28,RW,0.45776199709412785,0.8318508489008112
"R4 (3 groups, m=12)",concave,29,RW,0.5400945600014012,0.627931054820045
"R4 (3 groups, m=12)",concave,0,ASF,0.48391153194637915,0.6695421066596856
"R4 (3 groups, m=12)",concave,1,ASF,0.483296469403306,0.5994741434443629
"R4 (3 groups, m=12)",concave,2,ASF,0.4982171319003426,0.6507923626385694
"R4 (3 groups, m=12)",concave,3,ASF,0.5136413157970322,0.7065987544332676
"R4 (3 groups, m=12)",concave,4,ASF,0.5110534992906466,0.7688556700264183
"R4 (3 groups, m=12)",concave,5,ASF,0.5157022689734941,0.6227981162507311
"R4 (3 groups, m=12)",concave,6,ASF,0.5174975015330581,0.7006238948159668
"R4 (3 groups, m=12)",concave,7,ASF,0.5193280390730965,0.7552034087092614
"R4 (3 groups, m=12)",concave,8,ASF,0.49962099296286283,0.6805925661115532
"R4 (3 groups, m=12)",concave,9,ASF,0.5061546464317231,0.7382843392543559
"R4 (3 groups, m=12)",concave,10,ASF,0.4845538106969723,0.748261721706034
"R4 (3 groups, m=12)",concave,11,ASF,0.4971103144090458,0.6803390315173503
"R4 (3 groups, m=12)",concave,12,ASF,0.5043870434170663,0.6976209543265475
"R4 (3 groups, m=12)",concave,13,ASF,0.5089449049381235,0.682411221635832
"R4 (3 groups, m=12)",concave,14,ASF,0.505501660211619,0.6852165191590891
"R4 (3 groups, m=12)",concave,15,ASF,0.501488151929977,0.7154089057074086
"R4 (3 groups, m=12)",concave,16,ASF,0.5125466173712195,0.7277934004856598
"R4 (3 groups, m=12)",concave,17,ASF,0.5070832521535713,0.7566097687606076
"R4 (3 groups, m=12)",concave,18,ASF,0.5209706159255362,0.6426387203113031
"R4 (3 groups, m=12)",concave,19,ASF,0.5085098769624352,0.6888456784092674
"R4 (3 groups, m=12)",concave,20,ASF,0.5090028078712782,0.6615324765599022
"R4 (3 groups, m=12)",concave,21,ASF,0.5062217282327571,0.7178234554339392
"R4 (3 groups, m=12)",concave,22,ASF,0.4949159248086839,0.7323535835319354
"R4 (3 groups, m=12)",concave,23,ASF,0.49424843976844773,0.7150296466116001
"R4 (3 groups, m=12)",concave,24,ASF,0.5199815190777384,0.6464558816874018
"R4 (3 groups, m=12)",concave,25,ASF,0.4965828551166352,0.6794712752454158
"R4 (3 groups, m=12)",concave,26,ASF,0.5185251046019694,0.6676713112003223
"R4 (3 groups, m=12)",concave,27,ASF,0.5138626573034131,0.7220199173218779
"R4 (3 groups, m=12)",concave,28,ASF,0.49211995356602395,0.7917163155989196
"R4 (3 groups, m=12)",concave,29,ASF,0.5073274563335819,0.6374681109609222
"R4 (3 groups, m=12)",concave,0,SMAA,0.4903875039076994,0.9211332643454638
"R4 (3 groups, m=12)",concave,1,SMAA,0.514737259257355,0.5735422831628937
"R4 (3 groups, m=12)",concave,2,SMAA,0.525589399111226,0.8469150035993664
"R4 (3 groups, m=12)",concave,3,SMAA,0.5267988278055231,0.8801296789439564
"R4 (3 groups, m=12)",concave,4,SMAA,0.4815864003634829,0.9217135737988937
"R4 (3 groups, m=12)",concave,5,SMAA,0.5357951283462453,0.601051507758019
"R4 (3 groups, m=12)",concave,6,SMAA,0.40599390265736535,0.9594290980712823
"R4 (3 groups, m=12)",concave,7,SMAA,0.5149345438099053,0.9043701092817615
"R4 (3 groups, m=12)",concave,8,SMAA,0.5416546463977526,0.5732380248280211
"R4 (3 groups, m=12)",concave,9,SMAA,0.4839667131803531,0.8660385300804276
"R4 (3 groups, m=12)",concave,10,SMAA,0.46222993009357866,0.8174165003818781
"R4 (3 groups, m=12)",concave,11,SMAA,0.5534093656173485,0.8171201731011504
"R4 (3 groups, m=12)",concave,12,SMAA,0.4571523273195604,0.9986749185558566
"R4 (3 groups, m=12)",concave,13,SMAA,0.500654533248372,0.6305749235733411
"R4 (3 groups, m=12)",concave,14,SMAA,0.5557134421780984,0.8664899088876926
"R4 (3 groups, m=12)",concave,15,SMAA,0.4528826366528278,0.9353879946943048
"R4 (3 groups, m=12)",concave,16,SMAA,0.47930947493631454,0.8174656992659971
"R4 (3 groups, m=12)",concave,17,SMAA,0.45697569389999915,0.8822384453439848
"R4 (3 groups, m=12)",concave,18,SMAA,0.47574692563107,0.9651819255275814
"R4 (3 groups, m=12)",concave,19,SMAA,0.4937525493638106,0.9260526483285616
"R4 (3 groups, m=12)",concave,20,SMAA,0.4647096613625892,0.951519118612475
"R4 (3 groups, m=12)",concave,21,SMAA,0.5213398359111897,0.7775504886690517
"R4 (3 groups, m=12)",concave,22,SMAA,0.4680049915522185,0.9542880122942522
"R4 (3 groups, m=12)",concave,23,SMAA,0.5081932037009845,0.6819030659290273
"R4 (3 groups, m=12)",concave,24,SMAA,0.5169985439339353,0.9021325731920447
"R4 (3 groups, m=12)",concave,25,SMAA,0.5348912200678112,0.9035530513601618
"R4 (3 groups, m=12)",concave,26,SMAA,0.5497647504727862,0.6916252741030752
"R4 (3 groups, m=12)",concave,27,SMAA,0.49279920523706916,0.9999999951248799
"R4 (3 groups, m=12)",concave,28,SMAA,0.45776199709412785,0.8318508489008112
"R4 (3 groups, m=12)",concave,29,SMAA,0.4987430221753228,0.8102167079946079
"R4 (3 groups, m=12)",concave,0,MMR,0.4945010113241844,0.7882077035491455
"R4 (3 groups, m=12)",concave,1,MMR,0.5234481141700019,0.4985580036476021
"R4 (3 groups, m=12)",concave,2,MMR,0.5546728272069994,0.49973690926622505
"R4 (3 groups, m=12)",concave,3,MMR,0.5267988278055231,0.8801296789439564
"R4 (3 groups, m=12)",concave,4,MMR,0.5082113761355754,0.6939049812440329
"R4 (3 groups, m=12)",concave,5,MMR,0.503300976002778,0.8013564827748956
"R4 (3 groups, m=12)",concave,6,MMR,0.47821933022566676,0.6126499493614569
"R4 (3 groups, m=12)",concave,7,MMR,0.5296642476363019,0.6038858781204665
"R4 (3 groups, m=12)",concave,8,MMR,0.514422008373886,0.5761550615381481
"R4 (3 groups, m=12)",concave,9,MMR,0.5035141330293941,0.7019782347420129
"R4 (3 groups, m=12)",concave,10,MMR,0.5185362947670411,0.5842364538552882
"R4 (3 groups, m=12)",concave,11,MMR,0.5430290140927791,0.5659527445100557
"R4 (3 groups, m=12)",concave,12,MMR,0.5480872800122042,0.6089962413618855
"R4 (3 groups, m=12)",concave,13,MMR,0.5112054362744431,0.5662604036727035
"R4 (3 groups, m=12)",concave,14,MMR,0.5595386918745935,0.6629116634668892
"R4 (3 groups, m=12)",concave,15,MMR,0.4922126701715224,0.6904478015202608
"R4 (3 groups, m=12)",concave,16,MMR,0.47930947493631454,0.8174656992659971
"R4 (3 groups, m=12)",concave,17,MMR,0.48877509806350944,0.6603443138122533
"R4 (3 groups, m=12)",concave,18,MMR,0.5327601139671311,0.7344551809246999
"R4 (3 groups, m=12)",concave,19,MMR,0.4937525493638106,0.9260526483285616
"R4 (3 groups, m=12)",concave,20,MMR,0.5200745187584778,0.6547815531276057
"R4 (3 groups, m=12)",concave,21,MMR,0.5237510594969054,0.591029088503351
"R4 (3 groups, m=12)",concave,22,MMR,0.500966396663674,0.6519883039535297
"R4 (3 groups, m=12)",concave,23,MMR,0.5014537920448677,0.63136229758572
"R4 (3 groups, m=12)",concave,24,MMR,0.5169985439339353,0.9021325731920447
"R4 (3 groups, m=12)",concave,25,MMR,0.5362612251256234,0.8089503856689153
"R4 (3 groups, m=12)",concave,26,MMR,0.5319281069299188,0.6609282440856202
"R4 (3 groups, m=12)",concave,27,MMR,0.5173059078253962,0.7747053982369618
"R4 (3 groups, m=12)",concave,28,MMR,0.49330035083754625,0.6141027105313099
"R4 (3 groups, m=12)",concave,29,MMR,0.5406686640512414,0.5452170324099284
"R4 (3 groups, m=12)",concave,0,LexPR,0.48533630570673925,0.6475852405429152
"R4 (3 groups, m=12)",concave,1,LexPR,0.483296469403306,0.5994741434443629
"R4 (3 groups, m=12)",concave,2,LexPR,0.5060055830443636,0.6485205380802225
"R4 (3 groups, m=12)",concave,3,LexPR,0.5394019055138236,0.6100108689014214
"R4 (3 groups, m=12)",concave,4,LexPR,0.5154551920405382,0.6798736613354944
"R4 (3 groups, m=12)",concave,5,LexPR,0.5157022689734941,0.6227981162507311
"R4 (3 groups, m=12)",concave,6,LexPR,0.5014556481311204,0.6640064591392476
"R4 (3 groups, m=12)",concave,7,LexPR,0.5400020740816937,0.6980045204841636
"R4 (3 groups, m=12)",concave,8,LexPR,0.4985809574481222,0.6382433001516792
"R4 (3 groups, m=12)",concave,9,LexPR,0.5096133955840567,0.6521198485237508
"R4 (3 groups, m=12)",concave,10,LexPR,0.4910901018270603,0.6711718111049448
"R4 (3 groups, m=12)",concave,11,LexPR,0.5074461956529143,0.6367125647429671
"R4 (3 groups, m=12)",concave,12,LexPR,0.5088549295944659,0.6656332735649332
"R4 (3 groups, m=12)",concave,13,LexPR,0.513636141339045,0.5946137219512198
"R4 (3 groups, m=12)",concave,14,LexPR,0.5246139178165345,0.6757719115173099
"R4 (3 groups, m=12)",concave,15,LexPR,0.5003536154612073,0.6032406716323528
"R4 (3 groups, m=12)",concave,16,LexPR,0.528880893233598,0.5539642515891722
"R4 (3 groups, m=12)",concave,17,LexPR,0.5373242218684018,0.6006012519914596
"R4 (3 groups, m=12)",concave,18,LexPR,0.5209706159255362,0.6426387203113031
"R4 (3 groups, m=12)",concave,19,LexPR,0.49618229392545316,0.6866013927149879
"R4 (3 groups, m=12)",concave,20,LexPR,0.5177113628160147,0.6504697738806802
"R4 (3 groups, m=12)",concave,21,LexPR,0.5343798582026571,0.6060212299719855
"R4 (3 groups, m=12)",concave,22,LexPR,0.5009454151238265,0.6023846014453901
"R4 (3 groups, m=12)",concave,23,LexPR,0.49346090753835653,0.687340331697131
"R4 (3 groups, m=12)",concave,24,LexPR,0.5199815190777384,0.6464558816874018
"R4 (3 groups, m=12)",concave,25,LexPR,0.5013158295048051,0.6585923872901874
"R4 (3 groups, m=12)",concave,26,LexPR,0.5295359341748411,0.6755737947445698
"R4 (3 groups, m=12)",concave,27,LexPR,0.5160258571435444,0.6594093117778742
"R4 (3 groups, m=12)",concave,28,LexPR,0.49102523454003216,0.6139820551819758
"R4 (3 groups, m=12)",concave,29,LexPR,0.5073274563335819,0.6374681109609222
"R4 (3 groups, m=12)",concave,0,ReLexTail_0.02,0.48533630570673925,0.6475852405429152
"R4 (3 groups, m=12)",concave,1,ReLexTail_0.02,0.483296469403306,0.5994741434443629
"R4 (3 groups, m=12)",concave,2,ReLexTail_0.02,0.5060055830443636,0.6485205380802225
"R4 (3 groups, m=12)",concave,3,ReLexTail_0.02,0.5394019055138236,0.6100108689014214
"R4 (3 groups, m=12)",concave,4,ReLexTail_0.02,0.5082113761355754,0.6939049812440329
"R4 (3 groups, m=12)",concave,5,ReLexTail_0.02,0.5157022689734941,0.6227981162507311
"R4 (3 groups, m=12)",concave,6,ReLexTail_0.02,0.5092980834945076,0.6497231728222295
"R4 (3 groups, m=12)",concave,7,ReLexTail_0.02,0.5133979189865688,0.6551426757885846
"R4 (3 groups, m=12)",concave,8,ReLexTail_0.02,0.4985809574481222,0.6382433001516792
"R4 (3 groups, m=12)",concave,9,ReLexTail_0.02,0.5096133955840567,0.6521198485237508
"R4 (3 groups, m=12)",concave,10,ReLexTail_0.02,0.4888234161981679,0.6916728213319053
"R4 (3 groups, m=12)",concave,11,ReLexTail_0.02,0.5074461956529143,0.6367125647429671
"R4 (3 groups, m=12)",concave,12,ReLexTail_0.02,0.5088549295944659,0.6656332735649332
"R4 (3 groups, m=12)",concave,13,ReLexTail_0.02,0.513636141339045,0.5946137219512198
"R4 (3 groups, m=12)",concave,14,ReLexTail_0.02,0.5246139178165345,0.6757719115173099
"R4 (3 groups, m=12)",concave,15,ReLexTail_0.02,0.5003536154612073,0.6032406716323528
"R4 (3 groups, m=12)",concave,16,ReLexTail_0.02,0.511995217842575,0.6455989943717664
"R4 (3 groups, m=12)",concave,17,ReLexTail_0.02,0.5373242218684018,0.6006012519914596
"R4 (3 groups, m=12)",concave,18,ReLexTail_0.02,0.5209706159255362,0.6426387203113031
"R4 (3 groups, m=12)",concave,19,ReLexTail_0.02,0.49618229392545316,0.6866013927149879
"R4 (3 groups, m=12)",concave,20,ReLexTail_0.02,0.5177113628160147,0.6504697738806802
"R4 (3 groups, m=12)",concave,21,ReLexTail_0.02,0.531042949893298,0.5606929172049611
"R4 (3 groups, m=12)",concave,22,ReLexTail_0.02,0.5009454151238265,0.6023846014453901
"R4 (3 groups, m=12)",concave,23,ReLexTail_0.02,0.49626597983111514,0.696099351611813
"R4 (3 groups, m=12)",concave,24,ReLexTail_0.02,0.5199815190777384,0.6464558816874018
"R4 (3 groups, m=12)",concave,25,ReLexTail_0.02,0.5013158295048051,0.6585923872901874
"R4 (3 groups, m=12)",concave,26,ReLexTail_0.02,0.5185251046019694,0.6676713112003223
"R4 (3 groups, m=12)",concave,27,ReLexTail_0.02,0.5160258571435444,0.6594093117778742
"R4 (3 groups, m=12)",concave,28,ReLexTail_0.02,0.49102523454003216,0.6139820551819758
"R4 (3 groups, m=12)",concave,29,ReLexTail_0.02,0.5073274563335819,0.6374681109609222
"R4 (3 groups, m=12)",concave,0,ReLexTail_0.01,0.48533630570673925,0.6475852405429152
"R4 (3 groups, m=12)",concave,1,ReLexTail_0.01,0.483296469403306,0.5994741434443629
"R4 (3 groups, m=12)",concave,2,ReLexTail_0.01,0.5060055830443636,0.6485205380802225
"R4 (3 groups, m=12)",concave,3,ReLexTail_0.01,0.5394019055138236,0.6100108689014214
"R4 (3 groups, m=12)",concave,4,ReLexTail_0.01,0.5154551920405382,0.6798736613354944
"R4 (3 groups, m=12)",concave,5,ReLexTail_0.01,0.5157022689734941,0.6227981162507311
"R4 (3 groups, m=12)",concave,6,ReLexTail_0.01,0.5092980834945076,0.6497231728222295
"R4 (3 groups, m=12)",concave,7,ReLexTail_0.01,0.5133979189865688,0.6551426757885846
"R4 (3 groups, m=12)",concave,8,ReLexTail_0.01,0.4985809574481222,0.6382433001516792
"R4 (3 groups, m=12)",concave,9,ReLexTail_0.01,0.5096133955840567,0.6521198485237508
"R4 (3 groups, m=12)",concave,10,ReLexTail_0.01,0.4910901018270603,0.6711718111049448
"R4 (3 groups, m=12)",concave,11,ReLexTail_0.01,0.5074461956529143,0.6367125647429671
"R4 (3 groups, m=12)",concave,12,ReLexTail_0.01,0.5088549295944659,0.6656332735649332
"R4 (3 groups, m=12)",concave,13,ReLexTail_0.01,0.513636141339045,0.5946137219512198
"R4 (3 groups, m=12)",concave,14,ReLexTail_0.01,0.5246139178165345,0.6757719115173099
"R4 (3 groups, m=12)",concave,15,ReLexTail_0.01,0.5003536154612073,0.6032406716323528
"R4 (3 groups, m=12)",concave,16,ReLexTail_0.01,0.511995217842575,0.6455989943717664
"R4 (3 groups, m=12)",concave,17,ReLexTail_0.01,0.5373242218684018,0.6006012519914596
"R4 (3 groups, m=12)",concave,18,ReLexTail_0.01,0.5209706159255362,0.6426387203113031
"R4 (3 groups, m=12)",concave,19,ReLexTail_0.01,0.49618229392545316,0.6866013927149879
"R4 (3 groups, m=12)",concave,20,ReLexTail_0.01,0.5177113628160147,0.6504697738806802
"R4 (3 groups, m=12)",concave,21,ReLexTail_0.01,0.5343798582026571,0.6060212299719855
"R4 (3 groups, m=12)",concave,22,ReLexTail_0.01,0.5009454151238265,0.6023846014453901
"R4 (3 groups, m=12)",concave,23,ReLexTail_0.01,0.49346090753835653,0.687340331697131
"R4 (3 groups, m=12)",concave,24,ReLexTail_0.01,0.5199815190777384,0.6464558816874018
"R4 (3 groups, m=12)",concave,25,ReLexTail_0.01,0.5013158295048051,0.6585923872901874
"R4 (3 groups, m=12)",concave,26,ReLexTail_0.01,0.5295359341748411,0.6755737947445698
"R4 (3 groups, m=12)",concave,27,ReLexTail_0.01,0.5160258571435444,0.6594093117778742
"R4 (3 groups, m=12)",concave,28,ReLexTail_0.01,0.49102523454003216,0.6139820551819758
"R4 (3 groups, m=12)",concave,29,ReLexTail_0.01,0.5073274563335819,0.6374681109609222
"R4 (3 groups, m=12)",concave,0,ReLexTail_0.005,0.48533630570673925,0.6475852405429152
"R4 (3 groups, m=12)",concave,1,ReLexTail_0.005,0.483296469403306,0.5994741434443629
"R4 (3 groups, m=12)",concave,2,ReLexTail_0.005,0.5060055830443636,0.6485205380802225
"R4 (3 groups, m=12)",concave,3,ReLexTail_0.005,0.5394019055138236,0.6100108689014214
"R4 (3 groups, m=12)",concave,4,ReLexTail_0.005,0.5154551920405382,0.6798736613354944
"R4 (3 groups, m=12)",concave,5,ReLexTail_0.005,0.5157022689734941,0.6227981162507311
"R4 (3 groups, m=12)",concave,6,ReLexTail_0.005,0.5092980834945076,0.6497231728222295
"R4 (3 groups, m=12)",concave,7,ReLexTail_0.005,0.5133979189865688,0.6551426757885846
"R4 (3 groups, m=12)",concave,8,ReLexTail_0.005,0.4985809574481222,0.6382433001516792
"R4 (3 groups, m=12)",concave,9,ReLexTail_0.005,0.5096133955840567,0.6521198485237508
"R4 (3 groups, m=12)",concave,10,ReLexTail_0.005,0.4910901018270603,0.6711718111049448
"R4 (3 groups, m=12)",concave,11,ReLexTail_0.005,0.5074461956529143,0.6367125647429671
"R4 (3 groups, m=12)",concave,12,ReLexTail_0.005,0.5088549295944659,0.6656332735649332
"R4 (3 groups, m=12)",concave,13,ReLexTail_0.005,0.513636141339045,0.5946137219512198
"R4 (3 groups, m=12)",concave,14,ReLexTail_0.005,0.5246139178165345,0.6757719115173099
"R4 (3 groups, m=12)",concave,15,ReLexTail_0.005,0.5003536154612073,0.6032406716323528
"R4 (3 groups, m=12)",concave,16,ReLexTail_0.005,0.528880893233598,0.5539642515891722
"R4 (3 groups, m=12)",concave,17,ReLexTail_0.005,0.5373242218684018,0.6006012519914596
"R4 (3 groups, m=12)",concave,18,ReLexTail_0.005,0.5209706159255362,0.6426387203113031
"R4 (3 groups, m=12)",concave,19,ReLexTail_0.005,0.49618229392545316,0.6866013927149879
"R4 (3 groups, m=12)",concave,20,ReLexTail_0.005,0.5177113628160147,0.6504697738806802
"R4 (3 groups, m=12)",concave,21,ReLexTail_0.005,0.5343798582026571,0.6060212299719855
"R4 (3 groups, m=12)",concave,22,ReLexTail_0.005,0.5009454151238265,0.6023846014453901
"R4 (3 groups, m=12)",concave,23,ReLexTail_0.005,0.49346090753835653,0.687340331697131
"R4 (3 groups, m=12)",concave,24,ReLexTail_0.005,0.5199815190777384,0.6464558816874018
"R4 (3 groups, m=12)",concave,25,ReLexTail_0.005,0.5013158295048051,0.6585923872901874
"R4 (3 groups, m=12)",concave,26,ReLexTail_0.005,0.5295359341748411,0.6755737947445698
"R4 (3 groups, m=12)",concave,27,ReLexTail_0.005,0.5160258571435444,0.6594093117778742
"R4 (3 groups, m=12)",concave,28,ReLexTail_0.005,0.49102523454003216,0.6139820551819758
"R4 (3 groups, m=12)",concave,29,ReLexTail_0.005,0.5073274563335819,0.6374681109609222
"R4 (3 groups, m=12)",convex,0,TOPSIS,0.06091400991887449,0.15813063340184333
"R4 (3 groups, m=12)",convex,1,TOPSIS,0.06966346424905617,0.17351049843852925
"R4 (3 groups, m=12)",convex,2,TOPSIS,0.049183517847075565,0.14672863040224232
"R4 (3 groups, m=12)",convex,3,TOPSIS,0.08474855880718037,0.20058411443059565
"R4 (3 groups, m=12)",convex,4,TOPSIS,0.09163077775680555,0.22414024941914512
"R4 (3 groups, m=12)",convex,5,TOPSIS,0.05374938979396949,0.14239487204137152
"R4 (3 groups, m=12)",convex,6,TOPSIS,0.07401427352478562,0.18890255910949755
"R4 (3 groups, m=12)",convex,7,TOPSIS,0.12527974215603147,0.31560153334834073
"R4 (3 groups, m=12)",convex,8,TOPSIS,0.07171416520724258,0.1893944207039907
"R4 (3 groups, m=12)",convex,9,TOPSIS,0.09340689890946197,0.18272211748089243
"R4 (3 groups, m=12)",convex,10,TOPSIS,0.07945318540718987,0.16333481469579292
"R4 (3 groups, m=12)",convex,11,TOPSIS,0.07751011545182891,0.17790722981464172
"R4 (3 groups, m=12)",convex,12,TOPSIS,0.05112933194811759,0.18135154550403115
"R4 (3 groups, m=12)",convex,13,TOPSIS,0.12769802345754594,0.25885191269605357
"R4 (3 groups, m=12)",convex,14,TOPSIS,0.07153418973421391,0.14793350021421137
"R4 (3 groups, m=12)",convex,15,TOPSIS,0.05557462712626418,0.182220213712202
"R4 (3 groups, m=12)",convex,16,TOPSIS,0.057864461945780675,0.18227093923686521
"R4 (3 groups, m=12)",convex,17,TOPSIS,0.060885505988236964,0.14830863410247383
"R4 (3 groups, m=12)",convex,18,TOPSIS,0.09057083163677092,0.2085926115661561
"R4 (3 groups, m=12)",convex,19,TOPSIS,0.07525183425969244,0.1621506848708295
"R4 (3 groups, m=12)",convex,20,TOPSIS,0.09147462201066141,0.18926697351364477
"R4 (3 groups, m=12)",convex,21,TOPSIS,0.09117856036741014,0.22855697137108272
"R4 (3 groups, m=12)",convex,22,TOPSIS,0.12282253322663066,0.20219445161859223
"R4 (3 groups, m=12)",convex,23,TOPSIS,0.06021352712971254,0.14684822934152178
"R4 (3 groups, m=12)",convex,24,TOPSIS,0.11398068719927344,0.20361308786959154
"R4 (3 groups, m=12)",convex,25,TOPSIS,0.05141842151931114,0.17882609212190503
"R4 (3 groups, m=12)",convex,26,TOPSIS,0.10717216111299095,0.17641016642846716
"R4 (3 groups, m=12)",convex,27,TOPSIS,0.15327721949650655,0.23207192843982394
"R4 (3 groups, m=12)",convex,28,TOPSIS,0.07946198465703912,0.18667531396197626
"R4 (3 groups, m=12)",convex,29,TOPSIS,0.07952369692718707,0.18224151805872507
"R4 (3 groups, m=12)",convex,0,CP,0.06091400991887449,0.15813063340184333
"R4 (3 groups, m=12)",convex,1,CP,0.06966346424905617,0.17351049843852925
"R4 (3 groups, m=12)",convex,2,CP,0.049183517847075565,0.14672863040224232
"R4 (3 groups, m=12)",convex,3,CP,0.05934152853177401,0.1832940793379395
"R4 (3 groups, m=12)",convex,4,CP,0.09163077775680555,0.22414024941914512
"R4 (3 groups, m=12)",convex,5,CP,0.05374938979396949,0.14239487204137152
"R4 (3 groups, m=12)",convex,6,CP,0.07401427352478562,0.18890255910949755
"R4 (3 groups, m=12)",convex,7,CP,0.12855706454918917,0.25374179345997355
"R4 (3 groups, m=12)",convex,8,CP,0.07171416520724258,0.1893944207039907
"R4 (3 groups, m=12)",convex,9,CP,0.09340689890946197,0.18272211748089243
"R4 (3 groups, m=12)",convex,10,CP,0.07945318540718987,0.16333481469579292
"R4 (3 groups, m=12)",convex,11,CP,0.07751011545182891,0.17790722981464172
"R4 (3 groups, m=12)",convex,12,CP,0.05112933194811759,0.18135154550403115
"R4 (3 groups, m=12)",convex,13,CP,0.06419654969250776,0.18156301244684778
"R4 (3 groups, m=12)",convex,14,CP,0.07153418973421391,0.14793350021421137
"R4 (3 groups, m=12)",convex,15,CP,0.05557462712626418,0.182220213712202
"R4 (3 groups, m=12)",convex,16,CP,0.057864461945780675,0.18227093923686521
"R4 (3 groups, m=12)",convex,17,CP,0.060885505988236964,0.14830863410247383
"R4 (3 groups, m=12)",convex,18,CP,0.09057083163677092,0.2085926115661561
"R4 (3 groups, m=12)",convex,19,CP,0.07525183425969244,0.1621506848708295
"R4 (3 groups, m=12)",convex,20,CP,0.09147462201066141,0.18926697351364477
"R4 (3 groups, m=12)",convex,21,CP,0.10369224309632163,0.2000025718270282
"R4 (3 groups, m=12)",convex,22,CP,0.05003922198555008,0.16714503854188123
"R4 (3 groups, m=12)",convex,23,CP,0.06021352712971254,0.14684822934152178
"R4 (3 groups, m=12)",convex,24,CP,0.11398068719927344,0.20361308786959154
"R4 (3 groups, m=12)",convex,25,CP,0.05141842151931114,0.17882609212190503
"R4 (3 groups, m=12)",convex,26,CP,0.10717216111299095,0.17641016642846716
"R4 (3 groups, m=12)",convex,27,CP,0.15327721949650655,0.23207192843982394
"R4 (3 groups, m=12)",convex,28,CP,0.07946198465703912,0.18667531396197626
"R4 (3 groups, m=12)",convex,29,CP,0.07952369692718707,0.18224151805872507
"R4 (3 groups, m=12)",convex,0,Knee,0.06091400991887449,0.15813063340184333
"R4 (3 groups, m=12)",convex,1,Knee,0.06966346424905617,0.17351049843852925
"R4 (3 groups, m=12)",convex,2,Knee,0.049183517847075565,0.14672863040224232
"R4 (3 groups, m=12)",convex,3,Knee,0.05934152853177401,0.1832940793379395
"R4 (3 groups, m=12)",convex,4,Knee,0.09163077775680555,0.22414024941914512
"R4 (3 groups, m=12)",convex,5,Knee,0.05374938979396949,0.14239487204137152
"R4 (3 groups, m=12)",convex,6,Knee,0.07401427352478562,0.18890255910949755
"R4 (3 groups, m=12)",convex,7,Knee,0.12855706454918917,0.25374179345997355
"R4 (3 groups, m=12)",convex,8,Knee,0.07171416520724258,0.1893944207039907
"R4 (3 groups, m=12)",convex,9,Knee,0.09340689890946197,0.18272211748089243
"R4 (3 groups, m=12)",convex,10,Knee,0.07945318540718987,0.16333481469579292
"R4 (3 groups, m=12)",convex,11,Knee,0.07751011545182891,0.17790722981464172
"R4 (3 groups, m=12)",convex,12,Knee,0.05112933194811759,0.18135154550403115
"R4 (3 groups, m=12)",convex,13,Knee,0.06419654969250776,0.18156301244684778
"R4 (3 groups, m=12)",convex,14,Knee,0.07153418973421391,0.14793350021421137
"R4 (3 groups, m=12)",convex,15,Knee,0.05557462712626418,0.182220213712202
"R4 (3 groups, m=12)",convex,16,Knee,0.057864461945780675,0.18227093923686521
"R4 (3 groups, m=12)",convex,17,Knee,0.060885505988236964,0.14830863410247383
"R4 (3 groups, m=12)",convex,18,Knee,0.09057083163677092,0.2085926115661561
"R4 (3 groups, m=12)",convex,19,Knee,0.07525183425969244,0.1621506848708295
"R4 (3 groups, m=12)",convex,20,Knee,0.09147462201066141,0.18926697351364477
"R4 (3 groups, m=12)",convex,21,Knee,0.10369224309632163,0.2000025718270282
"R4 (3 groups, m=12)",convex,22,Knee,0.05003922198555008,0.16714503854188123
"R4 (3 groups, m=12)",convex,23,Knee,0.06021352712971254,0.14684822934152178
"R4 (3 groups, m=12)",convex,24,Knee,0.11398068719927344,0.20361308786959154
"R4 (3 groups, m=12)",convex,25,Knee,0.05141842151931114,0.17882609212190503
"R4 (3 groups, m=12)",convex,26,Knee,0.10717216111299095,0.17641016642846716
"R4 (3 groups, m=12)",convex,27,Knee,0.15327721949650655,0.23207192843982394
"R4 (3 groups, m=12)",convex,28,Knee,0.07946198465703912,0.18667531396197626
"R4 (3 groups, m=12)",convex,29,Knee,0.07952369692718707,0.18224151805872507
"R4 (3 groups, m=12)",convex,0,WS,0.06091400991887449,0.15813063340184333
"R4 (3 groups, m=12)",convex,1,WS,0.14231782186827346,0.19822114434086688
"R4 (3 groups, m=12)",convex,2,WS,0.1444172782962627,0.27001651291809525
"R4 (3 groups, m=12)",convex,3,WS,0.18352409580251447,0.26549878496706
"R4 (3 groups, m=12)",convex,4,WS,0.19273401404277765,0.2849349738446824
"R4 (3 groups, m=12)",convex,5,WS,0.05374938979396949,0.14239487204137152
"R4 (3 groups, m=12)",convex,6,WS,0.12310083773874314,0.2513705818393507
"R4 (3 groups, m=12)",convex,7,WS,0.12527974215603147,0.31560153334834073
"R4 (3 groups, m=12)",convex,8,WS,0.3506085284954175,0.5281337999660437
"R4 (3 groups, m=12)",convex,9,WS,0.09340689890946197,0.18272211748089243
"R4 (3 groups, m=12)",convex,10,WS,0.21365686281713714,0.3435835522044956
"R4 (3 groups, m=12)",convex,11,WS,0.07751011545182891,0.17790722981464172
"R4 (3 groups, m=12)",convex,12,WS,0.3168872627641746,0.45565936645916943
"R4 (3 groups, m=12)",convex,13,WS,0.12769802345754594,0.25885191269605357
"R4 (3 groups, m=12)",convex,14,WS,0.18332192353869622,0.26521554001393816
"R4 (3 groups, m=12)",convex,15,WS,0.0966693830362187,0.2608136243589697
"R4 (3 groups, m=12)",convex,16,WS,0.22664450480799533,0.3215206511006106
"R4 (3 groups, m=12)",convex,17,WS,0.2183102242251982,0.29765743293304947
"R4 (3 groups, m=12)",convex,18,WS,0.09057083163677092,0.2085926115661561
"R4 (3 groups, m=12)",convex,19,WS,0.07525183425969244,0.1621506848708295
"R4 (3 groups, m=12)",convex,20,WS,0.1833391097492575,0.3033051719159165
"R4 (3 groups, m=12)",convex,21,WS,0.3790572797860667,0.6163453993415144
"R4 (3 groups, m=12)",convex,22,WS,0.12282253322663066,0.20219445161859223
"R4 (3 groups, m=12)",convex,23,WS,0.13322037042031645,0.28042739027909336
"R4 (3 groups, m=12)",convex,24,WS,0.11398068719927344,0.20361308786959154
"R4 (3 groups, m=12)",convex,25,WS,0.14215439468356608,0.22127871272814958
"R4 (3 groups, m=12)",convex,26,WS,0.29796203122625753,0.40268569357193135
"R4 (3 groups, m=12)",convex,27,WS,0.14428074609905991,0.255458242655138
"R4 (3 groups, m=12)",convex,28,WS,0.23618208258226006,0.4720619019400701
"R4 (3 groups, m=12)",convex,29,WS,0.07952369692718707,0.18224151805872507
"R4 (3 groups, m=12)",convex,0,Leximax,0.050771064857469884,0.15007788647522344
"R4 (3 groups, m=12)",convex,1,Leximax,0.04954335012545444,0.1938206003027014
"R4 (3 groups, m=12)",convex,2,Leximax,0.049183517847075565,0.14672863040224232
"R4 (3 groups, m=12)",convex,3,Leximax,0.04915801208623904,0.18788343339146413
"R4 (3 groups, m=12)",convex,4,Leximax,0.07411336509626372,0.18558154176819464
"R4 (3 groups, m=12)",convex,5,Leximax,0.06678585074465133,0.14523575986854298
"R4 (3 groups, m=12)",convex,6,Leximax,0.052945222328118,0.17777228328256311
"R4 (3 groups, m=12)",convex,7,Leximax,0.0548462049578283,0.19576533335713084
"R4 (3 groups, m=12)",convex,8,Leximax,0.04398765700444072,0.19241720929551873
"R4 (3 groups, m=12)",convex,9,Leximax,0.057067294128495864,0.2004095293249285
"R4 (3 groups, m=12)",convex,10,Leximax,0.07945318540718987,0.16333481469579292
"R4 (3 groups, m=12)",convex,11,Leximax,0.06301740618719724,0.15918017332945378
"R4 (3 groups, m=12)",convex,12,Leximax,0.05112933194811759,0.18135154550403115
"R4 (3 groups, m=12)",convex,13,Leximax,0.06380987827192508,0.1940623872198796
"R4 (3 groups, m=12)",convex,14,Leximax,0.05220407594524492,0.20034683090575242
"R4 (3 groups, m=12)",convex,15,Leximax,0.07856219717650288,0.24479456506217664
"R4 (3 groups, m=12)",convex,16,Leximax,0.05220460713390963,0.18089316357343796
"R4 (3 groups, m=12)",convex,17,Leximax,0.04774957110079006,0.1800798919315013
"R4 (3 groups, m=12)",convex,18,Leximax,0.05805412046677707,0.19887806098101127
"R4 (3 groups, m=12)",convex,19,Leximax,0.06006630591458436,0.172416638004409
"R4 (3 groups, m=12)",convex,20,Leximax,0.047608128179770115,0.20949652131461818
"R4 (3 groups, m=12)",convex,21,Leximax,0.07978305788579972,0.1976226777792416
"R4 (3 groups, m=12)",convex,22,Leximax,0.0507026972500711,0.21607726460130927
"R4 (3 groups, m=12)",convex,23,Leximax,0.06021352712971254,0.14684822934152178
"R4 (3 groups, m=12)",convex,24,Leximax,0.0508570859877926,0.1827544836411175
"R4 (3 groups, m=12)",convex,25,Leximax,0.07585726740160677,0.21249656007594722
"R4 (3 groups, m=12)",convex,26,Leximax,0.0670031924748925,0.1929563591321729
"R4 (3 groups, m=12)",convex,27,Leximax,0.05046818246394749,0.18951152854977857
"R4 (3 groups, m=12)",convex,28,Leximax,0.07052898065975523,0.2252538158207898
"R4 (3 groups, m=12)",convex,29,Leximax,0.05847879595944145,0.1738946805166491
"R4 (3 groups, m=12)",convex,0,RW,0.3443418264674076,0.5514297153416045
"R4 (3 groups, m=12)",convex,1,RW,0.06966346424905617,0.17351049843852925
"R4 (3 groups, m=12)",convex,2,RW,0.059806018158975884,0.193717901998642
"R4 (3 groups, m=12)",convex,3,RW,0.2278580533705641,0.3656043981248113
"R4 (3 groups, m=12)",convex,4,RW,0.30139824760695727,0.5014039626453907
"R4 (3 groups, m=12)",convex,5,RW,0.3729179073903243,0.49468755772540146
"R4 (3 groups, m=12)",convex,6,RW,0.12310083773874314,0.2513705818393507
"R4 (3 groups, m=12)",convex,7,RW,0.12527974215603147,0.31560153334834073
"R4 (3 groups, m=12)",convex,8,RW,0.3506085284954175,0.5281337999660437
"R4 (3 groups, m=12)",convex,9,RW,0.3824962364651892,0.6175984139771379
"R4 (3 groups, m=12)",convex,10,RW,0.4759898609451014,0.6828566604238734
"R4 (3 groups, m=12)",convex,11,RW,0.25553773596816926,0.3830356581652181
"R4 (3 groups, m=12)",convex,12,RW,0.3168872627641746,0.45565936645916943
"R4 (3 groups, m=12)",convex,13,RW,0.12769802345754594,0.25885191269605357
"R4 (3 groups, m=12)",convex,14,RW,0.11644113556836548,0.2235025036503133
"R4 (3 groups, m=12)",convex,15,RW,0.371593996682782,0.5321869137842209
"R4 (3 groups, m=12)",convex,16,RW,0.22664450480799533,0.3215206511006106
"R4 (3 groups, m=12)",convex,17,RW,0.2183102242251982,0.29765743293304947
"R4 (3 groups, m=12)",convex,18,RW,0.6380432365997899,0.978983064889598
"R4 (3 groups, m=12)",convex,19,RW,0.07525183425969244,0.1621506848708295
"R4 (3 groups, m=12)",convex,20,RW,0.3631746290274935,0.553136762182955
"R4 (3 groups, m=12)",convex,21,RW,0.3790572797860667,0.6163453993415144
"R4 (3 groups, m=12)",convex,22,RW,0.12282253322663066,0.20219445161859223
"R4 (3 groups, m=12)",convex,23,RW,0.13322037042031645,0.28042739027909336
"R4 (3 groups, m=12)",convex,24,RW,0.05886234599871972,0.18748677658447993
"R4 (3 groups, m=12)",convex,25,RW,0.13508018469641078,0.3363818436962766
"R4 (3 groups, m=12)",convex,26,RW,0.29796203122625753,0.40268569357193135
"R4 (3 groups, m=12)",convex,27,RW,0.14428074609905991,0.255458242655138
"R4 (3 groups, m=12)",convex,28,RW,0.23618208258226006,0.4720619019400701
"R4 (3 groups, m=12)",convex,29,RW,0.07952369692718707,0.18224151805872507
"R4 (3 groups, m=12)",convex,0,ASF,0.06626651068863822,0.14722733251504036
"R4 (3 groups, m=12)",convex,1,ASF,0.04954335012545444,0.1938206003027014
"R4 (3 groups, m=12)",convex,2,ASF,0.049183517847075565,0.14672863040224232
"R4 (3 groups, m=12)",convex,3,ASF,0.06016459472349089,0.17673816811929288
"R4 (3 groups, m=12)",convex,4,ASF,0.04914424523487649,0.19752928918781237
"R4 (3 groups, m=12)",convex,5,ASF,0.06678585074465133,0.14523575986854298
"R4 (3 groups, m=12)",convex,6,ASF,0.07026232935261537,0.19766664845188467
"R4 (3 groups, m=12)",convex,7,ASF,0.0548462049578283,0.19576533335713084
"R4 (3 groups, m=12)",convex,8,ASF,0.07171416520724258,0.1893944207039907
"R4 (3 groups, m=12)",convex,9,ASF,0.05795187747686833,0.18475011348579193
"R4 (3 groups, m=12)",convex,10,ASF,0.07945318540718987,0.16333481469579292
"R4 (3 groups, m=12)",convex,11,ASF,0.06301740618719724,0.15918017332945378
"R4 (3 groups, m=12)",convex,12,ASF,0.05112933194811759,0.18135154550403115
"R4 (3 groups, m=12)",convex,13,ASF,0.05170434880352138,0.192910290916656
"R4 (3 groups, m=12)",convex,14,ASF,0.07153418973421391,0.14793350021421137
"R4 (3 groups, m=12)",convex,15,ASF,0.06607437015255578,0.1905892719992697
"R4 (3 groups, m=12)",convex,16,ASF,0.05008213264372999,0.16808616361329412
"R4 (3 groups, m=12)",convex,17,ASF,0.09145936741446124,0.16006225340092078
"R4 (3 groups, m=12)",convex,18,ASF,0.10035716727907777,0.20293664783573157
"R4 (3 groups, m=12)",convex,19,ASF,0.06006630591458436,0.172416638004409
"R4 (3 groups, m=12)",convex,20,ASF,0.047608128179770115,0.20949652131461818
"R4 (3 groups, m=12)",convex,21,ASF,0.07978305788579972,0.1976226777792416
"R4 (3 groups, m=12)",convex,22,ASF,0.05256322498128763,0.17421684895807088
"R4 (3 groups, m=12)",convex,23,ASF,0.06021352712971254,0.14684822934152178
"R4 (3 groups, m=12)",convex,24,ASF,0.07621666877513462,0.17123918258774765
"R4 (3 groups, m=12)",convex,25,ASF,0.05566015000337574,0.18161251073638257
"R4 (3 groups, m=12)",convex,26,ASF,0.10717216111299095,0.17641016642846716
"R4 (3 groups, m=12)",convex,27,ASF,0.06037722250463216,0.19983827332888413
"R4 (3 groups, m=12)",convex,28,ASF,0.07946198465703912,0.18667531396197626
"R4 (3 groups, m=12)",convex,29,ASF,0.05847879595944145,0.1738946805166491
"R4 (3 groups, m=12)",convex,0,SMAA,0.3443418264674076,0.5514297153416045
"R4 (3 groups, m=12)",convex,1,SMAA,0.21076715362056364,0.35824423211655
"R4 (3 groups, m=12)",convex,2,SMAA,0.059806018158975884,0.193717901998642
"R4 (3 groups, m=12)",convex,3,SMAA,0.2278580533705641,0.3656043981248113
"R4 (3 groups, m=12)",convex,4,SMAA,0.30139824760695727,0.5014039626453907
"R4 (3 groups, m=12)",convex,5,SMAA,0.3729179073903243,0.49468755772540146
"R4 (3 groups, m=12)",convex,6,SMAA,0.12310083773874314,0.2513705818393507
"R4 (3 groups, m=12)",convex,7,SMAA,0.12527974215603147,0.31560153334834073
"R4 (3 groups, m=12)",convex,8,SMAA,0.3506085284954175,0.5281337999660437
"R4 (3 groups, m=12)",convex,9,SMAA,0.3824962364651892,0.6175984139771379
"R4 (3 groups, m=12)",convex,10,SMAA,0.4759898609451014,0.6828566604238734
"R4 (3 groups, m=12)",convex,11,SMAA,0.25553773596816926,0.3830356581652181
"R4 (3 groups, m=12)",convex,12,SMAA,0.3168872627641746,0.45565936645916943
"R4 (3 groups, m=12)",convex,13,SMAA,0.12769802345754594,0.25885191269605357
"R4 (3 groups, m=12)",convex,14,SMAA,0.5506291268607795,0.7694490694929347
"R4 (3 groups, m=12)",convex,15,SMAA,0.371593996682782,0.5321869137842209
"R4 (3 groups, m=12)",convex,16,SMAA,0.22664450480799533,0.3215206511006106
"R4 (3 groups, m=12)",convex,17,SMAA,0.2183102242251982,0.29765743293304947
"R4 (3 groups, m=12)",convex,18,SMAA,0.6380432365997899,0.978983064889598
"R4 (3 groups, m=12)",convex,19,SMAA,0.07525183425969244,0.1621506848708295
"R4 (3 groups, m=12)",convex,20,SMAA,0.1833391097492575,0.3033051719159165
"R4 (3 groups, m=12)",convex,21,SMAA,0.3790572797860667,0.6163453993415144
"R4 (3 groups, m=12)",convex,22,SMAA,0.12282253322663066,0.20219445161859223
"R4 (3 groups, m=12)",convex,23,SMAA,0.13322037042031645,0.28042739027909336
"R4 (3 groups, m=12)",convex,24,SMAA,0.10052837879190014,0.22041340650149416
"R4 (3 groups, m=12)",convex,25,SMAA,0.3595894346564319,0.5277057646676044
"R4 (3 groups, m=12)",convex,26,SMAA,0.29796203122625753,0.40268569357193135
"R4 (3 groups, m=12)",convex,27,SMAA,0.14428074609905991,0.255458242655138
"R4 (3 groups, m=12)",convex,28,SMAA,0.23618208258226006,0.4720619019400701
"R4 (3 groups, m=12)",convex,29,SMAA,0.07952369692718707,0.18224151805872507
"R4 (3 groups, m=12)",convex,0,MMR,0.06626651068863822,0.14722733251504036
"R4 (3 groups, m=12)",convex,1,MMR,0.06966346424905617,0.17351049843852925
"R4 (3 groups, m=12)",convex,2,MMR,0.06415881571152028,0.18304084325454092
"R4 (3 groups, m=12)",convex,3,MMR,0.05934152853177401,0.1832940793379395
"R4 (3 groups, m=12)",convex,4,MMR,0.10714838316250008,0.22812472793800376
"R4 (3 groups, m=12)",convex,5,MMR,0.05374938979396949,0.14239487204137152
"R4 (3 groups, m=12)",convex,6,MMR,0.07401427352478562,0.18890255910949755
"R4 (3 groups, m=12)",convex,7,MMR,0.12855706454918917,0.25374179345997355
"R4 (3 groups, m=12)",convex,8,MMR,0.09037264171958492,0.2161588695904335
"R4 (3 groups, m=12)",convex,9,MMR,0.09340689890946197,0.18272211748089243
"R4 (3 groups, m=12)",convex,10,MMR,0.08087158563615209,0.1795061015653473
"R4 (3 groups, m=12)",convex,11,MMR,0.06301740618719724,0.15918017332945378
"R4 (3 groups, m=12)",convex,12,MMR,0.05112933194811759,0.18135154550403115
"R4 (3 groups, m=12)",convex,13,MMR,0.06419654969250776,0.18156301244684778
"R4 (3 groups, m=12)",convex,14,MMR,0.0769679513823086,0.18152938511235736
"R4 (3 groups, m=12)",convex,15,MMR,0.05557462712626418,0.182220213712202
"R4 (3 groups, m=12)",convex,16,MMR,0.057864461945780675,0.18227093923686521
"R4 (3 groups, m=12)",convex,17,MMR,0.1247835668357924,0.18072198157184557
"R4 (3 groups, m=12)",convex,18,MMR,0.09057083163677092,0.2085926115661561
"R4 (3 groups, m=12)",convex,19,MMR,0.06380076625389963,0.15936704537702592
"R4 (3 groups, m=12)",convex,20,MMR,0.09147462201066141,0.18926697351364477
"R4 (3 groups, m=12)",convex,21,MMR,0.10369224309632163,0.2000025718270282
"R4 (3 groups, m=12)",convex,22,MMR,0.07435554831040034,0.22015847537479413
"R4 (3 groups, m=12)",convex,23,MMR,0.06021352712971254,0.14684822934152178
"R4 (3 groups, m=12)",convex,24,MMR,0.11398068719927344,0.20361308786959154
"R4 (3 groups, m=12)",convex,25,MMR,0.0854335869576685,0.17664143208315156
"R4 (3 groups, m=12)",convex,26,MMR,0.10717216111299095,0.17641016642846716
"R4 (3 groups, m=12)",convex,27,MMR,0.15327721949650655,0.23207192843982394
"R4 (3 groups, m=12)",convex,28,MMR,0.07126116510550276,0.21527881170632301
"R4 (3 groups, m=12)",convex,29,MMR,0.07952369692718707,0.18224151805872507
"R4 (3 groups, m=12)",convex,0,LexPR,0.06626651068863822,0.14722733251504036
"R4 (3 groups, m=12)",convex,1,LexPR,0.04954335012545444,0.1938206003027014
"R4 (3 groups, m=12)",convex,2,LexPR,0.049183517847075565,0.14672863040224232
"R4 (3 groups, m=12)",convex,3,LexPR,0.06016459472349089,0.17673816811929288
"R4 (3 groups, m=12)",convex,4,LexPR,0.04914424523487649,0.19752928918781237
"R4 (3 groups, m=12)",convex,5,LexPR,0.06678585074465133,0.14523575986854298
"R4 (3 groups, m=12)",convex,6,LexPR,0.07026232935261537,0.19766664845188467
"R4 (3 groups, m=12)",convex,7,LexPR,0.0548462049578283,0.19576533335713084
"R4 (3 groups, m=12)",convex,8,LexPR,0.07171416520724258,0.1893944207039907
"R4 (3 groups, m=12)",convex,9,LexPR,0.05795187747686833,0.18475011348579193
"R4 (3 groups, m=12)",convex,10,LexPR,0.07945318540718987,0.16333481469579292
"R4 (3 groups, m=12)",convex,11,LexPR,0.06301740618719724,0.15918017332945378
"R4 (3 groups, m=12)",convex,12,LexPR,0.05112933194811759,0.18135154550403115
"R4 (3 groups, m=12)",convex,13,LexPR,0.05170434880352138,0.192910290916656
"R4 (3 groups, m=12)",convex,14,LexPR,0.07153418973421391,0.14793350021421137
"R4 (3 groups, m=12)",convex,15,LexPR,0.06607437015255578,0.1905892719992697
"R4 (3 groups, m=12)",convex,16,LexPR,0.05008213264372999,0.16808616361329412
"R4 (3 groups, m=12)",convex,17,LexPR,0.09145936741446124,0.16006225340092078
"R4 (3 groups, m=12)",convex,18,LexPR,0.10035716727907777,0.20293664783573157
"R4 (3 groups, m=12)",convex,19,LexPR,0.06006630591458436,0.172416638004409
"R4 (3 groups, m=12)",convex,20,LexPR,0.047608128179770115,0.20949652131461818
"R4 (3 groups, m=12)",convex,21,LexPR,0.07978305788579972,0.1976226777792416
"R4 (3 groups, m=12)",convex,22,LexPR,0.05256322498128763,0.17421684895807088
"R4 (3 groups, m=12)",convex,23,LexPR,0.06021352712971254,0.14684822934152178
"R4 (3 groups, m=12)",convex,24,LexPR,0.07621666877513462,0.17123918258774765
"R4 (3 groups, m=12)",convex,25,LexPR,0.05566015000337574,0.18161251073638257
"R4 (3 groups, m=12)",convex,26,LexPR,0.10717216111299095,0.17641016642846716
"R4 (3 groups, m=12)",convex,27,LexPR,0.06037722250463216,0.19983827332888413
"R4 (3 groups, m=12)",convex,28,LexPR,0.07946198465703912,0.18667531396197626
"R4 (3 groups, m=12)",convex,29,LexPR,0.05847879595944145,0.1738946805166491
"R4 (3 groups, m=12)",convex,0,ReLexTail_0.02,0.06626651068863822,0.14722733251504036
"R4 (3 groups, m=12)",convex,1,ReLexTail_0.02,0.04954335012545444,0.1938206003027014
"R4 (3 groups, m=12)",convex,2,ReLexTail_0.02,0.049183517847075565,0.14672863040224232
"R4 (3 groups, m=12)",convex,3,ReLexTail_0.02,0.05934152853177401,0.1832940793379395
"R4 (3 groups, m=12)",convex,4,ReLexTail_0.02,0.07411336509626372,0.18558154176819464
"R4 (3 groups, m=12)",convex,5,ReLexTail_0.02,0.06678585074465133,0.14523575986854298
"R4 (3 groups, m=12)",convex,6,ReLexTail_0.02,0.07026232935261537,0.19766664845188467
"R4 (3 groups, m=12)",convex,7,ReLexTail_0.02,0.0548462049578283,0.19576533335713084
"R4 (3 groups, m=12)",convex,8,ReLexTail_0.02,0.04398765700444072,0.19241720929551873
"R4 (3 groups, m=12)",convex,9,ReLexTail_0.02,0.05795187747686833,0.18475011348579193
"R4 (3 groups, m=12)",convex,10,ReLexTail_0.02,0.07945318540718987,0.16333481469579292
"R4 (3 groups, m=12)",convex,11,ReLexTail_0.02,0.06301740618719724,0.15918017332945378
"R4 (3 groups, m=12)",convex,12,ReLexTail_0.02,0.05112933194811759,0.18135154550403115
"R4 (3 groups, m=12)",convex,13,ReLexTail_0.02,0.05170434880352138,0.192910290916656
"R4 (3 groups, m=12)",convex,14,ReLexTail_0.02,0.07153418973421391,0.14793350021421137
"R4 (3 groups, m=12)",convex,15,ReLexTail_0.02,0.06607437015255578,0.1905892719992697
"R4 (3 groups, m=12)",convex,16,ReLexTail_0.02,0.05008213264372999,0.16808616361329412
"R4 (3 groups, m=12)",convex,17,ReLexTail_0.02,0.060885505988236964,0.14830863410247383
"R4 (3 groups, m=12)",convex,18,ReLexTail_0.02,0.05897045013061523,0.2155247713940388
"R4 (3 groups, m=12)",convex,19,ReLexTail_0.02,0.06006630591458436,0.172416638004409
"R4 (3 groups, m=12)",convex,20,ReLexTail_0.02,0.047608128179770115,0.20949652131461818
"R4 (3 groups, m=12)",convex,21,ReLexTail_0.02,0.07978305788579972,0.1976226777792416
"R4 (3 groups, m=12)",convex,22,ReLexTail_0.02,0.05256322498128763,0.17421684895807088
"R4 (3 groups, m=12)",convex,23,ReLexTail_0.02,0.06021352712971254,0.14684822934152178
"R4 (3 groups, m=12)",convex,24,ReLexTail_0.02,0.0508570859877926,0.1827544836411175
"R4 (3 groups, m=12)",convex,25,ReLexTail_0.02,0.05566015000337574,0.18161251073638257
"R4 (3 groups, m=12)",convex,26,ReLexTail_0.02,0.0670031924748925,0.1929563591321729
"R4 (3 groups, m=12)",convex,27,ReLexTail_0.02,0.05046818246394749,0.18951152854977857
"R4 (3 groups, m=12)",convex,28,ReLexTail_0.02,0.07946198465703912,0.18667531396197626
"R4 (3 groups, m=12)",convex,29,ReLexTail_0.02,0.05847879595944145,0.1738946805166491
"R4 (3 groups, m=12)",convex,0,ReLexTail_0.01,0.06626651068863822,0.14722733251504036
"R4 (3 groups, m=12)",convex,1,ReLexTail_0.01,0.04954335012545444,0.1938206003027014
"R4 (3 groups, m=12)",convex,2,ReLexTail_0.01,0.049183517847075565,0.14672863040224232
"R4 (3 groups, m=12)",convex,3,ReLexTail_0.01,0.05934152853177401,0.1832940793379395
"R4 (3 groups, m=12)",convex,4,ReLexTail_0.01,0.04914424523487649,0.19752928918781237
"R4 (3 groups, m=12)",convex,5,ReLexTail_0.01,0.06678585074465133,0.14523575986854298
"R4 (3 groups, m=12)",convex,6,ReLexTail_0.01,0.07026232935261537,0.19766664845188467
"R4 (3 groups, m=12)",convex,7,ReLexTail_0.01,0.0548462049578283,0.19576533335713084
"R4 (3 groups, m=12)",convex,8,ReLexTail_0.01,0.04398765700444072,0.19241720929551873
"R4 (3 groups, m=12)",convex,9,ReLexTail_0.01,0.05795187747686833,0.18475011348579193
"R4 (3 groups, m=12)",convex,10,ReLexTail_0.01,0.07945318540718987,0.16333481469579292
"R4 (3 groups, m=12)",convex,11,ReLexTail_0.01,0.06301740618719724,0.15918017332945378
"R4 (3 groups, m=12)",convex,12,ReLexTail_0.01,0.05112933194811759,0.18135154550403115
"R4 (3 groups, m=12)",convex,13,ReLexTail_0.01,0.05170434880352138,0.192910290916656
"R4 (3 groups, m=12)",convex,14,ReLexTail_0.01,0.07153418973421391,0.14793350021421137
"R4 (3 groups, m=12)",convex,15,ReLexTail_0.01,0.06607437015255578,0.1905892719992697
"R4 (3 groups, m=12)",convex,16,ReLexTail_0.01,0.05008213264372999,0.16808616361329412
"R4 (3 groups, m=12)",convex,17,ReLexTail_0.01,0.05717533023025038,0.1731729554427655
"R4 (3 groups, m=12)",convex,18,ReLexTail_0.01,0.05897045013061523,0.2155247713940388
"R4 (3 groups, m=12)",convex,19,ReLexTail_0.01,0.06006630591458436,0.172416638004409
"R4 (3 groups, m=12)",convex,20,ReLexTail_0.01,0.047608128179770115,0.20949652131461818
"R4 (3 groups, m=12)",convex,21,ReLexTail_0.01,0.07978305788579972,0.1976226777792416
"R4 (3 groups, m=12)",convex,22,ReLexTail_0.01,0.05256322498128763,0.17421684895807088
"R4 (3 groups, m=12)",convex,23,ReLexTail_0.01,0.06021352712971254,0.14684822934152178
"R4 (3 groups, m=12)",convex,24,ReLexTail_0.01,0.0508570859877926,0.1827544836411175
"R4 (3 groups, m=12)",convex,25,ReLexTail_0.01,0.05566015000337574,0.18161251073638257
"R4 (3 groups, m=12)",convex,26,ReLexTail_0.01,0.0670031924748925,0.1929563591321729
"R4 (3 groups, m=12)",convex,27,ReLexTail_0.01,0.05046818246394749,0.18951152854977857
"R4 (3 groups, m=12)",convex,28,ReLexTail_0.01,0.07946198465703912,0.18667531396197626
"R4 (3 groups, m=12)",convex,29,ReLexTail_0.01,0.05847879595944145,0.1738946805166491
"R4 (3 groups, m=12)",convex,0,ReLexTail_0.005,0.06626651068863822,0.14722733251504036
"R4 (3 groups, m=12)",convex,1,ReLexTail_0.005,0.04954335012545444,0.1938206003027014
"R4 (3 groups, m=12)",convex,2,ReLexTail_0.005,0.049183517847075565,0.14672863040224232
"R4 (3 groups, m=12)",convex,3,ReLexTail_0.005,0.06016459472349089,0.17673816811929288
"R4 (3 groups, m=12)",convex,4,ReLexTail_0.005,0.04914424523487649,0.19752928918781237
"R4 (3 groups, m=12)",convex,5,ReLexTail_0.005,0.06678585074465133,0.14523575986854298
"R4 (3 groups, m=12)",convex,6,ReLexTail_0.005,0.07026232935261537,0.19766664845188467
"R4 (3 groups, m=12)",convex,7,ReLexTail_0.005,0.0548462049578283,0.19576533335713084
"R4 (3 groups, m=12)",convex,8,ReLexTail_0.005,0.07171416520724258,0.1893944207039907
"R4 (3 groups, m=12)",convex,9,ReLexTail_0.005,0.05795187747686833,0.18475011348579193
"R4 (3 groups, m=12)",convex,10,ReLexTail_0.005,0.07945318540718987,0.16333481469579292
"R4 (3 groups, m=12)",convex,11,ReLexTail_0.005,0.06301740618719724,0.15918017332945378
"R4 (3 groups, m=12)",convex,12,ReLexTail_0.005,0.05112933194811759,0.18135154550403115
"R4 (3 groups, m=12)",convex,13,ReLexTail_0.005,0.05170434880352138,0.192910290916656
"R4 (3 groups, m=12)",convex,14,ReLexTail_0.005,0.07153418973421391,0.14793350021421137
"R4 (3 groups, m=12)",convex,15,ReLexTail_0.005,0.06607437015255578,0.1905892719992697
"R4 (3 groups, m=12)",convex,16,ReLexTail_0.005,0.05008213264372999,0.16808616361329412
"R4 (3 groups, m=12)",convex,17,ReLexTail_0.005,0.09145936741446124,0.16006225340092078
"R4 (3 groups, m=12)",convex,18,ReLexTail_0.005,0.10035716727907777,0.20293664783573157
"R4 (3 groups, m=12)",convex,19,ReLexTail_0.005,0.06006630591458436,0.172416638004409
"R4 (3 groups, m=12)",convex,20,ReLexTail_0.005,0.047608128179770115,0.20949652131461818
"R4 (3 groups, m=12)",convex,21,ReLexTail_0.005,0.07978305788579972,0.1976226777792416
"R4 (3 groups, m=12)",convex,22,ReLexTail_0.005,0.05256322498128763,0.17421684895807088
"R4 (3 groups, m=12)",convex,23,ReLexTail_0.005,0.06021352712971254,0.14684822934152178
"R4 (3 groups, m=12)",convex,24,ReLexTail_0.005,0.07621666877513462,0.17123918258774765
"R4 (3 groups, m=12)",convex,25,ReLexTail_0.005,0.05566015000337574,0.18161251073638257
"R4 (3 groups, m=12)",convex,26,ReLexTail_0.005,0.10717216111299095,0.17641016642846716
"R4 (3 groups, m=12)",convex,27,ReLexTail_0.005,0.06037722250463216,0.19983827332888413
"R4 (3 groups, m=12)",convex,28,ReLexTail_0.005,0.07946198465703912,0.18667531396197626
"R4 (3 groups, m=12)",convex,29,ReLexTail_0.005,0.05847879595944145,0.1738946805166491
